# Blender 4.2.1 LTS
# www.blender.org
mtllib fernPlant.mtl
o _bkm8_Var2_LOD0
v -0.021915 0.022158 0.025526
v -0.041703 0.023453 0.011263
v -0.033365 0.044014 0.039528
v -0.044211 0.047045 0.023792
v -0.067395 0.034649 0.013446
v -0.044275 0.058609 0.053242
v -0.102014 0.039802 0.029927
v -0.059030 0.071548 0.068547
v -0.106271 0.051321 0.037055
v -0.072527 0.079914 0.083765
v -0.130255 0.044711 0.048851
v -0.092678 0.086953 0.104871
v -0.146557 0.046945 0.062478
v -0.109847 0.088911 0.122330
v -0.152646 0.068022 0.081062
v -0.130674 0.086852 0.143227
v -0.173070 0.068986 0.102623
v -0.144403 0.082896 0.156951
v -0.181762 0.081437 0.127821
v -0.162686 0.074692 0.174239
v -0.188586 0.084235 0.152344
v -0.179257 0.063877 0.189921
v -0.192846 0.072332 0.181367
v -0.196911 0.048273 0.206703
v -0.012113 0.023569 0.056558
v -0.014549 0.034504 0.072205
v -0.020845 0.046834 0.050766
v -0.020666 0.043604 0.085917
v -0.033093 0.047088 0.108669
v -0.043428 0.046873 0.125980
v -0.061430 0.086052 0.134758
v -0.082780 0.103772 0.148289
v -0.102927 0.103760 0.167465
v -0.111311 0.091152 0.185075
v -0.143593 0.084821 0.200088
v -0.170343 0.070764 0.203889
v -0.014756 -0.005779 0.012819
v -0.013092 -0.005050 0.012090
v -0.011552 -0.004842 0.012641
v -0.011037 -0.005276 0.014149
v -0.011851 -0.006099 0.015731
v -0.013515 -0.006828 0.016460
v -0.015055 -0.007037 0.015909
v -0.015569 -0.006602 0.014400
v -0.022742 0.022263 0.024714
v -0.021639 0.023048 0.024292
v -0.020601 0.023292 0.024723
v -0.020245 0.022845 0.025762
v -0.020771 0.021976 0.026793
v -0.021864 0.021203 0.027206
v -0.022891 0.020969 0.026765
v -0.023258 0.021406 0.025736
v -0.033995 0.044113 0.038880
v -0.033370 0.044720 0.038710
v -0.032730 0.044910 0.039036
v -0.032457 0.044566 0.039672
v -0.032704 0.043895 0.040241
v -0.033323 0.043298 0.040405
v -0.033956 0.043118 0.040073
v -0.034236 0.043452 0.039443
v -0.044889 0.058735 0.052592
v -0.044436 0.059253 0.052529
v -0.043929 0.059402 0.052845
v -0.043667 0.059087 0.053358
v -0.043800 0.058500 0.053764
v -0.044248 0.057992 0.053823
v -0.044750 0.057853 0.053503
v -0.045017 0.058158 0.052994
v -0.059514 0.071638 0.068047
v -0.059219 0.072031 0.068067
v -0.058831 0.072142 0.068351
v -0.058581 0.071901 0.068733
v -0.058612 0.071455 0.068988
v -0.058904 0.071070 0.068965
v -0.059288 0.070967 0.068680
v -0.059542 0.071199 0.068300
v -0.072902 0.079998 0.083377
v -0.072715 0.080259 0.083435
v -0.072427 0.080319 0.083677
v -0.072208 0.080139 0.083962
v -0.072186 0.079828 0.084123
v -0.072371 0.079573 0.084064
v -0.072657 0.079519 0.083820
v -0.072878 0.079693 0.083537
v -0.092865 0.086990 0.104683
v -0.092775 0.087101 0.104746
v -0.092599 0.087113 0.104912
v -0.092441 0.087018 0.105084
v -0.092393 0.086873 0.105161
v -0.092483 0.086765 0.105097
v -0.092658 0.086755 0.104931
v -0.092816 0.086848 0.104759
v -0.110031 0.088964 0.122146
v -0.109989 0.088994 0.122186
v -0.109896 0.088988 0.122278
v -0.109805 0.088949 0.122370
v -0.109770 0.088901 0.122406
v -0.109811 0.088873 0.122367
v -0.109905 0.088879 0.122274
v -0.109995 0.088917 0.122183
v -0.130753 0.086879 0.143160
v -0.130752 0.086878 0.143161
v -0.130751 0.086878 0.143163
v -0.130749 0.086878 0.143164
v -0.130748 0.086878 0.143165
v -0.066178 0.058502 0.037734
v -0.102014 0.039802 0.029927
v -0.082476 0.051612 0.033006
v -0.044211 0.047045 0.023792
v -0.044275 0.058609 0.053242
v -0.053409 0.060787 0.044438
v -0.078811 0.074517 0.051403
v -0.068671 0.077195 0.060116
v -0.091933 0.066558 0.044852
v -0.098557 0.081478 0.066026
v -0.086811 0.086404 0.076372
v -0.114081 0.068328 0.057557
v -0.117022 0.089918 0.085451
v -0.104501 0.093212 0.095285
v -0.131886 0.077388 0.076668
v -0.130565 0.096049 0.103102
v -0.119821 0.096993 0.113015
v -0.142140 0.086564 0.093230
v -0.151281 0.094316 0.124848
v -0.140018 0.094923 0.133482
v -0.162294 0.085940 0.114247
v -0.163116 0.093369 0.143586
v -0.152832 0.091809 0.149037
v -0.172382 0.090162 0.136164
v -0.175462 0.086176 0.163776
v -0.167792 0.084411 0.166479
v -0.182277 0.086004 0.159600
v -0.186449 0.069087 0.185941
v -0.179270 0.063888 0.189915
v -0.182958 0.066732 0.188003
v -0.196911 0.048273 0.206703
v -0.192846 0.072332 0.181367
v -0.189745 0.070954 0.183729
v -0.029763 0.057024 0.067429
v -0.044275 0.058609 0.053242
v -0.036388 0.059340 0.059849
v -0.020845 0.046834 0.050766
v -0.020666 0.043604 0.085917
v -0.024538 0.051793 0.076135
v -0.041986 0.068965 0.088029
v -0.036135 0.058856 0.099753
v -0.050166 0.073870 0.078623
v -0.055987 0.080399 0.105344
v -0.050735 0.071527 0.117255
v -0.063663 0.083292 0.095197
v -0.075854 0.099082 0.119172
v -0.069935 0.097029 0.127301
v -0.083682 0.096199 0.111749
v -0.095775 0.105888 0.136139
v -0.089594 0.107057 0.142721
v -0.102460 0.100047 0.128948
v -0.115076 0.103831 0.154875
v -0.109588 0.105291 0.161764
v -0.120510 0.098283 0.147114
v -0.129666 0.097049 0.172452
v -0.122834 0.096680 0.180544
v -0.134817 0.093734 0.163324
v -0.152573 0.085177 0.186859
v -0.149166 0.085375 0.193634
v -0.154665 0.083487 0.179324
v -0.175236 0.068293 0.197094
v -0.170343 0.070764 0.203889
v -0.172899 0.069770 0.200537
v -0.196911 0.048273 0.206703
v -0.179251 0.063886 0.189934
v -0.177353 0.066331 0.193560
v 0.014173 0.029304 0.022840
v 0.014392 0.029305 0.022668
v -0.000104 0.026836 0.052400
v 0.018902 0.052179 0.030404
v 0.004295 0.050601 0.042609
v -0.000591 0.043940 0.059269
v 0.024830 0.073830 0.040176
v 0.002388 0.060509 0.079952
v 0.033368 0.097860 0.054426
v 0.009410 0.080008 0.100519
v 0.040854 0.113289 0.065260
v 0.014336 0.091131 0.110932
v 0.049543 0.128607 0.078149
v 0.021859 0.107701 0.122987
v 0.061884 0.146266 0.096129
v 0.032781 0.127407 0.134680
v 0.072954 0.159368 0.112662
v 0.047491 0.153531 0.135231
v 0.085861 0.171549 0.131237
v 0.068855 0.170327 0.142126
v 0.099442 0.182153 0.151801
v 0.053778 0.033141 0.020202
v 0.060533 0.047515 0.023613
v 0.037339 0.053763 0.020023
v 0.067258 0.066137 0.028173
v 0.082431 0.083910 0.040501
v 0.092291 0.098254 0.051077
v 0.101421 0.111079 0.062903
v 0.103774 0.135269 0.076321
v 0.105678 0.154634 0.094142
v 0.097692 0.173662 0.119920
v 0.010128 -0.005875 0.015867
v 0.009859 -0.005736 0.014957
v 0.010349 -0.005641 0.014112
v 0.011297 -0.005649 0.013857
v 0.012115 -0.005755 0.014349
v 0.012337 -0.005894 0.015269
v 0.011867 -0.005984 0.016072
v 0.010966 -0.005976 0.016317
v 0.011575 0.011883 0.018804
v 0.011396 0.012060 0.018052
v 0.011866 0.012169 0.017328
v 0.012699 0.012142 0.017081
v 0.013382 0.011998 0.017457
v 0.013525 0.011823 0.018215
v 0.013070 0.011719 0.018906
v 0.012272 0.011744 0.019149
v 0.013474 0.029249 0.023380
v 0.013374 0.029421 0.022849
v 0.013754 0.029524 0.022307
v 0.014385 0.029495 0.022085
v 0.014883 0.029352 0.022314
v 0.014963 0.029183 0.022847
v 0.014591 0.029085 0.023371
v 0.013980 0.029111 0.023591
v 0.018325 0.052138 0.030840
v 0.018300 0.052274 0.030514
v 0.018590 0.052351 0.030153
v 0.019023 0.052322 0.029975
v 0.019339 0.052205 0.030085
v 0.019355 0.052070 0.030411
v 0.019068 0.051996 0.030764
v 0.018644 0.052024 0.030941
v 0.024421 0.073803 0.040484
v 0.024434 0.073911 0.040264
v 0.024680 0.073971 0.039994
v 0.025013 0.073947 0.039834
v 0.025235 0.073854 0.039879
v 0.025217 0.073748 0.040098
v 0.024972 0.073689 0.040364
v 0.024644 0.073712 0.040524
v 0.033045 0.097838 0.054673
v 0.033079 0.097903 0.054550
v 0.033261 0.097943 0.054373
v 0.033484 0.097932 0.054245
v 0.033617 0.097878 0.054241
v 0.033581 0.097813 0.054363
v 0.033399 0.097775 0.054539
v 0.033178 0.097785 0.054667
v 0.040554 0.113269 0.065484
v 0.040591 0.113306 0.065411
v 0.040725 0.113329 0.065291
v 0.040879 0.113325 0.065194
v 0.040962 0.113295 0.065177
v 0.040925 0.113258 0.065250
v 0.040790 0.113235 0.065369
v 0.040637 0.113239 0.065466
v 0.049402 0.128599 0.078256
v 0.049429 0.128613 0.078223
v 0.049507 0.128623 0.078158
v 0.049591 0.128623 0.078100
v 0.049632 0.128613 0.078083
v 0.049605 0.128600 0.078116
v 0.049526 0.128590 0.078181
v 0.049442 0.128590 0.078239
v 0.061841 0.146264 0.096160
v 0.061842 0.146264 0.096160
v 0.061844 0.146264 0.096159
v 0.061845 0.146264 0.096158
v 0.061846 0.146264 0.096157
v 0.009420 0.070162 0.057748
v 0.002388 0.060509 0.079952
v 0.004857 0.066084 0.068271
v 0.004295 0.050601 0.042609
v 0.024830 0.073830 0.040176
v 0.016077 0.072745 0.048383
v 0.014882 0.092293 0.073636
v 0.022824 0.096875 0.063870
v 0.009865 0.085920 0.084960
v 0.021840 0.108752 0.086476
v 0.030208 0.113133 0.075954
v 0.016690 0.102138 0.098618
v 0.030563 0.125152 0.098894
v 0.038580 0.128125 0.087860
v 0.025344 0.119357 0.111111
v 0.042515 0.142581 0.112046
v 0.049147 0.143853 0.102278
v 0.037569 0.138556 0.122647
v 0.058582 0.159590 0.122263
v 0.063623 0.159342 0.116151
v 0.054176 0.158275 0.128562
v 0.085861 0.171549 0.131237
v 0.077491 0.172338 0.136280
v 0.099442 0.182153 0.151801
v 0.068977 0.170375 0.142039
v 0.045157 0.072693 0.030047
v 0.024830 0.073830 0.040176
v 0.034778 0.073955 0.034088
v 0.037339 0.053763 0.020023
v 0.067252 0.066140 0.028172
v 0.055968 0.070043 0.028052
v 0.055992 0.094241 0.040917
v 0.068369 0.089474 0.038547
v 0.044268 0.097036 0.046138
v 0.065253 0.110910 0.052043
v 0.078285 0.105648 0.049770
v 0.052798 0.113467 0.057230
v 0.074404 0.127357 0.065210
v 0.087952 0.122851 0.063175
v 0.061532 0.128889 0.069925
v 0.080865 0.145093 0.081450
v 0.091927 0.142702 0.079311
v 0.070258 0.144830 0.084942
v 0.086854 0.160797 0.101109
v 0.095042 0.160061 0.098921
v 0.079112 0.159760 0.103830
v 0.097692 0.173662 0.119920
v 0.091439 0.173520 0.125420
v 0.099442 0.182153 0.151801
v 0.085874 0.171556 0.131222
v 0.036068 0.023224 -0.009979
v 0.052237 0.014014 0.004271
v 0.051929 0.040228 -0.010999
v 0.054997 0.036279 0.004552
v 0.066058 0.024489 0.011171
v 0.071610 0.058572 -0.010298
v 0.084019 0.036225 0.019486
v 0.095851 0.073063 -0.009324
v 0.107642 0.045111 0.027839
v 0.120221 0.083237 -0.007656
v 0.132952 0.051285 0.033448
v 0.144043 0.089846 -0.005063
v 0.143768 0.071881 0.034319
v 0.166659 0.092771 -0.002077
v 0.161124 0.060752 0.034590
v 0.195256 0.088941 0.000239
v 0.193201 0.071838 0.029061
v 0.219132 0.080797 0.017677
v 0.035850 0.023537 -0.010605
v 0.038180 0.034544 -0.044262
v 0.044822 0.050470 -0.024106
v 0.070572 0.066056 -0.061211
v 0.091083 0.085692 -0.062307
v 0.112826 0.090562 -0.069586
v 0.145914 0.101499 -0.066983
v 0.175387 0.107319 -0.055826
v 0.199241 0.107222 -0.042429
v 0.247937 0.070789 0.005925
v 0.018719 -0.007759 -0.007221
v 0.017633 -0.007265 -0.006940
v 0.016796 -0.006959 -0.007497
v 0.016734 -0.007034 -0.008536
v 0.017493 -0.007446 -0.009394
v 0.018591 -0.007941 -0.009601
v 0.019378 -0.008227 -0.009088
v 0.019427 -0.008152 -0.008124
v 0.026469 0.008216 -0.008822
v 0.025742 0.008642 -0.008679
v 0.025182 0.008928 -0.009134
v 0.025134 0.008896 -0.009904
v 0.025630 0.008565 -0.010510
v 0.026360 0.008139 -0.010614
v 0.026895 0.007867 -0.010183
v 0.026938 0.007899 -0.009452
v 0.036313 0.023073 -0.009521
v 0.035806 0.023449 -0.009446
v 0.035411 0.023722 -0.009838
v 0.035370 0.023726 -0.010457
v 0.035707 0.023458 -0.010923
v 0.036215 0.023083 -0.010974
v 0.036595 0.022820 -0.010596
v 0.036635 0.022816 -0.010001
v 0.051413 0.040681 -0.009967
v 0.051113 0.040981 -0.009944
v 0.050871 0.041222 -0.010258
v 0.050835 0.041256 -0.010720
v 0.051025 0.041065 -0.011050
v 0.051324 0.040765 -0.011060
v 0.051559 0.040532 -0.010753
v 0.051595 0.040497 -0.010304
v 0.071688 0.058289 -0.010037
v 0.071524 0.058515 -0.010050
v 0.071384 0.058716 -0.010309
v 0.071353 0.058771 -0.010660
v 0.071449 0.058650 -0.010893
v 0.071612 0.058425 -0.010873
v 0.071749 0.058229 -0.010617
v 0.071780 0.058172 -0.010273
v 0.095668 0.073049 -0.009116
v 0.095597 0.073193 -0.009147
v 0.095532 0.073343 -0.009342
v 0.095513 0.073407 -0.009587
v 0.095551 0.073350 -0.009736
v 0.095622 0.073206 -0.009703
v 0.095685 0.073059 -0.009509
v 0.095705 0.072994 -0.009266
v 0.119968 0.083287 -0.007556
v 0.119946 0.083361 -0.007589
v 0.119926 0.083454 -0.007719
v 0.119920 0.083510 -0.007869
v 0.119932 0.083496 -0.007952
v 0.119954 0.083422 -0.007918
v 0.119973 0.083330 -0.007788
v 0.119979 0.083274 -0.007638
v 0.143865 0.089521 -0.005323
v 0.143863 0.089547 -0.005345
v 0.143862 0.089590 -0.005410
v 0.143864 0.089623 -0.005481
v 0.143867 0.089628 -0.005515
v 0.143869 0.089601 -0.005493
v 0.143870 0.089559 -0.005427
v 0.143868 0.089526 -0.005357
v 0.166436 0.092308 -0.002565
v 0.166436 0.092308 -0.002566
v 0.166436 0.092309 -0.002567
v 0.166437 0.092310 -0.002569
v 0.166437 0.092311 -0.002570
v 0.073385 0.052772 0.008890
v 0.084019 0.036225 0.019486
v 0.077738 0.045415 0.016237
v 0.071602 0.058577 -0.010269
v 0.071601 0.056789 -0.001017
v 0.097230 0.068617 0.015221
v 0.096718 0.073698 0.002595
v 0.101056 0.058299 0.024390
v 0.122484 0.079504 0.019570
v 0.121824 0.084166 0.004885
v 0.125967 0.067540 0.030287
v 0.141283 0.088421 0.017742
v 0.141129 0.089912 0.004737
v 0.142379 0.081643 0.027959
v 0.161032 0.087157 0.020787
v 0.160690 0.090770 0.007664
v 0.161762 0.076838 0.030813
v 0.193226 0.086664 0.016901
v 0.191455 0.088483 0.008015
v 0.194134 0.081233 0.024243
v 0.220769 0.081990 0.010406
v 0.222109 0.080775 0.003311
v 0.221417 0.080924 0.006187
v 0.219981 0.081902 0.014310
v 0.064220 0.071984 -0.030880
v 0.071610 0.058572 -0.010298
v 0.067133 0.066147 -0.018268
v 0.070572 0.066056 -0.061211
v 0.065202 0.072161 -0.046440
v 0.088001 0.091274 -0.030523
v 0.086861 0.091327 -0.046882
v 0.092961 0.084586 -0.017070
v 0.110632 0.102832 -0.032142
v 0.110480 0.102053 -0.051978
v 0.114438 0.094022 -0.016348
v 0.140162 0.111429 -0.029159
v 0.143113 0.112096 -0.048575
v 0.139211 0.100890 -0.014072
v 0.167277 0.112547 -0.023085
v 0.172138 0.114476 -0.039317
v 0.162737 0.102700 -0.010973
v 0.194189 0.107680 -0.015147
v 0.200047 0.109879 -0.025160
v 0.188074 0.101285 -0.007855
v 0.225119 0.089873 -0.000998
v 0.229527 0.095755 -0.012091
v 0.227290 0.093795 -0.005678
v 0.247853 0.069044 0.006637
v 0.223322 0.085094 0.001803
v -0.005013 0.034592 -0.031340
v 0.020747 0.028157 -0.056268
v 0.026003 0.032313 -0.074618
v -0.002021 0.074317 -0.056412
v 0.030225 0.041125 -0.089547
v 0.000421 0.091095 -0.072585
v 0.033432 0.047553 -0.105499
v 0.003997 0.105842 -0.091401
v 0.040123 0.059263 -0.114506
v 0.008332 0.116869 -0.110254
v 0.045301 0.069851 -0.123901
v 0.014677 0.125612 -0.131739
v 0.050965 0.091964 -0.134685
v 0.021072 0.130855 -0.151795
v 0.049381 0.114535 -0.148463
v 0.039795 0.131617 -0.172498
v -0.021544 0.039193 -0.032671
v -0.039288 0.055980 -0.048590
v -0.020645 0.060567 -0.040839
v -0.053054 0.080297 -0.091532
v -0.053305 0.086957 -0.117472
v -0.049092 0.100534 -0.133896
v -0.040078 0.117051 -0.148670
v -0.021835 0.135041 -0.161654
v -0.003658 -0.001284 -0.020386
v -0.003795 -0.001093 -0.019319
v -0.004700 -0.001010 -0.018660
v -0.005808 -0.001087 -0.018825
v -0.006423 -0.001276 -0.019707
v -0.006223 -0.001462 -0.020760
v -0.005368 -0.001540 -0.021377
v -0.004324 -0.001467 -0.021226
v -0.004306 0.016933 -0.024876
v -0.004459 0.017180 -0.024082
v -0.005248 0.017330 -0.023580
v -0.006188 0.017290 -0.023686
v -0.006698 0.017085 -0.024327
v -0.006503 0.016842 -0.025109
v -0.005746 0.016701 -0.025582
v -0.004849 0.016737 -0.025488
v -0.004465 0.034520 -0.031483
v -0.004607 0.034752 -0.030976
v -0.005214 0.034916 -0.030651
v -0.005919 0.034912 -0.030709
v -0.006295 0.034744 -0.031111
v -0.006131 0.034515 -0.031611
v -0.005540 0.034358 -0.031921
v -0.004856 0.034360 -0.031870
v -0.002943 0.056805 -0.043699
v -0.003051 0.056981 -0.043444
v -0.003463 0.057132 -0.043269
v -0.003934 0.057164 -0.043283
v -0.004181 0.057061 -0.043473
v -0.004064 0.056886 -0.043724
v -0.003658 0.056740 -0.043892
v -0.003196 0.056706 -0.043883
v -0.001628 0.074215 -0.056475
v -0.001723 0.074346 -0.056335
v -0.002040 0.074471 -0.056235
v -0.002393 0.074516 -0.056237
v -0.002571 0.074454 -0.056337
v -0.002472 0.074325 -0.056475
v -0.002157 0.074203 -0.056571
v -0.001808 0.074157 -0.056572
v 0.000717 0.091004 -0.072614
v 0.000646 0.091080 -0.072559
v 0.000433 0.091168 -0.072519
v 0.000205 0.091214 -0.072518
v 0.000095 0.091193 -0.072557
v 0.000168 0.091118 -0.072611
v 0.000380 0.091031 -0.072650
v 0.000607 0.090984 -0.072652
v 0.004207 0.105770 -0.091405
v 0.004168 0.105798 -0.091394
v 0.004064 0.105839 -0.091387
v 0.003957 0.105870 -0.091388
v 0.003908 0.105873 -0.091397
v 0.003948 0.105845 -0.091407
v 0.004051 0.105804 -0.091414
v 0.004159 0.105773 -0.091413
v 0.008308 0.116878 -0.110256
v 0.008307 0.116879 -0.110256
v 0.008304 0.116879 -0.110256
v 0.008302 0.116880 -0.110256
v 0.008301 0.116881 -0.110256
v 0.014994 0.047081 -0.055054
v -0.003650 0.056954 -0.043565
v 0.020565 0.062173 -0.069345
v 0.011746 0.071072 -0.063786
v 0.026774 0.052387 -0.078049
v 0.025292 0.074776 -0.084007
v 0.014983 0.084705 -0.077736
v 0.032084 0.062725 -0.093455
v 0.029685 0.088305 -0.097717
v 0.018540 0.097735 -0.092472
v 0.037209 0.076313 -0.105645
v 0.033747 0.100977 -0.112232
v 0.022666 0.108914 -0.108365
v 0.041804 0.090312 -0.118172
v 0.036404 0.114690 -0.129375
v 0.026974 0.119895 -0.127203
v 0.044041 0.107164 -0.132510
v 0.036161 0.126451 -0.149200
v 0.029340 0.129056 -0.148595
v 0.042093 0.122519 -0.149838
v 0.028778 0.134236 -0.176864
v 0.034920 0.133188 -0.174785
v -0.026140 0.075814 -0.058510
v -0.014150 0.076195 -0.056248
v -0.049702 0.068272 -0.070308
v -0.037991 0.073173 -0.063196
v -0.028017 0.093075 -0.076865
v -0.040499 0.087326 -0.080989
v -0.014618 0.095718 -0.075527
v -0.027887 0.106422 -0.098388
v -0.041981 0.099277 -0.105132
v -0.012586 0.109073 -0.094744
v -0.022619 0.119064 -0.117416
v -0.035768 0.113948 -0.125700
v -0.008507 0.119390 -0.111273
v -0.012831 0.130958 -0.136088
v -0.023635 0.128725 -0.143082
v -0.001900 0.129399 -0.130169
v 0.002990 0.139297 -0.154902
v -0.003707 0.139848 -0.159280
v 0.009549 0.136616 -0.150532
v 0.017934 0.142135 -0.179415
v 0.023140 0.138972 -0.178275
v 0.038000 0.133538 -0.201474
v -0.030639 0.027573 -0.017553
v -0.030785 0.027538 -0.017319
v -0.025606 0.024053 -0.049786
v -0.045237 0.045725 -0.025037
v -0.035205 0.046383 -0.041210
v -0.033059 0.038264 -0.057739
v -0.061613 0.061132 -0.034509
v -0.047303 0.047041 -0.077479
v -0.082925 0.075698 -0.047959
v -0.066183 0.055845 -0.096170
v -0.098993 0.083204 -0.057668
v -0.077428 0.060385 -0.105358
v -0.116668 0.088955 -0.068966
v -0.093797 0.067684 -0.116059
v -0.139829 0.092826 -0.084153
v -0.114737 0.075823 -0.126020
v -0.159331 0.093141 -0.097695
v -0.140210 0.091052 -0.126233
v -0.180242 0.090526 -0.112237
v -0.168001 0.092893 -0.128090
v -0.201144 0.084944 -0.127953
v -0.066262 0.019365 -0.002045
v -0.078111 0.029293 -0.004082
v -0.059138 0.043419 -0.009261
v -0.092118 0.042437 -0.007840
v -0.115268 0.049121 -0.015920
v -0.132144 0.054568 -0.023971
v -0.148094 0.058115 -0.033287
v -0.164537 0.073017 -0.048773
v -0.179719 0.081938 -0.067919
v -0.188678 0.091329 -0.098131
v -0.013817 -0.003362 -0.010391
v -0.013336 -0.003043 -0.009629
v -0.013549 -0.002972 -0.008676
v -0.014327 -0.003196 -0.008125
v -0.015185 -0.003574 -0.008315
v -0.015626 -0.003882 -0.009102
v -0.015420 -0.003947 -0.010008
v -0.014682 -0.003735 -0.010535
v -0.021374 0.012673 -0.013488
v -0.021045 0.013007 -0.012851
v -0.021286 0.013091 -0.012022
v -0.021952 0.012870 -0.011512
v -0.022631 0.012482 -0.011631
v -0.022930 0.012159 -0.012285
v -0.022695 0.012082 -0.013079
v -0.022059 0.012292 -0.013572
v -0.030155 0.027633 -0.018289
v -0.029972 0.027920 -0.017838
v -0.030188 0.028002 -0.017212
v -0.030675 0.027825 -0.016790
v -0.031135 0.027500 -0.016827
v -0.031302 0.027220 -0.017286
v -0.031089 0.027144 -0.017894
v -0.030618 0.027313 -0.018306
v -0.044836 0.045780 -0.025635
v -0.044774 0.045984 -0.025353
v -0.044958 0.046039 -0.024927
v -0.045277 0.045910 -0.024611
v -0.045541 0.045676 -0.024594
v -0.045596 0.045476 -0.024879
v -0.045413 0.045425 -0.025297
v -0.045101 0.045550 -0.025609
v -0.061328 0.061173 -0.034933
v -0.061326 0.061321 -0.034738
v -0.061492 0.061356 -0.034410
v -0.061728 0.061258 -0.034144
v -0.061895 0.061086 -0.034098
v -0.061894 0.060942 -0.034294
v -0.061728 0.060908 -0.034618
v -0.061495 0.061003 -0.034882
v -0.082702 0.075729 -0.048296
v -0.082729 0.075808 -0.048181
v -0.082857 0.075826 -0.047960
v -0.083010 0.075770 -0.047762
v -0.083099 0.075674 -0.047704
v -0.083071 0.075596 -0.047820
v -0.082943 0.075580 -0.048040
v -0.082790 0.075634 -0.048237
v -0.098784 0.083235 -0.057977
v -0.098814 0.083275 -0.057903
v -0.098910 0.083280 -0.057749
v -0.099015 0.083246 -0.057605
v -0.099067 0.083193 -0.057555
v -0.099036 0.083153 -0.057629
v -0.098941 0.083149 -0.057783
v -0.098836 0.083183 -0.057927
v -0.116571 0.088970 -0.069113
v -0.116593 0.088982 -0.069076
v -0.116648 0.088980 -0.068990
v -0.116705 0.088965 -0.068907
v -0.116730 0.088946 -0.068875
v -0.116709 0.088934 -0.068913
v -0.116654 0.088937 -0.068998
v -0.116597 0.088952 -0.069081
v -0.139800 0.092831 -0.084196
v -0.139801 0.092831 -0.084195
v -0.139802 0.092831 -0.084194
v -0.139803 0.092830 -0.084192
v -0.139803 0.092830 -0.084192
v -0.051429 0.058819 -0.055659
v -0.047303 0.047041 -0.077479
v -0.048609 0.054114 -0.066485
v -0.035205 0.046383 -0.041210
v -0.061613 0.061132 -0.034509
v -0.055764 0.061159 -0.045000
v -0.069522 0.072248 -0.071320
v -0.075871 0.076092 -0.060215
v -0.065407 0.065367 -0.082650
v -0.085956 0.080184 -0.083125
v -0.092514 0.083943 -0.071226
v -0.081481 0.072747 -0.095000
v -0.103940 0.086902 -0.094091
v -0.109522 0.089798 -0.081679
v -0.099582 0.080079 -0.106052
v -0.125471 0.092306 -0.104930
v -0.129424 0.093983 -0.093899
v -0.121738 0.087329 -0.115586
v -0.149715 0.095998 -0.111707
v -0.152409 0.095853 -0.104279
v -0.146762 0.094514 -0.118742
v -0.180242 0.090526 -0.112237
v -0.174896 0.092935 -0.120057
v -0.201144 0.084944 -0.127953
v -0.168108 0.092910 -0.127976
v -0.076082 0.055546 -0.017975
v -0.061613 0.061132 -0.034509
v -0.068671 0.059294 -0.025453
v -0.059138 0.043419 -0.009261
v -0.092114 0.042441 -0.007842
v -0.083846 0.049889 -0.012075
v -0.097268 0.067909 -0.027060
v -0.105276 0.059842 -0.019916
v -0.089791 0.073259 -0.036386
v -0.115332 0.075713 -0.036505
v -0.123381 0.066797 -0.028943
v -0.107232 0.081174 -0.046097
v -0.133871 0.082103 -0.048004
v -0.142544 0.073473 -0.040460
v -0.124934 0.087051 -0.057209
v -0.151694 0.089012 -0.063700
v -0.159197 0.083146 -0.057280
v -0.143536 0.091996 -0.070673
v -0.169003 0.092556 -0.082436
v -0.174866 0.089230 -0.077289
v -0.162692 0.094029 -0.087533
v -0.188678 0.091329 -0.098131
v -0.184649 0.091875 -0.105370
v -0.201144 0.084944 -0.127953
v -0.180254 0.090532 -0.112220
v -0.020292 -0.011489 -0.001540
v -0.020344 -0.010914 -0.000782
v -0.021051 -0.010567 -0.000247
v -0.022000 -0.010651 -0.000248
v -0.022634 -0.011116 -0.000785
v -0.022582 -0.011691 -0.001542
v -0.021875 -0.012038 -0.002078
v -0.020926 -0.011954 -0.002076
v -0.021647 0.002883 -0.011025
v -0.021673 0.003220 -0.010443
v -0.022168 0.003431 -0.010037
v -0.022840 0.003393 -0.010046
v -0.023296 0.003128 -0.010463
v -0.023270 0.002791 -0.011046
v -0.022776 0.002580 -0.011451
v -0.022103 0.002618 -0.011443
v -0.023181 0.018389 -0.018588
v -0.023199 0.018642 -0.017995
v -0.023667 0.018786 -0.017575
v -0.024311 0.018736 -0.017573
v -0.024753 0.018521 -0.017992
v -0.024735 0.018267 -0.018585
v -0.024266 0.018123 -0.019006
v -0.023623 0.018174 -0.019007
v -0.024787 0.034556 -0.024533
v -0.024801 0.034761 -0.023895
v -0.025284 0.034863 -0.023440
v -0.025952 0.034801 -0.023435
v -0.026414 0.034612 -0.023884
v -0.026400 0.034407 -0.024522
v -0.025917 0.034306 -0.024977
v -0.025249 0.034368 -0.024982
v -0.025959 0.051068 -0.029352
v -0.025970 0.051217 -0.028794
v -0.026386 0.051298 -0.028402
v -0.026962 0.051266 -0.028405
v -0.027362 0.051136 -0.028801
v -0.027351 0.050987 -0.029358
v -0.026935 0.050906 -0.029751
v -0.026359 0.050940 -0.029748
v -0.026806 0.067735 -0.033689
v -0.026816 0.067868 -0.033167
v -0.027205 0.067946 -0.032800
v -0.027744 0.067923 -0.032805
v -0.028118 0.067813 -0.033178
v -0.028108 0.067679 -0.033700
v -0.027720 0.067601 -0.034067
v -0.027181 0.067624 -0.034062
v -0.027963 0.084498 -0.037721
v -0.027971 0.084612 -0.037231
v -0.028333 0.084665 -0.036884
v -0.028835 0.084626 -0.036884
v -0.029184 0.084517 -0.037230
v -0.029175 0.084403 -0.037720
v -0.028814 0.084350 -0.038067
v -0.028312 0.084389 -0.038067
v -0.028857 0.101170 -0.041950
v -0.028866 0.101302 -0.041502
v -0.029204 0.101375 -0.041186
v -0.029673 0.101346 -0.041188
v -0.029998 0.101233 -0.041506
v -0.029989 0.101101 -0.041954
v -0.029651 0.101028 -0.042269
v -0.029182 0.101057 -0.042268
v -0.030140 0.117169 -0.048164
v -0.030151 0.117349 -0.047800
v -0.030458 0.117450 -0.047543
v -0.030883 0.117412 -0.047542
v -0.031174 0.117259 -0.047799
v -0.031163 0.117079 -0.048163
v -0.030855 0.116978 -0.048421
v -0.030431 0.117015 -0.048421
v -0.032134 0.131984 -0.056780
v -0.032147 0.132193 -0.056477
v -0.032441 0.132301 -0.056257
v -0.032843 0.132245 -0.056247
v -0.033118 0.132058 -0.056455
v -0.033105 0.131850 -0.056757
v -0.032811 0.131742 -0.056978
v -0.032409 0.131797 -0.056987
v -0.034664 0.145242 -0.067556
v -0.034679 0.145456 -0.067329
v -0.034948 0.145566 -0.067161
v -0.035312 0.145507 -0.067149
v -0.035559 0.145314 -0.067301
v -0.035544 0.145100 -0.067528
v -0.035275 0.144991 -0.067696
v -0.034911 0.145049 -0.067708
v -0.037394 0.156648 -0.080216
v -0.037413 0.156869 -0.080052
v -0.037676 0.156987 -0.079937
v -0.038029 0.156934 -0.079937
v -0.038265 0.156740 -0.080053
v -0.038246 0.156518 -0.080216
v -0.037984 0.156400 -0.080332
v -0.037631 0.156453 -0.080332
v -0.041139 0.166144 -0.094299
v -0.041155 0.166338 -0.094186
v -0.041391 0.166424 -0.094088
v -0.041708 0.166350 -0.094063
v -0.041921 0.166161 -0.094124
v -0.041904 0.165966 -0.094237
v -0.041669 0.165880 -0.094335
v -0.041351 0.165954 -0.094360
v -0.045326 0.173489 -0.109495
v -0.045341 0.173647 -0.109433
v -0.045544 0.173711 -0.109375
v -0.045817 0.173644 -0.109355
v -0.045999 0.173484 -0.109384
v -0.045984 0.173325 -0.109446
v -0.045781 0.173261 -0.109504
v -0.045509 0.173328 -0.109524
v -0.050135 0.178668 -0.125489
v -0.050150 0.178833 -0.125446
v -0.050381 0.178886 -0.125390
v -0.050693 0.178796 -0.125354
v -0.050904 0.178616 -0.125358
v -0.050889 0.178451 -0.125401
v -0.050658 0.178398 -0.125457
v -0.050346 0.178488 -0.125493
v -0.055388 0.181671 -0.141931
v -0.055402 0.181820 -0.141919
v -0.055642 0.181854 -0.141888
v -0.055969 0.181754 -0.141858
v -0.056190 0.181577 -0.141846
v -0.056177 0.181428 -0.141858
v -0.055936 0.181394 -0.141888
v -0.055610 0.181494 -0.141918
v -0.047665 0.176515 -0.117363
v -0.047650 0.176352 -0.117415
v -0.047881 0.176574 -0.117306
v -0.048172 0.176496 -0.117278
v -0.048368 0.176326 -0.117295
v -0.048353 0.176163 -0.117348
v -0.048137 0.176104 -0.117404
v -0.047846 0.176182 -0.117432
v -0.052691 0.180597 -0.133645
v -0.052677 0.180439 -0.133672
v -0.052927 0.180642 -0.133603
v -0.053246 0.180547 -0.133570
v -0.053461 0.180369 -0.133565
v -0.053447 0.180211 -0.133592
v -0.053212 0.180167 -0.133635
v -0.052893 0.180261 -0.133668
v -0.029120 0.070861 -0.033390
v -0.024583 0.071368 -0.026257
v -0.021786 0.066355 -0.037085
v -0.016556 0.067922 -0.030427
v -0.015842 0.061974 -0.041101
v -0.009513 0.063064 -0.035724
v -0.009575 0.056175 -0.046882
v -0.003910 0.055986 -0.042809
v -0.004889 0.051848 -0.051147
v -0.001503 0.051636 -0.047079
v 0.000817 0.046651 -0.055261
v 0.002041 0.046369 -0.053048
v 0.006297 0.039819 -0.059103
v -0.028850 0.071650 -0.042617
v -0.023862 0.069355 -0.044510
v -0.018233 0.066221 -0.047841
v -0.012628 0.060384 -0.052041
v -0.007258 0.053799 -0.055951
v -0.000933 0.047167 -0.058496
v 0.005164 0.040655 -0.060071
v -0.029230 0.070788 -0.037935
v -0.027035 0.070762 -0.029771
v -0.027856 0.076902 -0.036167
v -0.031638 0.076634 -0.039823
v -0.033313 0.074224 -0.032122
v -0.038006 0.075814 -0.039665
v -0.039351 0.071082 -0.026856
v -0.046766 0.072855 -0.032835
v -0.043946 0.068321 -0.021029
v -0.050873 0.069619 -0.025829
v -0.048010 0.065481 -0.014598
v -0.053701 0.065868 -0.018276
v -0.052130 0.062486 -0.008721
v -0.055980 0.062173 -0.011523
v -0.056315 0.059170 -0.002609
v -0.058068 0.058900 -0.004427
v -0.061279 0.055302 0.002875
v -0.062226 0.055161 0.001749
v -0.024863 0.078304 -0.026620
v -0.029671 0.076800 -0.024155
v -0.035113 0.074345 -0.021109
v -0.039285 0.072073 -0.015611
v -0.043586 0.068359 -0.010185
v -0.048426 0.064088 -0.005227
v -0.054798 0.059490 -0.000895
v -0.026214 0.077210 -0.031455
v -0.029712 0.076674 -0.038010
v -0.029680 0.083798 -0.036419
v -0.026629 0.083714 -0.031524
v -0.022916 0.080284 -0.038825
v -0.020179 0.082746 -0.029696
v -0.015017 0.075595 -0.040867
v -0.010605 0.078912 -0.031806
v -0.008214 0.070583 -0.042594
v -0.004417 0.073592 -0.034610
v -0.001802 0.064688 -0.044281
v 0.001174 0.066490 -0.037705
v 0.003809 0.058335 -0.045018
v 0.005364 0.059248 -0.040105
v 0.008874 0.051023 -0.045269
v 0.009206 0.051714 -0.042585
v 0.013981 0.043479 -0.044235
v 0.014089 0.043933 -0.042681
v -0.030300 0.084588 -0.047437
v -0.023597 0.081981 -0.048657
v -0.015721 0.077598 -0.049198
v -0.008154 0.072247 -0.051287
v -0.002061 0.065572 -0.051762
v 0.003350 0.058176 -0.050850
v 0.008706 0.050413 -0.047728
v -0.030180 0.083773 -0.041871
v -0.028200 0.083656 -0.033958
v -0.028159 0.090764 -0.039433
v -0.033474 0.091933 -0.046224
v -0.036425 0.088614 -0.034870
v -0.040428 0.091565 -0.042174
v -0.044399 0.087140 -0.031536
v -0.048060 0.090560 -0.038526
v -0.054319 0.085792 -0.027914
v -0.058444 0.087865 -0.033424
v -0.061337 0.084328 -0.024764
v -0.063887 0.085222 -0.029484
v -0.069138 0.081957 -0.021061
v -0.070328 0.081953 -0.023382
v -0.077064 0.078670 -0.016188
v -0.027012 0.092234 -0.030098
v -0.033450 0.091315 -0.027379
v -0.041623 0.090609 -0.024236
v -0.050945 0.088657 -0.021831
v -0.059084 0.085549 -0.019505
v -0.067395 0.082075 -0.017678
v -0.075556 0.079035 -0.015387
v -0.027466 0.090968 -0.034817
v -0.030727 0.090949 -0.042868
v -0.030283 0.097236 -0.039810
v -0.027358 0.097407 -0.035399
v -0.023694 0.095177 -0.042291
v -0.021464 0.097469 -0.033844
v -0.015757 0.092433 -0.044298
v -0.012534 0.095900 -0.035787
v -0.008605 0.089438 -0.045828
v -0.006102 0.092630 -0.038284
v -0.001518 0.085697 -0.047330
v 0.000576 0.087669 -0.041146
v 0.004960 0.081397 -0.048129
v 0.006115 0.082271 -0.043562
v 0.011160 0.076120 -0.048645
v 0.011280 0.076653 -0.046157
v 0.017130 0.070264 -0.047804
v 0.017097 0.070632 -0.046371
v -0.031291 0.098304 -0.049858
v -0.024706 0.096982 -0.051234
v -0.016626 0.094397 -0.051891
v -0.008681 0.091274 -0.053730
v -0.001794 0.086765 -0.054153
v 0.004568 0.081528 -0.053471
v 0.011166 0.075679 -0.050922
v -0.030897 0.097360 -0.044796
v -0.028847 0.097224 -0.037595
v -0.028876 0.103761 -0.042948
v -0.033649 0.105051 -0.049316
v -0.036586 0.102430 -0.038593
v -0.040562 0.105115 -0.045226
v -0.043652 0.100675 -0.035059
v -0.047956 0.103612 -0.041086
v -0.052051 0.097819 -0.030811
v -0.056739 0.099251 -0.035307
v -0.057704 0.095423 -0.026995
v -0.060947 0.095901 -0.030816
v -0.063575 0.092651 -0.021875
v -0.065230 0.092397 -0.023612
v -0.068759 0.089692 -0.014944
v -0.027707 0.105391 -0.034361
v -0.033565 0.104976 -0.031781
v -0.040827 0.103978 -0.028442
v -0.048818 0.100729 -0.025381
v -0.054896 0.096852 -0.022587
v -0.061165 0.093124 -0.019351
v -0.067226 0.090205 -0.014814
v -0.028230 0.104073 -0.038680
v -0.031217 0.104028 -0.046152
v -0.031329 0.111027 -0.044566
v -0.027104 0.112307 -0.037690
v -0.023157 0.109275 -0.048115
v -0.019797 0.112030 -0.041047
v -0.015648 0.107129 -0.050693
v -0.012100 0.110174 -0.044109
v -0.006656 0.103510 -0.053223
v -0.003014 0.105086 -0.047771
v -0.000300 0.100021 -0.054737
v 0.001329 0.101019 -0.050003
v 0.006630 0.095195 -0.055290
v 0.006950 0.095514 -0.052883
v 0.013518 0.088934 -0.055240
v -0.031574 0.112498 -0.053379
v -0.025350 0.111781 -0.055369
v -0.017363 0.110323 -0.057852
v -0.008569 0.106269 -0.059467
v -0.001001 0.100753 -0.060137
v 0.006192 0.094831 -0.058819
v 0.012750 0.089330 -0.056631
v -0.031538 0.111257 -0.048942
v -0.029281 0.111287 -0.041104
v -0.030332 0.116827 -0.047932
v -0.035162 0.118453 -0.054820
v -0.038517 0.116417 -0.044846
v -0.041854 0.118963 -0.050677
v -0.045059 0.115190 -0.039936
v -0.049448 0.117856 -0.045424
v -0.050229 0.113409 -0.035666
v -0.055448 0.115491 -0.039921
v -0.056268 0.110035 -0.028918
v -0.060576 0.111294 -0.033032
v -0.061932 0.106845 -0.024521
v -0.063967 0.106850 -0.026488
v -0.067185 0.103055 -0.018587
v -0.067735 0.102924 -0.018921
v -0.028796 0.117916 -0.041226
v -0.035412 0.118028 -0.038788
v -0.041824 0.117817 -0.034236
v -0.046355 0.116747 -0.030193
v -0.053639 0.111276 -0.025002
v -0.059753 0.107375 -0.022030
v -0.066727 0.103239 -0.018564
v -0.028929 0.117176 -0.043753
v -0.032528 0.117353 -0.050904
v -0.032489 0.123213 -0.050440
v -0.027918 0.124599 -0.044053
v -0.024894 0.122337 -0.054866
v -0.020715 0.124998 -0.048460
v -0.018320 0.120847 -0.059077
v -0.013271 0.123638 -0.053709
v -0.011111 0.117792 -0.064758
v -0.005499 0.118770 -0.061503
v -0.006666 0.114587 -0.069436
v -0.002928 0.114950 -0.066179
v -0.001773 0.110342 -0.074522
v -0.000189 0.110253 -0.072735
v 0.002779 0.105076 -0.080401
v -0.033612 0.124924 -0.058920
v -0.028342 0.124886 -0.061370
v -0.021994 0.124243 -0.065101
v -0.015170 0.120927 -0.069340
v -0.009825 0.115973 -0.073526
v -0.004060 0.110571 -0.077140
v 0.001466 0.105633 -0.080850
v -0.033087 0.123569 -0.054664
v -0.030231 0.123530 -0.047234
v -0.031370 0.128755 -0.055137
v -0.034238 0.129513 -0.059827
v -0.038494 0.129508 -0.052355
v -0.040265 0.131633 -0.061446
v -0.046974 0.128892 -0.049268
v -0.051024 0.132458 -0.057934
v -0.054275 0.126812 -0.045881
v -0.058567 0.129804 -0.053188
v -0.060832 0.123313 -0.041569
v -0.065000 0.124813 -0.047158
v -0.066512 0.119288 -0.037109
v -0.069344 0.119671 -0.041215
v -0.071533 0.114594 -0.031487
v -0.072622 0.114806 -0.034069
v -0.076866 0.109620 -0.026260
v -0.077427 0.109758 -0.027815
v -0.029728 0.130687 -0.044800
v -0.036305 0.131874 -0.043291
v -0.044489 0.131296 -0.041753
v -0.051912 0.129345 -0.038103
v -0.058132 0.125173 -0.035101
v -0.064056 0.120129 -0.032116
v -0.070626 0.114472 -0.029078
v -0.030607 0.129279 -0.049952
v -0.032818 0.129029 -0.057479
v -0.033864 0.134346 -0.057501
v -0.030535 0.134878 -0.053547
v -0.027496 0.134207 -0.060844
v -0.024840 0.136255 -0.052643
v -0.019590 0.132963 -0.063573
v -0.016371 0.136420 -0.055266
v -0.012437 0.130604 -0.065374
v -0.010002 0.133806 -0.057989
v -0.005525 0.126852 -0.066624
v -0.003626 0.128949 -0.060558
v 0.000475 0.122093 -0.067340
v 0.001887 0.122765 -0.062905
v 0.005671 0.116089 -0.068563
v 0.006137 0.116386 -0.066125
v 0.010917 0.109697 -0.068986
v 0.011107 0.109908 -0.067563
v -0.036494 0.135977 -0.066974
v -0.029753 0.136339 -0.069299
v -0.021033 0.135022 -0.070898
v -0.012552 0.132339 -0.073146
v -0.005597 0.127702 -0.073354
v -0.000102 0.122308 -0.072563
v 0.005364 0.115848 -0.070805
v -0.035176 0.134744 -0.062238
v -0.032198 0.134512 -0.055523
v -0.033051 0.139867 -0.063147
v -0.035606 0.141860 -0.070812
v -0.041672 0.141787 -0.060515
v -0.043478 0.144874 -0.068170
v -0.049523 0.142105 -0.057872
v -0.052561 0.145598 -0.064667
v -0.058638 0.140591 -0.053848
v -0.063233 0.142432 -0.058601
v -0.064720 0.138268 -0.050159
v -0.067801 0.139012 -0.054272
v -0.071475 0.134861 -0.046115
v -0.072778 0.134857 -0.048238
v -0.078531 0.130798 -0.041333
v -0.033203 0.142304 -0.054379
v -0.039121 0.144131 -0.053162
v -0.046618 0.145255 -0.050914
v -0.055018 0.143417 -0.048310
v -0.062132 0.139451 -0.045343
v -0.069581 0.134974 -0.043014
v -0.077098 0.131218 -0.040598
v -0.033259 0.140580 -0.058742
v -0.034428 0.140483 -0.066965
v -0.036081 0.145362 -0.066915
v -0.030602 0.147128 -0.060783
v -0.028579 0.146351 -0.072412
v -0.024441 0.149290 -0.065544
v -0.021214 0.146845 -0.076603
v -0.017472 0.150155 -0.069962
v -0.011730 0.146534 -0.080731
v -0.008168 0.148636 -0.075189
v -0.004582 0.145456 -0.083175
v -0.002800 0.146393 -0.078323
v 0.003458 0.142936 -0.085293
v 0.004109 0.143023 -0.082859
v 0.012070 0.139641 -0.087931
v -0.038886 0.147618 -0.075382
v -0.033037 0.148933 -0.078811
v -0.025182 0.150245 -0.082999
v -0.015072 0.149304 -0.086564
v -0.006009 0.146559 -0.088534
v 0.002507 0.142917 -0.088846
v 0.010851 0.139934 -0.089053
v -0.037432 0.145965 -0.071181
v -0.033303 0.145850 -0.063873
v -0.035162 0.149400 -0.072077
v -0.035806 0.151406 -0.079899
v -0.043609 0.152424 -0.071497
v -0.043001 0.155283 -0.079185
v -0.051516 0.154231 -0.071257
v -0.051604 0.157604 -0.078517
v -0.061319 0.155146 -0.070683
v -0.063190 0.157446 -0.076674
v -0.068541 0.154907 -0.069669
v -0.069429 0.155915 -0.074553
v -0.076691 0.153681 -0.068434
v -0.077086 0.153768 -0.070837
v -0.085515 0.151931 -0.066546
v -0.036787 0.152008 -0.063768
v -0.042655 0.154674 -0.063972
v -0.050312 0.157232 -0.063989
v -0.059434 0.157517 -0.064374
v -0.067765 0.155908 -0.064369
v -0.076096 0.153658 -0.064931
v -0.084418 0.152071 -0.065368
v -0.036162 0.150231 -0.067928
v -0.035625 0.150047 -0.075993
v -0.037862 0.154625 -0.076948
v -0.031548 0.156414 -0.071929
v -0.031149 0.155345 -0.081954
v -0.026929 0.157829 -0.077056
v -0.025639 0.154797 -0.087594
v -0.021015 0.157527 -0.082730
v -0.020742 0.153142 -0.091842
v -0.015825 0.155449 -0.087764
v -0.014580 0.148819 -0.097384
v -0.010708 0.150452 -0.093316
v -0.009432 0.143793 -0.099811
v -0.007724 0.144055 -0.097731
v -0.004822 0.137416 -0.103155
v -0.004371 0.137305 -0.102735
v -0.041406 0.155836 -0.082521
v -0.035553 0.156877 -0.086827
v -0.029400 0.157216 -0.092722
v -0.024468 0.156008 -0.097314
v -0.016540 0.149376 -0.101597
v -0.011095 0.143860 -0.102542
v -0.005209 0.137658 -0.103302
v -0.040442 0.155009 -0.080319
v -0.035017 0.155244 -0.074831
v -0.038186 0.158547 -0.082542
v -0.037105 0.160450 -0.089813
v -0.044973 0.161331 -0.084979
v -0.042789 0.163487 -0.090557
v -0.051899 0.163307 -0.086078
v -0.049931 0.165788 -0.091940
v -0.057836 0.164347 -0.087294
v -0.056662 0.166760 -0.092942
v -0.066294 0.164863 -0.088340
v -0.065109 0.166367 -0.093404
v -0.072929 0.164517 -0.090177
v -0.072615 0.164740 -0.092667
v -0.080540 0.163498 -0.090648
v -0.080639 0.163478 -0.091223
v -0.040310 0.159895 -0.076907
v -0.046011 0.162666 -0.079016
v -0.052861 0.165523 -0.080307
v -0.058523 0.166961 -0.081231
v -0.067350 0.165848 -0.084258
v -0.073376 0.164786 -0.087244
v -0.080271 0.163539 -0.090307
v -0.039342 0.158975 -0.078823
v -0.037850 0.159263 -0.085754
v -0.041418 0.166502 -0.094886
v -0.040675 0.167329 -0.097805
v -0.047685 0.168835 -0.097777
v -0.046058 0.170205 -0.101001
v -0.055141 0.169905 -0.099791
v -0.054011 0.171616 -0.102836
v -0.062019 0.169552 -0.100661
v -0.060873 0.170347 -0.102932
v -0.067973 0.168353 -0.101215
v -0.068099 0.168328 -0.101594
v -0.043148 0.167248 -0.092387
v -0.048655 0.170006 -0.094571
v -0.056249 0.171034 -0.096731
v -0.063163 0.169707 -0.098700
v -0.067496 0.168471 -0.100530
v -0.040878 0.166829 -0.096841
v -0.042300 0.166738 -0.093547
v -0.042321 0.169216 -0.098717
v -0.038933 0.169832 -0.096294
v -0.033674 0.166576 -0.104821
v -0.030369 0.167946 -0.101710
v -0.028819 0.162893 -0.108230
v -0.026195 0.164242 -0.104910
v -0.021844 0.155279 -0.110937
v -0.045042 0.169756 -0.101885
v -0.035818 0.168002 -0.108505
v -0.029709 0.163434 -0.112225
v -0.023868 0.155641 -0.113660
v -0.044021 0.169394 -0.100214
v -0.040686 0.169337 -0.097431
v -0.043639 0.170576 -0.104060
v -0.044022 0.171540 -0.107879
v -0.053729 0.171875 -0.105705
v -0.053298 0.173411 -0.109861
v -0.060224 0.171196 -0.106628
v -0.059304 0.172429 -0.110510
v -0.069526 0.168319 -0.109386
v -0.043793 0.170939 -0.100121
v -0.054150 0.173242 -0.101728
v -0.061781 0.172298 -0.103248
v -0.069574 0.168575 -0.106196
v -0.043478 0.170575 -0.101930
v -0.043804 0.170863 -0.105990
v -0.043881 0.171871 -0.104574
v -0.040794 0.172464 -0.102638
v -0.036560 0.170695 -0.110761
v -0.033610 0.172029 -0.108160
v -0.032182 0.168986 -0.114716
v -0.029842 0.170177 -0.111839
v -0.024784 0.165016 -0.118849
v -0.046466 0.172330 -0.107170
v -0.038939 0.172001 -0.113619
v -0.033536 0.169871 -0.117954
v -0.026844 0.165193 -0.121002
v -0.045462 0.172007 -0.105779
v -0.042379 0.171999 -0.103542
v -0.045224 0.173080 -0.109507
v -0.045442 0.173850 -0.112587
v -0.053250 0.174470 -0.111097
v -0.052685 0.175713 -0.114407
v -0.058456 0.174484 -0.112085
v -0.057450 0.175443 -0.115141
v -0.065806 0.173241 -0.115126
v -0.045443 0.173377 -0.106345
v -0.053594 0.175543 -0.107891
v -0.059815 0.175471 -0.109429
v -0.066182 0.173341 -0.112583
v -0.045146 0.173083 -0.107791
v -0.045311 0.173308 -0.111062
v -0.045508 0.174233 -0.110575
v -0.042687 0.174740 -0.109236
v -0.039844 0.173082 -0.116445
v -0.037093 0.174216 -0.114489
v -0.036443 0.171233 -0.120011
v -0.034176 0.172259 -0.117787
v -0.030875 0.167071 -0.124127
v -0.047966 0.174626 -0.112529
v -0.042083 0.174183 -0.118722
v -0.037813 0.171923 -0.122708
v -0.032871 0.167343 -0.125703
v -0.046974 0.174350 -0.111444
v -0.044127 0.174343 -0.109847
v -0.046855 0.175294 -0.115067
v -0.046821 0.175888 -0.117457
v -0.052929 0.176495 -0.116792
v -0.052255 0.177464 -0.119299
v -0.056893 0.176764 -0.117846
v -0.055901 0.177493 -0.120134
v -0.062625 0.176448 -0.120393
v -0.047233 0.175524 -0.112644
v -0.053401 0.177324 -0.114341
v -0.057922 0.177565 -0.115813
v -0.062916 0.176496 -0.118424
v -0.046908 0.175296 -0.113738
v -0.046819 0.175470 -0.116272
v -0.047387 0.176290 -0.116663
v -0.045308 0.176665 -0.115751
v -0.043416 0.175828 -0.121167
v -0.041398 0.176684 -0.119793
v -0.041030 0.175129 -0.124101
v -0.039334 0.175849 -0.122523
v -0.036897 0.173515 -0.127950
v -0.049219 0.176575 -0.118024
v -0.045177 0.176638 -0.122676
v -0.042260 0.175766 -0.125882
v -0.038472 0.173638 -0.128932
v -0.048472 0.176373 -0.117260
v -0.046367 0.176373 -0.116165
v -0.048508 0.177206 -0.121008
v -0.048301 0.177823 -0.123549
v -0.054884 0.178198 -0.123308
v -0.054055 0.179229 -0.125946
v -0.059043 0.178179 -0.124683
v -0.057902 0.178978 -0.127074
v -0.065000 0.177165 -0.127613
v -0.049105 0.177457 -0.118465
v -0.055591 0.179089 -0.120749
v -0.060375 0.178967 -0.122627
v -0.065367 0.177275 -0.125526
v -0.048668 0.177217 -0.119601
v -0.048380 0.177386 -0.122287
v -0.049091 0.178059 -0.122615
v -0.046800 0.178419 -0.121776
v -0.045116 0.176968 -0.127537
v -0.042835 0.177840 -0.126219
v -0.042741 0.175487 -0.130546
v -0.040813 0.176284 -0.128991
v -0.038719 0.172202 -0.134106
v -0.051121 0.178375 -0.123981
v -0.046958 0.177819 -0.129214
v -0.043997 0.176021 -0.132542
v -0.040383 0.172403 -0.135186
v -0.050284 0.178164 -0.123197
v -0.047968 0.178129 -0.122144
v -0.051119 0.179184 -0.127656
v -0.046220 0.179521 -0.130623
v -0.043183 0.176186 -0.135327
v -0.057741 0.185417 -0.156412
v -0.061588 0.175854 -0.130864
v -0.056835 0.179602 -0.128840
v -0.051958 0.182952 -0.143060
v -0.054430 0.182303 -0.142033
v -0.051050 0.182923 -0.144212
v -0.057123 0.182662 -0.141385
v -0.059551 0.182091 -0.141792
v -0.056086 0.183861 -0.149223
v -0.058556 0.184153 -0.149035
v -0.054908 0.184316 -0.149695
v -0.054471 0.184428 -0.150240
v -0.057377 0.184148 -0.148887
v -0.049090 0.181380 -0.136810
v -0.046740 0.180262 -0.139698
v -0.056967 0.181223 -0.135095
v -0.052775 0.180744 -0.134844
v -0.060797 0.179393 -0.136188
v -0.014083 -0.011949 -0.005465
v -0.014070 -0.011378 -0.006140
v -0.013529 -0.011229 -0.006822
v -0.012775 -0.011588 -0.007112
v -0.012252 -0.012246 -0.006840
v -0.012264 -0.012816 -0.006166
v -0.012806 -0.012966 -0.005484
v -0.013559 -0.012607 -0.005194
v -0.005358 -0.001875 0.003400
v -0.005336 -0.001458 0.002935
v -0.004946 -0.001347 0.002460
v -0.004417 -0.001606 0.002252
v -0.004059 -0.002084 0.002433
v -0.004081 -0.002501 0.002897
v -0.004470 -0.002613 0.003373
v -0.004999 -0.002353 0.003581
v 0.004002 0.007664 0.012283
v 0.004028 0.008068 0.011842
v 0.004391 0.008162 0.011374
v 0.004876 0.007890 0.011153
v 0.005201 0.007411 0.011309
v 0.005175 0.007007 0.011750
v 0.004813 0.006913 0.012217
v 0.004327 0.007185 0.012438
v 0.013818 0.016646 0.021230
v 0.013853 0.017074 0.020780
v 0.014222 0.017165 0.020287
v 0.014709 0.016865 0.020040
v 0.015028 0.016350 0.020184
v 0.014993 0.015922 0.020635
v 0.014624 0.015831 0.021128
v 0.014137 0.016131 0.021374
v 0.023625 0.025146 0.030561
v 0.023669 0.025527 0.030187
v 0.023998 0.025615 0.029774
v 0.024420 0.025360 0.029564
v 0.024687 0.024910 0.029680
v 0.024643 0.024530 0.030055
v 0.024314 0.024441 0.030468
v 0.023892 0.024697 0.030678
v 0.033425 0.033198 0.040306
v 0.033477 0.033563 0.039968
v 0.033793 0.033652 0.039590
v 0.034186 0.033413 0.039393
v 0.034427 0.032985 0.039493
v 0.034374 0.032620 0.039831
v 0.034059 0.032531 0.040210
v 0.033666 0.032770 0.040407
v 0.043636 0.040714 0.050117
v 0.043690 0.041059 0.049806
v 0.043977 0.041137 0.049446
v 0.044329 0.040902 0.049246
v 0.044539 0.040492 0.049325
v 0.044485 0.040148 0.049636
v 0.044198 0.040070 0.049996
v 0.043846 0.040305 0.050196
v 0.053727 0.047763 0.060320
v 0.053789 0.048092 0.060043
v 0.054066 0.048172 0.059719
v 0.054396 0.047956 0.059538
v 0.054586 0.047572 0.059605
v 0.054524 0.047244 0.059882
v 0.054247 0.047164 0.060206
v 0.053917 0.047379 0.060387
v 0.063816 0.054532 0.070710
v 0.063861 0.054813 0.070457
v 0.064105 0.054884 0.070173
v 0.064405 0.054702 0.070024
v 0.064585 0.054375 0.070098
v 0.064540 0.054093 0.070350
v 0.064297 0.054023 0.070634
v 0.063997 0.054205 0.070783
v 0.072898 0.063763 0.080019
v 0.072899 0.063979 0.079745
v 0.073109 0.064029 0.079471
v 0.073405 0.063884 0.079357
v 0.073614 0.063628 0.079470
v 0.073613 0.063411 0.079744
v 0.073402 0.063361 0.080018
v 0.073106 0.063507 0.080132
v 0.080450 0.075408 0.087904
v 0.080432 0.075564 0.087647
v 0.080610 0.075602 0.087408
v 0.080881 0.075498 0.087326
v 0.081085 0.075315 0.087449
v 0.081103 0.075158 0.087706
v 0.080925 0.075121 0.087945
v 0.080654 0.075225 0.088027
v 0.086401 0.088562 0.094656
v 0.086381 0.088695 0.094422
v 0.086549 0.088746 0.094215
v 0.086807 0.088685 0.094158
v 0.087004 0.088546 0.094283
v 0.087024 0.088413 0.094517
v 0.086856 0.088362 0.094724
v 0.086598 0.088424 0.094782
v 0.092088 0.098980 0.104892
v 0.092107 0.099152 0.104789
v 0.092262 0.099230 0.104681
v 0.092462 0.099168 0.104629
v 0.092590 0.099002 0.104666
v 0.092572 0.098830 0.104769
v 0.092417 0.098752 0.104877
v 0.092216 0.098814 0.104929
v 0.096312 0.102996 0.119414
v 0.096337 0.103128 0.119403
v 0.096460 0.103190 0.119376
v 0.096609 0.103145 0.119349
v 0.096696 0.103020 0.119338
v 0.096670 0.102888 0.119349
v 0.096547 0.102826 0.119376
v 0.096399 0.102871 0.119403
v 0.098592 0.101098 0.134717
v 0.098615 0.101208 0.134746
v 0.098731 0.101253 0.134746
v 0.098871 0.101208 0.134717
v 0.098953 0.101098 0.134676
v 0.098930 0.100988 0.134647
v 0.098815 0.100943 0.134647
v 0.098675 0.100988 0.134676
v 0.099013 0.094731 0.148722
v 0.099026 0.094798 0.148770
v 0.099115 0.094813 0.148794
v 0.099228 0.094766 0.148781
v 0.099299 0.094686 0.148737
v 0.099286 0.094619 0.148689
v 0.099197 0.094605 0.148664
v 0.099084 0.094651 0.148678
v 0.097720 0.102829 0.127142
v 0.097695 0.102706 0.127130
v 0.097840 0.102883 0.127131
v 0.097985 0.102837 0.127103
v 0.098069 0.102719 0.127075
v 0.098044 0.102596 0.127064
v 0.097924 0.102542 0.127075
v 0.097779 0.102587 0.127102
v 0.099015 0.098463 0.141996
v 0.098997 0.098376 0.141954
v 0.099117 0.098492 0.142011
v 0.099243 0.098447 0.141991
v 0.099320 0.098353 0.141946
v 0.099302 0.098266 0.141904
v 0.099200 0.098237 0.141889
v 0.099073 0.098282 0.141909
v 0.031129 0.031361 0.038151
v 0.036906 0.033259 0.046251
v 0.040627 0.030784 0.032266
v 0.046358 0.034174 0.040105
v 0.048733 0.029376 0.026386
v 0.055290 0.033014 0.033040
v 0.057746 0.026479 0.018673
v 0.064715 0.028153 0.023014
v 0.063902 0.023602 0.012767
v 0.068274 0.024330 0.017475
v 0.070718 0.020216 0.006398
v 0.072524 0.020173 0.009116
v 0.076410 0.014865 -0.000615
v 0.029462 0.033716 0.027456
v 0.035669 0.034031 0.024340
v 0.043663 0.033643 0.018929
v 0.052012 0.030420 0.013222
v 0.060140 0.025195 0.006981
v 0.068112 0.020398 0.002406
v 0.074846 0.015504 -0.001514
v 0.030287 0.031902 0.032808
v 0.034012 0.031832 0.042205
v 0.036597 0.035447 0.042980
v 0.044747 0.038707 0.056135
v 0.045067 0.034721 0.039852
v 0.052004 0.038301 0.052027
v 0.055529 0.031877 0.035973
v 0.060485 0.035976 0.046805
v 0.065109 0.027376 0.032448
v 0.069642 0.031491 0.042655
v 0.072303 0.021851 0.029740
v 0.075627 0.024763 0.038802
v 0.077952 0.015943 0.027911
v 0.080332 0.017182 0.035239
v 0.082228 0.009587 0.026266
v 0.083827 0.009297 0.031657
v 0.086959 0.002238 0.025644
v 0.087835 0.001295 0.028284
v 0.034401 0.036803 0.032813
v 0.039732 0.037779 0.029166
v 0.053202 0.035282 0.025018
v 0.064786 0.029511 0.021052
v 0.072407 0.022183 0.019686
v 0.077420 0.015750 0.020500
v 0.081059 0.010041 0.020582
v 0.040523 0.036214 0.049613
v 0.035499 0.035819 0.037897
v 0.037845 0.035433 0.041979
v 0.028482 0.037841 0.038055
v 0.031461 0.036222 0.050319
v 0.024586 0.039302 0.045882
v 0.026367 0.034661 0.058756
v 0.019186 0.038030 0.054276
v 0.021879 0.031007 0.064958
v 0.014314 0.033234 0.061966
v 0.017211 0.022173 0.072033
v 0.011557 0.024424 0.068240
v 0.012366 0.013443 0.074474
v 0.010055 0.014093 0.072262
v 0.010016 0.001234 0.075381
v 0.009554 0.001124 0.074819
v 0.044296 0.037130 0.047216
v 0.038207 0.038206 0.055122
v 0.032155 0.037644 0.064357
v 0.027402 0.034433 0.071331
v 0.020457 0.022280 0.076927
v 0.014723 0.012989 0.077595
v 0.010307 0.001666 0.075725
v 0.042247 0.035977 0.045031
v 0.033668 0.036298 0.040408
v 0.043390 0.039023 0.046793
v 0.034751 0.041311 0.042231
v 0.037352 0.041404 0.055867
v 0.030061 0.044678 0.049560
v 0.030729 0.040925 0.063458
v 0.023244 0.044537 0.058133
v 0.022883 0.036822 0.072094
v 0.015811 0.038319 0.068572
v 0.017742 0.031731 0.078095
v 0.013170 0.032567 0.074177
v 0.012427 0.023737 0.083880
v 0.010573 0.023913 0.081625
v 0.008015 0.012214 0.089670
v 0.050607 0.042155 0.054443
v 0.044675 0.044714 0.061474
v 0.037181 0.045223 0.069529
v 0.028531 0.040552 0.077482
v 0.021735 0.032976 0.083288
v 0.015105 0.023612 0.087203
v 0.009346 0.013235 0.090493
v 0.046901 0.039983 0.050762
v 0.038996 0.039711 0.044620
v 0.042193 0.039579 0.048258
v 0.047250 0.041254 0.055641
v 0.050926 0.038629 0.045268
v 0.054377 0.041295 0.051534
v 0.058173 0.036085 0.041171
v 0.062547 0.038710 0.047327
v 0.063704 0.032715 0.037730
v 0.068912 0.034412 0.042866
v 0.069177 0.025710 0.032857
v 0.073335 0.026746 0.037828
v 0.072839 0.018716 0.031744
v 0.074413 0.018860 0.034440
v 0.074734 0.010488 0.030029
v 0.075051 0.010368 0.030677
v 0.040721 0.040680 0.041091
v 0.048159 0.040318 0.038577
v 0.056169 0.038668 0.034386
v 0.061422 0.036032 0.030781
v 0.067863 0.026130 0.027666
v 0.071536 0.018688 0.028225
v 0.074522 0.010785 0.029695
v 0.040792 0.039931 0.043788
v 0.044488 0.040112 0.051449
v 0.047202 0.043271 0.053961
v 0.049960 0.043771 0.058214
v 0.053779 0.042861 0.051456
v 0.055586 0.044917 0.059706
v 0.061597 0.040861 0.049625
v 0.064328 0.044221 0.057939
v 0.068385 0.037658 0.048705
v 0.070346 0.040845 0.056080
v 0.074831 0.033415 0.048283
v 0.076105 0.035590 0.054412
v 0.080398 0.028685 0.048675
v 0.080852 0.029747 0.053273
v 0.084969 0.022824 0.048991
v 0.084778 0.023519 0.051520
v 0.087704 0.016179 0.050153
v 0.087559 0.016607 0.051700
v 0.045839 0.044839 0.044416
v 0.052539 0.044872 0.042942
v 0.061189 0.042678 0.042242
v 0.069276 0.039010 0.040976
v 0.075721 0.033887 0.041559
v 0.081006 0.028334 0.043342
v 0.085270 0.022192 0.046686
v 0.046517 0.043645 0.049191
v 0.048581 0.043423 0.056088
v 0.048544 0.042742 0.051865
v 0.037535 0.045700 0.048191
v 0.044870 0.045866 0.064190
v 0.034278 0.050493 0.060460
v 0.041209 0.045966 0.075695
v 0.030994 0.051016 0.073040
v 0.034432 0.040631 0.087934
v 0.025660 0.043005 0.085837
v 0.029725 0.032059 0.094320
v 0.023741 0.033676 0.091107
v 0.025402 0.019302 0.100304
v 0.022905 0.019861 0.098166
v 0.023029 0.000321 0.103924
v 0.058821 0.046313 0.059043
v 0.055802 0.049063 0.066846
v 0.051504 0.050440 0.079200
v 0.042507 0.044067 0.093409
v 0.035404 0.032456 0.099718
v 0.029030 0.018644 0.103496
v 0.024457 0.001880 0.104951
v 0.053521 0.043852 0.055779
v 0.042958 0.043684 0.050185
v 0.053487 0.046674 0.057692
v 0.048410 0.047500 0.056261
v 0.050147 0.047699 0.064161
v 0.043232 0.049626 0.058550
v 0.044880 0.046143 0.070880
v 0.037364 0.049596 0.065585
v 0.039896 0.042855 0.076109
v 0.033361 0.046032 0.071431
v 0.035184 0.037790 0.080489
v 0.029865 0.039783 0.076605
v 0.031402 0.031389 0.083016
v 0.027753 0.032139 0.079929
v 0.028984 0.023641 0.084378
v 0.027292 0.024183 0.082527
v 0.026870 0.015612 0.082999
v 0.025965 0.016242 0.081989
v 0.061601 0.048777 0.063574
v 0.056857 0.050014 0.070100
v 0.050123 0.048279 0.076472
v 0.044132 0.044352 0.082970
v 0.038907 0.038387 0.086360
v 0.034533 0.031114 0.087422
v 0.030411 0.023050 0.086140
v 0.057494 0.047310 0.060727
v 0.050936 0.046988 0.056998
v 0.051978 0.047000 0.059368
v 0.057356 0.048943 0.068464
v 0.062756 0.044659 0.054908
v 0.067039 0.048268 0.064269
v 0.071782 0.039188 0.052937
v 0.077379 0.042166 0.061456
v 0.078656 0.028356 0.051132
v 0.083955 0.027820 0.058231
v 0.080533 0.018914 0.050612
v 0.083509 0.018430 0.056622
v 0.079879 0.007879 0.050160
v 0.080824 0.007660 0.053242
v 0.075315 -0.003349 0.050876
v 0.051554 0.049354 0.047806
v 0.061034 0.047638 0.044993
v 0.071537 0.042776 0.043014
v 0.078836 0.031096 0.042214
v 0.080014 0.019562 0.043420
v 0.078632 0.008222 0.045624
v 0.075266 -0.002401 0.048919
v 0.051630 0.047513 0.053634
v 0.054642 0.047464 0.063926
v 0.057806 0.050449 0.064393
v 0.063148 0.053198 0.075903
v 0.065076 0.050205 0.062709
v 0.069112 0.053297 0.073478
v 0.074143 0.048089 0.060973
v 0.076414 0.051645 0.070421
v 0.082588 0.044275 0.060510
v 0.083420 0.048375 0.069261
v 0.089327 0.040032 0.061013
v 0.089389 0.043206 0.068442
v 0.094799 0.035326 0.061885
v 0.095003 0.036801 0.067744
v 0.098832 0.029613 0.062881
v 0.099217 0.029254 0.067166
v 0.101773 0.021588 0.064832
v 0.101985 0.020148 0.066971
v 0.056822 0.051584 0.055890
v 0.061897 0.052600 0.053374
v 0.074114 0.050690 0.051748
v 0.084925 0.045589 0.051661
v 0.091568 0.040034 0.053595
v 0.095795 0.035055 0.056410
v 0.098889 0.030015 0.058507
v 0.060466 0.051102 0.070150
v 0.057318 0.050765 0.060141
v 0.064124 0.053970 0.069120
v 0.056234 0.056016 0.065796
v 0.058715 0.055779 0.075953
v 0.053225 0.058234 0.071675
v 0.054254 0.055330 0.083052
v 0.048225 0.058019 0.079047
v 0.050281 0.053120 0.088534
v 0.044023 0.055240 0.085568
v 0.045719 0.047584 0.095383
v 0.040516 0.048998 0.092219
v 0.041469 0.041682 0.098879
v 0.039128 0.041803 0.097162
v 0.038642 0.033840 0.102215
v 0.038102 0.033657 0.101838
v 0.069626 0.055469 0.073442
v 0.064421 0.057592 0.079928
v 0.059194 0.058078 0.087597
v 0.055219 0.056358 0.093480
v 0.048767 0.048275 0.099292
v 0.043898 0.041886 0.101303
v 0.039008 0.034179 0.102363
v 0.067866 0.054459 0.071648
v 0.060602 0.054711 0.067795
v 0.062578 0.054041 0.070299
v 0.067655 0.055964 0.079120
v 0.072740 0.051900 0.065512
v 0.077593 0.055234 0.074227
v 0.081372 0.046321 0.063567
v 0.086398 0.049758 0.071792
v 0.088807 0.036150 0.063265
v 0.093463 0.036431 0.070452
v 0.091113 0.027127 0.063794
v 0.093456 0.027874 0.069772
v 0.089227 0.016954 0.066324
v 0.089911 0.017606 0.069276
v 0.084088 0.007004 0.069960
v 0.061984 0.056422 0.059239
v 0.070499 0.054843 0.056096
v 0.081613 0.049033 0.053765
v 0.089440 0.038051 0.054533
v 0.091226 0.026220 0.056891
v 0.088360 0.015998 0.061988
v 0.084226 0.007403 0.067912
v 0.062266 0.054581 0.064774
v 0.065105 0.054513 0.074714
v 0.067824 0.058323 0.075112
v 0.074325 0.061894 0.089352
v 0.076807 0.058203 0.073079
v 0.081290 0.061961 0.086595
v 0.087246 0.053227 0.072217
v 0.090113 0.057547 0.083923
v 0.093721 0.043977 0.073359
v 0.096734 0.048302 0.084140
v 0.095944 0.034586 0.075270
v 0.097889 0.038270 0.084348
v 0.095036 0.025905 0.077199
v 0.095754 0.027437 0.084456
v 0.091843 0.017968 0.078873
v 0.091237 0.018202 0.084108
v 0.084917 0.010521 0.082353
v 0.083334 0.010030 0.085054
v 0.066358 0.059830 0.064636
v 0.073270 0.061222 0.061400
v 0.089495 0.055200 0.060744
v 0.098016 0.042179 0.062929
v 0.098770 0.031378 0.066714
v 0.096286 0.024013 0.070731
v 0.092949 0.017587 0.073576
v 0.071155 0.059228 0.082207
v 0.067118 0.058766 0.069867
v 0.069021 0.058338 0.074297
v 0.061176 0.060438 0.071305
v 0.064247 0.060329 0.081380
v 0.058454 0.062837 0.077803
v 0.060681 0.060068 0.088841
v 0.054373 0.062810 0.085630
v 0.057467 0.057898 0.094656
v 0.051001 0.060036 0.092579
v 0.053606 0.052707 0.101999
v 0.048292 0.054318 0.099372
v 0.049397 0.047284 0.105965
v 0.046972 0.047530 0.104481
v 0.046618 0.039664 0.109356
v 0.046053 0.039520 0.109027
v 0.074674 0.059842 0.078204
v 0.070254 0.062020 0.084693
v 0.066108 0.062698 0.092646
v 0.062867 0.060959 0.098979
v 0.057003 0.053290 0.105508
v 0.051982 0.047340 0.108137
v 0.047002 0.039975 0.109478
v 0.072830 0.058820 0.076577
v 0.065522 0.059115 0.073125
v 0.073634 0.063248 0.078437
v 0.067928 0.064382 0.075976
v 0.069260 0.065075 0.085764
v 0.061321 0.067543 0.078843
v 0.063853 0.064278 0.094483
v 0.054084 0.068416 0.089748
v 0.059682 0.061781 0.102598
v 0.050684 0.065271 0.099186
v 0.056741 0.056642 0.110299
v 0.048945 0.058150 0.108529
v 0.054159 0.049588 0.115651
v 0.048793 0.050225 0.113775
v 0.052062 0.040448 0.117779
v 0.049469 0.041228 0.116397
v 0.049981 0.030837 0.116279
v 0.048490 0.031379 0.115510
v 0.082431 0.065695 0.086402
v 0.077703 0.067671 0.092240
v 0.071382 0.066922 0.099484
v 0.067241 0.064502 0.108009
v 0.063525 0.058409 0.114669
v 0.059511 0.049609 0.119175
v 0.054341 0.039694 0.119154
v 0.077938 0.063989 0.082546
v 0.070758 0.063700 0.077236
v 0.072502 0.063713 0.079961
v 0.077601 0.066218 0.090254
v 0.084165 0.063455 0.077830
v 0.086592 0.067026 0.086692
v 0.094527 0.060301 0.074785
v 0.098655 0.063631 0.083632
v 0.101840 0.054793 0.072369
v 0.107122 0.056716 0.080250
v 0.109000 0.044237 0.069109
v 0.113160 0.044924 0.076324
v 0.113177 0.034377 0.067830
v 0.114726 0.033886 0.071354
v 0.114455 0.022494 0.065987
v 0.114727 0.022224 0.066818
v 0.071378 0.065409 0.070624
v 0.082656 0.065518 0.068579
v 0.093593 0.063692 0.065762
v 0.101859 0.058386 0.062737
v 0.108588 0.045243 0.062526
v 0.112121 0.035177 0.063443
v 0.114299 0.023014 0.065523
v 0.071253 0.064252 0.074049
v 0.074882 0.064573 0.084414
v 0.076153 0.069336 0.084568
v 0.080593 0.071499 0.093331
v 0.086329 0.068750 0.080333
v 0.090756 0.071958 0.088960
v 0.094615 0.063697 0.077622
v 0.100007 0.066649 0.085432
v 0.100965 0.053312 0.077064
v 0.105574 0.053276 0.083974
v 0.101890 0.044335 0.078086
v 0.104341 0.044988 0.083816
v 0.100356 0.034272 0.080242
v 0.101092 0.034768 0.083102
v 0.094399 0.024846 0.082824
v 0.075384 0.072094 0.073944
v 0.084054 0.071807 0.071277
v 0.094322 0.066757 0.068237
v 0.101663 0.054827 0.068512
v 0.101794 0.043425 0.071411
v 0.099410 0.033553 0.076039
v 0.094841 0.025464 0.080950
v 0.075854 0.070089 0.079229
v 0.078438 0.069947 0.088930
v 0.081732 0.075442 0.086961
v 0.074100 0.077720 0.081940
v 0.075843 0.077645 0.095238
v 0.068784 0.080919 0.089677
v 0.069714 0.076666 0.102400
v 0.062729 0.080297 0.097437
v 0.061566 0.071763 0.108911
v 0.055041 0.073320 0.104923
v 0.056705 0.065412 0.111651
v 0.052650 0.066603 0.107540
v 0.053061 0.056533 0.112470
v 0.051402 0.056880 0.110203
v 0.051668 0.046078 0.112116
v 0.088093 0.078480 0.094467
v 0.082757 0.080575 0.100547
v 0.075541 0.080369 0.108552
v 0.065866 0.074489 0.115287
v 0.059373 0.065259 0.117400
v 0.055405 0.056095 0.115842
v 0.052639 0.046929 0.113542
v 0.084781 0.076407 0.090874
v 0.077816 0.076164 0.084570
v 0.083569 0.082496 0.092220
v 0.086127 0.083342 0.096738
v 0.090339 0.083538 0.089855
v 0.091714 0.085512 0.098502
v 0.098413 0.081386 0.088175
v 0.101400 0.084680 0.096761
v 0.104818 0.076987 0.087527
v 0.107328 0.080117 0.095017
v 0.109582 0.070487 0.087511
v 0.111785 0.072038 0.093697
v 0.112088 0.063226 0.088549
v 0.113043 0.064184 0.093071
v 0.111862 0.055487 0.090749
v 0.112154 0.056596 0.092953
v 0.108426 0.048844 0.094595
v 0.108656 0.049551 0.095812
v 0.081927 0.084544 0.082480
v 0.089241 0.085739 0.081074
v 0.098170 0.083279 0.080575
v 0.106120 0.077894 0.079640
v 0.110564 0.070457 0.080745
v 0.112438 0.062338 0.083362
v 0.111694 0.054406 0.088772
v 0.082853 0.083112 0.087319
v 0.084873 0.082822 0.094472
v 0.085018 0.082229 0.090701
v 0.077977 0.084326 0.085827
v 0.079195 0.085487 0.097867
v 0.073664 0.088083 0.091324
v 0.072250 0.085953 0.103413
v 0.066803 0.088884 0.097274
v 0.063711 0.083368 0.109434
v 0.058125 0.084648 0.104922
v 0.057937 0.079574 0.113358
v 0.054416 0.080074 0.109133
v 0.052252 0.073179 0.116281
v 0.050997 0.073353 0.113953
v 0.047803 0.064469 0.117932
v 0.091110 0.085328 0.097504
v 0.085104 0.088591 0.103310
v 0.076962 0.090009 0.109446
v 0.067708 0.086795 0.114963
v 0.060478 0.080816 0.118582
v 0.054030 0.073019 0.119712
v 0.048889 0.065291 0.119126
v 0.087916 0.083279 0.094293
v 0.081386 0.082902 0.088407
v 0.087787 0.089784 0.094591
v 0.081268 0.091722 0.090257
v 0.081954 0.091736 0.099963
v 0.077602 0.094012 0.095315
v 0.077024 0.091674 0.105887
v 0.072157 0.094199 0.101419
v 0.072631 0.090072 0.110438
v 0.067440 0.092150 0.106866
v 0.066923 0.086051 0.116344
v 0.063055 0.087661 0.112448
v 0.061633 0.081713 0.119174
v 0.059884 0.081962 0.117190
v 0.057209 0.075675 0.122642
v 0.056747 0.075537 0.122248
v 0.092117 0.091197 0.099305
v 0.086694 0.093348 0.104238
v 0.081109 0.094189 0.110483
v 0.076596 0.093009 0.115470
v 0.069098 0.086721 0.120320
v 0.063387 0.081819 0.121780
v 0.057584 0.075936 0.122777
v 0.090779 0.090241 0.097447
v 0.084847 0.090499 0.092806
v 0.086312 0.089491 0.095538
v 0.089889 0.091741 0.103974
v 0.095824 0.091142 0.091669
v 0.099528 0.094528 0.099841
v 0.104284 0.089409 0.087970
v 0.109436 0.092743 0.094997
v 0.113009 0.083251 0.083979
v 0.118890 0.083543 0.089076
v 0.117425 0.076338 0.081622
v 0.120711 0.076954 0.086482
v 0.120573 0.067198 0.080903
v 0.121756 0.067419 0.083468
v 0.119623 0.056762 0.082165
v 0.085568 0.092347 0.085649
v 0.092515 0.093960 0.083543
v 0.101594 0.093107 0.079911
v 0.110534 0.086737 0.077031
v 0.115880 0.076741 0.075474
v 0.118940 0.066939 0.077113
v 0.119293 0.057571 0.080484
v 0.086100 0.090350 0.090551
v 0.088222 0.090188 0.099725
v 0.090879 0.095642 0.099122
v 0.086317 0.096347 0.096484
v 0.085999 0.096007 0.104592
v 0.080530 0.098074 0.097655
v 0.080130 0.093422 0.110347
v 0.072231 0.096194 0.105296
v 0.076074 0.088268 0.114723
v 0.068827 0.090492 0.110651
v 0.073225 0.081052 0.116927
v 0.067590 0.082626 0.113364
v 0.071769 0.073376 0.116494
v 0.068110 0.074068 0.113440
v 0.072139 0.065455 0.114501
v 0.070375 0.066156 0.112785
v 0.073648 0.058588 0.109933
v 0.072569 0.059115 0.109056
v 0.096986 0.097536 0.107062
v 0.091144 0.098165 0.111926
v 0.084802 0.095632 0.116353
v 0.080018 0.089515 0.121740
v 0.076472 0.080420 0.123032
v 0.074778 0.072447 0.120863
v 0.073678 0.064713 0.116086
v 0.093892 0.096165 0.103134
v 0.088588 0.095893 0.097813
v 0.093875 0.099901 0.105801
v 0.089506 0.101017 0.103437
v 0.088880 0.100004 0.111267
v 0.085736 0.101729 0.108800
v 0.083722 0.098650 0.117202
v 0.081235 0.100452 0.114690
v 0.079987 0.096371 0.122135
v 0.077866 0.097035 0.120340
v 0.076516 0.092597 0.127046
v 0.075812 0.092325 0.126931
v 0.096111 0.100299 0.109076
v 0.091754 0.101870 0.113806
v 0.085332 0.099428 0.120463
v 0.081555 0.096614 0.124045
v 0.076990 0.092861 0.126988
v 0.091679 0.100209 0.104631
v 0.094994 0.100026 0.107085
v 0.092686 0.100010 0.106881
v 0.093103 0.101031 0.111596
v 0.101606 0.100042 0.107286
v 0.101685 0.102018 0.112249
v 0.109987 0.095692 0.107721
v 0.111587 0.096397 0.112423
v 0.113873 0.089625 0.109159
v 0.114289 0.088543 0.112298
v 0.114997 0.080202 0.110777
v 0.114838 0.080090 0.111462
v 0.093411 0.100899 0.102148
v 0.102161 0.101303 0.103513
v 0.110547 0.097758 0.103625
v 0.114606 0.091106 0.105852
v 0.115332 0.080994 0.109555
v 0.092707 0.100343 0.109449
v 0.092799 0.100276 0.104627
v 0.094902 0.102471 0.114499
v 0.094475 0.103571 0.119739
v 0.104581 0.101826 0.116530
v 0.103984 0.104001 0.122013
v 0.113783 0.097019 0.118427
v 0.114906 0.097829 0.123823
v 0.118620 0.090624 0.120403
v 0.118670 0.089796 0.123968
v 0.119840 0.080235 0.123746
v 0.119557 0.080277 0.124474
v 0.096693 0.103413 0.109489
v 0.105933 0.103177 0.112508
v 0.114866 0.099344 0.114029
v 0.119546 0.092450 0.116761
v 0.120447 0.080856 0.122329
v 0.094432 0.102835 0.117309
v 0.095492 0.102760 0.112064
v 0.095520 0.102550 0.114006
v 0.091934 0.103264 0.111666
v 0.090253 0.100145 0.119534
v 0.086486 0.101755 0.117049
v 0.085803 0.095266 0.124975
v 0.081418 0.095606 0.123858
v 0.082964 0.090268 0.128159
v 0.080289 0.089177 0.127310
v 0.080441 0.082476 0.130512
v 0.079955 0.082343 0.130109
v 0.098120 0.103162 0.117461
v 0.092306 0.101154 0.122314
v 0.088408 0.097278 0.127423
v 0.085220 0.091989 0.129877
v 0.081380 0.083234 0.131106
v 0.093725 0.102803 0.112556
v 0.096919 0.102769 0.115472
v 0.097249 0.103217 0.122177
v 0.094102 0.103778 0.120024
v 0.092476 0.100557 0.126736
v 0.089178 0.101953 0.124444
v 0.088139 0.095605 0.130518
v 0.084550 0.096158 0.128872
v 0.085145 0.090832 0.132151
v 0.082972 0.090069 0.130837
v 0.082257 0.083720 0.132623
v 0.081911 0.083709 0.132174
v 0.099401 0.103687 0.125367
v 0.094104 0.101371 0.129365
v 0.089997 0.097038 0.133309
v 0.086822 0.092052 0.134232
v 0.082986 0.084213 0.133431
v 0.095689 0.103425 0.120846
v 0.098427 0.103399 0.123538
v 0.096641 0.103057 0.122321
v 0.096520 0.103602 0.125329
v 0.103383 0.102793 0.124615
v 0.102443 0.104051 0.128059
v 0.110166 0.100068 0.126693
v 0.109464 0.101651 0.129849
v 0.115037 0.095584 0.128374
v 0.113969 0.096762 0.130450
v 0.118256 0.090848 0.130244
v 0.118172 0.090773 0.130619
v 0.098190 0.103635 0.119738
v 0.104646 0.104045 0.121628
v 0.112270 0.100774 0.124149
v 0.116633 0.094976 0.126849
v 0.118279 0.091209 0.129493
v 0.096453 0.103224 0.124318
v 0.097381 0.103227 0.120926
v 0.097963 0.102157 0.130422
v 0.097398 0.102607 0.133189
v 0.103978 0.101073 0.133542
v 0.102179 0.102370 0.135655
v 0.108850 0.098532 0.136721
v 0.106919 0.100085 0.138793
v 0.112874 0.093986 0.140480
v 0.112476 0.094287 0.140624
v 0.099260 0.102320 0.128419
v 0.106269 0.101956 0.131723
v 0.111082 0.098255 0.135701
v 0.113568 0.093648 0.139958
v 0.098481 0.102223 0.129085
v 0.097590 0.102258 0.131750
v 0.098642 0.102251 0.130381
v 0.096588 0.102503 0.128422
v 0.093235 0.099256 0.133244
v 0.092128 0.100720 0.130803
v 0.089314 0.094511 0.134595
v 0.087995 0.096214 0.132197
v 0.087022 0.087824 0.134204
v 0.086927 0.088240 0.133908
v 0.099554 0.102352 0.132581
v 0.093158 0.099575 0.136271
v 0.089176 0.093549 0.136856
v 0.087280 0.087322 0.134943
v 0.099444 0.102351 0.131561
v 0.097734 0.102283 0.129345
v 0.099274 0.099935 0.138301
v 0.097591 0.100141 0.136518
v 0.094344 0.097702 0.140680
v 0.093587 0.098905 0.138463
v 0.090052 0.094783 0.142405
v 0.089339 0.096113 0.140068
v 0.085493 0.090785 0.143557
v 0.085609 0.091036 0.143206
v 0.099959 0.100024 0.140240
v 0.094320 0.098277 0.143246
v 0.089777 0.094482 0.144491
v 0.085492 0.090462 0.144293
v 0.099911 0.100025 0.139356
v 0.098539 0.099958 0.137366
v 0.098671 0.099877 0.138336
v 0.098319 0.100222 0.140795
v 0.103944 0.098428 0.140838
v 0.102535 0.099637 0.142776
v 0.108045 0.095549 0.143219
v 0.106694 0.096915 0.145310
v 0.111189 0.090678 0.145575
v 0.110902 0.090973 0.145751
v 0.099733 0.100003 0.136531
v 0.106058 0.099054 0.139266
v 0.109848 0.095161 0.142086
v 0.111704 0.090324 0.145050
v 0.099074 0.099944 0.137145
v 0.098406 0.099948 0.139517
v 0.099080 0.097301 0.142394
v 0.094158 0.096788 0.144003
v 0.090306 0.092415 0.144993
v 0.099163 0.085003 0.166826
v 0.107433 0.091389 0.144131
v 0.103883 0.095961 0.144211
v 0.096764 0.091488 0.155367
v 0.099122 0.091154 0.154611
v 0.095720 0.091002 0.156032
v 0.101649 0.091289 0.154719
v 0.103668 0.090242 0.155001
v 0.099142 0.088079 0.160719
v 0.101373 0.087957 0.161081
v 0.098030 0.088350 0.161150
v 0.097537 0.088211 0.161535
v 0.100366 0.088239 0.160819
v 0.095476 0.094256 0.149744
v 0.092735 0.092314 0.150813
v 0.102764 0.093701 0.149503
v 0.099101 0.094228 0.148503
v 0.105803 0.091150 0.149736
v -0.014140 -0.009016 0.006356
v -0.013760 -0.008773 0.005384
v -0.012784 -0.008626 0.004967
v -0.011784 -0.008661 0.005350
v -0.011346 -0.008857 0.006307
v -0.011725 -0.009100 0.007279
v -0.012701 -0.009247 0.007696
v -0.013701 -0.009212 0.007314
v -0.014698 0.009772 0.011175
v -0.014429 0.009981 0.010499
v -0.013739 0.010102 0.010211
v -0.013032 0.010063 0.010480
v -0.012722 0.009888 0.011148
v -0.012991 0.009680 0.011825
v -0.013681 0.009559 0.012113
v -0.014388 0.009597 0.011844
v -0.014544 0.028327 0.017014
v -0.014285 0.028548 0.016372
v -0.013623 0.028644 0.016091
v -0.012944 0.028558 0.016335
v -0.012647 0.028341 0.016961
v -0.012905 0.028120 0.017603
v -0.013568 0.028024 0.017884
v -0.014247 0.028110 0.017640
v -0.013876 0.046522 0.023820
v -0.013608 0.046776 0.023162
v -0.012919 0.046866 0.022866
v -0.012215 0.046739 0.023105
v -0.011907 0.046469 0.023739
v -0.012176 0.046215 0.024397
v -0.012864 0.046125 0.024693
v -0.013568 0.046252 0.024454
v -0.013384 0.064281 0.031557
v -0.013152 0.064534 0.031006
v -0.012559 0.064637 0.030761
v -0.011952 0.064528 0.030967
v -0.011688 0.064273 0.031502
v -0.011920 0.064020 0.032053
v -0.012512 0.063917 0.032297
v -0.013119 0.064025 0.032092
v -0.013094 0.081630 0.040211
v -0.012877 0.081894 0.039709
v -0.012323 0.082006 0.039489
v -0.011756 0.081901 0.039680
v -0.011509 0.081640 0.040168
v -0.011726 0.081376 0.040670
v -0.012280 0.081263 0.040890
v -0.012847 0.081369 0.040700
v -0.012340 0.098553 0.049736
v -0.012137 0.098815 0.049277
v -0.011620 0.098910 0.049066
v -0.011092 0.098784 0.049227
v -0.010862 0.098509 0.049665
v -0.011065 0.098247 0.050125
v -0.011582 0.098151 0.050336
v -0.012110 0.098278 0.050175
v -0.011877 0.114943 0.060072
v -0.011688 0.115212 0.059661
v -0.011208 0.115321 0.059477
v -0.010717 0.115206 0.059628
v -0.010504 0.114936 0.060026
v -0.010693 0.114667 0.060436
v -0.011173 0.114558 0.060620
v -0.011664 0.114673 0.060469
v -0.011427 0.130825 0.071199
v -0.011261 0.131078 0.070851
v -0.010839 0.131184 0.070696
v -0.010408 0.131079 0.070826
v -0.010221 0.130826 0.071165
v -0.010388 0.130573 0.071513
v -0.010810 0.130468 0.071668
v -0.011241 0.130572 0.071538
v -0.010815 0.146171 0.083074
v -0.010662 0.146414 0.082763
v -0.010275 0.146509 0.082620
v -0.009881 0.146398 0.082727
v -0.009710 0.146148 0.083023
v -0.009863 0.145905 0.083334
v -0.010250 0.145810 0.083478
v -0.010644 0.145921 0.083370
v -0.010235 0.160935 0.095643
v -0.010103 0.161157 0.095385
v -0.009768 0.161246 0.095267
v -0.009428 0.161148 0.095357
v -0.009281 0.160921 0.095603
v -0.009413 0.160699 0.095861
v -0.009747 0.160610 0.095979
v -0.010088 0.160708 0.095889
v -0.010004 0.175083 0.108858
v -0.009885 0.175300 0.108642
v -0.009583 0.175401 0.108556
v -0.009277 0.175326 0.108649
v -0.009144 0.175119 0.108868
v -0.009264 0.174901 0.109083
v -0.009565 0.174800 0.109170
v -0.009872 0.174875 0.109076
v -0.009307 0.188684 0.122739
v -0.009207 0.188867 0.122557
v -0.008954 0.188935 0.122468
v -0.008697 0.188850 0.122524
v -0.008586 0.188660 0.122692
v -0.008686 0.188477 0.122874
v -0.008939 0.188408 0.122962
v -0.009196 0.188494 0.122906
v -0.008719 0.201343 0.137393
v -0.008639 0.201506 0.137276
v -0.008442 0.201572 0.137221
v -0.008242 0.201503 0.137260
v -0.008156 0.201339 0.137371
v -0.008235 0.201176 0.137487
v -0.008433 0.201110 0.137542
v -0.008633 0.201179 0.137503
v -0.008052 0.209839 0.154755
v -0.007969 0.210034 0.154686
v -0.007764 0.210111 0.154644
v -0.007558 0.210027 0.154653
v -0.007471 0.209829 0.154708
v -0.007554 0.209635 0.154777
v -0.007759 0.209557 0.154819
v -0.007965 0.209642 0.154810
v -0.007495 0.213256 0.173758
v -0.007417 0.213442 0.173748
v -0.007231 0.213519 0.173743
v -0.007044 0.213441 0.173747
v -0.006966 0.213255 0.173757
v -0.007043 0.213069 0.173767
v -0.007230 0.212992 0.173771
v -0.007417 0.213070 0.173768
v -0.008313 0.206418 0.145664
v -0.008394 0.206238 0.145758
v -0.008112 0.206490 0.145615
v -0.007909 0.206411 0.145640
v -0.007823 0.206229 0.145724
v -0.007904 0.206048 0.145818
v -0.008105 0.205976 0.145867
v -0.008308 0.206055 0.145842
v -0.007696 0.212353 0.164109
v -0.007776 0.212161 0.164147
v -0.007500 0.212432 0.164086
v -0.007304 0.212351 0.164091
v -0.007222 0.212158 0.164122
v -0.007302 0.211966 0.164160
v -0.007497 0.211887 0.164183
v -0.007694 0.211967 0.164177
v -0.010201 0.108595 0.055590
v -0.012542 0.106292 0.043981
v -0.022465 0.107284 0.054791
v -0.022941 0.107075 0.044658
v -0.033994 0.107308 0.055560
v -0.033273 0.107643 0.044993
v -0.043822 0.106630 0.055421
v -0.044565 0.106725 0.045565
v -0.056934 0.103828 0.058277
v -0.058607 0.102300 0.050153
v -0.067807 0.101310 0.061378
v -0.069444 0.099460 0.058287
v -0.080666 0.100046 0.067356
v -0.081194 0.099539 0.066763
v -0.012020 0.113508 0.063916
v -0.022380 0.112993 0.062854
v -0.034774 0.113935 0.062973
v -0.044219 0.114117 0.062912
v -0.056743 0.108121 0.063694
v -0.066200 0.104198 0.064795
v -0.079986 0.100378 0.067533
v -0.010734 0.111345 0.061172
v -0.011429 0.107332 0.050620
v -0.012453 0.120553 0.064046
v -0.008709 0.127164 0.074063
v 0.001360 0.119692 0.061625
v 0.001767 0.128426 0.070923
v 0.013937 0.118563 0.062991
v 0.014118 0.127601 0.071475
v 0.028972 0.117356 0.065468
v 0.028929 0.124284 0.072979
v 0.039702 0.118548 0.068213
v 0.036598 0.122990 0.073676
v 0.050541 0.120834 0.072795
v 0.048722 0.121986 0.075761
v 0.062126 0.123490 0.076801
v -0.010544 0.118223 0.050689
v 0.001049 0.118714 0.049389
v 0.015426 0.118666 0.050735
v 0.029231 0.116938 0.054623
v 0.043137 0.116549 0.060801
v 0.053144 0.119267 0.068384
v 0.062028 0.122622 0.074720
v -0.011394 0.118646 0.057660
v -0.010597 0.123310 0.069282
v -0.008902 0.129619 0.070120
v -0.011819 0.127379 0.058429
v -0.022317 0.130125 0.072159
v -0.024487 0.129649 0.059914
v -0.034107 0.128453 0.074833
v -0.038492 0.128300 0.063539
v -0.047177 0.124525 0.080687
v -0.053460 0.122724 0.072931
v -0.055967 0.121846 0.086778
v -0.059803 0.119326 0.080392
v -0.065333 0.118035 0.094141
v -0.066920 0.116057 0.090949
v -0.074881 0.114656 0.102446
v -0.011617 0.137153 0.080858
v -0.020977 0.137941 0.081127
v -0.032992 0.137263 0.083004
v -0.043736 0.132504 0.086948
v -0.053098 0.127205 0.092890
v -0.063011 0.121062 0.098716
v -0.073021 0.116195 0.103478
v -0.010282 0.132673 0.075781
v -0.010364 0.127962 0.064492
v -0.011271 0.137925 0.076388
v -0.008071 0.144933 0.086908
v 0.001775 0.138732 0.076798
v 0.000752 0.146200 0.084701
v 0.014070 0.138379 0.078036
v 0.012154 0.146396 0.085971
v 0.024352 0.138316 0.080298
v 0.022227 0.145870 0.087703
v 0.037840 0.140670 0.085085
v 0.032273 0.146200 0.090337
v 0.045099 0.144424 0.092700
v 0.042284 0.146409 0.095568
v 0.052837 0.147645 0.099809
v 0.052359 0.148104 0.100648
v -0.009854 0.135559 0.066166
v 0.002544 0.137052 0.066326
v 0.016704 0.138171 0.067650
v 0.026509 0.138557 0.069168
v 0.042203 0.139429 0.079346
v 0.048267 0.142850 0.088917
v 0.052898 0.147296 0.099130
v -0.011016 0.135890 0.069987
v -0.009762 0.140725 0.081088
v -0.009500 0.144834 0.081694
v -0.011573 0.142956 0.072298
v -0.019438 0.143841 0.081049
v -0.019821 0.143684 0.072839
v -0.028780 0.143872 0.082359
v -0.028934 0.144012 0.073750
v -0.036762 0.143882 0.082748
v -0.037747 0.144131 0.074684
v -0.047673 0.143069 0.085191
v -0.049122 0.142506 0.078231
v -0.056375 0.140780 0.087753
v -0.057899 0.139751 0.084931
v -0.065230 0.139661 0.094649
v -0.065963 0.139365 0.094325
v -0.010948 0.148824 0.088438
v -0.019375 0.148455 0.087588
v -0.028684 0.149338 0.088303
v -0.036236 0.149862 0.088843
v -0.047431 0.146078 0.089886
v -0.054923 0.142604 0.090873
v -0.064570 0.139843 0.094607
v -0.009917 0.147066 0.086215
v -0.010503 0.143814 0.077670
v -0.011100 0.150924 0.087022
v -0.009219 0.160729 0.101415
v -0.001065 0.151832 0.087858
v -0.002077 0.161320 0.100870
v 0.011261 0.150450 0.091011
v 0.009673 0.159390 0.101673
v 0.022253 0.146315 0.095393
v 0.020365 0.155493 0.104490
v 0.031953 0.143098 0.098672
v 0.029826 0.150268 0.106289
v 0.040023 0.140999 0.103656
v 0.036307 0.145884 0.108392
v 0.045823 0.140013 0.110795
v 0.042722 0.142692 0.113937
v 0.050665 0.139897 0.120583
v 0.049914 0.140961 0.123316
v -0.009261 0.148212 0.075789
v -0.000539 0.150029 0.074233
v 0.015813 0.149719 0.078875
v 0.027491 0.144609 0.084216
v 0.036418 0.140711 0.089730
v 0.044599 0.138389 0.098714
v 0.049270 0.137747 0.107243
v -0.009859 0.154956 0.094562
v -0.010157 0.149252 0.081532
v -0.008665 0.156844 0.091986
v -0.012821 0.153690 0.073807
v -0.019579 0.156716 0.092029
v -0.020741 0.154893 0.074758
v -0.033245 0.154650 0.091496
v -0.032586 0.154192 0.076380
v -0.045932 0.149806 0.091144
v -0.044156 0.149785 0.077073
v -0.056679 0.145481 0.092428
v -0.057398 0.143360 0.080775
v -0.065728 0.141178 0.096060
v -0.069036 0.137055 0.088524
v -0.074012 0.137374 0.101333
v -0.078172 0.132864 0.097615
v -0.085043 0.131754 0.106958
v -0.088346 0.128919 0.106125
v -0.009655 0.163047 0.102931
v -0.018348 0.165212 0.104131
v -0.036513 0.163165 0.102156
v -0.050361 0.157642 0.101291
v -0.057873 0.152309 0.101574
v -0.064060 0.146640 0.102383
v -0.070186 0.142411 0.105040
v -0.010914 0.154282 0.083313
v -0.009155 0.159604 0.097596
v -0.011075 0.162267 0.096924
v -0.009474 0.167768 0.105312
v 0.000226 0.161832 0.096722
v -0.000121 0.168682 0.104425
v 0.010302 0.161564 0.098999
v 0.008891 0.168630 0.106000
v 0.021585 0.159435 0.103619
v 0.021070 0.164533 0.110203
v 0.028938 0.157348 0.108675
v 0.026276 0.160972 0.113229
v 0.036095 0.155094 0.115656
v 0.034124 0.156540 0.117640
v 0.043051 0.152950 0.124051
v -0.007891 0.160688 0.086370
v 0.001060 0.161306 0.086848
v 0.013086 0.162087 0.089420
v 0.023901 0.159565 0.095077
v 0.033024 0.155746 0.103251
v 0.039012 0.153097 0.112710
v 0.043865 0.152275 0.122332
v -0.009519 0.160881 0.091885
v -0.010264 0.164573 0.101298
v -0.008576 0.167239 0.101328
v -0.013978 0.164967 0.086806
v -0.017426 0.167754 0.102827
v -0.022277 0.166498 0.089383
v -0.028318 0.169241 0.105918
v -0.031779 0.168949 0.093959
v -0.038585 0.171276 0.109621
v -0.042107 0.171141 0.098495
v -0.046822 0.172403 0.114064
v -0.050468 0.171720 0.105061
v -0.053110 0.173706 0.119340
v -0.058386 0.172282 0.114587
v -0.057654 0.174396 0.125710
v -0.062172 0.172929 0.123936
v -0.062595 0.173923 0.133256
v -0.065115 0.173075 0.133793
v -0.008224 0.172396 0.110346
v -0.013678 0.174581 0.112210
v -0.024875 0.176509 0.114190
v -0.035236 0.178271 0.117599
v -0.042877 0.177520 0.120732
v -0.048606 0.176843 0.123147
v -0.053227 0.176396 0.127545
v -0.011177 0.165290 0.094376
v -0.008410 0.169537 0.105952
v -0.010702 0.172174 0.106279
v -0.009508 0.175234 0.111995
v -0.001582 0.172669 0.105870
v -0.003007 0.179017 0.115047
v 0.009135 0.173390 0.106137
v 0.007984 0.181563 0.115018
v 0.018811 0.173195 0.107784
v 0.016699 0.180462 0.115301
v 0.028610 0.172310 0.110628
v 0.026787 0.177663 0.116934
v 0.037116 0.170789 0.115628
v 0.034343 0.174108 0.119687
v 0.044831 0.168750 0.123221
v 0.042527 0.170380 0.124657
v 0.050690 0.167727 0.133964
v 0.049054 0.168661 0.134229
v -0.007813 0.169725 0.094217
v -0.000580 0.171217 0.094577
v 0.010305 0.172624 0.096407
v 0.021812 0.172521 0.098168
v 0.031776 0.170951 0.102772
v 0.041090 0.168639 0.110759
v 0.047102 0.167368 0.122062
v -0.009232 0.170458 0.100445
v -0.010099 0.173587 0.109185
v -0.007793 0.176416 0.109950
v -0.011816 0.174629 0.099698
v -0.019826 0.177098 0.112850
v -0.022104 0.176644 0.101763
v -0.030470 0.175900 0.115559
v -0.035119 0.175936 0.105584
v -0.042402 0.173150 0.121331
v -0.047726 0.171405 0.114163
v -0.050069 0.169811 0.126490
v -0.053279 0.167419 0.120923
v -0.057065 0.166602 0.134166
v -0.058971 0.164810 0.132332
v -0.060880 0.164322 0.145366
v -0.008842 0.183413 0.119954
v -0.018573 0.184224 0.120998
v -0.028511 0.183943 0.122730
v -0.039878 0.180397 0.127178
v -0.048143 0.174714 0.131827
v -0.054323 0.169341 0.136779
v -0.059512 0.165620 0.145037
v -0.008232 0.179253 0.115205
v -0.009819 0.175034 0.105023
v -0.009785 0.181080 0.114657
v -0.008350 0.186231 0.122491
v -0.000275 0.181893 0.115727
v -0.001139 0.187245 0.121544
v 0.008745 0.182446 0.116191
v 0.007006 0.188099 0.122037
v 0.016119 0.183596 0.118142
v 0.013225 0.188761 0.123209
v 0.026082 0.186177 0.122033
v 0.022011 0.189541 0.126160
v 0.032026 0.189555 0.128267
v 0.029566 0.190475 0.129916
v 0.037619 0.192305 0.137131
v 0.037063 0.192454 0.137557
v -0.008139 0.179487 0.107296
v 0.000368 0.180778 0.108092
v 0.010241 0.182508 0.108521
v 0.018786 0.184132 0.110306
v 0.029358 0.186075 0.117746
v 0.034927 0.189099 0.126046
v 0.037808 0.192166 0.136601
v -0.009190 0.179654 0.110013
v -0.009047 0.183147 0.118158
v -0.008258 0.185159 0.118639
v -0.011801 0.183308 0.108882
v -0.018854 0.184095 0.118893
v -0.019551 0.183828 0.110085
v -0.028536 0.181960 0.120919
v -0.030091 0.181556 0.111830
v -0.036269 0.179790 0.123722
v -0.040415 0.178801 0.116251
v -0.044447 0.177296 0.131594
v -0.049212 0.175350 0.126485
v -0.050980 0.174178 0.137935
v -0.053062 0.172516 0.136087
v -0.056006 0.172139 0.147046
v -0.056577 0.171669 0.147028
v -0.008632 0.189557 0.125986
v -0.019080 0.189080 0.125907
v -0.029191 0.187964 0.127153
v -0.034843 0.186945 0.129295
v -0.042364 0.181273 0.135369
v -0.048946 0.176708 0.140048
v -0.055565 0.172456 0.146788
v -0.007954 0.187587 0.123498
v -0.009915 0.184144 0.114477
v -0.009686 0.189170 0.123017
v -0.008244 0.195627 0.132932
v 0.002234 0.189800 0.124847
v 0.001337 0.196551 0.132133
v 0.013424 0.188495 0.126043
v 0.012702 0.195861 0.133400
v 0.022630 0.187313 0.128526
v 0.021088 0.194342 0.135173
v 0.033865 0.184903 0.135392
v 0.029708 0.190712 0.140014
v 0.038853 0.184360 0.144754
v 0.035901 0.186502 0.146539
v 0.042438 0.183134 0.155210
v 0.041660 0.183516 0.155730
v -0.007211 0.187229 0.113874
v 0.003249 0.188376 0.115294
v 0.015670 0.188179 0.116490
v 0.025921 0.187346 0.118575
v 0.038906 0.183253 0.130900
v 0.042808 0.182587 0.142494
v 0.042811 0.182956 0.154620
v -0.008674 0.187411 0.117224
v -0.008975 0.191754 0.127452
v -0.007480 0.192625 0.126860
v -0.010575 0.191079 0.118224
v -0.017613 0.193709 0.128697
v -0.018683 0.193392 0.119317
v -0.026993 0.193726 0.129411
v -0.027858 0.193971 0.120262
v -0.038178 0.191574 0.130358
v -0.040353 0.190631 0.123050
v -0.046396 0.189803 0.131854
v -0.047431 0.188308 0.126294
v -0.055682 0.187729 0.135072
v -0.056395 0.186492 0.132615
v -0.064976 0.185580 0.142265
v -0.008493 0.198438 0.135151
v -0.016409 0.199602 0.135512
v -0.026705 0.200325 0.135724
v -0.037466 0.197370 0.135885
v -0.045986 0.193509 0.136927
v -0.054644 0.189640 0.138599
v -0.063427 0.186593 0.142667
v -0.008001 0.194991 0.131228
v -0.009039 0.191445 0.122708
v -0.009197 0.196536 0.131132
v -0.009005 0.201205 0.138493
v -0.000460 0.197180 0.132647
v -0.001026 0.202203 0.137929
v 0.007738 0.197842 0.133289
v 0.005372 0.202939 0.138487
v 0.014376 0.199022 0.135358
v 0.012175 0.203780 0.140299
v 0.023189 0.199076 0.139832
v 0.019842 0.202647 0.143755
v 0.028435 0.198958 0.145825
v 0.026632 0.200234 0.147781
v 0.034439 0.197950 0.152142
v 0.034086 0.198200 0.152682
v -0.006792 0.195256 0.124589
v 0.000061 0.196034 0.125640
v 0.009533 0.197947 0.126332
v 0.016805 0.199634 0.128143
v 0.026564 0.198600 0.136185
v 0.030764 0.198046 0.143427
v 0.034484 0.197838 0.151649
v -0.008065 0.195323 0.126949
v -0.009012 0.198411 0.134430
v -0.007544 0.199707 0.135027
v -0.010254 0.198614 0.128716
v -0.014958 0.200452 0.137097
v -0.016564 0.200262 0.130223
v -0.021866 0.200642 0.138338
v -0.023272 0.200822 0.131612
v -0.030235 0.199552 0.139646
v -0.032122 0.198868 0.134260
v -0.036184 0.197816 0.140868
v -0.036881 0.196661 0.136706
v -0.042564 0.194934 0.142839
v -0.042853 0.193959 0.140962
v -0.049451 0.192068 0.146262
v -0.007870 0.204032 0.141276
v -0.013588 0.204829 0.142108
v -0.020879 0.205585 0.142952
v -0.029325 0.203888 0.143753
v -0.036185 0.200568 0.144717
v -0.042157 0.196438 0.145539
v -0.048559 0.193005 0.146945
v -0.007714 0.201464 0.138316
v -0.008904 0.198856 0.131995
v -0.009009 0.202712 0.139448
v -0.009350 0.209060 0.149158
v -0.002502 0.203615 0.140651
v -0.003819 0.209954 0.149099
v 0.005758 0.204475 0.142380
v 0.003405 0.210303 0.149162
v 0.013517 0.204338 0.145356
v 0.010073 0.209901 0.151021
v 0.019667 0.203378 0.148972
v 0.016373 0.207712 0.153723
v 0.024988 0.201765 0.152711
v 0.022619 0.204649 0.156571
v 0.029884 0.199989 0.157002
v 0.028652 0.201497 0.160246
v 0.034653 0.197852 0.163996
v 0.034235 0.198282 0.166252
v -0.006486 0.201173 0.132320
v -0.001878 0.202349 0.131694
v 0.008134 0.204324 0.134152
v 0.018502 0.204138 0.138717
v 0.024027 0.202156 0.143704
v 0.027933 0.200291 0.148983
v 0.031378 0.198778 0.153615
v -0.009169 0.205277 0.144534
v -0.007735 0.201733 0.135966
v -0.007750 0.205386 0.143776
v -0.011319 0.204595 0.138199
v -0.014227 0.206018 0.145746
v -0.016368 0.206170 0.140583
v -0.019904 0.206831 0.148547
v -0.021944 0.206996 0.143068
v -0.024815 0.207152 0.150773
v -0.027415 0.207308 0.145945
v -0.030991 0.207343 0.154947
v -0.033496 0.206984 0.150942
v -0.036021 0.206801 0.158243
v -0.037421 0.206200 0.156654
v -0.040328 0.206858 0.163534
v -0.040775 0.206706 0.163372
v -0.006717 0.208086 0.148361
v -0.012135 0.208930 0.149841
v -0.018206 0.210492 0.152278
v -0.022734 0.211245 0.154376
v -0.029463 0.209456 0.157725
v -0.034533 0.207955 0.160057
v -0.039966 0.206927 0.163465
v -0.006763 0.206831 0.146739
v -0.009379 0.204918 0.141416
v -0.016041 0.213756 0.153439
v -0.031944 0.211955 0.164493
v -0.007513 0.209674 0.150412
v -0.007680 0.218359 0.173333
v -0.012476 0.220375 0.172048
v -0.019006 0.221571 0.171970
v -0.008204 0.226678 0.196330
v 0.006623 0.206045 0.157070
v 0.010029 0.203985 0.165265
v 0.002588 0.216455 0.174983
v -0.000749 0.218620 0.173339
v -0.007792 0.210475 0.151942
v -0.005216 0.208874 0.150727
vn 0.5359 0.7020 -0.4691
vn 0.6987 0.4954 -0.5162
vn 0.4761 0.5426 -0.6920
vn 0.3760 0.4655 -0.8012
vn -0.0696 0.7127 -0.6980
vn 0.2082 0.8119 -0.5455
vn 0.3525 0.8234 -0.4447
vn 0.5333 0.7847 -0.3160
vn 0.4396 0.8488 -0.2938
vn -0.0702 0.5060 -0.8597
vn -0.1746 0.5925 -0.7864
vn -0.1235 0.5572 -0.8212
vn 0.4061 0.8803 -0.2453
vn 0.3678 0.8779 -0.3065
vn -0.1859 0.6628 -0.7253
vn -0.2772 0.6314 -0.7242
vn 0.2719 0.9462 -0.1756
vn 0.2034 0.9582 -0.2012
vn -0.4571 0.5891 -0.6663
vn -0.3693 0.6380 -0.6757
vn 0.0627 0.9618 -0.2665
vn 0.1953 0.9767 -0.0895
vn -0.4513 0.5552 -0.6986
vn -0.3635 0.6757 -0.6413
vn -0.1064 0.9841 -0.1422
vn 0.2012 0.9738 0.1063
vn -0.4599 0.6131 -0.6424
vn -0.3795 0.7727 -0.5088
vn 0.1040 0.9664 0.2351
vn -0.1815 0.9833 0.0123
vn -0.5279 0.6927 -0.4914
vn -0.4880 0.7843 -0.3831
vn 0.1456 0.9129 0.3813
vn -0.1983 0.9681 0.1533
vn -0.3536 0.9129 -0.2040
vn -0.3903 0.8200 -0.4187
vn 0.1366 0.8072 0.5742
vn -0.2536 0.9218 0.2932
vn -0.4310 0.9007 0.0538
vn -0.3118 0.9181 0.2448
vn -0.3289 0.8732 0.3597
vn 0.1698 0.6687 0.7239
vn 0.1100 0.7035 0.7021
vn -0.0921 0.8627 0.4972
vn -0.0404 0.7894 0.6126
vn -0.0005 -0.1359 0.9907
vn 0.1534 0.6380 0.7546
vn 0.7803 0.5631 -0.2721
vn 0.9010 0.4292 -0.0626
vn 0.7517 0.5377 -0.3819
vn 0.8651 -0.4942 -0.0858
vn 0.3925 -0.8849 -0.2508
vn 0.7674 0.6366 0.0766
vn 0.6268 0.7744 -0.0863
vn 0.6347 0.7623 -0.1265
vn 0.4251 0.8291 -0.3631
vn 0.7839 0.5587 0.2708
vn 0.7569 0.5075 0.4118
vn 0.3377 0.8025 -0.4919
vn 0.4127 0.8719 -0.2638
vn 0.8284 0.4154 0.3758
vn 0.8391 0.5008 0.2124
vn 0.2909 0.9058 -0.3080
vn 0.7991 0.5936 0.0953
vn 0.6268 0.7791 -0.0091
vn -0.1034 0.8294 -0.5490
vn 0.4100 0.9023 0.1332
vn 0.1659 0.9861 -0.0096
vn -0.4171 0.7812 -0.4645
vn -0.0709 0.9301 0.3604
vn -0.1619 0.9686 0.1887
vn -0.5337 0.7711 -0.3473
vn 0.1155 0.8202 0.5603
vn -0.0376 0.9027 0.4286
vn -0.5270 0.8250 -0.2039
vn -0.2550 0.8886 0.3813
vn -0.3752 0.8841 0.2787
vn -0.5891 0.7941 -0.1494
vn -0.5898 0.7940 0.1474
vn -0.5505 0.8156 0.1779
vn -0.3810 0.8333 0.4005
vn -0.6689 0.7392 -0.0781
vn -0.6900 0.7077 -0.1515
vn -0.1146 0.1258 -0.9854
vn -0.7056 0.0967 -0.7020
vn -0.6970 0.1001 -0.7101
vn -0.1152 0.3662 -0.9234
vn -0.1311 0.4285 -0.8940
vn 0.6512 0.4665 -0.5986
vn 0.6317 0.5621 -0.5339
vn 0.9565 0.2502 0.1501
vn 0.9321 0.3020 0.1998
vn 0.7044 -0.0555 0.7077
vn 0.7077 -0.0519 0.7046
vn 0.1165 -0.3251 0.9385
vn 0.1462 -0.3818 0.9126
vn -0.6636 -0.4249 0.6158
vn -0.6511 -0.5158 0.5569
vn -0.9674 -0.2071 -0.1460
vn -0.9451 -0.2526 -0.2072
vn -0.7071 0.1059 -0.6991
vn -0.1779 0.5398 -0.8228
vn 0.5538 0.7102 -0.4347
vn 0.8869 0.3916 0.2452
vn 0.7137 -0.0689 0.6970
vn 0.1793 -0.5105 0.8410
vn -0.5811 -0.6802 0.4468
vn -0.9007 -0.3545 -0.2513
vn -0.7013 0.0998 -0.7058
vn -0.1853 0.6315 -0.7529
vn 0.4980 0.8086 -0.3133
vn 0.8308 0.4672 0.3024
vn 0.7075 -0.0706 0.7032
vn 0.1975 -0.6070 0.7697
vn -0.5034 -0.7961 0.3359
vn -0.8411 -0.4516 -0.2979
vn -0.7012 0.1018 -0.7056
vn -0.2148 0.7092 -0.6715
vn 0.3967 0.8887 -0.2300
vn 0.7597 0.5643 0.3231
vn 0.7049 -0.0694 0.7059
vn 0.2076 -0.6981 0.6852
vn -0.4195 -0.8772 0.2334
vn -0.7740 -0.5418 -0.3278
vn -0.7103 0.1192 -0.6938
vn -0.2248 0.8053 -0.5486
vn 0.3219 0.9408 -0.1060
vn 0.6829 0.6372 0.3572
vn 0.7119 -0.0795 0.6977
vn 0.2268 -0.7917 0.5672
vn -0.3327 -0.9356 0.1183
vn -0.6961 -0.6251 -0.3530
vn -0.6993 0.1393 -0.7011
vn -0.1941 0.9040 -0.3809
vn 0.2250 0.9743 0.0099
vn 0.5435 0.7546 0.3676
vn 0.6998 -0.0869 0.7091
vn 0.1911 -0.8981 0.3961
vn -0.2342 -0.9722 -0.0017
vn -0.5546 -0.7483 -0.3639
vn -0.7023 0.1732 -0.6905
vn -0.1481 0.9775 -0.1504
vn 0.1196 0.9861 0.1153
vn 0.3520 0.8689 0.3479
vn 0.6983 -0.1047 0.7081
vn 0.1410 -0.9779 0.1545
vn -0.1254 -0.9857 -0.1123
vn -0.3587 -0.8670 -0.3459
vn -0.9701 0.0288 0.2411
vn -0.8644 -0.0261 0.5021
vn -0.7100 -0.0718 0.7006
vn -0.5109 -0.1070 0.8529
vn -0.2342 -0.1352 0.9627
vn 0.0331 0.7531 0.6571
vn -0.1808 0.7275 0.6619
vn -0.6344 0.7725 0.0288
vn 0.0649 0.7942 -0.6041
vn 0.0435 0.7375 -0.6740
vn -0.1494 0.8419 -0.5185
vn -0.1513 0.8783 -0.4535
vn -0.1543 0.9484 -0.2769
vn -0.2533 0.9596 -0.1227
vn -0.1527 0.9844 0.0878
vn -0.1213 0.9030 0.4122
vn 0.6933 0.7203 0.0211
vn 0.6758 0.7367 -0.0234
vn 0.3057 0.9057 -0.2937
vn -0.1603 0.9479 -0.2752
vn -0.3870 0.9157 -0.1085
vn -0.3503 0.9322 0.0906
vn -0.4947 0.8652 0.0815
vn -0.4268 0.2841 -0.8586
vn -0.6949 0.2686 -0.6671
vn -0.5437 0.4135 -0.7304
vn -0.8139 0.2162 -0.5393
vn -0.9326 0.0243 -0.3600
vn -0.9554 0.2261 -0.1899
vn -0.6888 0.5102 -0.5150
vn -0.6117 0.5259 -0.5909
vn -0.8642 0.4083 -0.2939
vn -0.5478 0.5058 -0.6664
vn -0.9606 0.2681 0.0738
vn -0.9567 0.2775 -0.0884
vn -0.9385 0.3114 -0.1488
vn -0.6711 0.5741 -0.4691
vn -0.5087 0.6071 -0.6104
vn -0.9308 0.3628 -0.0451
vn -0.9498 0.2999 0.0891
vn -0.4742 0.6777 -0.5620
vn -0.6318 0.6492 -0.4235
vn -0.9090 0.4169 0.0039
vn -0.9383 0.3269 0.1128
vn -0.4413 0.7294 -0.5228
vn -0.5844 0.7009 -0.4088
vn -0.9143 0.3853 0.1252
vn -0.8730 0.4876 0.0125
vn -0.5112 0.7625 -0.3967
vn -0.4075 0.7911 -0.4562
vn -0.8756 0.4690 0.1154
vn -0.8166 0.5767 -0.0255
vn -0.3320 0.8366 -0.4357
vn -0.3260 0.8612 -0.3900
vn -0.7212 0.6816 -0.1235
vn -0.6128 0.7648 -0.1990
vn -0.2743 0.9124 -0.3036
vn -0.1597 0.8998 -0.4060
vn -0.5309 0.8369 -0.1329
vn -0.4709 0.8708 -0.1410
vn -0.3990 0.9027 -0.1607
vn -0.0419 0.1755 -0.9836
vn -1.0000 -0.0001 -0.0000
vn -0.0862 0.2682 -0.9595
vn 0.1066 0.1182 -0.9872
vn -0.0725 -0.0397 -0.9966
vn -0.1863 0.4232 -0.8867
vn 0.0536 0.4174 -0.9071
vn 0.1879 0.3051 -0.9336
vn 0.2122 0.3013 -0.9296
vn -0.4556 0.5016 -0.7354
vn -0.3692 0.5193 -0.7707
vn 0.1439 0.4577 -0.8774
vn 0.2849 0.4051 -0.8687
vn -0.3352 0.5944 -0.7310
vn 0.2028 0.5053 -0.8388
vn 0.3219 0.4638 -0.8254
vn -0.3004 0.6684 -0.6805
vn 0.3552 0.4467 -0.8211
vn 0.2202 0.5324 -0.8173
vn -0.2922 0.7146 -0.6356
vn 0.2337 0.5821 -0.7788
vn 0.1084 0.6749 -0.7299
vn -0.3330 0.7749 -0.5373
vn 0.1315 0.7461 -0.6527
vn 0.0284 0.8166 -0.5764
vn -0.3775 0.8400 -0.3897
vn -0.3782 0.8858 -0.2691
vn -0.3643 0.8446 -0.3923
vn 0.1695 0.8173 -0.5507
vn -0.5229 0.8401 -0.1446
vn -0.0573 0.1446 -0.9878
vn -0.7837 -0.0381 0.6200
vn -0.7939 -0.0528 0.6057
vn -0.9881 0.1038 -0.1131
vn -0.9783 0.1338 -0.1581
vn -0.6041 0.1901 -0.7739
vn -0.5863 0.2367 -0.7748
vn 0.1373 0.1667 -0.9764
vn 0.1228 0.2157 -0.9687
vn 0.8021 0.0476 -0.5952
vn 0.8086 0.0698 -0.5842
vn 0.9876 -0.0889 0.1296
vn 0.9799 -0.1090 0.1671
vn 0.6036 -0.1670 0.7796
vn 0.5963 -0.2081 0.7753
vn -0.1264 -0.1469 0.9811
vn -0.1024 -0.1934 0.9758
vn -0.7927 -0.0511 0.6074
vn -0.9639 0.2085 -0.1655
vn -0.5887 0.3258 -0.7398
vn 0.0725 0.2907 -0.9541
vn 0.7998 0.0734 -0.5958
vn 0.9647 -0.1869 0.1857
vn 0.5854 -0.3010 0.7528
vn -0.0714 -0.2663 0.9612
vn -0.7995 -0.0328 0.5997
vn -0.9268 0.3121 -0.2087
vn -0.5587 0.4212 -0.7145
vn 0.0350 0.3633 -0.9310
vn 0.7967 0.0532 -0.6021
vn 0.9307 -0.2968 0.2136
vn 0.5636 -0.4058 0.7195
vn -0.0290 -0.3487 0.9368
vn -0.8085 -0.0437 0.5869
vn -0.8781 0.4100 -0.2468
vn -0.5284 0.5200 -0.6711
vn -0.0114 0.4678 -0.8838
vn 0.7985 0.0666 -0.5983
vn 0.8824 -0.3997 0.2483
vn 0.5335 -0.5112 0.6739
vn 0.0180 -0.4604 0.8875
vn -0.8034 -0.0437 0.5938
vn -0.8031 0.5233 -0.2850
vn -0.5058 0.6098 -0.6102
vn -0.1081 0.5748 -0.8111
vn 0.7902 0.0730 -0.6084
vn 0.8023 -0.5188 0.2951
vn 0.5060 -0.6040 0.6157
vn 0.1084 -0.5683 0.8157
vn -0.8011 -0.0311 0.5977
vn -0.7104 0.6253 -0.3231
vn -0.4674 0.6816 -0.5630
vn -0.1673 0.6569 -0.7352
vn 0.7896 0.0628 -0.6104
vn 0.7112 -0.6216 0.3285
vn 0.4696 -0.6778 0.5657
vn 0.1739 -0.6536 0.7366
vn -0.8070 -0.0269 0.5900
vn -0.5867 0.7183 -0.3739
vn -0.4300 0.7448 -0.5104
vn -0.2536 0.7389 -0.6243
vn 0.7897 0.0730 -0.6091
vn 0.5866 -0.7163 0.3778
vn 0.4312 -0.7430 0.5119
vn 0.2578 -0.7372 0.6246
vn -0.0640 0.5113 0.8570
vn 0.2324 0.5880 0.7748
vn 0.4427 0.6291 0.6390
vn 0.6196 0.6320 0.4655
vn 0.7934 0.5684 0.2177
vn -0.8331 0.4838 -0.2682
vn -0.8340 0.4493 -0.3204
vn -0.8038 0.5543 -0.2159
vn -0.7611 0.6163 -0.2022
vn -0.6855 0.6988 -0.2045
vn -0.5080 0.8077 -0.2993
vn -0.0950 0.5393 -0.8368
vn -0.1461 0.5107 -0.8473
vn -0.0500 0.6062 -0.7938
vn -0.0447 0.6561 -0.7534
vn -0.1009 0.7431 -0.6615
vn -0.1627 0.8489 -0.5029
vn -0.6039 0.6108 0.5121
vn -0.6779 0.4232 0.6012
vn -0.6513 0.3867 0.6528
vn -0.5743 0.0609 0.8164
vn -0.4642 0.0607 0.8837
vn -0.6533 0.7519 -0.0887
vn -0.6215 0.7808 -0.0645
vn -0.6490 0.7179 0.2520
vn -0.4776 0.2304 0.8478
vn -0.4148 0.0510 0.9085
vn -0.3548 0.0666 0.9326
vn -0.4722 0.8632 0.1788
vn -0.4218 0.7733 0.4735
vn -0.3890 0.3137 0.8662
vn -0.3000 0.0888 0.9498
vn -0.3281 0.8269 0.4567
vn -0.3397 0.9292 0.1458
vn -0.2349 0.3536 0.9054
vn -0.2299 0.1482 0.9619
vn -0.1939 0.9798 0.0484
vn -0.1976 0.8739 0.4442
vn -0.2187 0.6405 0.7361
vn -0.2183 0.5107 0.8316
vn -0.0110 0.9819 0.1889
vn -0.0528 0.8512 0.5222
vn 0.0711 0.2809 0.9571
vn 0.0358 0.4607 0.8868
vn 0.1511 0.9741 0.1680
vn 0.1449 0.8272 0.5428
vn 0.1550 0.4038 0.9016
vn 0.1562 0.6544 0.7399
vn 0.1893 0.7750 0.6030
vn 0.3082 0.9492 -0.0640
vn 0.2464 0.8736 0.4196
vn 0.2475 0.9469 0.2050
vn -0.7792 0.5754 0.2485
vn -0.8518 0.5095 -0.1219
vn -0.7992 0.4601 0.3868
vn -0.7456 0.5959 -0.2982
vn -0.7036 0.5290 -0.4744
vn -0.6947 0.6388 -0.3308
vn -0.5227 0.5933 0.6122
vn -0.6659 0.6515 0.3636
vn -0.5164 0.7299 -0.4478
vn -0.5511 0.8127 -0.1894
vn -0.3746 0.6330 0.6775
vn -0.3429 0.8904 -0.2995
vn -0.2850 0.7849 -0.5502
vn -0.2872 0.6784 0.6762
vn -0.1114 0.8488 -0.5168
vn -0.1364 0.9549 -0.2637
vn -0.2103 0.6994 0.6831
vn 0.1067 0.9101 -0.4005
vn 0.0769 0.9887 -0.1287
vn -0.1117 0.7135 0.6917
vn 0.3025 0.9310 -0.2041
vn 0.2985 0.9514 0.0752
vn 0.0093 0.6677 0.7443
vn 0.4049 0.8498 0.3374
vn 0.3499 0.7679 0.5366
vn 0.0159 0.4165 0.9090
vn 0.1608 0.6059 0.7791
vn 0.1303 0.6839 0.7178
vn 0.4865 -0.1496 0.8608
vn 0.4419 -0.1853 0.8777
vn -0.1230 0.1682 0.9781
vn -0.1753 0.1835 0.9673
vn -0.7575 0.4474 0.4755
vn -0.7465 0.4867 0.4536
vn -0.8341 0.4084 -0.3709
vn -0.8069 0.4657 -0.3633
vn -0.4392 0.1621 -0.8836
vn -0.4084 0.1975 -0.8912
vn 0.1390 -0.1301 -0.9817
vn 0.1838 -0.1468 -0.9719
vn 0.7697 -0.3953 -0.5013
vn 0.7564 -0.4432 -0.4810
vn 0.8599 -0.3731 0.3484
vn 0.8300 -0.4401 0.3426
vn 0.3836 -0.2562 0.8872
vn -0.2141 0.2049 0.9551
vn -0.6978 0.5616 0.4447
vn -0.7468 0.5741 -0.3359
vn -0.3624 0.2634 -0.8940
vn 0.2203 -0.1793 -0.9588
vn 0.7076 -0.5345 -0.4622
vn 0.7638 -0.5593 0.3222
vn 0.3273 -0.3103 0.8925
vn -0.2417 0.2607 0.9347
vn -0.6260 0.6422 0.4424
vn -0.6741 0.6829 -0.2814
vn -0.3198 0.3226 -0.8909
vn 0.2416 -0.2371 -0.9410
vn 0.6337 -0.6235 -0.4579
vn 0.6874 -0.6736 0.2715
vn 0.2524 -0.3651 0.8961
vn -0.2657 0.3440 0.9006
vn -0.5314 0.7226 0.4422
vn -0.5704 0.7959 -0.2029
vn -0.2533 0.3845 -0.8877
vn 0.2626 -0.3197 -0.9104
vn 0.5365 -0.7083 -0.4587
vn 0.5813 -0.7917 0.1882
vn 0.1681 -0.4151 0.8941
vn -0.2713 0.4462 0.8528
vn -0.4223 0.7845 0.4541
vn -0.4465 0.8909 -0.0831
vn -0.1721 0.4445 -0.8791
vn 0.2725 -0.4271 -0.8622
vn 0.4281 -0.7751 -0.4647
vn 0.4555 -0.8876 0.0687
vn 0.0810 -0.4443 0.8922
vn -0.2566 0.5809 0.7725
vn -0.3147 0.8292 0.4618
vn -0.3207 0.9446 0.0705
vn -0.0847 0.4838 -0.8711
vn 0.2601 -0.5681 -0.7807
vn 0.3196 -0.8236 -0.4686
vn 0.3274 -0.9411 -0.0852
vn -0.0067 -0.4610 0.8874
vn -0.2090 0.7291 0.6517
vn -0.2132 0.8554 0.4720
vn -0.2063 0.9418 0.2654
vn 0.0055 0.5093 -0.8606
vn 0.2125 -0.7242 -0.6560
vn 0.2160 -0.8531 -0.4750
vn 0.2099 -0.9382 -0.2751
vn 0.7737 -0.1522 0.6151
vn 0.9282 -0.0470 0.3691
vn 0.9827 0.1085 0.1503
vn 0.9680 0.2322 -0.0947
vn 0.8588 0.3694 -0.3549
vn -0.4806 0.6780 0.5562
vn -0.5823 0.5820 0.5676
vn -0.3472 0.7597 0.5498
vn -0.2305 0.9055 0.3563
vn 0.0556 0.8617 0.5043
vn 0.1503 0.9093 0.3880
vn 0.2653 0.9632 -0.0429
vn -0.5044 0.8166 0.2806
vn -0.6672 0.7179 0.1986
vn -0.3638 0.9006 0.2379
vn -0.2060 0.9381 0.2784
vn -0.0394 0.9279 0.3708
vn 0.1092 0.8616 0.4957
vn -0.3446 0.3688 0.8633
vn 0.8926 0.1075 0.4378
vn 0.3907 0.4052 0.8265
vn 0.5144 0.7928 0.3269
vn 0.3182 0.6046 0.7302
vn 0.4232 0.4511 0.7858
vn 0.6173 0.4441 0.6494
vn 0.7738 0.1071 0.6243
vn 0.9210 0.0733 0.3827
vn 0.9684 0.0468 0.2448
vn 0.2904 0.6802 0.6730
vn 0.6073 0.5130 0.6066
vn 0.9395 -0.1336 0.3155
vn 0.9236 0.0151 0.3831
vn 0.2454 0.7682 0.5913
vn 0.5533 0.5722 0.6053
vn 0.9135 -0.1036 0.3933
vn 0.8836 0.0984 0.4577
vn 0.5024 0.6659 0.5515
vn 0.2304 0.8320 0.5046
vn 0.9021 -0.0057 0.4315
vn 0.8392 0.2095 0.5018
vn 0.4082 0.7846 0.4666
vn 0.2567 0.8750 0.4105
vn 0.8514 0.2180 0.4770
vn 0.7501 0.4398 0.4938
vn 0.2623 0.9153 0.3057
vn 0.2944 0.9178 0.2662
vn 0.6905 0.5904 0.4179
vn 0.5970 0.7185 0.3568
vn 0.3720 0.9084 0.1907
vn 0.2071 0.9692 0.1334
vn 0.2353 0.9374 0.2567
vn 0.1623 0.7638 0.6247
vn -0.3885 0.5894 0.7083
vn -0.1700 0.4645 0.8691
vn -0.5952 0.5739 0.5624
vn -0.5148 0.5670 0.6430
vn -0.0088 0.7056 0.7085
vn -0.6412 0.7105 0.2899
vn -0.5848 0.6700 0.4573
vn -0.0723 0.7667 0.6380
vn -0.7956 0.5558 0.2409
vn -0.7061 0.6293 0.3247
vn -0.1102 0.8373 0.5356
vn -0.7737 0.5935 0.2214
vn -0.6368 0.7186 0.2795
vn -0.0633 0.8693 0.4902
vn -0.6603 0.7191 0.2165
vn -0.4772 0.8407 0.2560
vn 0.0597 0.9012 0.4293
vn -0.3731 0.9084 0.1884
vn -0.1575 0.9833 0.0913
vn 0.2951 0.8964 0.3306
vn 0.3653 0.8693 0.3328
vn 0.4952 0.8313 0.2525
vn 0.9677 -0.0263 -0.2508
vn 0.9697 -0.0507 -0.2388
vn 0.8505 0.1603 0.5010
vn 0.8265 0.1910 0.5295
vn 0.2230 0.2578 0.9401
vn 0.2243 0.3102 0.9238
vn -0.5312 0.2074 0.8214
vn -0.4947 0.2706 0.8259
vn -0.9757 0.0409 0.2154
vn -0.9753 0.0709 0.2091
vn -0.8508 -0.1349 -0.5079
vn -0.8257 -0.1608 -0.5408
vn -0.2395 -0.2240 -0.9447
vn -0.2367 -0.2757 -0.9316
vn 0.5105 -0.1809 -0.8406
vn 0.4744 -0.2442 -0.8457
vn 0.9726 -0.1179 -0.2004
vn 0.7913 0.2432 0.5610
vn 0.2203 0.4159 0.8823
vn -0.4502 0.4035 0.7965
vn -0.9721 0.1435 0.1853
vn -0.7971 -0.2107 -0.5658
vn -0.2372 -0.3854 -0.8917
vn 0.4297 -0.3814 -0.8185
vn 0.9672 -0.1816 -0.1778
vn 0.7551 0.3165 0.5741
vn 0.2533 0.5145 0.8192
vn -0.3375 0.5346 0.7748
vn -0.9611 0.2078 0.1819
vn -0.7557 -0.2990 -0.5826
vn -0.2563 -0.4979 -0.8285
vn 0.3313 -0.5203 -0.7871
vn 0.9651 -0.2198 -0.1422
vn 0.6944 0.4211 0.5836
vn 0.2591 0.6101 0.7488
vn -0.2450 0.6462 0.7227
vn -0.9563 0.2494 0.1526
vn -0.6997 -0.4072 -0.5870
vn -0.2662 -0.5993 -0.7550
vn 0.2303 -0.6386 -0.7343
vn 0.9608 -0.2650 -0.0814
vn 0.6008 0.5418 0.5878
vn 0.2691 0.6941 0.6677
vn -0.1046 0.7505 0.6525
vn -0.9460 0.3080 0.1010
vn -0.6058 -0.5315 -0.5920
vn -0.2740 -0.6871 -0.6729
vn 0.0908 -0.7446 -0.6613
vn 0.9544 -0.2981 -0.0122
vn 0.4599 0.6878 0.5616
vn 0.2783 0.7671 0.5780
vn 0.0824 0.8171 0.5706
vn -0.9346 0.3539 0.0347
vn -0.4618 -0.6835 -0.5653
vn -0.2804 -0.7640 -0.5811
vn -0.0914 -0.8131 -0.5750
vn 0.6631 0.2307 -0.7121
vn 0.4409 0.3683 -0.8185
vn 0.2228 0.4804 -0.8483
vn -0.0427 0.5662 -0.8232
vn -0.3476 0.5807 -0.7362
vn 0.3991 0.9107 0.1067
vn 0.8077 0.2585 0.5299
vn 0.8117 0.2864 0.5090
vn 0.7657 0.3428 0.5442
vn 0.7147 0.4524 0.5334
vn 0.6214 0.6208 0.4780
vn 0.4680 0.8139 0.3443
vn -0.3601 0.7343 0.5754
vn -0.2923 0.6845 0.6678
vn -0.4205 0.7850 0.4549
vn -0.3767 0.8333 0.4046
vn -0.2354 0.9094 0.3429
vn 0.0614 0.9707 0.2325
vn 0.5212 0.5707 0.6345
vn 0.7087 0.6020 0.3679
vn 0.5278 0.7161 0.4567
vn 0.7920 0.5732 0.2102
vn 0.9215 0.3877 0.0220
vn 0.8094 0.5618 -0.1710
vn 0.5280 0.8303 0.1783
vn 0.5314 0.3445 -0.7739
vn 0.6765 0.7335 -0.0660
vn 0.1786 0.9824 -0.0541
vn 0.6981 0.5659 -0.4386
vn 0.7435 0.6063 -0.2822
vn 0.7293 0.6468 -0.2233
vn 0.4438 0.8887 0.1150
vn 0.3271 0.8967 0.2980
vn 0.6533 0.6787 -0.3355
vn 0.6608 0.5936 -0.4593
vn 0.2278 0.9439 0.2392
vn 0.3392 0.9389 0.0589
vn 0.5784 0.7146 -0.3935
vn 0.6205 0.6131 -0.4889
vn 0.1418 0.9714 0.1906
vn 0.2482 0.9679 0.0394
vn 0.5548 0.6559 -0.5118
vn 0.4933 0.7656 -0.4129
vn 0.1314 0.9909 0.0293
vn 0.0406 0.9928 0.1128
vn 0.4680 0.7188 -0.5141
vn 0.3914 0.8348 -0.3872
vn -0.0700 0.9926 0.0994
vn -0.1017 0.9934 0.0527
vn 0.2668 0.9179 -0.2937
vn 0.1447 0.9677 -0.2063
vn -0.2082 0.9776 -0.0302
vn -0.2747 0.9556 0.1067
vn 0.0079 0.9645 -0.2640
vn -0.0549 0.9697 -0.2379
vn -0.1309 0.9703 -0.2034
vn -0.0543 0.1877 -0.9807
vn 0.2533 0.4752 0.8426
vn 0.1393 0.2877 0.9475
vn 0.3675 0.1945 0.9095
vn 0.2412 0.6574 0.7139
vn 0.0261 0.5848 0.8108
vn -0.0367 0.4404 0.8971
vn -0.0578 0.4283 0.9018
vn 0.1860 0.5295 0.8276
vn 0.3153 0.7905 0.5250
vn -0.0973 0.5966 0.7966
vn -0.2001 0.4961 0.8449
vn 0.2154 0.8546 0.4725
vn -0.1986 0.6158 0.7624
vn -0.2856 0.5294 0.7989
vn 0.1133 0.9045 0.4111
vn -0.3190 0.5059 0.8015
vn -0.2505 0.6340 0.7316
vn 0.0505 0.9352 0.3504
vn -0.3108 0.6598 0.6842
vn -0.2681 0.7752 0.5720
vn 0.0099 0.9754 0.2202
vn -0.3557 0.7975 0.4873
vn -0.3287 0.8724 0.3619
vn -0.0431 0.9982 0.0415
vn -0.1159 0.9888 -0.0943
vn -0.0757 0.9966 0.0330
vn -0.4595 0.8004 0.3851
vn 0.0012 0.9682 -0.2503
vn -0.0272 0.1540 -0.9877
vn 0.5356 0.0910 -0.8396
vn 0.5537 0.0821 -0.8286
vn 0.8961 0.3847 -0.2214
vn 0.8854 0.4283 -0.1808
vn 0.7221 0.4551 0.5211
vn 0.6840 0.5103 0.5213
vn 0.1235 0.2611 0.9574
vn 0.1130 0.3218 0.9400
vn -0.5564 -0.0866 0.8264
vn -0.5721 -0.0686 0.8173
vn -0.9043 -0.3711 0.2110
vn -0.8970 -0.4049 0.1773
vn -0.7304 -0.4338 -0.5275
vn -0.7022 -0.4862 -0.5201
vn -0.1354 -0.2436 -0.9604
vn -0.1353 -0.3053 -0.9426
vn 0.5519 0.0837 -0.8297
vn 0.8352 0.5191 -0.1814
vn 0.6268 0.6202 0.4717
vn 0.1142 0.4280 0.8965
vn -0.5619 -0.0599 0.8250
vn -0.8494 -0.5007 0.1670
vn -0.6362 -0.5985 -0.4869
vn -0.1204 -0.4040 -0.9068
vn 0.5534 0.1055 -0.8262
vn 0.7574 0.6358 -0.1486
vn 0.5335 0.7249 0.4358
vn 0.0947 0.5265 0.8449
vn -0.5501 -0.0750 0.8318
vn -0.7687 -0.6219 0.1494
vn -0.5451 -0.7133 -0.4405
vn -0.1026 -0.5132 -0.8521
vn 0.5681 0.1033 -0.8165
vn 0.6620 0.7395 -0.1221
vn 0.4268 0.8217 0.3777
vn 0.0569 0.6483 0.7592
vn -0.5585 -0.0626 0.8272
vn -0.6717 -0.7301 0.1253
vn -0.4356 -0.8162 -0.3796
vn -0.0630 -0.6423 -0.7639
vn 0.5607 0.1005 -0.8219
vn 0.5331 0.8410 -0.0924
vn 0.3233 0.8979 0.2989
vn 0.0491 0.7764 0.6284
vn -0.5526 -0.0504 0.8319
vn -0.5381 -0.8386 0.0847
vn -0.3275 -0.8944 -0.3047
vn -0.0517 -0.7706 -0.6352
vn 0.5504 0.1091 -0.8277
vn 0.3937 0.9175 -0.0558
vn 0.2203 0.9450 0.2416
vn 0.0194 0.8599 0.5101
vn -0.5487 -0.0584 0.8340
vn -0.3982 -0.9158 0.0519
vn -0.2246 -0.9434 -0.2439
vn -0.0259 -0.8593 -0.5107
vn 0.5535 0.1190 -0.8243
vn 0.2338 0.9723 0.0035
vn 0.1213 0.9761 0.1802
vn 0.0029 0.9372 0.3487
vn -0.5549 -0.0479 0.8305
vn -0.2358 -0.9718 -0.0071
vn -0.1236 -0.9756 -0.1815
vn -0.0069 -0.9374 -0.3481
vn -0.4290 0.0674 -0.9008
vn -0.6639 0.1829 -0.7251
vn -0.8314 0.1260 -0.5412
vn -0.9396 0.0964 -0.3284
vn -0.9982 0.0566 -0.0198
vn 0.5724 0.8121 -0.1131
vn 0.6272 0.7776 -0.0448
vn 0.4791 0.8598 -0.1768
vn 0.3883 0.8998 -0.1988
vn 0.2626 0.9441 -0.1993
vn 0.0583 0.9947 -0.0843
vn 0.0612 0.7459 0.6632
vn 0.1455 0.7240 0.6743
vn -0.0424 0.7879 0.6143
vn -0.1026 0.8246 0.5564
vn -0.1423 0.8956 0.4215
vn -0.2018 0.9546 0.2192
vn 0.9332 -0.1324 -0.3341
vn 0.9299 -0.1108 -0.3507
vn 0.9058 0.2939 0.3051
vn 0.9116 0.2694 0.3105
vn 0.3360 0.5578 0.7590
vn 0.3531 0.4992 0.7913
vn -0.4372 0.4970 0.7496
vn -0.4217 0.4354 0.7953
vn -0.9467 0.1499 0.2851
vn -0.9414 0.1161 0.3168
vn -0.8968 -0.2716 -0.3494
vn -0.8996 -0.2629 -0.3488
vn -0.3335 -0.5232 -0.7842
vn -0.3378 -0.4807 -0.8092
vn 0.4173 -0.4672 -0.7795
vn 0.4134 -0.4182 -0.8088
vn 0.9266 -0.0662 -0.3702
vn 0.9135 0.2330 0.3335
vn 0.3597 0.3960 0.8449
vn -0.4112 0.3225 0.8526
vn -0.9346 0.0570 0.3512
vn -0.9040 -0.2401 -0.3537
vn -0.3497 -0.3964 -0.8489
vn 0.4035 -0.3249 -0.8553
vn 0.9260 -0.0447 -0.3749
vn 0.9143 0.1953 0.3549
vn 0.3596 0.3218 0.8759
vn -0.4087 0.2583 0.8754
vn -0.9327 0.0439 0.3578
vn -0.9102 -0.1935 -0.3663
vn -0.3616 -0.3168 -0.8768
vn 0.3958 -0.2559 -0.8820
vn 0.9281 -0.0455 -0.3695
vn 0.9156 0.1592 0.3693
vn 0.3632 0.2732 0.8907
vn -0.4035 0.2288 0.8859
vn -0.9316 0.0528 0.3595
vn -0.9140 -0.1509 -0.3766
vn -0.3644 -0.2635 -0.8932
vn 0.3971 -0.2202 -0.8910
vn 0.9287 -0.0368 -0.3690
vn 0.9163 0.1489 0.3719
vn 0.3674 0.2493 0.8960
vn -0.3982 0.2049 0.8941
vn -0.9299 0.0414 0.3654
vn -0.9142 -0.1446 -0.3786
vn -0.3624 -0.2440 -0.8995
vn 0.3999 -0.1992 -0.8947
vn 0.9293 -0.0339 -0.3678
vn 0.9141 0.1500 0.3766
vn 0.3625 0.2471 0.8986
vn -0.4000 0.2011 0.8942
vn -0.9290 0.0394 0.3679
vn -0.9161 -0.1439 -0.3742
vn -0.3669 -0.2416 -0.8983
vn 0.3978 -0.1962 -0.8963
vn 0.9347 -0.0497 -0.3519
vn 0.9078 0.1825 0.3776
vn 0.3570 0.3091 0.8815
vn -0.3935 0.2616 0.8813
vn -0.9243 0.0657 0.3760
vn -0.9184 -0.1699 -0.3574
vn -0.3628 -0.3029 -0.8813
vn 0.4086 -0.2521 -0.8772
vn 0.9332 -0.0703 -0.3523
vn 0.8969 0.2662 0.3532
vn 0.3362 0.4407 0.8323
vn -0.3918 0.3704 0.8422
vn -0.9193 0.0926 0.3826
vn -0.9102 -0.2510 -0.3296
vn -0.3394 -0.4343 -0.8344
vn 0.4130 -0.3575 -0.8377
vn 0.9294 -0.0962 -0.3564
vn 0.8810 0.3574 0.3100
vn 0.3037 0.5771 0.7581
vn -0.3974 0.4820 0.7809
vn -0.9157 0.1229 0.3825
vn -0.8960 -0.3384 -0.2874
vn -0.3086 -0.5718 -0.7602
vn 0.4151 -0.4698 -0.7791
vn 0.9264 -0.1357 -0.3511
vn 0.8615 0.4346 0.2625
vn 0.2619 0.6962 0.6684
vn -0.4054 0.5870 0.7007
vn -0.9133 0.1657 0.3721
vn -0.8786 -0.4122 -0.2410
vn -0.2685 -0.6916 -0.6705
vn 0.4191 -0.5759 -0.7019
vn 0.9206 -0.1665 -0.3532
vn 0.8387 0.5082 0.1957
vn 0.2174 0.7962 0.5646
vn -0.4081 0.6732 0.6166
vn -0.9069 0.2006 0.3704
vn -0.8519 -0.4921 -0.1794
vn -0.2131 -0.7928 -0.5710
vn 0.4265 -0.6579 -0.6207
vn 0.9098 -0.2014 -0.3628
vn 0.8040 0.5831 0.1169
vn 0.1534 0.8761 0.4570
vn -0.4145 0.7399 0.5298
vn -0.8974 0.2377 0.3717
vn -0.8219 -0.5600 -0.1039
vn -0.1540 -0.8727 -0.4633
vn 0.4260 -0.7285 -0.5364
vn 0.8987 -0.2489 -0.3610
vn 0.7746 0.6308 0.0461
vn 0.0910 0.9279 0.3616
vn -0.4184 0.7903 0.4477
vn -0.8880 0.2766 0.3673
vn -0.7859 -0.6174 -0.0346
vn -0.0876 -0.9263 -0.3664
vn 0.4276 -0.7823 -0.4530
vn 0.8855 -0.3041 -0.3514
vn 0.7341 0.6768 -0.0557
vn 0.8914 -0.2778 -0.3582
vn 0.7541 0.6566 -0.0131
vn 0.0144 0.9710 0.2385
vn 0.0523 0.9549 0.2924
vn -0.4292 0.8362 0.3413
vn -0.4246 0.8161 0.3920
vn -0.8789 0.3204 0.3535
vn -0.8830 0.2947 0.3654
vn -0.7425 -0.6663 0.0680
vn -0.7604 -0.6489 0.0260
vn -0.0138 -0.9711 -0.2382
vn -0.0497 -0.9549 -0.2927
vn 0.4327 -0.8333 -0.3441
vn 0.4306 -0.8125 -0.3931
vn 0.5781 -0.2318 -0.7823
vn 0.4521 0.6282 -0.6332
vn 0.8800 -0.3300 -0.3417
vn 0.7151 0.6917 -0.1014
vn -0.1459 0.8180 -0.5564
vn -0.0229 0.9828 0.1835
vn -0.4440 0.7378 -0.5085
vn -0.4322 0.8536 0.2908
vn -0.8341 0.3625 -0.4157
vn -0.8728 0.3483 0.3420
vn -0.7056 -0.4939 -0.5082
vn -0.7222 -0.6829 0.1096
vn -0.0485 -0.6706 -0.7403
vn 0.0254 -0.9819 -0.1878
vn 0.2226 -0.5623 -0.7964
vn 0.4365 -0.8497 -0.2956
vn 0.4439 0.8865 -0.1310
vn 0.2520 0.8764 -0.4104
vn 0.5324 0.8270 -0.1806
vn 0.2837 0.8303 -0.4798
vn 0.5776 0.7862 -0.2198
vn 0.4038 0.7878 -0.4651
vn 0.5838 0.7789 -0.2291
vn 0.5342 0.7514 -0.3873
vn 0.6288 0.7347 -0.2546
vn 0.6497 0.7112 -0.2684
vn 0.6896 0.6850 -0.2348
vn 0.5152 0.8350 0.1934
vn 0.6862 0.7084 0.1652
vn 0.7609 0.6426 0.0900
vn 0.7185 0.6951 -0.0253
vn 0.6500 0.7349 -0.1935
vn 0.6916 0.6850 -0.2290
vn 0.5015 0.8601 0.0938
vn 0.4797 0.8533 0.2043
vn 0.4675 0.8733 -0.1370
vn 0.3044 0.9037 -0.3012
vn 0.2294 0.9197 -0.3185
vn -0.3201 0.9391 0.1251
vn -0.1338 0.9441 0.3012
vn -0.3252 0.9328 0.1553
vn -0.0673 0.9313 0.3580
vn -0.3465 0.9193 0.1867
vn -0.1032 0.9219 0.3734
vn -0.3692 0.9042 0.2145
vn -0.2023 0.9063 0.3712
vn -0.3841 0.8933 0.2335
vn -0.3267 0.8842 0.3338
vn -0.4064 0.8820 0.2387
vn -0.4127 0.8708 0.2672
vn -0.4201 0.8742 0.2434
vn -0.4212 0.8732 0.2451
vn -0.4028 0.9087 -0.1097
vn -0.5148 0.8536 -0.0799
vn -0.6016 0.7984 -0.0261
vn -0.6019 0.7970 0.0500
vn -0.5258 0.8419 0.1215
vn -0.4419 0.8746 0.1996
vn -0.3844 0.9224 -0.0371
vn -0.3662 0.9225 -0.1216
vn -0.3510 0.9260 0.1394
vn -0.2194 0.9503 0.2209
vn -0.1242 0.9861 0.1102
vn 0.4217 0.8999 -0.1114
vn 0.2987 0.8856 -0.3557
vn 0.5007 0.8517 -0.1546
vn 0.3401 0.8171 -0.4656
vn 0.5998 0.7756 -0.1966
vn 0.4808 0.7286 -0.4878
vn 0.6916 0.6877 -0.2206
vn 0.6334 0.6374 -0.4387
vn 0.7712 0.5933 -0.2306
vn 0.7682 0.5459 -0.3346
vn 0.8148 0.5357 -0.2216
vn 0.8282 0.5101 -0.2323
vn 0.8255 0.5235 -0.2108
vn 0.8270 0.5216 -0.2098
vn 0.4346 0.8921 0.1239
vn 0.5532 0.8217 0.1370
vn 0.6739 0.7255 0.1395
vn 0.7555 0.6511 0.0724
vn 0.8005 0.5975 -0.0472
vn 0.8200 0.5466 -0.1696
vn 0.4101 0.9098 0.0643
vn 0.3827 0.9148 0.1291
vn 0.4245 0.8977 -0.1177
vn 0.3182 0.9182 -0.2360
vn 0.1864 0.9719 -0.1435
vn -0.1321 0.9902 0.0460
vn 0.0566 0.9359 0.3477
vn -0.1362 0.9896 0.0455
vn 0.0387 0.9118 0.4087
vn -0.1668 0.9818 0.0911
vn -0.0791 0.9277 0.3648
vn -0.2303 0.9651 0.1246
vn -0.2154 0.9359 0.2786
vn -0.2819 0.9485 0.1447
vn -0.3110 0.9372 0.1579
vn -0.3024 0.9423 0.1437
vn -0.2116 0.9432 -0.2561
vn -0.2573 0.9159 -0.3081
vn -0.3117 0.9112 -0.2694
vn -0.3534 0.9292 -0.1081
vn -0.3061 0.9484 0.0822
vn -0.3054 0.9419 0.1396
vn -0.2513 0.9593 -0.1291
vn -0.2420 0.9410 -0.2364
vn -0.2036 0.9749 0.0906
vn -0.0156 0.9715 0.2364
vn 0.0775 0.9721 0.2215
vn 0.2532 0.9648 -0.0711
vn 0.1284 0.9397 -0.3170
vn 0.3137 0.9434 -0.1074
vn 0.1656 0.8897 -0.4255
vn 0.4052 0.9026 -0.1456
vn 0.3105 0.8407 -0.4436
vn 0.5029 0.8478 -0.1684
vn 0.4662 0.7945 -0.3892
vn 0.5980 0.7812 -0.1793
vn 0.6075 0.7412 -0.2856
vn 0.6733 0.7196 -0.1701
vn 0.6888 0.7015 -0.1828
vn 0.7056 0.6903 -0.1600
vn 0.7070 0.6887 -0.1608
vn 0.2697 0.9494 0.1611
vn 0.3663 0.9129 0.1801
vn 0.4784 0.8573 0.1902
vn 0.5671 0.8140 0.1260
vn 0.6223 0.7828 0.0060
vn 0.6727 0.7305 -0.1179
vn 0.2570 0.9613 0.0988
vn 0.2306 0.9590 0.1647
vn 0.2688 0.9597 -0.0827
vn 0.1569 0.9678 -0.1970
vn 0.0140 0.9956 -0.0925
vn -0.1204 0.9917 0.0444
vn 0.0726 0.9381 0.3387
vn -0.2310 0.9682 0.0961
vn -0.0232 0.8995 0.4363
vn -0.3017 0.9392 0.1637
vn -0.1694 0.8934 0.4162
vn -0.3204 0.9290 0.1852
vn -0.2746 0.9035 0.3291
vn -0.3223 0.9305 0.1738
vn -0.3476 0.9166 0.1973
vn -0.3233 0.9332 0.1567
vn -0.2133 0.9424 -0.2576
vn -0.3701 0.8931 -0.2557
vn -0.4860 0.8552 -0.1798
vn -0.4916 0.8706 -0.0223
vn -0.3656 0.9229 0.1209
vn -0.3275 0.9323 0.1536
vn -0.1919 0.9673 -0.1661
vn -0.1874 0.9450 -0.2679
vn -0.1364 0.9888 0.0607
vn 0.0482 0.9761 0.2120
vn 0.1334 0.9684 0.2106
vn 0.1645 0.9851 -0.0509
vn 0.0039 0.9303 -0.3668
vn 0.2943 0.9516 -0.0885
vn 0.1381 0.8772 -0.4598
vn 0.4235 0.8941 -0.1456
vn 0.3582 0.8272 -0.4329
vn 0.5300 0.8293 -0.1772
vn 0.5405 0.7723 -0.3338
vn 0.6215 0.7613 -0.1847
vn 0.6479 0.7391 -0.1840
vn 0.6642 0.7293 -0.1640
vn 0.2207 0.9405 0.2582
vn 0.3700 0.8865 0.2778
vn 0.4957 0.8383 0.2270
vn 0.5799 0.8115 0.0712
vn 0.6204 0.7749 -0.1214
vn 0.6648 0.7300 -0.1588
vn 0.2118 0.9635 0.1635
vn 0.1959 0.9442 0.2648
vn 0.1812 0.9811 -0.0673
vn 0.0121 0.9717 -0.2361
vn -0.0743 0.9675 -0.2416
vn -0.0111 0.9961 0.0880
vn 0.1378 0.9417 0.3069
vn -0.1686 0.9807 0.0986
vn 0.0725 0.9192 0.3870
vn -0.2646 0.9464 0.1850
vn -0.0153 0.9036 0.4281
vn -0.3184 0.9151 0.2473
vn -0.1746 0.8863 0.4289
vn -0.3516 0.8955 0.2728
vn -0.3420 0.8707 0.3535
vn -0.3661 0.8912 0.2677
vn -0.3761 0.8857 0.2722
vn -0.1125 0.9731 -0.2011
vn -0.3289 0.9228 -0.2008
vn -0.5193 0.8452 -0.1262
vn -0.5215 0.8526 0.0321
vn -0.4322 0.8891 0.1509
vn -0.3810 0.8943 0.2345
vn -0.0555 0.9795 -0.1936
vn -0.0529 0.9648 -0.2576
vn -0.0334 0.9985 0.0442
vn 0.1019 0.9742 0.2012
vn 0.1716 0.9725 0.1576
vn 0.0798 0.9961 -0.0378
vn -0.1226 0.9413 -0.3146
vn 0.2169 0.9686 -0.1216
vn -0.0308 0.9063 -0.4214
vn 0.3356 0.9102 -0.2427
vn 0.1582 0.8708 -0.4655
vn 0.4075 0.8567 -0.3164
vn 0.3330 0.8261 -0.4547
vn 0.4446 0.8227 -0.3542
vn 0.4660 0.8024 -0.3729
vn 0.4654 0.8073 -0.3628
vn 0.1904 0.9441 0.2691
vn 0.4054 0.8884 0.2155
vn 0.5650 0.8220 0.0722
vn 0.5886 0.7971 -0.1351
vn 0.4872 0.8183 -0.3048
vn 0.4694 0.8064 -0.3598
vn 0.1506 0.9715 0.1830
vn 0.1466 0.9462 0.2885
vn 0.0897 0.9950 -0.0431
vn -0.0937 0.9767 -0.1929
vn -0.1743 0.9647 -0.1974
vn 0.0448 0.9988 -0.0207
vn 0.1671 0.9620 0.2159
vn -0.1209 0.9901 0.0709
vn 0.0562 0.9318 0.3586
vn -0.2907 0.9413 0.1717
vn -0.1253 0.8962 0.4256
vn -0.4045 0.8835 0.2364
vn -0.2927 0.8568 0.4245
vn -0.4665 0.8435 0.2661
vn -0.4352 0.8223 0.3667
vn -0.5048 0.8220 0.2636
vn -0.5249 0.8015 0.2864
vn -0.5163 0.8165 0.2584
vn -0.5188 0.8147 0.2591
vn 0.0004 0.9675 -0.2527
vn -0.2332 0.9487 -0.2137
vn -0.4697 0.8720 -0.1378
vn -0.5858 0.8103 -0.0143
vn -0.5855 0.8019 0.1188
vn -0.5360 0.8140 0.2239
vn 0.0950 0.9711 -0.2191
vn 0.1107 0.9543 -0.2774
vn 0.0923 0.9952 -0.0330
vn 0.2043 0.9751 0.0858
vn 0.3334 0.9428 -0.0071
vn 0.0506 0.9987 -0.0024
vn -0.0923 0.9653 -0.2443
vn 0.1929 0.9781 -0.0784
vn 0.0226 0.9194 -0.3927
vn 0.3747 0.9159 -0.1440
vn 0.2682 0.8547 -0.4445
vn 0.5424 0.8197 -0.1840
vn 0.4976 0.7686 -0.4020
vn 0.6749 0.7091 -0.2044
vn 0.6695 0.6767 -0.3063
vn 0.7411 0.6400 -0.2029
vn 0.7534 0.6203 -0.2182
vn 0.7554 0.6257 -0.1947
vn 0.7571 0.6239 -0.1939
vn 0.1050 0.9706 0.2167
vn 0.2715 0.9414 0.2003
vn 0.4532 0.8719 0.1857
vn 0.6025 0.7899 0.1143
vn 0.7047 0.7094 -0.0141
vn 0.7490 0.6455 -0.1494
vn 0.0354 0.9824 0.1832
vn 0.0268 0.9702 0.2407
vn 0.0211 0.9998 -0.0014
vn -0.1057 0.9889 -0.1046
vn -0.2383 0.9710 0.0211
vn 0.1802 0.9834 -0.0216
vn 0.2941 0.9075 0.3001
vn -0.0358 0.9983 0.0461
vn 0.1173 0.9098 0.3981
vn -0.2210 0.9641 0.1470
vn -0.1073 0.9074 0.4063
vn -0.3272 0.9215 0.2091
vn -0.2894 0.8870 0.3597
vn -0.3666 0.9026 0.2254
vn -0.3980 0.8847 0.2427
vn -0.3732 0.9022 0.2160
vn 0.1278 0.9312 -0.3413
vn -0.1486 0.9336 -0.3260
vn -0.3789 0.8999 -0.2158
vn -0.4674 0.8840 -0.0106
vn -0.3973 0.9024 0.1667
vn -0.3764 0.9019 0.2119
vn 0.1917 0.9444 -0.2670
vn 0.2065 0.9091 -0.3617
vn 0.2091 0.9775 -0.0279
vn 0.3397 0.9256 0.1668
vn 0.4070 0.8924 0.1946
vn -0.1115 0.9903 0.0833
vn -0.3194 0.9250 -0.2057
vn -0.0039 0.9995 0.0322
vn -0.1995 0.9239 -0.3267
vn 0.1112 0.9930 -0.0399
vn 0.0321 0.9425 -0.3326
vn 0.2346 0.9673 -0.0965
vn 0.2419 0.9361 -0.2552
vn 0.3128 0.9424 -0.1186
vn 0.3474 0.9292 -0.1262
vn 0.3252 0.9391 -0.1111
vn 0.0199 0.9319 0.3621
vn 0.1491 0.9195 0.3638
vn 0.2473 0.9195 0.3055
vn 0.3189 0.9365 0.1455
vn 0.3259 0.9438 -0.0543
vn 0.3271 0.9390 -0.1064
vn -0.0048 0.9634 0.2680
vn 0.0088 0.9305 0.3662
vn -0.0908 0.9943 0.0550
vn -0.2878 0.9548 -0.0744
vn -0.3709 0.9268 -0.0591
vn 0.3340 0.9426 0.0061
vn 0.3504 0.8676 0.3528
vn 0.1635 0.9865 0.0085
vn 0.1789 0.8992 0.3992
vn 0.0009 0.9992 0.0403
vn -0.0046 0.9452 0.3265
vn -0.1188 0.9910 0.0612
vn -0.1493 0.9656 0.2128
vn -0.1771 0.9820 0.0657
vn -0.2137 0.9744 0.0702
vn -0.1827 0.9816 0.0562
vn 0.3534 0.8830 -0.3088
vn 0.1538 0.9150 -0.3729
vn -0.0383 0.9368 -0.3478
vn -0.1735 0.9651 -0.1963
vn -0.1848 0.9828 -0.0005
vn -0.1842 0.9815 0.0512
vn 0.3710 0.9023 -0.2196
vn 0.4020 0.8622 -0.3084
vn 0.3378 0.9411 0.0129
vn 0.4168 0.8792 0.2308
vn 0.4775 0.8365 0.2689
vn -0.0829 0.9965 -0.0123
vn -0.2800 0.9379 -0.2048
vn 0.1202 0.9886 -0.0904
vn -0.1562 0.9182 -0.3640
vn 0.2857 0.9274 -0.2415
vn 0.0285 0.8692 -0.4936
vn 0.4480 0.8059 -0.3870
vn 0.3007 0.7649 -0.5696
vn 0.5630 0.6856 -0.4614
vn 0.5507 0.6442 -0.5308
vn 0.5892 0.6549 -0.4732
vn 0.5986 0.6473 -0.4720
vn 0.0793 0.9692 0.2330
vn 0.3049 0.9352 0.1798
vn 0.5157 0.8533 0.0770
vn 0.6126 0.7771 -0.1445
vn 0.6256 0.7067 -0.3303
vn 0.5990 0.6656 -0.4451
vn 0.0108 0.9655 0.2601
vn 0.0279 0.9485 0.3154
vn -0.0799 0.9961 0.0362
vn -0.2523 0.9641 -0.0829
vn -0.3081 0.9512 -0.0149
vn 0.3333 0.9305 0.1520
vn 0.2673 0.8693 0.4159
vn 0.2243 0.9732 0.0514
vn 0.1382 0.8951 0.4239
vn 0.0941 0.9950 0.0346
vn 0.0295 0.9248 0.3793
vn -0.0255 0.9992 0.0297
vn -0.0930 0.9645 0.2472
vn -0.1203 0.9927 0.0090
vn -0.1780 0.9820 0.0636
vn -0.1465 0.9892 -0.0009
vn -0.1567 0.9876 -0.0075
vn 0.4358 0.8915 -0.1237
vn 0.3139 0.9114 -0.2662
vn 0.1473 0.9197 -0.3640
vn 0.0111 0.9627 -0.2703
vn -0.0723 0.9887 -0.1313
vn -0.1315 0.9909 -0.0298
vn 0.4640 0.8816 -0.0870
vn 0.4963 0.8577 -0.1341
vn 0.3422 0.9329 0.1126
vn 0.3304 0.8886 0.3183
vn 0.4123 0.8512 0.3247
vn 0.2329 0.9638 0.1300
vn 0.1074 0.8869 0.4493
vn 0.0217 0.9935 0.1117
vn -0.0301 0.8855 0.4637
vn -0.1472 0.9865 0.0711
vn -0.1906 0.9533 0.2343
vn -0.2384 0.9707 0.0303
vn -0.2648 0.9640 0.0245
vn 0.3484 0.9095 -0.2268
vn 0.0628 0.9431 -0.3265
vn -0.1307 0.9730 -0.1900
vn -0.1947 0.9791 -0.0588
vn 0.2889 0.9473 0.1382
vn 0.2148 0.9100 0.3547
vn 0.1730 0.8591 0.4817
vn 0.3757 0.9266 -0.0188
vn 0.4408 0.8910 -0.1087
vn 0.2877 0.9321 -0.2199
vn 0.1096 0.8709 -0.4791
vn 0.5528 0.7605 -0.3407
vn 0.3549 0.7341 -0.5789
vn 0.5852 0.6884 -0.4285
vn 0.4501 0.8892 0.0822
vn 0.7009 0.7106 -0.0613
vn 0.6602 0.6836 -0.3111
vn 0.2520 0.9674 -0.0258
vn 0.2857 0.9556 0.0715
vn 0.1732 0.9694 -0.1739
vn 0.0516 0.9513 -0.3041
vn -0.0261 0.9305 -0.3654
vn 0.0371 0.9990 0.0243
vn -0.0312 0.9437 0.3294
vn -0.2137 0.9750 -0.0607
vn -0.2484 0.9386 0.2393
vn -0.2916 0.9564 -0.0142
vn 0.1060 0.9437 -0.3133
vn -0.1636 0.9133 -0.3729
vn -0.2733 0.9500 -0.1512
vn 0.1620 0.9815 -0.1021
vn 0.1990 0.9608 -0.1931
vn 0.1191 0.9915 0.0526
vn 0.1103 0.9669 0.2302
vn 0.1204 0.9389 0.3225
vn 0.1211 0.9850 -0.1232
vn -0.0787 0.9286 -0.3626
vn 0.3113 0.9242 -0.2212
vn 0.0989 0.8885 -0.4482
vn 0.3076 0.8987 -0.3127
vn 0.3259 0.9326 0.1548
vn 0.4973 0.8671 0.0281
vn 0.3954 0.8955 -0.2045
vn 0.1642 0.9859 0.0337
vn 0.2042 0.9714 0.1209
vn 0.0800 0.9924 -0.0939
vn -0.0549 0.9760 -0.2107
vn -0.1365 0.9578 -0.2531
vn 0.1087 0.9934 0.0376
vn 0.0269 0.9400 0.3401
vn -0.0937 0.9941 -0.0546
vn -0.1585 0.9558 0.2477
vn -0.1683 0.9857 0.0038
vn 0.1866 0.9374 -0.2940
vn -0.0270 0.9330 -0.3590
vn -0.1366 0.9816 -0.1335
vn 0.2050 0.9743 -0.0938
vn 0.2422 0.9536 -0.1788
vn 0.1605 0.9857 0.0514
vn 0.1480 0.9621 0.2290
vn 0.1606 0.9344 0.3179
vn 0.1405 0.9758 -0.1677
vn -0.0804 0.9174 -0.3898
vn 0.3443 0.8868 -0.3085
vn 0.1116 0.8542 -0.5078
vn 0.3435 0.8514 -0.3963
vn 0.3628 0.9273 0.0917
vn 0.5544 0.8292 -0.0719
vn 0.4431 0.8450 -0.2994
vn 0.1770 0.9842 0.0029
vn 0.2259 0.9703 0.0860
vn 0.0785 0.9899 -0.1184
vn -0.0671 0.9728 -0.2219
vn -0.1535 0.9537 -0.2587
vn 0.1449 0.9877 0.0585
vn 0.0397 0.9346 0.3535
vn -0.0131 0.9995 -0.0295
vn -0.0976 0.9598 0.2633
vn -0.0691 0.9971 0.0317
vn 0.2432 0.9320 -0.2686
vn 0.0672 0.9398 -0.3352
vn -0.0343 0.9941 -0.1033
vn 0.2297 0.9706 -0.0720
vn 0.2725 0.9501 -0.1518
vn 0.1757 0.9823 0.0652
vn 0.1503 0.9588 0.2410
vn 0.1586 0.9311 0.3285
vn 0.0540 0.9948 -0.0863
vn -0.1771 0.9394 -0.2935
vn 0.1846 0.9663 -0.1794
vn -0.0524 0.9286 -0.3674
vn 0.1480 0.9586 -0.2431
vn 0.3017 0.9410 0.1530
vn 0.4256 0.9044 0.0284
vn 0.2582 0.9532 -0.1575
vn 0.1400 0.9892 0.0432
vn 0.1902 0.9744 0.1197
vn 0.0426 0.9970 -0.0647
vn -0.1085 0.9813 -0.1589
vn -0.1945 0.9636 -0.1837
vn 0.0864 0.9949 0.0520
vn -0.0348 0.9403 0.3385
vn -0.0921 0.9943 -0.0539
vn -0.1851 0.9553 0.2307
vn -0.1616 0.9868 -0.0130
vn 0.2094 0.9400 -0.2694
vn 0.0048 0.9347 -0.3554
vn -0.1211 0.9820 -0.1450
vn 0.1946 0.9786 -0.0673
vn 0.2448 0.9586 -0.1455
vn 0.1292 0.9893 0.0682
vn 0.0913 0.9660 0.2418
vn 0.0916 0.9392 0.3310
vn 0.1385 0.9713 -0.1935
vn -0.1030 0.9137 -0.3931
vn 0.3200 0.8825 -0.3447
vn 0.0690 0.8507 -0.5211
vn 0.3064 0.8466 -0.4352
vn 0.3864 0.9213 0.0425
vn 0.5516 0.8242 -0.1280
vn 0.4146 0.8407 -0.3482
vn 0.1966 0.9798 -0.0357
vn 0.2513 0.9670 0.0419
vn 0.0898 0.9852 -0.1458
vn -0.0647 0.9699 -0.2349
vn -0.1540 0.9528 -0.2618
vn 0.0419 0.9783 0.2027
vn 0.3280 0.9392 0.1015
vn 0.0350 0.9731 0.2278
vn 0.2823 0.9444 0.1683
vn 0.6588 0.7523 0.0106
vn 0.5300 0.8380 0.1296
vn -0.2777 0.9331 0.2286
vn -0.2233 0.9393 0.2605
vn -0.5975 0.7460 0.2939
vn -0.4601 0.8158 0.3504
vn 0.0191 0.9738 0.2267
vn 0.0792 0.9723 0.2197
vn 0.0049 0.9741 0.2260
vn -0.1157 0.9632 0.2426
vn 0.2401 0.9556 0.1708
vn -0.0093 0.9810 0.1940
vn -0.2662 0.9147 0.3041
vn -0.0596 0.9685 0.2420
vn -0.0432 0.9817 0.1853
vn 0.1198 0.9771 0.1758
vn -0.0105 0.9808 0.1947
vn -0.7829 0.1458 0.6048
vn -0.7736 0.1578 0.6137
vn -0.7628 0.6461 0.0279
vn -0.7510 0.6589 0.0431
vn -0.2924 0.7772 -0.5572
vn -0.2904 0.7838 -0.5490
vn 0.3543 0.4645 -0.8116
vn 0.3448 0.4568 -0.8201
vn 0.8023 -0.1118 -0.5864
vn 0.7836 -0.1365 -0.6060
vn 0.7874 -0.6164 -0.0095
vn 0.7628 -0.6461 -0.0278
vn 0.3147 -0.7505 0.5811
vn 0.2930 -0.7672 0.5705
vn -0.3373 -0.4336 0.8356
vn -0.3439 -0.4318 0.8339
vn -0.7561 0.1759 0.6304
vn -0.7242 0.6864 0.0658
vn -0.2722 0.7987 -0.5366
vn 0.3391 0.4464 -0.8281
vn 0.7536 -0.1686 -0.6353
vn 0.7247 -0.6858 -0.0671
vn 0.2671 -0.7973 0.5412
vn -0.3471 -0.4384 0.8290
vn -0.7514 0.1796 0.6349
vn -0.7034 0.7062 0.0811
vn -0.2442 0.8200 -0.5176
vn 0.3571 0.4581 -0.8140
vn 0.7523 -0.1695 -0.6366
vn 0.7100 -0.6989 -0.0860
vn 0.2509 -0.8180 0.5176
vn -0.3562 -0.4532 0.8171
vn -0.7581 0.1734 0.6287
vn -0.6924 0.7155 0.0933
vn -0.2216 0.8410 -0.4936
vn 0.3794 0.4791 -0.7915
vn 0.7621 -0.1608 -0.6271
vn 0.7013 -0.7067 -0.0933
vn 0.2291 -0.8361 0.4984
vn -0.3768 -0.4705 0.7979
vn -0.7546 0.1758 0.6322
vn -0.6758 0.7283 0.1129
vn -0.2036 0.8585 -0.4706
vn 0.3888 0.4901 -0.7802
vn 0.7563 -0.1656 -0.6329
vn 0.6801 -0.7246 -0.1113
vn 0.2030 -0.8548 0.4775
vn -0.3921 -0.4799 0.7848
vn -0.7524 0.1769 0.6345
vn -0.6574 0.7427 0.1278
vn -0.1781 0.8744 -0.4513
vn 0.4051 0.4985 -0.7665
vn 0.7543 -0.1670 -0.6350
vn 0.6645 -0.7357 -0.1310
vn 0.1846 -0.8726 0.4523
vn -0.4040 -0.4936 0.7702
vn -0.7586 0.1706 0.6289
vn -0.6503 0.7471 0.1376
vn -0.1610 0.8873 -0.4321
vn 0.4232 0.5109 -0.7482
vn 0.7621 -0.1631 -0.6265
vn 0.6567 -0.7417 -0.1364
vn 0.1667 -0.8845 0.4358
vn -0.4204 -0.5060 0.7531
vn -0.7642 0.1424 0.6291
vn -0.6981 0.7082 0.1055
vn -0.2069 0.8499 -0.4845
vn 0.4106 0.4769 -0.7772
vn 0.7784 -0.1751 -0.6029
vn 0.6921 -0.7172 -0.0815
vn 0.2158 -0.8483 0.4835
vn -0.3815 -0.4988 0.7782
vn -0.7836 0.1221 0.6092
vn -0.7864 0.6175 0.0126
vn -0.3086 0.7420 -0.5952
vn 0.3561 0.4150 -0.8372
vn 0.8016 -0.1535 -0.5778
vn 0.7808 -0.6247 0.0123
vn 0.3211 -0.7387 0.5926
vn -0.3199 -0.4361 0.8411
vn -0.8068 0.0949 0.5831
vn -0.8580 0.5090 -0.0694
vn -0.3892 0.6190 -0.6821
vn 0.3127 0.3568 -0.8803
vn 0.8235 -0.1123 -0.5562
vn 0.8555 -0.5105 0.0867
vn 0.4020 -0.6149 0.6784
vn -0.2807 -0.3686 0.8862
vn -0.8555 0.0557 0.5149
vn -0.8556 0.5060 -0.1092
vn -0.3720 0.6569 -0.6558
vn 0.3151 0.4537 -0.8336
vn 0.8372 -0.0008 -0.5470
vn 0.8816 -0.4682 0.0598
vn 0.3980 -0.6592 0.6380
vn -0.3313 -0.4409 0.8341
vn -0.9160 -0.0557 0.3972
vn -0.7936 0.6075 -0.0333
vn -0.2128 0.8826 -0.4192
vn 0.4400 0.6936 -0.5703
vn 0.8869 0.1537 -0.4357
vn 0.8546 -0.5184 -0.0291
vn 0.2659 -0.8724 0.4102
vn -0.4646 -0.6701 0.5789
vn -0.9562 -0.1654 0.2416
vn -0.7603 0.6416 0.1016
vn -0.0888 0.9921 -0.0883
vn 0.5456 0.8106 -0.2127
vn 0.9423 0.2318 -0.2418
vn 0.8082 -0.5765 -0.1200
vn 0.1181 -0.9888 0.0910
vn -0.5586 -0.7982 0.2257
vn -0.9785 -0.2046 0.0259
vn -0.7419 0.6226 0.2487
vn -0.9726 -0.1990 0.1198
vn -0.7512 0.6318 0.1910
vn 0.0036 0.9592 0.2829
vn -0.0354 0.9908 0.1305
vn 0.6025 0.7780 0.1782
vn 0.5870 0.8094 0.0156
vn 0.9718 0.2353 -0.0127
vn 0.9651 0.2364 -0.1125
vn 0.7733 -0.5883 -0.2364
vn 0.7827 -0.5930 -0.1890
vn 0.0111 -0.9598 -0.2803
vn 0.0513 -0.9902 -0.1297
vn -0.6081 -0.7748 -0.1729
vn -0.5948 -0.8038 -0.0109
vn -0.7930 -0.4719 0.3853
vn -0.6368 0.1593 0.7544
vn -0.9775 -0.2016 -0.0624
vn -0.7364 0.6071 0.2985
vn -0.0176 0.3190 0.9476
vn 0.0360 0.9086 0.4162
vn 0.4050 0.1599 0.9002
vn 0.6057 0.7289 0.3191
vn 0.7101 -0.1971 0.6759
vn 0.9708 0.2263 0.0794
vn 0.5497 -0.7914 0.2674
vn 0.7651 -0.5785 -0.2826
vn -0.1088 -0.9840 0.1413
vn -0.0262 -0.9112 -0.4111
vn -0.5066 -0.8340 0.2188
vn -0.6116 -0.7274 -0.3112
vn 0.0355 0.9992 -0.0198
vn -0.1704 0.9421 -0.2890
vn 0.1597 0.9827 -0.0933
vn -0.0959 0.9183 -0.3841
vn 0.2558 0.9500 -0.1788
vn 0.0874 0.9077 -0.4105
vn 0.3019 0.9298 -0.2105
vn 0.2660 0.8924 -0.3645
vn 0.3846 0.8903 -0.2440
vn 0.4090 0.8753 -0.2579
vn 0.4781 0.8409 -0.2536
vn 0.1630 0.9446 0.2850
vn 0.3710 0.9007 0.2262
vn 0.4908 0.8632 0.1183
vn 0.4816 0.8757 -0.0335
vn 0.4218 0.8858 -0.1934
vn 0.4796 0.8410 -0.2506
vn 0.1158 0.9725 0.2023
vn 0.1147 0.9441 0.3092
vn 0.0448 0.9987 -0.0256
vn -0.1380 0.9749 -0.1745
vn -0.2135 0.9591 -0.1856
vn 0.1060 0.9935 -0.0415
vn -0.0269 0.9527 -0.3026
vn 0.3014 0.9470 -0.1109
vn 0.1220 0.9069 -0.4033
vn 0.4659 0.8648 -0.1873
vn 0.3296 0.8257 -0.4579
vn 0.6230 0.7496 -0.2234
vn 0.5810 0.6995 -0.4162
vn 0.7394 0.6343 -0.2256
vn 0.7468 0.5826 -0.3208
vn 0.8156 0.5489 -0.1828
vn 0.8392 0.5013 -0.2109
vn 0.8474 0.5117 -0.1416
vn 0.8679 0.4832 -0.1152
vn 0.1180 0.9687 0.2183
vn 0.3838 0.9063 0.1771
vn 0.5993 0.7890 0.1350
vn 0.7289 0.6825 0.0538
vn 0.7990 0.5998 -0.0429
vn 0.8266 0.5524 -0.1081
vn 0.0702 0.9967 -0.0415
vn -0.0755 0.9752 -0.2078
vn -0.1116 0.9502 -0.2910
vn 0.0871 0.9879 0.1285
vn 0.0354 0.9716 0.2338
vn 0.0447 0.9986 0.0284
vn 0.2899 0.9415 0.1719
vn -0.1851 0.9574 0.2214
vn 0.1548 0.8956 0.4170
vn -0.3720 0.8000 0.4708
vn -0.0572 0.7568 0.6511
vn -0.5187 0.5795 0.6286
vn -0.3220 0.5451 0.7741
vn -0.6554 0.3274 0.6807
vn -0.6190 0.2931 0.7287
vn -0.7938 0.1690 0.5843
vn -0.7782 0.1503 0.6098
vn -0.1740 0.9721 -0.1570
vn -0.4191 0.9079 -0.0073
vn -0.6474 0.7383 0.1889
vn -0.7071 0.5654 0.4246
vn -0.7247 0.3785 0.5758
vn -0.8481 0.2004 0.4905
vn -0.1094 0.9573 -0.2675
vn -0.1394 0.9435 -0.3005
vn 0.0611 0.9970 -0.0476
vn 0.2649 0.9636 0.0362
vn 0.2976 0.9542 -0.0299
vn 0.0573 0.9896 -0.1317
vn 0.3543 0.9321 0.0747
vn -0.1540 0.9817 0.1120
vn 0.1612 0.9182 0.3619
vn -0.3360 0.8829 0.3280
vn -0.1301 0.8350 0.5346
vn -0.4721 0.7519 0.4602
vn -0.3868 0.7134 0.5844
vn -0.5917 0.6057 0.5320
vn -0.6013 0.5888 0.5401
vn -0.6906 0.5180 0.5047
vn -0.1586 0.9269 -0.3401
vn -0.4004 0.9007 -0.1684
vn -0.5782 0.8149 0.0404
vn -0.6373 0.7175 0.2811
vn -0.6216 0.6119 0.4890
vn -0.6933 0.5185 0.5005
vn -0.0499 0.9342 -0.3533
vn -0.0964 0.9016 -0.4216
vn 0.1168 0.9770 -0.1787
vn 0.3471 0.9313 -0.1107
vn 0.4188 0.8966 -0.1440
vn 0.1132 0.9861 -0.1212
vn -0.0232 0.9333 -0.3583
vn 0.3384 0.9287 -0.1517
vn 0.1343 0.8751 -0.4650
vn 0.5360 0.7982 -0.2749
vn 0.3151 0.7762 -0.5461
vn 0.7133 0.5827 -0.3894
vn 0.5849 0.5655 -0.5815
vn 0.8273 0.3593 -0.4318
vn 0.8156 0.3087 -0.4894
vn 0.8873 0.2607 -0.3805
vn 0.8888 0.2398 -0.3906
vn 0.1900 0.9677 0.1658
vn 0.4511 0.8765 0.1681
vn 0.7048 0.7041 0.0872
vn 0.8367 0.5312 -0.1331
vn 0.8736 0.3855 -0.2970
vn 0.9029 0.2766 -0.3291
vn 0.0996 0.9788 0.1789
vn 0.0964 0.9662 0.2390
vn 0.0854 0.9941 -0.0665
vn -0.0451 0.9721 -0.2304
vn -0.1150 0.9751 -0.1898
vn 0.1171 0.9930 -0.0179
vn 0.0029 0.9619 -0.2735
vn 0.3032 0.9488 -0.0882
vn 0.1626 0.8948 -0.4158
vn 0.4821 0.8659 -0.1332
vn 0.4077 0.8013 -0.4378
vn 0.6120 0.7787 -0.1384
vn 0.6049 0.7131 -0.3544
vn 0.7370 0.6659 -0.1159
vn 0.7573 0.6192 -0.2078
vn 0.8693 0.4914 -0.0545
vn 0.8728 0.4836 -0.0659
vn 0.9268 0.3753 -0.0136
vn 0.9277 0.3729 -0.0164
vn 0.1493 0.9670 0.2066
vn 0.3511 0.9153 0.1973
vn 0.5212 0.8291 0.2025
vn 0.6327 0.7585 0.1563
vn 0.7328 0.6770 0.0685
vn 0.8606 0.5093 -0.0037
vn 0.0508 0.9828 0.1775
vn 0.0386 0.9725 0.2297
vn 0.0576 0.9983 -0.0122
vn -0.0548 0.9896 -0.1332
vn -0.1901 0.9811 -0.0371
vn 0.0890 0.9835 -0.1573
vn 0.4227 0.9044 -0.0584
vn -0.0568 0.9853 0.1613
vn 0.3313 0.8933 0.3037
vn -0.2534 0.8061 0.5348
vn -0.0082 0.7252 0.6885
vn -0.4167 0.5632 0.7136
vn -0.3131 0.5007 0.8070
vn -0.5624 0.3517 0.7483
vn -0.5668 0.3393 0.7507
vn -0.6986 0.2173 0.6817
vn -0.2026 0.9349 -0.2914
vn -0.3622 0.9316 -0.0300
vn -0.5250 0.8026 0.2832
vn -0.5968 0.5717 0.5631
vn -0.5909 0.3666 0.7186
vn -0.7043 0.2184 0.6755
vn -0.1038 0.9378 -0.3314
vn -0.1732 0.9040 -0.3909
vn 0.1154 0.9705 -0.2116
vn 0.3514 0.9135 -0.2048
vn 0.4133 0.8800 -0.2340
vn -0.0260 0.9992 -0.0294
vn 0.2279 0.9675 0.1099
vn -0.1743 0.9600 0.2194
vn 0.1511 0.9104 0.3853
vn -0.3250 0.8483 0.4181
vn -0.0615 0.7954 0.6030
vn -0.4857 0.6645 0.5679
vn -0.3165 0.6197 0.7182
vn -0.6182 0.4300 0.6579
vn -0.5517 0.3948 0.7347
vn -0.7062 0.1978 0.6798
vn -0.6981 0.1824 0.6924
vn -0.7272 0.0760 0.6822
vn -0.7198 0.0735 0.6903
vn -0.1985 0.9681 -0.1530
vn -0.3891 0.9208 0.0261
vn -0.5696 0.8024 0.1778
vn -0.6818 0.6477 0.3402
vn -0.7320 0.4509 0.5108
vn -0.7362 0.2236 0.6387
vn -0.0785 0.9578 -0.2765
vn -0.1044 0.9517 -0.2888
vn 0.0572 0.9902 -0.1273
vn 0.2302 0.9678 -0.1015
vn 0.2648 0.9278 -0.2628
vn 0.2996 0.9510 -0.0769
vn 0.1541 0.8963 -0.4159
vn 0.6639 0.7248 -0.1840
vn 0.5137 0.6629 -0.5447
vn 0.9005 0.3521 -0.2551
vn 0.7977 0.2920 -0.5277
vn 0.9539 0.0393 -0.2975
vn 0.9018 -0.0051 -0.4322
vn 0.9269 -0.2271 -0.2989
vn 0.9231 -0.2405 -0.3000
vn 0.8978 -0.3792 -0.2239
vn 0.3420 0.9147 0.2154
vn 0.6720 0.7109 0.2076
vn 0.9255 0.3573 0.1259
vn 0.9987 0.0326 -0.0381
vn 0.9506 -0.2015 -0.2362
vn 0.8998 -0.3774 -0.2188
vn 0.2224 0.9549 0.1969
vn 0.2229 0.9373 0.2680
vn 0.1868 0.9804 -0.0631
vn 0.0222 0.9657 -0.2588
vn -0.0544 0.9585 -0.2798
vn 0.0745 0.9970 -0.0206
vn -0.0259 0.9539 -0.2989
vn 0.3085 0.9498 -0.0520
vn 0.1885 0.9007 -0.3914
vn 0.4807 0.8727 -0.0849
vn 0.4207 0.8123 -0.4040
vn 0.6152 0.7833 -0.0891
vn 0.6307 0.7176 -0.2954
vn 0.7563 0.6515 -0.0590
vn 0.7781 0.6069 -0.1621
vn 0.8935 0.4489 -0.0091
vn 0.9135 0.4053 -0.0347
vn 0.9501 0.3055 0.0631
vn 0.9526 0.2875 0.0991
vn 0.0560 0.9715 0.2302
vn 0.3185 0.9181 0.2358
vn 0.4964 0.8296 0.2558
vn 0.6144 0.7595 0.2135
vn 0.7383 0.6606 0.1364
vn 0.8577 0.5087 0.0752
vn 0.0287 0.9994 -0.0208
vn -0.1022 0.9741 -0.2018
vn -0.1315 0.9495 -0.2848
vn 0.0232 0.9891 0.1454
vn -0.0334 0.9710 0.2368
vn 0.0973 0.9922 -0.0784
vn 0.3380 0.9388 0.0663
vn -0.1358 0.9838 0.1171
vn 0.1938 0.9255 0.3253
vn -0.2982 0.8895 0.3463
vn 0.0112 0.8466 0.5320
vn -0.4189 0.7411 0.5247
vn -0.2347 0.7060 0.6682
vn -0.5226 0.5656 0.6379
vn -0.4869 0.5279 0.6959
vn -0.6169 0.4658 0.6343
vn -0.6086 0.4514 0.6526
vn -0.1176 0.9564 -0.2673
vn -0.3733 0.9215 -0.1069
vn -0.5845 0.8076 0.0785
vn -0.6303 0.7055 0.3242
vn -0.6091 0.5996 0.5192
vn -0.6670 0.4824 0.5678
vn -0.0360 0.9314 -0.3622
vn -0.0663 0.9138 -0.4006
vn 0.1184 0.9791 -0.1655
vn 0.3175 0.9444 -0.0852
vn 0.3516 0.9210 -0.1676
vn 0.3089 0.9469 -0.0890
vn 0.1559 0.8887 -0.4311
vn 0.6579 0.7302 -0.1842
vn 0.5182 0.6465 -0.5599
vn 0.8963 0.3814 -0.2264
vn 0.8208 0.2843 -0.4954
vn 0.9785 -0.0346 -0.2034
vn 0.9355 -0.0964 -0.3399
vn 0.9199 -0.3696 -0.1307
vn 0.9133 -0.3873 -0.1260
vn 0.8810 -0.4711 -0.0442
vn 0.3704 0.9080 0.1957
vn 0.6628 0.7240 0.1913
vn 0.8918 0.4247 0.1561
vn 0.9989 0.0136 0.0453
vn 0.9395 -0.3338 -0.0770
vn 0.8826 -0.4686 -0.0389
vn 0.2294 0.9521 0.2022
vn 0.2375 0.9342 0.2662
vn 0.1779 0.9821 -0.0616
vn 0.0055 0.9675 -0.2530
vn -0.0661 0.9585 -0.2774
vn 0.1760 0.9838 -0.0350
vn 0.0898 0.9413 -0.3254
vn 0.6444 0.7622 -0.0624
vn 0.5368 0.7356 -0.4132
vn 0.9160 0.3983 -0.0487
vn 0.8531 0.3660 -0.3719
vn 0.9987 0.0470 0.0182
vn 0.9801 0.0037 -0.1986
vn 0.9672 -0.2383 0.0875
vn 0.9591 -0.2827 -0.0173
vn 0.8469 -0.5088 0.1544
vn 0.8229 -0.5518 0.1351
vn 0.7230 -0.6439 0.2503
vn 0.7036 -0.6463 0.2952
vn 0.1334 0.9686 0.2100
vn 0.6117 0.7584 0.2251
vn 0.8749 0.3798 0.3005
vn 0.9446 0.0619 0.3223
vn 0.9384 -0.2010 0.2811
vn 0.8782 -0.4182 0.2319
vn 0.0098 0.9998 -0.0158
vn -0.1108 0.9728 -0.2035
vn -0.1266 0.9464 -0.2970
vn 0.0049 0.9874 0.1583
vn -0.0450 0.9691 0.2424
vn 0.1148 0.9885 -0.0986
vn 0.3626 0.9315 0.0279
vn -0.1029 0.9861 0.1301
vn 0.2472 0.9225 0.2965
vn -0.2383 0.8978 0.3705
vn 0.0907 0.8486 0.5212
vn -0.3279 0.7719 0.5447
vn -0.1303 0.7296 0.6714
vn -0.4332 0.5944 0.6775
vn -0.3940 0.5573 0.7309
vn -0.5405 0.4788 0.6918
vn -0.5308 0.4636 0.7094
vn -0.1218 0.9560 -0.2670
vn -0.3680 0.9276 -0.0637
vn -0.5580 0.8172 0.1445
vn -0.5605 0.7405 0.3709
vn -0.5259 0.6359 0.5649
vn -0.5949 0.4981 0.6309
vn -0.0495 0.9241 -0.3789
vn -0.0836 0.9065 -0.4138
vn 0.1269 0.9739 -0.1883
vn 0.3291 0.9368 -0.1186
vn 0.3573 0.9149 -0.1880
vn 0.0564 0.9953 -0.0787
vn 0.2955 0.9544 0.0420
vn -0.0488 0.9883 0.1446
vn 0.2687 0.9275 0.2601
vn -0.1497 0.9119 0.3821
vn 0.1468 0.8697 0.4712
vn -0.2569 0.7401 0.6215
vn -0.0421 0.7148 0.6980
vn -0.3560 0.4588 0.8141
vn -0.2599 0.4335 0.8629
vn -0.4519 0.1267 0.8830
vn -0.4378 0.1202 0.8910
vn -0.4775 -0.0312 0.8781
vn -0.4675 -0.0331 0.8834
vn -0.1264 0.9667 -0.2227
vn -0.3138 0.9495 -0.0084
vn -0.4713 0.8500 0.2353
vn -0.5255 0.6957 0.4897
vn -0.5096 0.4785 0.7151
vn -0.4919 0.1566 0.8564
vn -0.0013 0.9465 -0.3228
vn -0.0267 0.9338 -0.3569
vn 0.1248 0.9776 -0.1692
vn 0.2885 0.9484 -0.1314
vn 0.3293 0.9116 -0.2462
vn 0.0907 0.9922 -0.0852
vn -0.0017 0.9366 -0.3504
vn 0.4197 0.9025 -0.0965
vn 0.2884 0.8454 -0.4495
vn 0.6931 0.6991 -0.1759
vn 0.5424 0.6736 -0.5021
vn 0.8401 0.4801 -0.2525
vn 0.7584 0.4594 -0.4623
vn 0.9207 0.2578 -0.2930
vn 0.9034 0.2290 -0.3624
vn 0.9586 0.1222 -0.2573
vn 0.9548 0.1077 -0.2769
vn 0.1206 0.9729 0.1973
vn 0.4480 0.8608 0.2416
vn 0.7502 0.6243 0.2177
vn 0.8986 0.4364 0.0462
vn 0.9466 0.2889 -0.1431
vn 0.9738 0.1335 -0.1839
vn -0.0083 0.9724 0.2331
vn -0.0096 0.9607 0.2775
vn 0.0156 0.9993 -0.0353
vn -0.0873 0.9692 -0.2301
vn -0.1644 0.9668 -0.1957
vn 0.2309 0.9710 -0.0614
vn 0.0820 0.9153 -0.3943
vn 0.6704 0.7178 -0.1879
vn 0.5072 0.6512 -0.5645
vn 0.9317 0.2702 -0.2427
vn 0.8412 0.1713 -0.5129
vn 0.9685 -0.1001 -0.2280
vn 0.9174 -0.1720 -0.3588
vn 0.9057 -0.3914 -0.1627
vn 0.9028 -0.3979 -0.1632
vn 0.8448 -0.5350 -0.0040
vn 0.3002 0.9241 0.2365
vn 0.6855 0.7048 0.1825
vn 0.9348 0.3304 0.1304
vn 0.9980 -0.0591 0.0217
vn 0.9304 -0.3496 -0.1104
vn 0.8477 -0.5305 0.0044
vn 0.0962 0.9622 0.2548
vn 0.1011 0.9421 0.3198
vn 0.0512 0.9986 -0.0153
vn -0.0960 0.9711 -0.2183
vn -0.1549 0.9530 -0.2602
vn 0.0554 0.9943 -0.0914
vn 0.3452 0.9302 0.1247
vn -0.1994 0.9644 0.1739
vn 0.1098 0.8869 0.4488
vn -0.4625 0.7733 0.4336
vn -0.2968 0.6810 0.6694
vn -0.6697 0.4745 0.5712
vn -0.6005 0.4030 0.6906
vn -0.7746 0.2072 0.5976
vn -0.7784 0.1891 0.5986
vn -0.8385 0.0936 0.5368
vn -0.1675 0.9391 -0.3001
vn -0.4141 0.9030 -0.1146
vn -0.6337 0.7673 0.0982
vn -0.7939 0.4951 0.3530
vn -0.8038 0.2417 0.5436
vn -0.8419 0.0963 0.5310
vn -0.0444 0.9335 -0.3558
vn -0.0879 0.9057 -0.4147
vn 0.1336 0.9772 -0.1651
vn 0.3604 0.9299 -0.0727
vn 0.4304 0.8994 -0.0762
vn 0.0339 0.9992 0.0193
vn -0.0597 0.9670 -0.2478
vn 0.3847 0.9187 -0.0891
vn 0.2409 0.8730 -0.4241
vn 0.6897 0.7084 -0.1502
vn 0.5818 0.6693 -0.4621
vn 0.8900 0.4304 -0.1506
vn 0.8452 0.3815 -0.3744
vn 0.9886 0.1067 -0.1064
vn 0.9756 0.0626 -0.2106
vn 0.9705 -0.2409 0.0134
vn 0.9700 -0.2431 -0.0067
vn 0.9058 -0.4151 0.0848
vn 0.9048 -0.4197 0.0724
vn 0.0810 0.9691 0.2328
vn 0.4242 0.8832 0.2000
vn 0.7123 0.6744 0.1942
vn 0.8895 0.4319 0.1493
vn 0.9838 0.1648 0.0703
vn 0.9779 -0.2019 0.0538
vn -0.1390 0.9584 0.2494
vn -0.1289 0.9522 0.2770
vn -0.1359 0.9896 0.0468
vn -0.2402 0.9665 -0.0905
vn -0.3573 0.9338 -0.0168
vn 0.1243 0.9661 -0.2263
vn 0.3939 0.9186 0.0315
vn -0.1221 0.9924 -0.0119
vn 0.1329 0.9429 0.3055
vn -0.3504 0.9186 0.1828
vn -0.2050 0.8737 0.4412
vn -0.5383 0.7766 0.3273
vn -0.4845 0.7359 0.4730
vn -0.6960 0.5836 0.4183
vn -0.7064 0.5674 0.4231
vn -0.7828 0.4759 0.4010
vn -0.0655 0.8957 -0.4397
vn -0.3128 0.8937 -0.3216
vn -0.5229 0.8396 -0.1475
vn -0.6538 0.7498 0.1014
vn -0.7129 0.6039 0.3564
vn -0.7852 0.4772 0.3947
vn 0.0371 0.8882 -0.4580
vn -0.0042 0.8573 -0.5148
vn 0.1986 0.9429 -0.2673
vn 0.4250 0.8898 -0.1663
vn 0.4968 0.8470 -0.1891
vn 0.1411 0.9862 -0.0871
vn 0.3552 0.9301 0.0932
vn -0.1068 0.9923 0.0624
vn 0.1900 0.9298 0.3152
vn -0.2747 0.9322 0.2355
vn -0.0004 0.8804 0.4743
vn -0.3975 0.8405 0.3681
vn -0.2467 0.7976 0.5504
vn -0.5131 0.7281 0.4546
vn -0.4982 0.6918 0.5227
vn -0.5909 0.6668 0.4540
vn -0.5931 0.6565 0.4661
vn -0.0463 0.9506 -0.3070
vn -0.3136 0.9305 -0.1894
vn -0.5261 0.8483 -0.0604
vn -0.5746 0.8065 0.1394
vn -0.5735 0.7536 0.3213
vn -0.6171 0.6797 0.3964
vn 0.0448 0.9200 -0.3894
vn 0.0199 0.9017 -0.4318
vn 0.1708 0.9710 -0.1674
vn 0.3534 0.9339 -0.0545
vn 0.3982 0.9090 -0.1229
vn -0.0424 0.9991 0.0026
vn -0.1800 0.9325 -0.3130
vn 0.3326 0.9323 -0.1423
vn 0.1472 0.8599 -0.4888
vn 0.6410 0.7023 -0.3097
vn 0.5214 0.6328 -0.5725
vn 0.8095 0.4262 -0.4037
vn 0.7560 0.3667 -0.5422
vn 0.9029 0.0883 -0.4207
vn 0.9022 0.0833 -0.4232
vn 0.9529 -0.1204 -0.2784
vn 0.0407 0.9490 0.3125
vn 0.4260 0.8758 0.2270
vn 0.7328 0.6765 0.0731
vn 0.8949 0.4137 -0.1674
vn 0.9215 0.1340 -0.3646
vn 0.9556 -0.1152 -0.2712
vn -0.1109 0.9501 0.2917
vn -0.1120 0.9202 0.3751
vn -0.1561 0.9870 0.0373
vn -0.2931 0.9432 -0.1566
vn -0.3495 0.9159 -0.1975
vn -0.0863 0.9949 0.0522
vn 0.1241 0.9672 0.2215
vn -0.3239 0.8838 0.3376
vn -0.0315 0.8507 0.5248
vn -0.5415 0.6047 0.5841
vn -0.2618 0.5896 0.7641
vn -0.6747 0.2524 0.6936
vn -0.4931 0.2208 0.8415
vn -0.7302 -0.0747 0.6792
vn -0.6560 -0.1127 0.7463
vn -0.7293 -0.3562 0.5841
vn -0.7188 -0.3635 0.5927
vn -0.6915 -0.4949 0.5263
vn -0.6803 -0.4972 0.5386
vn -0.2353 0.9646 -0.1187
vn -0.5263 0.8432 0.1102
vn -0.7572 0.5662 0.3258
vn -0.8527 0.2526 0.4572
vn -0.8437 -0.0315 0.5358
vn -0.7657 -0.3246 0.5553
vn -0.0596 0.9744 -0.2169
vn -0.0785 0.9655 -0.2485
vn 0.0294 0.9987 -0.0405
vn 0.1879 0.9819 0.0225
vn 0.2615 0.9577 -0.1198
vn -0.0165 0.9995 0.0277
vn 0.2857 0.9196 0.2696
vn -0.1112 0.9633 0.2445
vn 0.1771 0.8861 0.4283
vn -0.2662 0.8894 0.3716
vn -0.1459 0.8637 0.4824
vn -0.3708 0.8197 0.4365
vn -0.3853 0.8034 0.4540
vn -0.3214 0.8991 -0.2972
vn -0.4771 0.8788 0.0051
vn -0.4512 0.8667 0.2127
vn -0.4320 0.8362 0.3380
vn 0.0248 0.9997 0.0039
vn 0.2213 0.9701 0.0994
vn 0.3044 0.9484 0.0882
vn -0.0570 0.9953 -0.0781
vn -0.1029 0.9726 -0.2085
vn 0.1928 0.9812 -0.0072
vn 0.2015 0.9143 -0.3514
vn 0.6691 0.7394 0.0754
vn 0.7148 0.6383 -0.2856
vn 0.9440 0.3079 0.1190
vn 0.9799 0.1921 -0.0543
vn 0.9676 0.0910 0.2355
vn 0.9718 0.0400 0.2326
vn 0.1391 0.9329 0.3322
vn 0.5228 0.7407 0.4219
vn 0.8033 0.4603 0.3780
vn 0.9199 0.1717 0.3527
vn -0.0034 1.0000 -0.0041
vn -0.0418 0.9714 -0.2336
vn -0.0877 0.9532 -0.2893
vn -0.0286 0.9831 0.1811
vn -0.0566 0.9662 0.2514
vn 0.2224 0.9747 0.0231
vn 0.2842 0.9058 -0.3142
vn 0.6201 0.7706 0.1475
vn 0.7080 0.6777 -0.1987
vn 0.9023 0.3747 0.2135
vn 0.9664 0.2514 0.0535
vn 0.9192 0.1604 0.3596
vn 0.9287 0.1054 0.3555
vn 0.1200 0.9283 0.3520
vn 0.4395 0.7556 0.4857
vn 0.7146 0.5338 0.4521
vn 0.8531 0.2499 0.4580
vn 0.0650 0.9979 0.0073
vn 0.0621 0.9720 -0.2268
vn 0.0260 0.9567 -0.2899
vn 0.0084 0.9821 0.1882
vn -0.0314 0.9669 0.2532
vn -0.2557 0.9156 0.3103
vn 0.0138 0.8560 0.5167
vn -0.4557 0.7363 0.5002
vn -0.1739 0.6699 0.7218
vn -0.5713 0.4927 0.6564
vn -0.4338 0.4234 0.7953
vn -0.6449 0.3557 0.6765
vn -0.6563 0.3131 0.6865
vn -0.4908 0.8700 0.0468
vn -0.6930 0.6947 0.1926
vn -0.7344 0.5554 0.3902
vn -0.7032 0.4036 0.5854
vn -0.2038 0.9538 0.2208
vn -0.0005 0.9412 0.3379
vn 0.0738 0.9383 0.3377
vn -0.3246 0.9428 0.0763
vn -0.3571 0.9341 0.0045
vn -0.3338 0.8754 0.3495
vn -0.0772 0.8079 0.5842
vn -0.5540 0.6636 0.5027
vn -0.3027 0.5750 0.7601
vn -0.6858 0.4165 0.5969
vn -0.5761 0.3217 0.7514
vn -0.7575 0.2936 0.5831
vn -0.7694 0.2517 0.5871
vn -0.5345 0.8422 0.0703
vn -0.7353 0.6556 0.1719
vn -0.7943 0.5147 0.3229
vn -0.7954 0.3545 0.4916
vn -0.2648 0.9275 0.2639
vn -0.0679 0.9194 0.3874
vn 0.0052 0.9222 0.3866
vn -0.3761 0.9191 0.1172
vn -0.4041 0.9136 0.0453
vn 0.1591 0.9851 0.0648
vn 0.2491 0.9235 -0.2916
vn 0.5003 0.8557 0.1322
vn 0.5285 0.8049 -0.2700
vn 0.7085 0.6766 0.2007
vn 0.7598 0.6497 0.0257
vn 0.7674 0.5806 0.2719
vn 0.7809 0.5562 0.2844
vn 0.0375 0.9158 0.3998
vn 0.3726 0.7650 0.5253
vn 0.6184 0.6551 0.4342
vn 0.7118 0.6144 0.3402
vn 0.0308 0.9992 0.0244
vn 0.0759 0.9745 -0.2112
vn 0.0927 0.9306 -0.3541
vn -0.0488 0.9796 0.1947
vn -0.1101 0.9531 0.2818
vn 0.2285 0.9651 0.1278
vn 0.3632 0.9016 -0.2349
vn 0.4801 0.8467 0.2292
vn 0.5795 0.8122 -0.0664
vn 0.6119 0.7444 0.2674
vn 0.6417 0.7081 0.2946
vn 0.0416 0.8774 0.4780
vn 0.3066 0.7969 0.5205
vn 0.5398 0.7606 0.3608
vn 0.0841 0.9850 0.1504
vn 0.0151 0.9746 0.2233
vn 0.1550 0.9869 0.0439
vn 0.1911 0.9722 -0.1350
vn 0.1577 0.9642 -0.2130
vn -0.5310 0.8022 0.2730
vn -0.2729 0.7663 0.5816
vn -0.7728 0.4785 0.4170
vn -0.5626 0.4959 0.6615
vn -0.8253 0.2520 0.5053
vn -0.7868 0.2284 0.5734
vn -0.6983 0.7098 -0.0925
vn -0.9011 0.4246 0.0883
vn -0.8851 0.2688 0.3799
vn -0.4181 0.9011 0.1145
vn -0.4386 0.8986 0.0156
vn -0.3659 0.8971 0.2475
vn -0.2332 0.8945 0.3814
vn -0.1480 0.9044 0.4001
vn -0.3934 0.8998 0.1886
vn -0.1810 0.8440 0.5049
vn -0.5254 0.7969 0.2982
vn -0.3691 0.7566 0.5398
vn -0.5848 0.7342 0.3450
vn -0.7027 0.6679 0.2453
vn -0.5531 0.8118 -0.1872
vn -0.6477 0.7619 -0.0014
vn -0.6075 0.7524 0.2548
vn -0.3688 0.9265 0.0752
vn -0.3838 0.9231 -0.0248
vn -0.3282 0.9256 0.1888
vn -0.2055 0.9241 0.3222
vn -0.1231 0.9327 0.3391
vn 0.3295 0.9305 0.1603
vn 0.4370 0.8728 -0.2174
vn 0.6135 0.7485 0.2519
vn 0.6764 0.7354 -0.0417
vn 0.7457 0.6045 0.2803
vn 0.7677 0.5660 0.3006
vn 0.1560 0.8275 0.5393
vn 0.4593 0.6876 0.5623
vn 0.6875 0.6162 0.3843
vn 0.1650 0.9696 0.1806
vn 0.0991 0.9619 0.2549
vn 0.2335 0.9698 0.0699
vn 0.2615 0.9586 -0.1126
vn 0.2216 0.9566 -0.1894
vn 0.0658 0.8915 0.4482
vn -0.2378 0.8556 0.4598
vn 0.0781 0.9010 0.4267
vn -0.1776 0.8907 0.4185
vn -0.5913 0.7192 0.3648
vn -0.4334 0.8323 0.3457
vn 0.3794 0.8103 0.4467
vn 0.3344 0.8446 0.4181
vn 0.6937 0.6420 0.3266
vn 0.5777 0.7565 0.3066
vn 0.0933 0.8978 0.4303
vn 0.0332 0.9041 0.4260
vn 0.1069 0.8950 0.4331
vn 0.2272 0.8732 0.4311
vn -0.1353 0.8928 0.4296
vn 0.1137 0.8785 0.4640
vn 0.3847 0.8432 0.3756
vn 0.1730 0.8877 0.4267
vn 0.1447 0.8674 0.4761
vn -0.0161 0.8895 0.4567
vn 0.1150 0.8786 0.4635
vn -0.9993 -0.0339 0.0163
vn -0.9997 -0.0164 0.0189
vn -0.7254 0.1569 -0.6702
vn -0.7276 0.1841 -0.6608
vn -0.0322 0.2679 -0.9629
vn -0.0362 0.2853 -0.9578
vn 0.6790 0.2357 -0.6953
vn 0.6787 0.2275 -0.6983
vn 0.9968 0.0781 -0.0193
vn 0.9988 0.0421 -0.0255
vn 0.7300 -0.1140 0.6739
vn 0.7270 -0.1621 0.6672
vn 0.0301 -0.2271 0.9734
vn 0.0222 -0.2628 0.9646
vn -0.6883 -0.1936 0.6991
vn -0.6930 -0.2013 0.6922
vn -0.9995 0.0127 0.0279
vn -0.7255 0.2383 -0.6456
vn -0.0322 0.3260 -0.9448
vn 0.6812 0.2248 -0.6967
vn 0.9992 -0.0085 -0.0403
vn 0.7285 -0.2374 0.6426
vn 0.0252 -0.3256 0.9452
vn -0.6915 -0.2210 0.6877
vn -0.9993 0.0196 0.0313
vn -0.7221 0.2801 -0.6325
vn -0.0257 0.3780 -0.9255
vn 0.6847 0.2582 -0.6815
vn 0.9991 -0.0101 -0.0412
vn 0.7307 -0.2720 0.6261
vn 0.0305 -0.3732 0.9272
vn -0.6888 -0.2520 0.6798
vn -0.9996 0.0094 0.0276
vn -0.7225 0.3069 -0.6195
vn -0.0263 0.4278 -0.9035
vn 0.6848 0.3034 -0.6626
vn 0.9994 0.0050 -0.0348
vn 0.7297 -0.2948 0.6169
vn 0.0284 -0.4188 0.9076
vn -0.6901 -0.2921 0.6622
vn -0.9994 0.0141 0.0306
vn -0.7238 0.3410 -0.5999
vn -0.0293 0.4715 -0.8814
vn 0.6834 0.3301 -0.6512
vn 0.9992 -0.0035 -0.0389
vn 0.7272 -0.3347 0.5993
vn 0.0239 -0.4665 0.8842
vn -0.6924 -0.3207 0.6463
vn -0.9993 0.0168 0.0330
vn -0.7209 0.3749 -0.5829
vn -0.0238 0.5149 -0.8569
vn 0.6864 0.3577 -0.6332
vn 0.9992 -0.0060 -0.0406
vn 0.7288 -0.3661 0.5787
vn 0.0278 -0.5102 0.8596
vn -0.6904 -0.3511 0.6325
vn -0.9995 0.0091 0.0289
vn -0.7212 0.3985 -0.5666
vn -0.0244 0.5570 -0.8302
vn 0.6864 0.3942 -0.6111
vn 0.9994 0.0033 -0.0348
vn 0.7275 -0.3891 0.5651
vn 0.0254 -0.5511 0.8340
vn -0.6919 -0.3853 0.6106
vn -0.9995 0.0112 0.0309
vn -0.7213 0.4272 -0.5451
vn -0.0250 0.5962 -0.8025
vn 0.6863 0.4209 -0.5931
vn 0.9993 0.0012 -0.0361
vn 0.7261 -0.4190 0.5452
vn 0.0229 -0.5906 0.8066
vn -0.6932 -0.4111 0.5919
vn -0.9994 0.0129 0.0329
vn -0.7199 0.4552 -0.5240
vn -0.0225 0.6332 -0.7737
vn 0.6878 0.4452 -0.5733
vn 0.9993 -0.0007 -0.0376
vn 0.7261 -0.4462 0.5232
vn 0.0236 -0.6281 0.7778
vn -0.6929 -0.4370 0.5735
vn -0.9996 0.0046 0.0262
vn -0.7186 0.4747 -0.5081
vn -0.0199 0.6682 -0.7438
vn 0.6896 0.4751 -0.5465
vn 0.9995 0.0075 -0.0303
vn 0.7263 -0.4646 0.5065
vn 0.0242 -0.6634 0.7479
vn -0.6930 -0.4683 0.5481
vn -0.9996 0.0060 0.0278
vn -0.7203 0.4971 -0.4837
vn -0.0236 0.7011 -0.7127
vn 0.6879 0.4991 -0.5270
vn 0.9995 0.0056 -0.0316
vn 0.7232 -0.4913 0.4853
vn 0.0184 -0.6965 0.7173
vn -0.6961 -0.4887 0.5260
vn -0.9994 0.0136 0.0326
vn -0.7161 0.5304 -0.4538
vn -0.0184 0.7387 -0.6738
vn 0.6895 0.5215 -0.5026
vn 0.9993 0.0029 -0.0373
vn 0.7248 -0.5185 0.4538
vn 0.0204 -0.7336 0.6793
vn -0.6961 -0.5118 0.5035
vn -0.9995 0.0228 0.0227
vn -0.7079 0.5877 -0.3917
vn -0.0173 0.8147 -0.5796
vn 0.6833 0.5825 -0.4402
vn 0.9988 0.0152 -0.0461
vn 0.7294 -0.5678 0.3816
vn 0.0162 -0.8122 0.5831
vn -0.7064 -0.5619 0.4304
vn -0.9995 0.0177 0.0278
vn -0.7034 0.6834 -0.1954
vn -0.9994 0.0202 0.0285
vn -0.7063 0.6463 -0.2889
vn -0.0066 0.9521 -0.3058
vn -0.0120 0.8980 -0.4398
vn 0.6929 0.6791 -0.2423
vn 0.6888 0.6397 -0.3411
vn 0.9992 0.0146 -0.0375
vn 0.9989 0.0118 -0.0453
vn 0.7214 -0.6654 0.1919
vn 0.7241 -0.6302 0.2802
vn 0.0091 -0.9517 0.3070
vn 0.0119 -0.8985 0.4387
vn -0.7088 -0.6644 0.2372
vn -0.7071 -0.6243 0.3321
vn -0.7668 0.0447 0.6403
vn -0.5441 0.5949 0.5916
vn -0.9995 0.0160 0.0264
vn -0.7015 0.7048 -0.1055
vn 0.0069 0.8251 0.5650
vn -0.0033 0.9845 -0.1755
vn 0.5592 0.5965 0.5757
vn 0.6960 0.7033 -0.1448
vn 0.7855 0.0450 0.6173
vn 0.9995 0.0154 -0.0293
vn 0.5529 -0.5011 0.6657
vn 0.7173 -0.6888 0.1055
vn 0.0059 -0.7213 0.6926
vn 0.0033 -0.9840 0.1783
vn -0.5363 -0.4970 0.6822
vn -0.7117 -0.6875 0.1446
vn -0.0060 0.9492 -0.3145
vn 0.0204 0.9993 -0.0323
vn -0.0279 0.9298 -0.3669
vn -0.0048 0.9996 0.0289
vn -0.1767 0.9238 -0.3396
vn -0.1600 0.9871 -0.0026
vn -0.3086 0.8880 -0.3410
vn -0.3181 0.9389 -0.1316
vn -0.3307 0.8524 -0.4050
vn -0.3583 0.8717 -0.3342
vn -0.3023 0.8461 -0.4390
vn -0.3123 0.8416 -0.4407
vn 0.0371 0.8154 -0.5777
vn 0.0110 0.7611 -0.6486
vn -0.1734 0.7028 -0.6900
vn -0.3401 0.7242 -0.5999
vn -0.3354 0.7812 -0.5266
vn -0.2974 0.8355 -0.4620
vn 0.0076 0.8373 -0.5467
vn 0.0394 0.8039 -0.5934
vn -0.0768 0.9332 -0.3511
vn -0.0251 0.9876 -0.1550
vn 0.0634 0.9843 -0.1649
vn 0.0003 0.9307 -0.3659
vn -0.0626 0.7336 -0.6767
vn 0.1280 0.9176 -0.3764
vn 0.1345 0.6867 -0.7144
vn 0.1047 0.9148 -0.3901
vn 0.1795 0.7405 -0.6477
vn 0.0293 0.8921 -0.4510
vn 0.1520 0.8209 -0.5505
vn -0.0228 0.9216 -0.3876
vn 0.0541 0.9416 -0.3325
vn -0.0781 0.9200 -0.3840
vn -0.0204 0.9967 -0.0791
vn 0.0826 0.9966 -0.0044
vn 0.0779 0.9967 -0.0216
vn -0.0210 0.9756 -0.2185
vn -0.0617 0.9346 -0.3502
vn -0.0799 0.9218 -0.3794
vn -0.0293 0.9857 -0.1658
vn -0.0560 0.9958 -0.0728
vn -0.0091 0.9247 -0.3806
vn -0.1519 0.8200 -0.5518
vn -0.2589 0.7994 -0.5422
vn -0.0600 0.9256 -0.3736
vn 0.0149 0.9991 -0.0400
vn -0.2973 0.9013 -0.3151
vn -0.1841 0.9819 0.0450
vn -0.4333 0.8705 -0.2333
vn -0.3506 0.9364 0.0167
vn -0.4984 0.8412 -0.2098
vn -0.4929 0.8675 -0.0670
vn -0.5303 0.8151 -0.2333
vn -0.5743 0.7924 -0.2055
vn -0.5190 0.8123 -0.2661
vn -0.0473 0.7565 -0.6523
vn -0.3440 0.6815 -0.6459
vn -0.5446 0.6416 -0.5401
vn -0.6002 0.7005 -0.3862
vn -0.5493 0.7877 -0.2791
vn -0.5211 0.8099 -0.2694
vn 0.0023 0.8142 -0.5806
vn 0.0408 0.7521 -0.6578
vn -0.0218 0.9274 -0.3735
vn 0.0896 0.9810 -0.1722
vn 0.1598 0.9782 -0.1325
vn -0.0369 0.9055 -0.4228
vn -0.0560 0.7448 -0.6649
vn 0.0661 0.9301 -0.3614
vn 0.1081 0.7123 -0.6935
vn 0.0517 0.9309 -0.3616
vn 0.1423 0.7200 -0.6792
vn 0.0305 0.8947 -0.4457
vn 0.1714 0.7771 -0.6056
vn 0.0700 0.8881 -0.4543
vn 0.1564 0.8784 -0.4516
vn 0.0693 0.8873 -0.4560
vn 0.0747 0.8920 -0.4458
vn -0.0892 0.9824 -0.1642
vn -0.0246 0.9983 -0.0531
vn -0.0365 0.9993 0.0021
vn -0.0817 0.9745 -0.2091
vn -0.0426 0.9248 -0.3781
vn 0.0360 0.8955 -0.4437
vn -0.1113 0.9740 -0.1973
vn -0.1357 0.9802 -0.1441
vn -0.0444 0.9181 -0.3938
vn -0.1205 0.8159 -0.5654
vn -0.2474 0.8179 -0.5195
vn -0.0120 0.9511 -0.3087
vn 0.0208 0.9991 -0.0382
vn -0.0252 0.9280 -0.3717
vn 0.0242 0.9995 0.0189
vn -0.0931 0.9405 -0.3269
vn -0.0380 0.9991 0.0187
vn -0.2471 0.9330 -0.2618
vn -0.2121 0.9761 -0.0481
vn -0.3311 0.9150 -0.2305
vn -0.3370 0.9283 -0.1572
vn -0.2816 0.9377 -0.2037
vn -0.2864 0.9354 -0.2074
vn 0.0278 0.8167 -0.5765
vn -0.0154 0.7543 -0.6563
vn -0.1481 0.7183 -0.6797
vn -0.3168 0.7825 -0.5360
vn -0.3683 0.8536 -0.3683
vn -0.2856 0.9342 -0.2137
vn 0.0130 0.8373 -0.5467
vn 0.0439 0.8042 -0.5927
vn -0.0704 0.9335 -0.3516
vn -0.0174 0.9874 -0.1570
vn 0.0754 0.9822 -0.1719
vn 0.0151 0.9362 -0.3511
vn 0.0206 0.7907 -0.6119
vn 0.3049 0.9096 -0.2823
vn 0.2953 0.7430 -0.6006
vn 0.4166 0.8554 -0.3080
vn 0.4280 0.6865 -0.5878
vn 0.4198 0.8524 -0.3117
vn 0.5082 0.7084 -0.4898
vn 0.4517 0.8509 -0.2684
vn 0.5820 0.7586 -0.2929
vn 0.4569 0.8634 -0.2138
vn 0.5197 0.8324 -0.1925
vn 0.4652 0.8608 -0.2066
vn 0.4724 0.8575 -0.2040
vn -0.0885 0.9870 -0.1340
vn 0.2312 0.9729 0.0048
vn 0.3688 0.9285 0.0443
vn 0.3562 0.9334 -0.0424
vn 0.3597 0.9242 -0.1280
vn 0.3895 0.9041 -0.1760
vn -0.0520 0.9240 -0.3787
vn -0.1169 0.8190 -0.5618
vn -0.1117 0.7651 -0.6342
vn -0.1115 0.9659 -0.2336
vn -0.1910 0.9683 -0.1607
vn -0.0161 0.9275 -0.3734
vn 0.0289 0.9961 -0.0833
vn -0.2128 0.9006 -0.3790
vn -0.2004 0.9789 -0.0390
vn -0.3653 0.8614 -0.3528
vn -0.3845 0.9208 -0.0649
vn -0.4695 0.8206 -0.3259
vn -0.4836 0.8635 -0.1429
vn -0.5507 0.7753 -0.3093
vn -0.5575 0.8026 -0.2122
vn -0.5699 0.7518 -0.3316
vn -0.5742 0.7655 -0.2902
vn -0.5646 0.7551 -0.3332
vn -0.5667 0.7562 -0.3270
vn 0.0475 0.8153 -0.5771
vn -0.1546 0.7602 -0.6311
vn -0.3526 0.6618 -0.6616
vn -0.5001 0.6350 -0.5889
vn -0.5965 0.6550 -0.4639
vn -0.5931 0.7022 -0.3939
vn -0.0124 0.9300 -0.3674
vn 0.1017 0.9814 -0.1629
vn 0.1391 0.9862 -0.0894
vn 0.0308 0.8625 -0.5051
vn 0.0947 0.8210 -0.5630
vn 0.0076 0.9384 -0.3456
vn 0.0218 0.7469 -0.6645
vn 0.1929 0.9338 -0.3015
vn 0.2592 0.7159 -0.6484
vn 0.3722 0.8966 -0.2401
vn 0.5062 0.7271 -0.4639
vn 0.4630 0.8664 -0.1869
vn 0.5976 0.7655 -0.2385
vn 0.4721 0.8661 -0.1643
vn 0.5054 0.8544 -0.1210
vn 0.4462 0.8832 -0.1442
vn -0.0593 0.9965 -0.0582
vn 0.0737 0.9960 0.0510
vn 0.2221 0.9712 0.0858
vn 0.3417 0.9397 0.0167
vn 0.4334 0.8929 -0.1222
vn 0.4428 0.8854 -0.1416
vn -0.0245 0.9891 -0.1452
vn -0.0678 0.9961 -0.0569
vn 0.0290 0.9275 -0.3727
vn -0.0593 0.8186 -0.5712
vn -0.1340 0.7880 -0.6009
vn 0.0558 0.9247 -0.3766
vn 0.1608 0.9800 -0.1170
vn 0.0445 0.9248 -0.3779
vn 0.1938 0.9779 -0.0782
vn -0.0005 0.9420 -0.3355
vn 0.1284 0.9895 -0.0662
vn -0.0536 0.9539 -0.2954
vn 0.0038 0.9949 -0.1005
vn -0.1637 0.9494 -0.2681
vn -0.1368 0.9767 -0.1655
vn -0.2729 0.9435 -0.1881
vn -0.2618 0.9548 -0.1407
vn -0.3258 0.9373 -0.1240
vn -0.3387 0.9338 -0.1150
vn 0.0677 0.7937 -0.6045
vn -0.0499 0.7758 -0.6290
vn -0.1917 0.7763 -0.6006
vn -0.2683 0.8169 -0.5106
vn -0.3029 0.8668 -0.3962
vn -0.3298 0.9079 -0.2588
vn -0.0069 0.9325 -0.3611
vn 0.1182 0.9770 -0.1774
vn 0.1511 0.9837 -0.0979
vn 0.0064 0.8605 -0.5094
vn 0.0737 0.8058 -0.5876
vn -0.0985 0.9258 -0.3650
vn -0.1344 0.7882 -0.6006
vn -0.0050 0.9276 -0.3736
vn -0.0284 0.7316 -0.6811
vn 0.1447 0.9178 -0.3698
vn 0.1815 0.7401 -0.6476
vn 0.2847 0.8998 -0.3306
vn 0.3703 0.7718 -0.5170
vn 0.4102 0.8762 -0.2531
vn 0.5021 0.8088 -0.3063
vn 0.4651 0.8638 -0.1936
vn 0.4909 0.8528 -0.1780
vn 0.4697 0.8668 -0.1675
vn 0.4692 0.8677 -0.1641
vn -0.1502 0.9788 -0.1391
vn -0.0340 0.9949 -0.0947
vn 0.0956 0.9945 -0.0430
vn 0.2061 0.9766 -0.0620
vn 0.3248 0.9388 -0.1145
vn 0.4318 0.8869 -0.1643
vn -0.1331 0.9692 -0.2072
vn -0.1845 0.9718 -0.1468
vn -0.0668 0.9290 -0.3639
vn -0.1363 0.8618 -0.4887
vn -0.2896 0.8511 -0.4379
vn -0.0623 0.9230 -0.3796
vn 0.0390 0.9983 -0.0444
vn -0.2578 0.9132 -0.3157
vn -0.1437 0.9887 0.0433
vn -0.4616 0.8514 -0.2493
vn -0.3945 0.9187 0.0210
vn -0.5750 0.7972 -0.1840
vn -0.5625 0.8257 -0.0423
vn -0.6208 0.7754 -0.1152
vn -0.6266 0.7724 -0.1033
vn -0.6881 0.7203 -0.0877
vn -0.0709 0.7563 -0.6504
vn -0.3124 0.6948 -0.6478
vn -0.5394 0.6353 -0.5527
vn -0.6819 0.6301 -0.3714
vn -0.6573 0.7342 -0.1700
vn -0.6911 0.7171 -0.0907
vn -0.0325 0.8119 -0.5829
vn -0.0067 0.7526 -0.6585
vn -0.0360 0.9291 -0.3681
vn 0.0903 0.9812 -0.1707
vn 0.1641 0.9770 -0.1359
vn -0.0805 0.9025 -0.4232
vn -0.0727 0.7448 -0.6633
vn -0.0537 0.9357 -0.3487
vn 0.0130 0.7180 -0.6959
vn -0.0588 0.9294 -0.3644
vn 0.0727 0.7348 -0.6743
vn -0.0673 0.9224 -0.3802
vn 0.1121 0.8317 -0.5438
vn -0.0004 0.9310 -0.3650
vn 0.0910 0.9225 -0.3751
vn 0.0172 0.9574 -0.2882
vn 0.0381 0.9576 -0.2855
vn -0.1490 0.9766 -0.1552
vn -0.1465 0.9880 -0.0494
vn -0.1764 0.9843 -0.0013
vn -0.2044 0.9687 -0.1410
vn -0.1193 0.9480 -0.2951
vn -0.0472 0.9621 -0.2686
vn -0.1217 0.9739 -0.1917
vn -0.1536 0.9787 -0.1361
vn -0.0343 0.9190 -0.3928
vn -0.0824 0.8177 -0.5697
vn -0.1867 0.8144 -0.5495
vn -0.1381 0.9378 -0.3186
vn -0.1018 0.9938 -0.0450
vn -0.3140 0.8804 -0.3554
vn -0.2348 0.9721 -0.0002
vn -0.4305 0.8641 -0.2606
vn -0.2794 0.9601 0.0121
vn -0.5221 0.8340 -0.1783
vn -0.4088 0.9126 0.0053
vn -0.5967 0.7899 -0.1412
vn -0.5917 0.8040 -0.0596
vn -0.6229 0.7677 -0.1506
vn -0.6262 0.7666 -0.1419
vn -0.0974 0.8098 -0.5786
vn -0.3080 0.6912 -0.6537
vn -0.5663 0.5830 -0.5826
vn -0.6714 0.6360 -0.3804
vn -0.6531 0.7117 -0.2589
vn -0.6477 0.7373 -0.1921
vn -0.0298 0.8292 -0.5582
vn -0.0068 0.7970 -0.6039
vn -0.1020 0.9349 -0.3401
vn -0.0429 0.9890 -0.1418
vn 0.0412 0.9860 -0.1613
vn 0.0385 0.9060 -0.4215
vn 0.0335 0.7480 -0.6629
vn 0.1664 0.9233 -0.3463
vn 0.1931 0.7024 -0.6851
vn 0.2959 0.9101 -0.2902
vn 0.3854 0.6936 -0.6086
vn 0.4186 0.8823 -0.2151
vn 0.5830 0.7330 -0.3506
vn 0.4782 0.8725 -0.1006
vn 0.5636 0.8247 -0.0483
vn 0.4427 0.8965 -0.0161
vn 0.4467 0.8946 0.0108
vn -0.0292 0.9882 -0.1505
vn 0.0806 0.9960 -0.0396
vn 0.1576 0.9866 0.0428
vn 0.2598 0.9654 -0.0229
vn 0.3507 0.9337 -0.0716
vn 0.3944 0.9185 -0.0275
vn -0.0868 0.9793 -0.1827
vn -0.1170 0.9846 -0.1300
vn 0.0113 0.9203 -0.3910
vn -0.0295 0.8191 -0.5728
vn -0.1257 0.8180 -0.5613
vn 0.0570 0.9168 -0.3951
vn 0.1307 0.9902 -0.0484
vn -0.1112 0.9156 -0.3863
vn -0.0703 0.9974 0.0157
vn -0.2666 0.8952 -0.3572
vn -0.2752 0.9585 -0.0746
vn -0.3199 0.8853 -0.3374
vn -0.3476 0.9172 -0.1947
vn -0.3906 0.8630 -0.3204
vn -0.4109 0.8566 -0.3122
vn -0.4481 0.8304 -0.3310
vn 0.0601 0.7497 -0.6590
vn -0.0976 0.7070 -0.7005
vn -0.2709 0.6798 -0.6815
vn -0.3713 0.7400 -0.5608
vn -0.3987 0.8356 -0.3780
vn -0.4502 0.8276 -0.3353
vn 0.0437 0.8146 -0.5784
vn 0.0754 0.7506 -0.6565
vn 0.0302 0.9249 -0.3791
vn 0.1602 0.9695 -0.1855
vn 0.2501 0.9543 -0.1636
vn -0.0646 0.8992 -0.4327
vn -0.0430 0.7375 -0.6740
vn -0.0603 0.9351 -0.3492
vn 0.0288 0.7216 -0.6917
vn 0.0588 0.9476 -0.3139
vn 0.1953 0.7625 -0.6169
vn 0.2303 0.9416 -0.2457
vn 0.3755 0.8306 -0.4111
vn 0.3313 0.9238 -0.1917
vn 0.4093 0.8898 -0.2018
vn 0.3618 0.9135 -0.1859
vn 0.3685 0.9116 -0.1821
vn -0.1327 0.9765 -0.1696
vn -0.1750 0.9827 -0.0605
vn -0.0979 0.9945 0.0370
vn 0.0820 0.9966 -0.0100
vn 0.2207 0.9695 -0.1065
vn 0.3314 0.9289 -0.1656
vn -0.1024 0.9779 -0.1820
vn -0.1286 0.9827 -0.1335
vn -0.0011 0.9225 -0.3859
vn -0.0460 0.8204 -0.5700
vn -0.1416 0.8157 -0.5608
vn 0.0270 0.9187 -0.3941
vn 0.1274 0.9903 -0.0550
vn -0.1053 0.9176 -0.3833
vn -0.0354 0.9993 0.0123
vn -0.2841 0.8929 -0.3492
vn -0.2963 0.9532 -0.0597
vn -0.4346 0.8406 -0.3233
vn -0.4780 0.8609 -0.1746
vn -0.5030 0.7972 -0.3338
vn -0.5396 0.7781 -0.3214
vn -0.5091 0.7741 -0.3761
vn 0.0054 0.7524 -0.6587
vn -0.1247 0.7093 -0.6938
vn -0.2870 0.6884 -0.6662
vn -0.4475 0.7099 -0.5439
vn -0.5002 0.7722 -0.3919
vn -0.5095 0.7713 -0.3815
vn -0.0169 0.8163 -0.5774
vn 0.0067 0.7538 -0.6571
vn -0.0099 0.9290 -0.3699
vn 0.1320 0.9742 -0.1830
vn 0.2138 0.9639 -0.1590
vn -0.0946 0.9237 -0.3713
vn -0.0742 0.7766 -0.6256
vn 0.0456 0.9449 -0.3242
vn 0.0871 0.7663 -0.6366
vn 0.2257 0.9353 -0.2723
vn 0.3078 0.7738 -0.5537
vn 0.3757 0.8982 -0.2283
vn 0.4739 0.7940 -0.3808
vn 0.4573 0.8693 -0.1875
vn 0.5275 0.8073 -0.2645
vn 0.5143 0.8456 -0.1427
vn 0.5587 0.8144 -0.1568
vn 0.5465 0.8339 -0.0777
vn 0.5446 0.8367 -0.0583
vn -0.2108 0.9658 -0.1512
vn -0.0543 0.9969 -0.0570
vn 0.1287 0.9894 0.0671
vn 0.2760 0.9594 0.0581
vn 0.3842 0.9231 -0.0147
vn 0.4542 0.8868 -0.0854
vn -0.0597 0.9260 -0.3729
vn -0.1165 0.8151 -0.5675
vn -0.1303 0.7649 -0.6308
vn -0.1328 0.9621 -0.2382
vn -0.2255 0.9587 -0.1732
vn 0.0424 0.9484 -0.3142
vn 0.1611 0.9848 -0.0646
vn -0.0641 0.9315 -0.3581
vn 0.1021 0.9947 -0.0099
vn -0.1430 0.9422 -0.3031
vn 0.0278 0.9996 -0.0023
vn -0.2185 0.9480 -0.2313
vn -0.1167 0.9925 -0.0351
vn -0.2709 0.9412 -0.2021
vn -0.2715 0.9546 -0.1229
vn -0.2372 0.9522 -0.1924
vn -0.2513 0.9477 -0.1968
vn -0.0234 0.8204 -0.5713
vn -0.1517 0.7610 -0.6307
vn -0.3316 0.7235 -0.6054
vn -0.3893 0.8014 -0.4540
vn -0.3464 0.8822 -0.3189
vn -0.2369 0.9503 -0.2020
vn -0.0192 0.8395 -0.5431
vn -0.0137 0.8032 -0.5956
vn -0.0094 0.9429 -0.3330
vn 0.1194 0.9779 -0.1718
vn 0.1969 0.9566 -0.2148
vn 0.5223 0.7993 -0.2973
vn 0.0653 0.9434 -0.3252
vn 0.1983 0.9164 -0.3478
vn 0.2414 0.8894 -0.3882
vn 0.3242 0.8538 -0.4074
vn -0.2279 0.8871 -0.4013
vn 0.1381 0.7091 -0.6915
vn 0.2548 0.9264 -0.2771
vn 0.7804 0.6008 -0.1733
vn 0.5793 0.7431 -0.3349
vn 0.6264 0.7536 -0.1994
vn 0.3294 0.8970 -0.2948
vn 0.3765 0.8214 -0.4284
vt 0.291481 0.294171
vt 0.291695 0.255663
vt 0.317303 0.292164
vt 0.324759 0.258349
vt 0.348286 0.287873
vt 0.307151 0.325381
vt 0.290305 0.324956
vt 0.365634 0.337257
vt 0.344816 0.331531
vt 0.291125 0.358353
vt 0.308611 0.358377
vt 0.344916 0.358107
vt 0.363905 0.357811
vt 0.290365 0.387849
vt 0.310284 0.389334
vt 0.374568 0.392756
vt 0.352385 0.391788
vt 0.290211 0.428050
vt 0.310893 0.428476
vt 0.377236 0.429863
vt 0.354405 0.429382
vt 0.290160 0.461093
vt 0.309697 0.461216
vt 0.367680 0.461549
vt 0.348299 0.461444
vt 0.308136 0.502227
vt 0.289906 0.500893
vt 0.367000 0.506836
vt 0.346682 0.505198
vt 0.305095 0.530147
vt 0.289515 0.527707
vt 0.336814 0.534826
vt 0.352952 0.537066
vt 0.301724 0.563745
vt 0.289625 0.563682
vt 0.336656 0.564329
vt 0.324619 0.564065
vt 0.289353 0.598224
vt 0.289373 0.598225
vt 0.295187 0.598343
vt 0.311804 0.598507
vt 0.306403 0.598485
vt 0.288542 0.638063
vt 0.252511 0.273180
vt 0.241168 0.298314
vt 0.268991 0.296893
vt 0.235095 0.323146
vt 0.248976 0.324241
vt 0.262856 0.325336
vt 0.276580 0.325146
vt 0.239047 0.357955
vt 0.220787 0.358092
vt 0.274216 0.358085
vt 0.210772 0.383056
vt 0.233903 0.388850
vt 0.272443 0.388823
vt 0.233006 0.427265
vt 0.247078 0.426619
vt 0.275681 0.427012
vt 0.242431 0.460738
vt 0.253669 0.460975
vt 0.277534 0.461152
vt 0.243411 0.495112
vt 0.254554 0.495681
vt 0.277801 0.498571
vt 0.233402 0.520135
vt 0.249110 0.523515
vt 0.276351 0.527275
vt 0.248349 0.564263
vt 0.259516 0.563785
vt 0.280153 0.563494
vt 0.273842 0.598009
vt 0.268211 0.597941
vt 0.284405 0.598150
vt 0.289336 0.598224
vt 0.292303 0.212378
vt 0.291948 0.255686
vt 0.292032 0.212378
vt 0.291762 0.255686
vt 0.291382 0.212377
vt 0.291315 0.255684
vt 0.290735 0.212376
vt 0.290869 0.255683
vt 0.290470 0.212376
vt 0.290685 0.255683
vt 0.290741 0.212376
vt 0.290871 0.255683
vt 0.291391 0.212377
vt 0.291318 0.255684
vt 0.292038 0.212378
vt 0.291764 0.255686
vt 0.291845 0.294179
vt 0.291724 0.294178
vt 0.291434 0.294177
vt 0.291144 0.294175
vt 0.291023 0.294174
vt 0.291143 0.294175
vt 0.291434 0.294177
vt 0.291724 0.294178
vt 0.290782 0.324964
vt 0.290680 0.324964
vt 0.290434 0.324962
vt 0.290187 0.324960
vt 0.290084 0.324959
vt 0.290186 0.324960
vt 0.290433 0.324962
vt 0.290680 0.324964
vt 0.291467 0.358355
vt 0.291384 0.358355
vt 0.291184 0.358353
vt 0.290984 0.358352
vt 0.290901 0.358351
vt 0.290983 0.358352
vt 0.291184 0.358353
vt 0.291384 0.358355
vt 0.290621 0.387851
vt 0.290555 0.387851
vt 0.290396 0.387850
vt 0.290237 0.387848
vt 0.290171 0.387848
vt 0.290237 0.387848
vt 0.290396 0.387850
vt 0.290555 0.387851
vt 0.290260 0.428050
vt 0.290217 0.428049
vt 0.290114 0.428048
vt 0.290011 0.428048
vt 0.289968 0.428047
vt 0.290011 0.428048
vt 0.290114 0.428048
vt 0.290217 0.428049
vt 0.290344 0.461093
vt 0.290321 0.461093
vt 0.290264 0.461093
vt 0.290207 0.461093
vt 0.290184 0.461093
vt 0.290208 0.461093
vt 0.290264 0.461093
vt 0.290321 0.461093
vt 0.290045 0.500903
vt 0.290044 0.500903
vt 0.290043 0.500903
vt 0.290042 0.500903
vt 0.290042 0.500903
vt 0.301002 0.598462
vt 0.279473 0.598076
vt 0.326097 0.358400
vt 0.323997 0.325805
vt 0.330202 0.390819
vt 0.331574 0.428901
vt 0.329234 0.461340
vt 0.326365 0.503561
vt 0.320675 0.532587
vt 0.312582 0.563801
vt 0.257308 0.357817
vt 0.254520 0.389798
vt 0.261151 0.425973
vt 0.264908 0.461212
vt 0.265696 0.496250
vt 0.264819 0.526896
vt 0.270684 0.563306
vt 0.624216 0.439648
vt 0.624592 0.439674
vt 0.623503 0.472903
vt 0.648007 0.473116
vt 0.670236 0.445791
vt 0.671005 0.471859
vt 0.637834 0.506791
vt 0.622994 0.506049
vt 0.684129 0.506803
vt 0.668402 0.507168
vt 0.639345 0.544884
vt 0.623034 0.545610
vt 0.673351 0.546670
vt 0.691046 0.549183
vt 0.622229 0.573058
vt 0.639188 0.573672
vt 0.674212 0.573952
vt 0.692277 0.573618
vt 0.621770 0.602599
vt 0.638153 0.604404
vt 0.690037 0.606654
vt 0.672286 0.606431
vt 0.635708 0.640701
vt 0.621205 0.640589
vt 0.683746 0.643208
vt 0.666550 0.641980
vt 0.631363 0.673300
vt 0.621250 0.672841
vt 0.662044 0.673833
vt 0.651644 0.673795
vt 0.633021 0.707773
vt 0.620998 0.707620
vt 0.645668 0.706063
vt 0.645482 0.706088
vt 0.621721 0.743925
vt 0.569536 0.451844
vt 0.566139 0.475188
vt 0.596300 0.474674
vt 0.580122 0.505433
vt 0.566066 0.504610
vt 0.566058 0.504610
vt 0.608586 0.506153
vt 0.574376 0.541896
vt 0.557683 0.542069
vt 0.607051 0.543666
vt 0.572267 0.572684
vt 0.555037 0.572552
vt 0.605863 0.572937
vt 0.553182 0.602397
vt 0.571744 0.603286
vt 0.605694 0.603370
vt 0.564906 0.639238
vt 0.579467 0.639085
vt 0.607616 0.639761
vt 0.575910 0.673111
vt 0.588312 0.672853
vt 0.610952 0.672719
vt 0.611881 0.706558
vt 0.601161 0.705705
vt 0.620973 0.707618
vt 0.625369 0.390778
vt 0.624684 0.415220
vt 0.625214 0.390774
vt 0.624542 0.415218
vt 0.624832 0.390767
vt 0.624197 0.415212
vt 0.624448 0.390759
vt 0.623851 0.415207
vt 0.624286 0.390755
vt 0.623707 0.415205
vt 0.624441 0.390758
vt 0.623848 0.415207
vt 0.624823 0.390766
vt 0.624194 0.415212
vt 0.625207 0.390774
vt 0.624540 0.415218
vt 0.624976 0.439678
vt 0.624863 0.439677
vt 0.624592 0.439674
vt 0.624321 0.439671
vt 0.624209 0.439670
vt 0.624321 0.439671
vt 0.624593 0.439674
vt 0.624864 0.439677
vt 0.623900 0.472907
vt 0.623820 0.472906
vt 0.623626 0.472904
vt 0.623432 0.472901
vt 0.623352 0.472900
vt 0.623432 0.472901
vt 0.623626 0.472904
vt 0.623820 0.472906
vt 0.623221 0.506053
vt 0.623157 0.506052
vt 0.623002 0.506050
vt 0.622846 0.506048
vt 0.622781 0.506047
vt 0.622845 0.506048
vt 0.623001 0.506050
vt 0.623157 0.506052
vt 0.623254 0.545616
vt 0.623209 0.545615
vt 0.623099 0.545614
vt 0.622989 0.545612
vt 0.622944 0.545612
vt 0.622989 0.545612
vt 0.623099 0.545614
vt 0.623209 0.545615
vt 0.622501 0.573061
vt 0.622469 0.573060
vt 0.622391 0.573059
vt 0.622313 0.573058
vt 0.622280 0.573057
vt 0.622313 0.573058
vt 0.622391 0.573059
vt 0.622469 0.573060
vt 0.621877 0.602602
vt 0.621859 0.602602
vt 0.621815 0.602601
vt 0.621771 0.602601
vt 0.621753 0.602600
vt 0.621771 0.602601
vt 0.621815 0.602601
vt 0.621859 0.602602
vt 0.621273 0.640591
vt 0.621273 0.640591
vt 0.621272 0.640591
vt 0.621271 0.640591
vt 0.621271 0.640591
vt 0.655657 0.544158
vt 0.652675 0.507533
vt 0.656147 0.574286
vt 0.654536 0.606209
vt 0.650211 0.640813
vt 0.641476 0.673759
vt 0.591068 0.541723
vt 0.594178 0.506256
vt 0.589496 0.572817
vt 0.589618 0.604142
vt 0.594027 0.638932
vt 0.600654 0.672596
vt 0.443389 0.435587
vt 0.443359 0.404139
vt 0.468648 0.434460
vt 0.486339 0.406442
vt 0.495124 0.433199
vt 0.443539 0.471945
vt 0.443577 0.471942
vt 0.457688 0.470871
vt 0.486306 0.468716
vt 0.500814 0.467632
vt 0.459296 0.510068
vt 0.443895 0.510083
vt 0.490575 0.510093
vt 0.506876 0.510135
vt 0.443878 0.545816
vt 0.459574 0.548208
vt 0.492612 0.553215
vt 0.510408 0.555898
vt 0.457435 0.579823
vt 0.443974 0.579327
vt 0.482082 0.580785
vt 0.493268 0.581250
vt 0.459177 0.609275
vt 0.444246 0.610283
vt 0.506497 0.606244
vt 0.489543 0.607307
vt 0.456347 0.650912
vt 0.444370 0.649194
vt 0.492709 0.656118
vt 0.479889 0.654284
vt 0.445037 0.687686
vt 0.450594 0.687550
vt 0.466479 0.687841
vt 0.461314 0.687628
vt 0.418570 0.438997
vt 0.388119 0.419234
vt 0.442094 0.404342
vt 0.392571 0.475513
vt 0.373799 0.476305
vt 0.427440 0.473332
vt 0.377121 0.510054
vt 0.393547 0.510107
vt 0.426934 0.510122
vt 0.388351 0.538328
vt 0.368865 0.535771
vt 0.425858 0.543351
vt 0.369745 0.577525
vt 0.388995 0.577947
vt 0.425733 0.578838
vt 0.375949 0.614590
vt 0.393608 0.613391
vt 0.427250 0.611267
vt 0.383680 0.644835
vt 0.399940 0.645110
vt 0.428732 0.647080
vt 0.409556 0.689062
vt 0.420312 0.688231
vt 0.438050 0.687543
vt 0.431062 0.687400
vt 0.444161 0.727047
vt 0.443732 0.355803
vt 0.442972 0.379979
vt 0.443536 0.355799
vt 0.442819 0.379977
vt 0.443038 0.355789
vt 0.442437 0.379973
vt 0.442530 0.355780
vt 0.442051 0.379969
vt 0.442309 0.355776
vt 0.441887 0.379967
vt 0.442506 0.355779
vt 0.442040 0.379969
vt 0.443004 0.355789
vt 0.442422 0.379973
vt 0.443512 0.355798
vt 0.442808 0.379977
vt 0.443365 0.404148
vt 0.443234 0.404148
vt 0.442919 0.404150
vt 0.442603 0.404151
vt 0.442472 0.404152
vt 0.442602 0.404151
vt 0.442918 0.404150
vt 0.443234 0.404148
vt 0.443793 0.435581
vt 0.443691 0.435582
vt 0.443448 0.435585
vt 0.443205 0.435587
vt 0.443105 0.435588
vt 0.443207 0.435587
vt 0.443450 0.435585
vt 0.443693 0.435582
vt 0.443733 0.471949
vt 0.443653 0.471950
vt 0.443461 0.471951
vt 0.443269 0.471953
vt 0.443190 0.471953
vt 0.443269 0.471953
vt 0.443462 0.471951
vt 0.443654 0.471950
vt 0.443969 0.510083
vt 0.443911 0.510083
vt 0.443771 0.510084
vt 0.443631 0.510084
vt 0.443573 0.510085
vt 0.443631 0.510084
vt 0.443771 0.510084
vt 0.443911 0.510083
vt 0.443971 0.545811
vt 0.443934 0.545811
vt 0.443844 0.545811
vt 0.443754 0.545812
vt 0.443717 0.545812
vt 0.444079 0.579328
vt 0.444061 0.579328
vt 0.444017 0.579328
vt 0.443973 0.579329
vt 0.443955 0.579329
vt 0.443973 0.579329
vt 0.444061 0.579328
vt 0.444363 0.610275
vt 0.444363 0.610275
vt 0.444362 0.610275
vt 0.444361 0.610275
vt 0.444361 0.610275
vt 0.474273 0.510052
vt 0.471798 0.469800
vt 0.474815 0.550532
vt 0.470896 0.580320
vt 0.472589 0.608369
vt 0.467069 0.652450
vt 0.456150 0.687414
vt 0.409972 0.510161
vt 0.411342 0.474720
vt 0.407838 0.540885
vt 0.408245 0.578369
vt 0.411267 0.612192
vt 0.416200 0.645386
vt 0.440522 0.726117
vt 0.431379 0.717811
vt 0.356431 0.688290
vt 0.410895 0.694313
vt 0.360197 0.756201
vt 0.358830 0.725017
vt 0.379594 0.755243
vt 0.392185 0.717842
vt 0.419774 0.752599
vt 0.440558 0.750913
vt 0.361300 0.789902
vt 0.382084 0.788953
vt 0.449175 0.785910
vt 0.426021 0.786957
vt 0.362556 0.824607
vt 0.382834 0.823201
vt 0.445860 0.819714
vt 0.424486 0.820754
vt 0.382714 0.855697
vt 0.364039 0.856513
vt 0.442778 0.851311
vt 0.422083 0.853096
vt 0.381675 0.890340
vt 0.366947 0.890906
vt 0.428520 0.890275
vt 0.412462 0.890024
vt 0.379274 0.922709
vt 0.369608 0.921984
vt 0.409756 0.922345
vt 0.399231 0.922896
vt 0.371492 0.959989
vt 0.380916 0.959645
vt 0.386638 0.957884
vt 0.332868 0.695769
vt 0.308673 0.727189
vt 0.335377 0.726851
vt 0.291799 0.759058
vt 0.310176 0.758671
vt 0.344375 0.757242
vt 0.284210 0.792793
vt 0.304071 0.792314
vt 0.342616 0.790869
vt 0.274757 0.830110
vt 0.298113 0.828270
vt 0.342013 0.825519
vt 0.280195 0.862584
vt 0.302675 0.860875
vt 0.344194 0.857870
vt 0.292364 0.893562
vt 0.312183 0.892749
vt 0.349475 0.891422
vt 0.313741 0.922452
vt 0.328964 0.923304
vt 0.356897 0.923070
vt 0.354205 0.960249
vt 0.362084 0.959894
vt 0.353334 0.634116
vt 0.354886 0.661210
vt 0.353142 0.634128
vt 0.354720 0.661221
vt 0.352679 0.634156
vt 0.354320 0.661245
vt 0.352216 0.634184
vt 0.353921 0.661270
vt 0.352025 0.634195
vt 0.353756 0.661280
vt 0.352217 0.634184
vt 0.353922 0.661270
vt 0.352680 0.634156
vt 0.354322 0.661245
vt 0.353142 0.634128
vt 0.354721 0.661220
vt 0.356332 0.688309
vt 0.356204 0.688317
vt 0.355898 0.688337
vt 0.355593 0.688357
vt 0.355468 0.688365
vt 0.355595 0.688356
vt 0.355901 0.688337
vt 0.356206 0.688317
vt 0.359258 0.724991
vt 0.359172 0.724997
vt 0.358963 0.725009
vt 0.358754 0.725022
vt 0.358668 0.725027
vt 0.358755 0.725022
vt 0.358963 0.725009
vt 0.359172 0.724997
vt 0.360308 0.756198
vt 0.360242 0.756201
vt 0.360083 0.756209
vt 0.359923 0.756217
vt 0.359856 0.756220
vt 0.359922 0.756217
vt 0.360081 0.756209
vt 0.360241 0.756201
vt 0.361428 0.789898
vt 0.361385 0.789899
vt 0.361279 0.789904
vt 0.361173 0.789908
vt 0.361128 0.789910
vt 0.361172 0.789908
vt 0.361278 0.789904
vt 0.361384 0.789899
vt 0.362721 0.824598
vt 0.362700 0.824599
vt 0.362649 0.824601
vt 0.362598 0.824603
vt 0.362576 0.824604
vt 0.362597 0.824603
vt 0.362648 0.824601
vt 0.362700 0.824599
vt 0.363998 0.856515
vt 0.363997 0.856516
vt 0.363996 0.856516
vt 0.363995 0.856516
vt 0.363994 0.856516
vt 0.374769 0.997696
vt 0.398990 0.754285
vt 0.402868 0.788004
vt 0.403112 0.821795
vt 0.401389 0.854881
vt 0.396403 0.889774
vt 0.388941 0.923435
vt 0.323931 0.791836
vt 0.328554 0.758284
vt 0.321470 0.826430
vt 0.324349 0.859226
vt 0.332002 0.891937
vt 0.344187 0.924155
vt 0.018227 0.219304
vt 0.020573 0.270428
vt 0.017170 0.219372
vt 0.019787 0.270478
vt 0.014618 0.219535
vt 0.017888 0.270600
vt 0.012065 0.219699
vt 0.015990 0.270722
vt 0.011008 0.219767
vt 0.015203 0.270772
vt 0.021212 0.321721
vt 0.020414 0.321730
vt 0.018489 0.321753
vt 0.016563 0.321775
vt 0.015766 0.321785
vt 0.020437 0.372966
vt 0.019559 0.372948
vt 0.017441 0.372905
vt 0.015322 0.372862
vt 0.014444 0.372844
vt 0.020197 0.424061
vt 0.019394 0.424061
vt 0.017457 0.424062
vt 0.015520 0.424062
vt 0.014718 0.424062
vt 0.020700 0.475188
vt 0.019900 0.475196
vt 0.017969 0.475215
vt 0.016039 0.475235
vt 0.015239 0.475243
vt 0.019637 0.526426
vt 0.018837 0.526410
vt 0.016906 0.526370
vt 0.014976 0.526330
vt 0.014176 0.526313
vt 0.019636 0.577534
vt 0.018836 0.577534
vt 0.016905 0.577534
vt 0.014974 0.577534
vt 0.014174 0.577534
vt 0.019767 0.628682
vt 0.019006 0.628686
vt 0.017170 0.628695
vt 0.015333 0.628705
vt 0.014572 0.628709
vt 0.019235 0.679871
vt 0.018475 0.679863
vt 0.016638 0.679844
vt 0.014801 0.679824
vt 0.014040 0.679817
vt 0.018836 0.731019
vt 0.018114 0.731016
vt 0.016371 0.731007
vt 0.014628 0.730998
vt 0.013906 0.730994
vt 0.020428 0.782065
vt 0.019706 0.782087
vt 0.017963 0.782141
vt 0.016220 0.782196
vt 0.015498 0.782218
vt 0.019498 0.833340
vt 0.018814 0.833330
vt 0.017165 0.833304
vt 0.015516 0.833278
vt 0.014833 0.833267
vt 0.019220 0.884465
vt 0.018611 0.884465
vt 0.017142 0.884464
vt 0.015673 0.884464
vt 0.015064 0.884463
vt 0.018566 0.935658
vt 0.017922 0.935649
vt 0.018893 0.910062
vt 0.018267 0.910057
vt 0.016367 0.935625
vt 0.016754 0.910045
vt 0.014811 0.935601
vt 0.015242 0.910032
vt 0.014167 0.935592
vt 0.014616 0.910027
vt 0.019023 0.986745
vt 0.018438 0.986752
vt 0.018795 0.961201
vt 0.018180 0.961200
vt 0.017025 0.986770
vt 0.016696 0.961198
vt 0.015612 0.986789
vt 0.015211 0.961195
vt 0.015027 0.986796
vt 0.014597 0.961194
vt 0.255879 0.052355
vt 0.273531 0.053108
vt 0.255880 0.079077
vt 0.272623 0.080195
vt 0.256438 0.111593
vt 0.270679 0.115444
vt 0.256534 0.135615
vt 0.267924 0.135724
vt 0.257523 0.163029
vt 0.263069 0.162660
vt 0.257844 0.193240
vt 0.238714 0.051602
vt 0.239281 0.077959
vt 0.241749 0.107820
vt 0.244343 0.135606
vt 0.249427 0.163443
vt 0.254663 0.190450
vt 0.247811 0.026733
vt 0.238289 0.030560
vt 0.257330 0.022906
vt 0.266276 0.025314
vt 0.275218 0.027721
vt 0.586954 0.028256
vt 0.605661 0.025077
vt 0.587190 0.056748
vt 0.606676 0.055870
vt 0.587268 0.082886
vt 0.604416 0.081239
vt 0.586498 0.109823
vt 0.600511 0.110007
vt 0.586161 0.135647
vt 0.596281 0.136057
vt 0.585272 0.162582
vt 0.590686 0.161818
vt 0.586339 0.190267
vt 0.589463 0.189552
vt 0.568070 0.031432
vt 0.571140 0.057679
vt 0.570918 0.084543
vt 0.572230 0.109753
vt 0.574824 0.135494
vt 0.580354 0.163454
vt 0.577509 0.006822
vt 0.566939 0.009542
vt 0.588074 0.004103
vt 0.593484 0.006381
vt 0.598889 0.008659
vt 0.222068 0.033124
vt 0.237184 0.033000
vt 0.220899 0.061246
vt 0.236569 0.060981
vt 0.220826 0.085070
vt 0.235526 0.086317
vt 0.219729 0.118202
vt 0.232890 0.117054
vt 0.222309 0.144933
vt 0.228658 0.145042
vt 0.222282 0.174991
vt 0.223716 0.175671
vt 0.206703 0.033257
vt 0.206055 0.061522
vt 0.205392 0.083906
vt 0.209095 0.119440
vt 0.214805 0.144919
vt 0.221463 0.173763
vt 0.209996 0.004878
vt 0.204710 0.008053
vt 0.219872 0.003342
vt 0.228047 0.006011
vt 0.238566 0.008729
vt 0.538342 0.523490
vt 0.550091 0.522979
vt 0.537950 0.555985
vt 0.548579 0.554071
vt 0.537332 0.585005
vt 0.545078 0.580884
vt 0.538480 0.610509
vt 0.539708 0.611035
vt 0.527701 0.523939
vt 0.527746 0.557963
vt 0.530700 0.589239
vt 0.536251 0.608473
vt 0.537444 0.493197
vt 0.543930 0.494937
vt 0.547064 0.496541
vt 0.532340 0.494514
vt 0.527828 0.496422
vt 0.515880 0.520475
vt 0.523160 0.521137
vt 0.515514 0.535497
vt 0.522464 0.534659
vt 0.517193 0.558487
vt 0.508898 0.519812
vt 0.509200 0.536934
vt 0.511712 0.556974
vt 0.512148 0.495835
vt 0.508944 0.496089
vt 0.515787 0.496926
vt 0.519082 0.498112
vt 0.522295 0.499612
vt 0.652583 0.945225
vt 0.660313 0.948548
vt 0.652385 0.957823
vt 0.658238 0.960033
vt 0.667604 0.953741
vt 0.662713 0.963375
vt 0.644811 0.949305
vt 0.646395 0.959897
vt 0.637124 0.952808
vt 0.640850 0.962279
vt 0.652186 0.970421
vt 0.656164 0.971517
vt 0.651988 0.983019
vt 0.653977 0.983567
vt 0.657822 0.973009
vt 0.654806 0.984313
vt 0.644575 0.971750
vt 0.647980 0.970489
vt 0.648183 0.983683
vt 0.649885 0.983053
vt 0.651790 0.995617
vt 0.050504 0.044216
vt 0.072396 0.047608
vt 0.050652 0.074326
vt 0.069325 0.073838
vt 0.050998 0.103763
vt 0.068272 0.099900
vt 0.051086 0.129045
vt 0.065872 0.125856
vt 0.051339 0.152096
vt 0.062762 0.151551
vt 0.051530 0.174527
vt 0.059529 0.177711
vt 0.053759 0.202133
vt 0.057590 0.207359
vt 0.031657 0.040723
vt 0.033249 0.074804
vt 0.034417 0.107628
vt 0.036839 0.132236
vt 0.040805 0.152727
vt 0.043328 0.171475
vt 0.050107 0.020520
vt 0.062083 0.024265
vt 0.074060 0.028010
vt 0.041992 0.022332
vt 0.033875 0.024144
vt 0.477214 0.032892
vt 0.489913 0.032969
vt 0.477721 0.063514
vt 0.488846 0.060572
vt 0.477616 0.088847
vt 0.486354 0.087196
vt 0.477867 0.116170
vt 0.479925 0.117735
vt 0.465004 0.032698
vt 0.467181 0.068288
vt 0.469973 0.090591
vt 0.476724 0.114587
vt 0.475960 0.004474
vt 0.483738 0.006406
vt 0.491512 0.008339
vt 0.470623 0.005601
vt 0.463882 0.008865
vt 0.015635 0.107089
vt 0.029034 0.106821
vt 0.014959 0.138992
vt 0.027020 0.143181
vt 0.015173 0.163606
vt 0.022819 0.169312
vt 0.015730 0.195882
vt 0.017603 0.196468
vt 0.005337 0.107335
vt 0.003967 0.134862
vt 0.006583 0.157913
vt 0.012507 0.192815
vt 0.015393 0.077111
vt 0.022348 0.077639
vt 0.028138 0.079565
vt 0.009280 0.077415
vt 0.002525 0.079550
vt 0.456414 0.307053
vt 0.464969 0.303556
vt 0.457115 0.331584
vt 0.466127 0.327351
vt 0.458722 0.359276
vt 0.459853 0.357831
vt 0.447912 0.310236
vt 0.450400 0.336004
vt 0.456067 0.360830
vt 0.451641 0.279916
vt 0.448655 0.281407
vt 0.456170 0.280481
vt 0.460467 0.281488
vt 0.464827 0.283247
vt 0.147173 0.382795
vt 0.157728 0.386181
vt 0.147655 0.426892
vt 0.153163 0.424567
vt 0.145159 0.377521
vt 0.187605 0.401344
vt 0.171469 0.427297
vt 0.148181 0.465156
vt 0.104746 0.407729
vt 0.123296 0.386330
vt 0.130300 0.427123
vt 0.135253 0.427059
vt 0.141691 0.377385
s 1
usemtl lambert1.001
f 3/1/1 1/2/2 4/3/3
f 1/2/2 2/4/4 4/3/3
f 5/5/5 4/3/3 2/4/4
f 4/3/3 109/3/6 3/1/1
f 111/6/7 110/7/8 109/3/6
f 109/3/6 110/7/8 3/1/1
f 110/7/8 6/7/9 3/1/1
f 4/3/3 5/5/5 109/3/6
f 7/8/10 107/8/11 5/5/5
f 5/5/5 107/8/11 109/3/6
f 107/8/11 108/9/12 109/3/6
f 8/10/13 6/7/9 113/11/14
f 6/7/9 110/7/8 113/11/14
f 110/7/8 111/6/7 113/11/14
f 108/9/12 107/8/11 114/12/15
f 107/8/11 7/8/10 114/12/15
f 7/8/10 9/13/16 114/12/15
f 8/10/13 113/11/14 10/14/17
f 116/15/18 10/14/17 113/11/14
f 9/13/16 11/16/19 114/12/15
f 117/17/20 114/12/15 11/16/19
f 10/14/17 116/15/18 12/18/21
f 119/19/22 12/18/21 116/15/18
f 11/16/19 13/20/23 117/17/20
f 120/21/24 117/17/20 13/20/23
f 12/18/21 119/19/22 14/22/25
f 122/23/26 14/22/25 119/19/22
f 13/20/23 15/24/27 120/21/24
f 123/25/28 120/21/24 15/24/27
f 122/23/26 125/26/29 14/22/25
f 16/27/30 14/22/25 125/26/29
f 15/24/27 17/28/31 123/25/28
f 126/29/32 123/25/28 17/28/31
f 125/26/29 128/30/33 16/27/30
f 18/31/34 16/27/30 128/30/33
f 126/29/32 17/28/31 129/32/35
f 19/33/36 129/32/35 17/28/31
f 128/30/33 131/34/37 18/31/34
f 20/35/38 18/31/34 131/34/37
f 19/33/36 21/36/39 129/32/35
f 132/37/40 129/32/35 21/36/39
f 22/38/41 20/35/38 134/39/42
f 20/35/38 131/34/37 134/39/42
f 131/34/37 135/40/43 134/39/42
f 21/36/39 23/41/44 132/37/40
f 138/42/45 132/37/40 23/41/44
f 136/43/46 24/43/47 134/39/42
f 22/38/41 134/39/42 24/43/47
f 24/43/47 136/43/46 23/41/44
f 25/44/48 1/2/2 26/45/49
f 27/46/50 26/45/49 1/2/2
f 27/46/50 1/2/2 3/1/1
f 143/47/51 28/47/52 144/48/53
f 28/47/52 26/45/49 144/48/53
f 26/45/49 27/46/50 144/48/53
f 139/49/54 142/46/55 141/50/56
f 144/48/53 146/51/57 143/47/51
f 146/51/57 29/52/58 143/47/51
f 29/52/58 28/47/52 143/47/51
f 141/50/56 140/7/59 147/53/60
f 140/7/59 6/7/9 147/53/60
f 6/7/9 8/10/13 147/53/60
f 29/52/58 146/51/57 30/54/61
f 149/55/62 30/54/61 146/51/57
f 8/10/13 10/14/17 147/53/60
f 150/56/63 147/53/60 10/14/17
f 30/54/61 149/55/62 31/57/64
f 152/58/65 31/57/64 149/55/62
f 10/14/17 12/18/21 150/56/63
f 153/59/66 150/56/63 12/18/21
f 31/57/64 152/58/65 32/60/67
f 155/61/68 32/60/67 152/58/65
f 153/59/66 12/18/21 156/62/69
f 14/22/25 156/62/69 12/18/21
f 32/60/67 155/61/68 33/63/70
f 158/64/71 33/63/70 155/61/68
f 156/62/69 14/22/25 159/65/72
f 16/27/30 159/65/72 14/22/25
f 33/63/70 158/64/71 34/66/73
f 161/67/74 34/66/73 158/64/71
f 159/65/72 16/27/30 162/68/75
f 18/31/34 162/68/75 16/27/30
f 34/66/73 161/67/74 35/69/76
f 164/70/77 35/69/76 161/67/74
f 162/68/75 18/31/34 165/71/78
f 20/35/38 165/71/78 18/31/34
f 168/72/79 167/73/80 164/70/77
f 167/73/80 36/73/81 164/70/77
f 36/73/81 35/69/76 164/70/77
f 171/74/82 165/71/78 170/75/83
f 165/71/78 20/35/38 170/75/83
f 20/35/38 22/38/41 170/75/83
f 169/43/84 24/43/47 167/73/80
f 36/73/81 167/73/80 24/43/47
f 24/43/47 169/43/84 22/38/41
f 170/75/83 22/38/41 169/43/84
f 37/76/85 45/77/86 38/78/87
f 46/79/88 38/78/87 45/77/86
f 38/78/87 46/79/88 39/80/89
f 47/81/90 39/80/89 46/79/88
f 39/80/89 47/81/90 40/82/91
f 48/83/92 40/82/91 47/81/90
f 40/82/91 48/83/92 41/84/93
f 49/85/94 41/84/93 48/83/92
f 41/84/93 49/85/94 42/86/95
f 50/87/96 42/86/95 49/85/94
f 42/86/95 50/87/96 43/88/97
f 51/89/98 43/88/97 50/87/96
f 43/88/97 51/89/98 44/90/99
f 52/91/100 44/90/99 51/89/98
f 44/90/99 52/91/100 37/76/85
f 45/77/86 37/76/85 52/91/100
f 45/77/86 53/92/101 46/79/88
f 54/93/102 46/79/88 53/92/101
f 46/79/88 54/93/102 47/81/90
f 55/94/103 47/81/90 54/93/102
f 47/81/90 55/94/103 48/83/92
f 56/95/104 48/83/92 55/94/103
f 48/83/92 56/95/104 49/85/94
f 57/96/105 49/85/94 56/95/104
f 49/85/94 57/96/105 50/87/96
f 58/97/106 50/87/96 57/96/105
f 50/87/96 58/97/106 51/89/98
f 59/98/107 51/89/98 58/97/106
f 51/89/98 59/98/107 52/91/100
f 60/99/108 52/91/100 59/98/107
f 52/91/100 60/99/108 45/77/86
f 53/92/101 45/77/86 60/99/108
f 53/92/101 61/100/109 54/93/102
f 62/101/110 54/93/102 61/100/109
f 54/93/102 62/101/110 55/94/103
f 63/102/111 55/94/103 62/101/110
f 55/94/103 63/102/111 56/95/104
f 64/103/112 56/95/104 63/102/111
f 56/95/104 64/103/112 57/96/105
f 65/104/113 57/96/105 64/103/112
f 57/96/105 65/104/113 58/97/106
f 66/105/114 58/97/106 65/104/113
f 58/97/106 66/105/114 59/98/107
f 67/106/115 59/98/107 66/105/114
f 59/98/107 67/106/115 60/99/108
f 68/107/116 60/99/108 67/106/115
f 60/99/108 68/107/116 53/92/101
f 61/100/109 53/92/101 68/107/116
f 61/100/109 69/108/117 62/101/110
f 70/109/118 62/101/110 69/108/117
f 62/101/110 70/109/118 63/102/111
f 71/110/119 63/102/111 70/109/118
f 63/102/111 71/110/119 64/103/112
f 72/111/120 64/103/112 71/110/119
f 64/103/112 72/111/120 65/104/113
f 73/112/121 65/104/113 72/111/120
f 65/104/113 73/112/121 66/105/114
f 74/113/122 66/105/114 73/112/121
f 66/105/114 74/113/122 67/106/115
f 75/114/123 67/106/115 74/113/122
f 67/106/115 75/114/123 68/107/116
f 76/115/124 68/107/116 75/114/123
f 68/107/116 76/115/124 61/100/109
f 69/108/117 61/100/109 76/115/124
f 69/108/117 77/116/125 70/109/118
f 78/117/126 70/109/118 77/116/125
f 70/109/118 78/117/126 71/110/119
f 79/118/127 71/110/119 78/117/126
f 71/110/119 79/118/127 72/111/120
f 80/119/128 72/111/120 79/118/127
f 72/111/120 80/119/128 73/112/121
f 81/120/129 73/112/121 80/119/128
f 73/112/121 81/120/129 74/113/122
f 82/121/130 74/113/122 81/120/129
f 74/113/122 82/121/130 75/114/123
f 83/122/131 75/114/123 82/121/130
f 75/114/123 83/122/131 76/115/124
f 84/123/132 76/115/124 83/122/131
f 76/115/124 84/123/132 69/108/117
f 77/116/125 69/108/117 84/123/132
f 77/116/125 85/124/133 78/117/126
f 86/125/134 78/117/126 85/124/133
f 78/117/126 86/125/134 79/118/127
f 87/126/135 79/118/127 86/125/134
f 79/118/127 87/126/135 80/119/128
f 88/127/136 80/119/128 87/126/135
f 80/119/128 88/127/136 81/120/129
f 89/128/137 81/120/129 88/127/136
f 81/120/129 89/128/137 82/121/130
f 90/129/138 82/121/130 89/128/137
f 82/121/130 90/129/138 83/122/131
f 91/130/139 83/122/131 90/129/138
f 83/122/131 91/130/139 84/123/132
f 92/131/140 84/123/132 91/130/139
f 84/123/132 92/131/140 77/116/125
f 85/124/133 77/116/125 92/131/140
f 85/124/133 93/132/141 86/125/134
f 94/133/142 86/125/134 93/132/141
f 86/125/134 94/133/142 87/126/135
f 95/134/143 87/126/135 94/133/142
f 87/126/135 95/134/143 88/127/136
f 96/135/144 88/127/136 95/134/143
f 88/127/136 96/135/144 89/128/137
f 97/136/145 89/128/137 96/135/144
f 89/128/137 97/136/145 90/129/138
f 98/137/146 90/129/138 97/136/145
f 90/129/138 98/137/146 91/130/139
f 99/138/147 91/130/139 98/137/146
f 91/130/139 99/138/147 92/131/140
f 100/139/148 92/131/140 99/138/147
f 92/131/140 100/139/148 85/124/133
f 93/132/141 85/124/133 100/139/148
f 93/132/141 101/140/149 94/133/142
f 102/141/150 94/133/142 101/140/149
f 94/133/142 102/141/150 95/134/143
f 103/142/151 95/134/143 102/141/150
f 95/134/143 103/142/151 96/135/144
f 104/143/152 96/135/144 103/142/151
f 96/135/144 104/143/152 97/136/145
f 105/144/153 97/136/145 104/143/152
f 97/136/145 105/144/153 98/137/146
f 104/143/152 98/137/146 105/144/153
f 98/137/146 104/143/152 99/138/147
f 103/142/151 99/138/147 104/143/152
f 99/138/147 103/142/151 100/139/148
f 102/141/150 100/139/148 103/142/151
f 100/139/148 102/141/150 93/132/141
f 101/140/149 93/132/141 102/141/150
f 133/145/154 136/43/46 135/40/43
f 138/42/45 137/41/155 136/43/46
f 166/146/156 169/43/84 168/72/79
f 171/74/82 170/75/83 169/43/84
f 112/147/157 113/11/14 106/148/158
f 111/6/7 106/148/158 113/11/14
f 106/148/158 108/9/12 112/147/157
f 114/12/15 112/147/157 108/9/12
f 115/149/159 116/15/18 112/147/157
f 113/11/14 112/147/157 116/15/18
f 112/147/157 114/12/15 115/149/159
f 117/17/20 115/149/159 114/12/15
f 118/150/160 119/19/22 115/149/159
f 116/15/18 115/149/159 119/19/22
f 115/149/159 117/17/20 118/150/160
f 120/21/24 118/150/160 117/17/20
f 121/151/161 122/23/26 118/150/160
f 119/19/22 118/150/160 122/23/26
f 118/150/160 120/21/24 121/151/161
f 123/25/28 121/151/161 120/21/24
f 124/152/162 125/26/29 121/151/161
f 122/23/26 121/151/161 125/26/29
f 121/151/161 123/25/28 124/152/162
f 126/29/32 124/152/162 123/25/28
f 127/153/163 128/30/33 124/152/162
f 125/26/29 124/152/162 128/30/33
f 124/152/162 126/29/32 127/153/163
f 129/32/35 127/153/163 126/29/32
f 130/154/164 131/34/37 127/153/163
f 128/30/33 127/153/163 131/34/37
f 127/153/163 129/32/35 130/154/164
f 132/37/40 130/154/164 129/32/35
f 133/145/154 135/40/43 130/154/164
f 131/34/37 130/154/164 135/40/43
f 130/154/164 132/37/40 133/145/154
f 138/42/45 133/145/154 132/37/40
f 145/155/165 146/51/57 139/49/54
f 144/48/53 139/49/54 146/51/57
f 139/49/54 141/50/56 145/155/165
f 147/53/60 145/155/165 141/50/56
f 148/156/166 149/55/62 145/155/165
f 146/51/57 145/155/165 149/55/62
f 145/155/165 147/53/60 148/156/166
f 150/56/63 148/156/166 147/53/60
f 151/157/167 152/58/65 148/156/166
f 149/55/62 148/156/166 152/58/65
f 148/156/166 150/56/63 151/157/167
f 153/59/66 151/157/167 150/56/63
f 154/158/168 155/61/68 151/157/167
f 152/58/65 151/157/167 155/61/68
f 151/157/167 153/59/66 154/158/168
f 156/62/69 154/158/168 153/59/66
f 157/159/169 158/64/71 154/158/168
f 155/61/68 154/158/168 158/64/71
f 154/158/168 156/62/69 157/159/169
f 159/65/72 157/159/169 156/62/69
f 160/160/170 161/67/74 157/159/169
f 158/64/71 157/159/169 161/67/74
f 157/159/169 159/65/72 160/160/170
f 162/68/75 160/160/170 159/65/72
f 163/161/171 164/70/77 160/160/170
f 161/67/74 160/160/170 164/70/77
f 160/160/170 162/68/75 163/161/171
f 165/71/78 163/161/171 162/68/75
f 166/146/156 168/72/79 163/161/171
f 164/70/77 163/161/171 168/72/79
f 163/161/171 165/71/78 166/146/156
f 171/74/82 166/146/156 165/71/78
f 139/49/54 144/48/53 142/46/55
f 142/46/55 144/48/53 27/46/50
f 27/46/50 141/50/56 142/46/55
f 6/7/9 140/7/59 3/1/1
f 140/7/59 141/50/56 3/1/1
f 141/50/56 27/46/50 3/1/1
f 106/148/158 111/6/7 109/3/6
f 106/148/158 109/3/6 108/9/12
f 137/41/155 138/42/45 23/41/44
f 137/41/155 23/41/44 136/43/46
f 134/39/42 135/40/43 136/43/46
f 133/145/154 138/42/45 136/43/46
f 167/73/80 168/72/79 169/43/84
f 166/146/156 171/74/82 169/43/84
f 173/162/172 172/163/173 175/164/174
f 176/165/175 175/164/174 172/163/173
f 172/163/173 174/166/176 176/165/175
f 177/167/177 176/165/175 174/166/176
f 277/168/178 276/169/179 275/165/180
f 175/164/174 176/165/175 178/169/181
f 178/169/181 176/165/175 276/169/179
f 276/169/179 176/165/175 275/165/180
f 176/165/175 177/167/177 275/165/180
f 179/170/182 273/170/183 177/167/177
f 177/167/177 273/170/183 275/165/180
f 273/170/183 274/171/184 275/165/180
f 277/168/178 279/172/185 276/169/179
f 279/172/185 180/173/186 276/169/179
f 180/173/186 178/169/181 276/169/179
f 274/171/184 273/170/183 280/174/187
f 273/170/183 179/170/182 280/174/187
f 179/170/182 181/175/188 280/174/187
f 180/173/186 279/172/185 182/176/189
f 282/177/190 182/176/189 279/172/185
f 280/174/187 181/175/188 283/178/191
f 183/179/192 283/178/191 181/175/188
f 182/176/189 282/177/190 184/180/193
f 285/181/194 184/180/193 282/177/190
f 183/179/192 185/182/195 283/178/191
f 286/183/196 283/178/191 185/182/195
f 285/181/194 288/184/197 184/180/193
f 186/185/198 184/180/193 288/184/197
f 185/182/195 187/186/199 286/183/196
f 289/187/200 286/183/196 187/186/199
f 288/184/197 291/188/201 186/185/198
f 188/189/202 186/185/198 291/188/201
f 187/186/199 189/190/203 289/187/200
f 292/191/204 289/187/200 189/190/203
f 294/192/205 293/193/206 291/188/201
f 293/193/206 190/193/207 291/188/201
f 190/193/207 188/189/202 291/188/201
f 189/190/203 191/194/208 292/191/204
f 191/194/208 296/195/209 292/191/204
f 296/195/209 294/192/205 292/191/204
f 295/196/210 192/196/211 293/193/206
f 190/193/207 293/193/206 192/196/211
f 192/196/211 295/196/210 191/194/208
f 296/195/209 191/194/208 295/196/210
f 193/197/212 173/162/172 194/198/213
f 195/199/214 194/198/213 173/162/172
f 195/199/214 173/162/172 175/164/174
f 195/199/214 300/199/215 194/198/213
f 302/200/216 301/201/217 300/199/215
f 300/199/215 301/201/217 194/198/213
f 301/201/217 196/202/218 194/198/213
f 195/199/214 175/164/174 300/199/215
f 178/169/181 298/169/219 175/164/174
f 175/164/174 298/169/219 300/199/215
f 298/169/219 299/203/220 300/199/215
f 302/200/216 304/204/221 301/201/217
f 304/204/221 197/205/222 301/201/217
f 197/205/222 196/202/218 301/201/217
f 299/203/220 298/169/219 305/206/223
f 298/169/219 178/169/181 305/206/223
f 178/169/181 180/173/186 305/206/223
f 304/204/221 307/207/224 197/205/222
f 198/208/225 197/205/222 307/207/224
f 305/206/223 180/173/186 308/209/226
f 182/176/189 308/209/226 180/173/186
f 198/208/225 307/207/224 199/210/227
f 310/211/228 199/210/227 307/207/224
f 308/209/226 182/176/189 311/212/229
f 184/180/193 311/212/229 182/176/189
f 199/210/227 310/211/228 200/213/230
f 313/214/231 200/213/230 310/211/228
f 311/212/229 184/180/193 314/215/232
f 186/185/198 314/215/232 184/180/193
f 200/213/230 313/214/231 201/216/233
f 316/217/234 201/216/233 313/214/231
f 314/215/232 186/185/198 317/218/235
f 188/189/202 317/218/235 186/185/198
f 319/219/236 318/220/237 316/217/234
f 318/220/237 202/220/238 316/217/234
f 202/220/238 201/216/233 316/217/234
f 319/219/236 317/218/235 321/221/239
f 317/218/235 188/189/202 321/221/239
f 188/189/202 190/193/207 321/221/239
f 320/196/240 192/196/211 318/220/237
f 202/220/238 318/220/237 192/196/211
f 192/196/211 320/196/240 190/193/207
f 321/221/239 190/193/207 320/196/240
f 203/222/241 211/223/242 204/224/243
f 212/225/244 204/224/243 211/223/242
f 204/224/243 212/225/244 205/226/245
f 213/227/246 205/226/245 212/225/244
f 205/226/245 213/227/246 206/228/247
f 214/229/248 206/228/247 213/227/246
f 206/228/247 214/229/248 207/230/249
f 215/231/250 207/230/249 214/229/248
f 207/230/249 215/231/250 208/232/251
f 216/233/252 208/232/251 215/231/250
f 208/232/251 216/233/252 209/234/253
f 217/235/254 209/234/253 216/233/252
f 209/234/253 217/235/254 210/236/255
f 218/237/256 210/236/255 217/235/254
f 210/236/255 218/237/256 203/222/241
f 211/223/242 203/222/241 218/237/256
f 211/223/242 219/238/257 212/225/244
f 220/239/258 212/225/244 219/238/257
f 212/225/244 220/239/258 213/227/246
f 221/240/259 213/227/246 220/239/258
f 213/227/246 221/240/259 214/229/248
f 222/241/260 214/229/248 221/240/259
f 214/229/248 222/241/260 215/231/250
f 223/242/261 215/231/250 222/241/260
f 215/231/250 223/242/261 216/233/252
f 224/243/262 216/233/252 223/242/261
f 216/233/252 224/243/262 217/235/254
f 225/244/263 217/235/254 224/243/262
f 217/235/254 225/244/263 218/237/256
f 226/245/264 218/237/256 225/244/263
f 218/237/256 226/245/264 211/223/242
f 219/238/257 211/223/242 226/245/264
f 219/238/257 227/246/265 220/239/258
f 228/247/266 220/239/258 227/246/265
f 220/239/258 228/247/266 221/240/259
f 229/248/267 221/240/259 228/247/266
f 221/240/259 229/248/267 222/241/260
f 230/249/268 222/241/260 229/248/267
f 222/241/260 230/249/268 223/242/261
f 231/250/269 223/242/261 230/249/268
f 223/242/261 231/250/269 224/243/262
f 232/251/270 224/243/262 231/250/269
f 224/243/262 232/251/270 225/244/263
f 233/252/271 225/244/263 232/251/270
f 225/244/263 233/252/271 226/245/264
f 234/253/272 226/245/264 233/252/271
f 226/245/264 234/253/272 219/238/257
f 227/246/265 219/238/257 234/253/272
f 227/246/265 235/254/273 228/247/266
f 236/255/274 228/247/266 235/254/273
f 228/247/266 236/255/274 229/248/267
f 237/256/275 229/248/267 236/255/274
f 229/248/267 237/256/275 230/249/268
f 238/257/276 230/249/268 237/256/275
f 230/249/268 238/257/276 231/250/269
f 239/258/277 231/250/269 238/257/276
f 231/250/269 239/258/277 232/251/270
f 240/259/278 232/251/270 239/258/277
f 232/251/270 240/259/278 233/252/271
f 241/260/279 233/252/271 240/259/278
f 233/252/271 241/260/279 234/253/272
f 242/261/280 234/253/272 241/260/279
f 234/253/272 242/261/280 227/246/265
f 235/254/273 227/246/265 242/261/280
f 235/254/273 243/262/281 236/255/274
f 244/263/282 236/255/274 243/262/281
f 236/255/274 244/263/282 237/256/275
f 245/264/283 237/256/275 244/263/282
f 237/256/275 245/264/283 238/257/276
f 246/265/284 238/257/276 245/264/283
f 238/257/276 246/265/284 239/258/277
f 247/266/285 239/258/277 246/265/284
f 239/258/277 247/266/285 240/259/278
f 248/267/286 240/259/278 247/266/285
f 240/259/278 248/267/286 241/260/279
f 249/268/287 241/260/279 248/267/286
f 241/260/279 249/268/287 242/261/280
f 250/269/288 242/261/280 249/268/287
f 242/261/280 250/269/288 235/254/273
f 243/262/281 235/254/273 250/269/288
f 243/262/281 251/270/289 244/263/282
f 252/271/290 244/263/282 251/270/289
f 244/263/282 252/271/290 245/264/283
f 253/272/291 245/264/283 252/271/290
f 245/264/283 253/272/291 246/265/284
f 254/273/292 246/265/284 253/272/291
f 246/265/284 254/273/292 247/266/285
f 255/274/293 247/266/285 254/273/292
f 247/266/285 255/274/293 248/267/286
f 256/275/294 248/267/286 255/274/293
f 248/267/286 256/275/294 249/268/287
f 257/276/295 249/268/287 256/275/294
f 249/268/287 257/276/295 250/269/288
f 258/277/296 250/269/288 257/276/295
f 250/269/288 258/277/296 243/262/281
f 251/270/289 243/262/281 258/277/296
f 251/270/289 259/278/297 252/271/290
f 260/279/298 252/271/290 259/278/297
f 252/271/290 260/279/298 253/272/291
f 261/280/299 253/272/291 260/279/298
f 253/272/291 261/280/299 254/273/292
f 262/281/300 254/273/292 261/280/299
f 254/273/292 262/281/300 255/274/293
f 263/282/301 255/274/293 262/281/300
f 255/274/293 263/282/301 256/275/294
f 264/283/302 256/275/294 263/282/301
f 256/275/294 264/283/302 257/276/295
f 265/284/303 257/276/295 264/283/302
f 257/276/295 265/284/303 258/277/296
f 266/285/304 258/277/296 265/284/303
f 258/277/296 266/285/304 251/270/289
f 259/278/297 251/270/289 266/285/304
f 259/278/297 267/286/305 260/279/298
f 268/287/306 260/279/298 267/286/305
f 260/279/298 268/287/306 261/280/299
f 269/288/307 261/280/299 268/287/306
f 261/280/299 269/288/307 262/281/300
f 270/289/308 262/281/300 269/288/307
f 262/281/300 270/289/308 263/282/301
f 271/290/309 263/282/301 270/289/308
f 263/282/301 271/290/309 264/283/302
f 270/289/308 264/283/302 271/290/309
f 264/283/302 270/289/308 265/284/303
f 269/288/307 265/284/303 270/289/308
f 265/284/303 269/288/307 266/285/304
f 268/287/306 266/285/304 269/288/307
f 266/285/304 268/287/306 259/278/297
f 267/286/305 259/278/297 268/287/306
f 294/192/205 295/196/210 293/193/206
f 294/192/205 296/195/209 295/196/210
f 319/219/236 320/196/240 318/220/237
f 319/219/236 321/221/239 320/196/240
f 278/291/310 279/172/185 272/292/311
f 277/168/178 272/292/311 279/172/185
f 272/292/311 274/171/184 278/291/310
f 280/174/187 278/291/310 274/171/184
f 281/293/312 282/177/190 278/291/310
f 279/172/185 278/291/310 282/177/190
f 278/291/310 280/174/187 281/293/312
f 283/178/191 281/293/312 280/174/187
f 284/294/313 285/181/194 281/293/312
f 282/177/190 281/293/312 285/181/194
f 281/293/312 283/178/191 284/294/313
f 286/183/196 284/294/313 283/178/191
f 287/295/314 288/184/197 284/294/313
f 285/181/194 284/294/313 288/184/197
f 284/294/313 286/183/196 287/295/314
f 289/187/200 287/295/314 286/183/196
f 290/296/315 291/188/201 287/295/314
f 288/184/197 287/295/314 291/188/201
f 287/295/314 289/187/200 290/296/315
f 292/191/204 290/296/315 289/187/200
f 291/188/201 290/296/315 294/192/205
f 294/192/205 290/296/315 292/191/204
f 303/297/316 304/204/221 297/298/317
f 302/200/216 297/298/317 304/204/221
f 297/298/317 299/203/220 303/297/316
f 305/206/223 303/297/316 299/203/220
f 306/299/318 307/207/224 303/297/316
f 304/204/221 303/297/316 307/207/224
f 303/297/316 305/206/223 306/299/318
f 308/209/226 306/299/318 305/206/223
f 309/300/319 310/211/228 306/299/318
f 307/207/224 306/299/318 310/211/228
f 306/299/318 308/209/226 309/300/319
f 311/212/229 309/300/319 308/209/226
f 312/301/320 313/214/231 309/300/319
f 310/211/228 309/300/319 313/214/231
f 309/300/319 311/212/229 312/301/320
f 314/215/232 312/301/320 311/212/229
f 315/302/321 316/217/234 312/301/320
f 313/214/231 312/301/320 316/217/234
f 312/301/320 314/215/232 315/302/321
f 317/218/235 315/302/321 314/215/232
f 316/217/234 315/302/321 319/219/236
f 319/219/236 315/302/321 317/218/235
f 272/292/311 277/168/178 275/165/180
f 272/292/311 275/165/180 274/171/184
f 297/298/317 302/200/216 300/199/215
f 297/298/317 300/199/215 299/203/220
f 324/303/322 322/304/323 325/305/324
f 322/304/323 323/306/325 325/305/324
f 326/307/326 325/305/324 323/306/325
f 327/308/327 324/303/322 422/309/328
f 324/303/322 325/305/324 422/309/328
f 325/305/324 423/310/329 422/309/328
f 421/311/330 325/305/324 420/312/331
f 325/305/324 326/307/326 420/312/331
f 326/307/326 328/312/332 420/312/331
f 423/310/329 425/313/333 422/309/328
f 425/313/333 329/314/334 422/309/328
f 329/314/334 327/308/327 422/309/328
f 421/311/330 420/312/331 426/315/335
f 420/312/331 328/312/332 426/315/335
f 328/312/332 330/316/336 426/315/335
f 329/314/334 425/313/333 331/317/337
f 428/318/338 331/317/337 425/313/333
f 426/315/335 330/316/336 429/319/339
f 332/320/340 429/319/339 330/316/336
f 428/318/338 431/321/341 331/317/337
f 333/322/342 331/317/337 431/321/341
f 429/319/339 332/320/340 432/323/343
f 334/324/344 432/323/343 332/320/340
f 431/321/341 434/325/345 333/322/342
f 335/326/346 333/322/342 434/325/345
f 334/324/344 336/327/347 432/323/343
f 435/328/348 432/323/343 336/327/347
f 434/325/345 437/329/349 335/326/346
f 337/330/350 335/326/346 437/329/349
f 336/327/347 338/331/351 435/328/348
f 438/332/352 435/328/348 338/331/351
f 337/330/350 437/329/349 440/333/353
f 441/334/354 440/333/353 437/329/349
f 338/331/351 339/335/355 438/332/352
f 442/336/356 438/332/352 339/335/355
f 342/337/357 341/338/358 340/339/359
f 340/339/359 322/304/323 342/337/357
f 324/303/322 342/337/357 322/304/323
f 447/340/360 446/341/361 342/337/357
f 446/341/361 343/341/362 342/337/357
f 343/341/362 341/338/358 342/337/357
f 445/342/363 342/337/357 444/308/364
f 342/337/357 324/303/322 444/308/364
f 324/303/322 327/308/327 444/308/364
f 344/343/365 343/341/362 449/344/366
f 343/341/362 446/341/361 449/344/366
f 446/341/361 447/340/360 449/344/366
f 445/342/363 444/308/364 450/345/367
f 444/308/364 327/308/327 450/345/367
f 327/308/327 329/314/334 450/345/367
f 449/344/366 452/346/368 344/343/365
f 345/347/369 344/343/365 452/346/368
f 329/314/334 331/317/337 450/345/367
f 453/348/370 450/345/367 331/317/337
f 345/347/369 452/346/368 346/349/371
f 455/350/372 346/349/371 452/346/368
f 453/348/370 331/317/337 456/351/373
f 333/322/342 456/351/373 331/317/337
f 346/349/371 455/350/372 347/352/374
f 458/353/375 347/352/374 455/350/372
f 456/351/373 333/322/342 459/354/376
f 335/326/346 459/354/376 333/322/342
f 347/352/374 458/353/375 348/355/377
f 461/356/378 348/355/377 458/353/375
f 459/354/376 335/326/346 462/357/379
f 337/330/350 462/357/379 335/326/346
f 348/355/377 461/356/378 464/358/380
f 465/359/381 464/358/380 461/356/378
f 337/330/350 440/333/353 462/357/379
f 467/360/382 462/357/379 440/333/353
f 463/361/383 466/362/384 465/359/381
f 350/363/385 358/364/386 351/365/387
f 359/366/388 351/365/387 358/364/386
f 351/365/387 359/366/388 352/367/389
f 360/368/390 352/367/389 359/366/388
f 352/367/389 360/368/390 353/369/391
f 361/370/392 353/369/391 360/368/390
f 353/369/391 361/370/392 354/371/393
f 362/372/394 354/371/393 361/370/392
f 354/371/393 362/372/394 355/373/395
f 363/374/396 355/373/395 362/372/394
f 355/373/395 363/374/396 356/375/397
f 364/376/398 356/375/397 363/374/396
f 356/375/397 364/376/398 357/377/399
f 365/378/400 357/377/399 364/376/398
f 357/377/399 365/378/400 350/363/385
f 358/364/386 350/363/385 365/378/400
f 358/364/386 366/379/401 359/366/388
f 367/380/402 359/366/388 366/379/401
f 359/366/388 367/380/402 360/368/390
f 368/381/403 360/368/390 367/380/402
f 360/368/390 368/381/403 361/370/392
f 369/382/404 361/370/392 368/381/403
f 361/370/392 369/382/404 362/372/394
f 370/383/405 362/372/394 369/382/404
f 362/372/394 370/383/405 363/374/396
f 371/384/406 363/374/396 370/383/405
f 363/374/396 371/384/406 364/376/398
f 372/385/407 364/376/398 371/384/406
f 364/376/398 372/385/407 365/378/400
f 373/386/408 365/378/400 372/385/407
f 365/378/400 373/386/408 358/364/386
f 366/379/401 358/364/386 373/386/408
f 366/379/401 374/387/409 367/380/402
f 375/388/410 367/380/402 374/387/409
f 367/380/402 375/388/410 368/381/403
f 376/389/411 368/381/403 375/388/410
f 368/381/403 376/389/411 369/382/404
f 377/390/412 369/382/404 376/389/411
f 369/382/404 377/390/412 370/383/405
f 378/391/413 370/383/405 377/390/412
f 370/383/405 378/391/413 371/384/406
f 379/392/414 371/384/406 378/391/413
f 371/384/406 379/392/414 372/385/407
f 380/393/415 372/385/407 379/392/414
f 372/385/407 380/393/415 373/386/408
f 381/394/416 373/386/408 380/393/415
f 373/386/408 381/394/416 366/379/401
f 374/387/409 366/379/401 381/394/416
f 374/387/409 382/395/417 375/388/410
f 383/396/418 375/388/410 382/395/417
f 375/388/410 383/396/418 376/389/411
f 384/397/419 376/389/411 383/396/418
f 376/389/411 384/397/419 377/390/412
f 385/398/420 377/390/412 384/397/419
f 377/390/412 385/398/420 378/391/413
f 386/399/421 378/391/413 385/398/420
f 378/391/413 386/399/421 379/392/414
f 387/400/422 379/392/414 386/399/421
f 379/392/414 387/400/422 380/393/415
f 388/401/423 380/393/415 387/400/422
f 380/393/415 388/401/423 381/394/416
f 389/402/424 381/394/416 388/401/423
f 381/394/416 389/402/424 374/387/409
f 382/395/417 374/387/409 389/402/424
f 382/395/417 390/403/425 383/396/418
f 391/404/426 383/396/418 390/403/425
f 383/396/418 391/404/426 384/397/419
f 392/405/427 384/397/419 391/404/426
f 384/397/419 392/405/427 385/398/420
f 393/406/428 385/398/420 392/405/427
f 385/398/420 393/406/428 386/399/421
f 394/407/429 386/399/421 393/406/428
f 386/399/421 394/407/429 387/400/422
f 395/408/430 387/400/422 394/407/429
f 387/400/422 395/408/430 388/401/423
f 396/409/431 388/401/423 395/408/430
f 388/401/423 396/409/431 389/402/424
f 397/410/432 389/402/424 396/409/431
f 389/402/424 397/410/432 382/395/417
f 390/403/425 382/395/417 397/410/432
f 390/403/425 398/411/433 391/404/426
f 399/412/434 391/404/426 398/411/433
f 391/404/426 399/412/434 392/405/427
f 400/413/435 392/405/427 399/412/434
f 392/405/427 400/413/435 393/406/428
f 401/414/436 393/406/428 400/413/435
f 393/406/428 401/414/436 394/407/429
f 402/415/437 394/407/429 401/414/436
f 394/407/429 402/415/437 395/408/430
f 403/414/438 395/408/430 402/415/437
f 395/408/430 403/414/438 396/409/431
f 404/413/439 396/409/431 403/414/438
f 396/409/431 404/413/439 397/410/432
f 405/412/440 397/410/432 404/413/439
f 397/410/432 405/412/440 390/403/425
f 398/411/433 390/403/425 405/412/440
f 398/411/433 406/416/441 399/412/434
f 407/417/442 399/412/434 406/416/441
f 399/412/434 407/417/442 400/413/435
f 408/418/443 400/413/435 407/417/442
f 400/413/435 408/418/443 401/414/436
f 409/419/444 401/414/436 408/418/443
f 401/414/436 409/419/444 402/415/437
f 410/420/445 402/415/437 409/419/444
f 402/415/437 410/420/445 403/414/438
f 411/421/446 403/414/438 410/420/445
f 403/414/438 411/421/446 404/413/439
f 412/418/447 404/413/439 411/421/446
f 404/413/439 412/418/447 405/412/440
f 413/422/448 405/412/440 412/418/447
f 405/412/440 413/422/448 398/411/433
f 406/416/441 398/411/433 413/422/448
f 406/416/441 414/423/449 407/417/442
f 415/424/450 407/417/442 414/423/449
f 407/417/442 415/424/450 408/418/443
f 416/425/451 408/418/443 415/424/450
f 408/418/443 416/425/451 409/419/444
f 417/426/452 409/419/444 416/425/451
f 409/419/444 417/426/452 410/420/445
f 418/427/453 410/420/445 417/426/452
f 410/420/445 418/427/453 411/421/446
f 417/426/452 411/421/446 418/427/453
f 411/421/446 417/426/452 412/418/447
f 416/425/451 412/418/447 417/426/452
f 412/418/447 416/425/451 413/422/448
f 415/424/450 413/422/448 416/425/451
f 413/422/448 415/424/450 406/416/441
f 414/423/449 406/416/441 415/424/450
f 441/334/354 466/362/384 440/333/353
f 442/336/356 339/335/355 466/362/384
f 467/360/382 440/333/353 466/362/384
f 424/428/454 425/313/333 419/429/455
f 423/310/329 419/429/455 425/313/333
f 419/429/455 421/311/330 424/428/454
f 426/315/335 424/428/454 421/311/330
f 427/430/456 428/318/338 424/428/454
f 425/313/333 424/428/454 428/318/338
f 424/428/454 426/315/335 427/430/456
f 429/319/339 427/430/456 426/315/335
f 430/431/457 431/321/341 427/430/456
f 428/318/338 427/430/456 431/321/341
f 427/430/456 429/319/339 430/431/457
f 432/323/343 430/431/457 429/319/339
f 433/432/458 434/325/345 430/431/457
f 431/321/341 430/431/457 434/325/345
f 430/431/457 432/323/343 433/432/458
f 435/328/348 433/432/458 432/323/343
f 436/433/459 437/329/349 433/432/458
f 434/325/345 433/432/458 437/329/349
f 433/432/458 435/328/348 436/433/459
f 438/332/352 436/433/459 435/328/348
f 439/434/460 441/334/354 436/433/459
f 437/329/349 436/433/459 441/334/354
f 436/433/459 438/332/352 439/434/460
f 442/336/356 439/434/460 438/332/352
f 448/435/461 449/344/366 443/436/462
f 447/340/360 443/436/462 449/344/366
f 443/436/462 445/342/363 448/435/461
f 450/345/367 448/435/461 445/342/363
f 451/437/463 452/346/368 448/435/461
f 449/344/366 448/435/461 452/346/368
f 448/435/461 450/345/367 451/437/463
f 453/348/370 451/437/463 450/345/367
f 454/438/464 455/350/372 451/437/463
f 452/346/368 451/437/463 455/350/372
f 451/437/463 453/348/370 454/438/464
f 456/351/373 454/438/464 453/348/370
f 457/439/465 458/353/375 454/438/464
f 455/350/372 454/438/464 458/353/375
f 454/438/464 456/351/373 457/439/465
f 459/354/376 457/439/465 456/351/373
f 460/440/466 461/356/378 457/439/465
f 458/353/375 457/439/465 461/356/378
f 457/439/465 459/354/376 460/440/466
f 462/357/379 460/440/466 459/354/376
f 463/361/383 465/359/381 460/440/466
f 461/356/378 460/440/466 465/359/381
f 460/440/466 462/357/379 463/361/383
f 467/360/382 463/361/383 462/357/379
f 443/436/462 447/340/360 342/337/357
f 443/436/462 342/337/357 445/342/363
f 419/429/455 423/310/329 325/305/324
f 419/429/455 325/305/324 421/311/330
f 465/359/381 466/362/384 464/358/380
f 349/441/467 464/358/380 466/362/384
f 463/361/383 467/360/382 466/362/384
f 439/434/460 466/362/384 441/334/354
f 439/434/460 442/336/356 466/362/384
f 470/442/468 468/443/469 469/444/470
f 471/445/471 554/446/472 556/447/473
f 553/448/474 556/447/473 554/446/472
f 553/448/474 470/442/468 557/449/475
f 472/450/476 557/449/475 470/442/468
f 471/445/471 556/447/473 473/451/477
f 559/452/478 473/451/477 556/447/473
f 472/450/476 474/453/479 557/449/475
f 560/454/480 557/449/475 474/453/479
f 473/451/477 559/452/478 475/455/481
f 562/456/482 475/455/481 559/452/478
f 474/453/479 476/457/483 560/454/480
f 563/458/484 560/454/480 476/457/483
f 562/456/482 565/459/485 475/455/481
f 477/460/486 475/455/481 565/459/485
f 476/457/483 478/461/487 563/458/484
f 566/462/488 563/458/484 478/461/487
f 565/459/485 568/463/489 477/460/486
f 479/464/490 477/460/486 568/463/489
f 478/461/487 480/465/491 566/462/488
f 569/466/492 566/462/488 480/465/491
f 568/463/489 571/467/493 479/464/490
f 481/468/494 479/464/490 571/467/493
f 480/465/491 482/469/495 569/466/492
f 572/470/496 569/466/492 482/469/495
f 481/468/494 571/467/493 573/471/497
f 574/472/498 573/471/497 571/467/493
f 482/469/495 483/473/499 572/470/496
f 574/472/498 572/470/496 483/473/499
f 484/474/500 468/443/469 485/475/501
f 486/476/502 485/475/501 468/443/469
f 486/476/502 468/443/469 554/446/472
f 485/475/501 486/476/502 577/477/503
f 578/478/504 577/477/503 486/476/502
f 554/446/472 471/445/471 486/476/502
f 576/479/505 486/476/502 471/445/471
f 487/480/506 577/477/503 580/481/507
f 578/478/504 580/481/507 577/477/503
f 576/479/505 471/445/471 581/482/508
f 473/451/477 581/482/508 471/445/471
f 487/480/506 580/481/507 488/483/509
f 583/484/510 488/483/509 580/481/507
f 473/451/477 475/455/481 581/482/508
f 584/485/511 581/482/508 475/455/481
f 488/483/509 583/484/510 489/486/512
f 586/487/513 489/486/512 583/484/510
f 584/485/511 475/455/481 587/488/514
f 477/460/486 587/488/514 475/455/481
f 489/486/512 586/487/513 490/489/515
f 589/490/516 490/489/515 586/487/513
f 587/488/514 477/460/486 590/491/517
f 479/464/490 590/491/517 477/460/486
f 490/489/515 589/490/516 491/492/518
f 592/493/519 491/492/518 589/490/516
f 590/491/517 479/464/490 593/494/520
f 481/468/494 593/494/520 479/464/490
f 491/492/518 592/493/519 594/495/521
f 595/496/522 594/495/521 592/493/519
f 481/468/494 573/471/497 593/494/520
f 595/496/522 593/494/520 573/471/497
f 492/497/523 500/498/524 493/499/525
f 501/500/526 493/499/525 500/498/524
f 493/499/525 501/500/526 494/501/527
f 502/502/528 494/501/527 501/500/526
f 494/501/527 502/502/528 495/503/529
f 503/504/530 495/503/529 502/502/528
f 495/503/529 503/504/530 496/505/531
f 504/506/532 496/505/531 503/504/530
f 496/505/531 504/506/532 497/507/533
f 505/508/534 497/507/533 504/506/532
f 497/507/533 505/508/534 498/509/535
f 506/510/536 498/509/535 505/508/534
f 498/509/535 506/510/536 499/511/537
f 507/512/538 499/511/537 506/510/536
f 499/511/537 507/512/538 492/497/523
f 500/498/524 492/497/523 507/512/538
f 500/498/524 508/513/539 501/500/526
f 509/514/540 501/500/526 508/513/539
f 501/500/526 509/514/540 502/502/528
f 510/515/541 502/502/528 509/514/540
f 502/502/528 510/515/541 503/504/530
f 511/516/542 503/504/530 510/515/541
f 503/504/530 511/516/542 504/506/532
f 512/517/543 504/506/532 511/516/542
f 504/506/532 512/517/543 505/508/534
f 513/518/544 505/508/534 512/517/543
f 505/508/534 513/518/544 506/510/536
f 514/519/545 506/510/536 513/518/544
f 506/510/536 514/519/545 507/512/538
f 515/520/546 507/512/538 514/519/545
f 507/512/538 515/520/546 500/498/524
f 508/513/539 500/498/524 515/520/546
f 508/513/539 516/521/547 509/514/540
f 517/522/548 509/514/540 516/521/547
f 509/514/540 517/522/548 510/515/541
f 518/523/549 510/515/541 517/522/548
f 510/515/541 518/523/549 511/516/542
f 519/524/550 511/516/542 518/523/549
f 511/516/542 519/524/550 512/517/543
f 520/525/551 512/517/543 519/524/550
f 512/517/543 520/525/551 513/518/544
f 521/526/552 513/518/544 520/525/551
f 513/518/544 521/526/552 514/519/545
f 522/527/553 514/519/545 521/526/552
f 514/519/545 522/527/553 515/520/546
f 523/528/554 515/520/546 522/527/553
f 515/520/546 523/528/554 508/513/539
f 516/521/547 508/513/539 523/528/554
f 516/521/547 524/529/555 517/522/548
f 525/530/556 517/522/548 524/529/555
f 517/522/548 525/530/556 518/523/549
f 526/531/557 518/523/549 525/530/556
f 518/523/549 526/531/557 519/524/550
f 527/532/558 519/524/550 526/531/557
f 519/524/550 527/532/558 520/525/551
f 528/533/559 520/525/551 527/532/558
f 520/525/551 528/533/559 521/526/552
f 529/534/560 521/526/552 528/533/559
f 521/526/552 529/534/560 522/527/553
f 530/535/561 522/527/553 529/534/560
f 522/527/553 530/535/561 523/528/554
f 531/536/562 523/528/554 530/535/561
f 523/528/554 531/536/562 516/521/547
f 524/529/555 516/521/547 531/536/562
f 524/529/555 532/537/563 525/530/556
f 533/538/564 525/530/556 532/537/563
f 525/530/556 533/538/564 526/531/557
f 534/539/565 526/531/557 533/538/564
f 526/531/557 534/539/565 527/532/558
f 535/540/566 527/532/558 534/539/565
f 527/532/558 535/540/566 528/533/559
f 536/541/567 528/533/559 535/540/566
f 528/533/559 536/541/567 529/534/560
f 537/542/568 529/534/560 536/541/567
f 529/534/560 537/542/568 530/535/561
f 538/543/569 530/535/561 537/542/568
f 530/535/561 538/543/569 531/536/562
f 539/544/570 531/536/562 538/543/569
f 531/536/562 539/544/570 524/529/555
f 532/537/563 524/529/555 539/544/570
f 532/537/563 540/545/571 533/538/564
f 541/546/572 533/538/564 540/545/571
f 533/538/564 541/546/572 534/539/565
f 542/547/573 534/539/565 541/546/572
f 534/539/565 542/547/573 535/540/566
f 543/548/574 535/540/566 542/547/573
f 535/540/566 543/548/574 536/541/567
f 544/549/575 536/541/567 543/548/574
f 536/541/567 544/549/575 537/542/568
f 545/550/576 537/542/568 544/549/575
f 537/542/568 545/550/576 538/543/569
f 546/551/577 538/543/569 545/550/576
f 538/543/569 546/551/577 539/544/570
f 547/552/578 539/544/570 546/551/577
f 539/544/570 547/552/578 532/537/563
f 540/545/571 532/537/563 547/552/578
f 540/545/571 548/553/579 541/546/572
f 549/554/580 541/546/572 548/553/579
f 541/546/572 549/554/580 542/547/573
f 550/555/581 542/547/573 549/554/580
f 542/547/573 550/555/581 543/548/574
f 551/556/582 543/548/574 550/555/581
f 543/548/574 551/556/582 544/549/575
f 552/557/583 544/549/575 551/556/582
f 544/549/575 552/557/583 545/550/576
f 551/556/582 545/550/576 552/557/583
f 545/550/576 551/556/582 546/551/577
f 550/555/581 546/551/577 551/556/582
f 546/551/577 550/555/581 547/552/578
f 549/554/580 547/552/578 550/555/581
f 547/552/578 549/554/580 540/545/571
f 548/553/579 540/545/571 549/554/580
f 553/448/474 554/446/472 468/443/469
f 553/448/474 468/443/469 470/442/468
f 574/472/498 596/558/584 573/471/497
f 574/472/498 483/473/499 596/558/584
f 595/496/522 596/558/584 594/495/521
f 595/496/522 573/471/497 596/558/584
f 553/448/474 555/559/585 556/447/473
f 557/449/475 555/559/585 553/448/474
f 558/560/586 559/452/478 555/559/585
f 556/447/473 555/559/585 559/452/478
f 555/559/585 557/449/475 558/560/586
f 560/454/480 558/560/586 557/449/475
f 561/561/587 562/456/482 558/560/586
f 559/452/478 558/560/586 562/456/482
f 558/560/586 560/454/480 561/561/587
f 563/458/484 561/561/587 560/454/480
f 564/562/588 565/459/485 561/561/587
f 562/456/482 561/561/587 565/459/485
f 561/561/587 563/458/484 564/562/588
f 566/462/488 564/562/588 563/458/484
f 567/563/589 568/463/489 564/562/588
f 565/459/485 564/562/588 568/463/489
f 564/562/588 566/462/488 567/563/589
f 569/466/492 567/563/589 566/462/488
f 570/564/590 571/467/493 567/563/589
f 568/463/489 567/563/589 571/467/493
f 567/563/589 569/466/492 570/564/590
f 572/470/496 570/564/590 569/466/492
f 571/467/493 570/564/590 574/472/498
f 574/472/498 570/564/590 572/470/496
f 579/565/591 580/481/507 575/566/592
f 578/478/504 575/566/592 580/481/507
f 575/566/592 576/479/505 579/565/591
f 581/482/508 579/565/591 576/479/505
f 582/567/593 583/484/510 579/565/591
f 580/481/507 579/565/591 583/484/510
f 579/565/591 581/482/508 582/567/593
f 584/485/511 582/567/593 581/482/508
f 585/568/594 586/487/513 582/567/593
f 583/484/510 582/567/593 586/487/513
f 582/567/593 584/485/511 585/568/594
f 587/488/514 585/568/594 584/485/511
f 588/569/595 589/490/516 585/568/594
f 586/487/513 585/568/594 589/490/516
f 585/568/594 587/488/514 588/569/595
f 590/491/517 588/569/595 587/488/514
f 591/570/596 592/493/519 588/569/595
f 589/490/516 588/569/595 592/493/519
f 588/569/595 590/491/517 591/570/596
f 593/494/520 591/570/596 590/491/517
f 592/493/519 591/570/596 595/496/522
f 595/496/522 591/570/596 593/494/520
f 575/566/592 578/478/504 486/476/502
f 575/566/592 486/476/502 576/479/505
f 598/162/597 597/163/598 600/164/599
f 601/165/600 600/164/599 597/163/598
f 597/163/598 599/166/601 601/165/600
f 602/167/602 601/165/600 599/166/601
f 702/168/603 701/169/604 700/165/605
f 600/164/599 601/165/600 603/169/606
f 603/169/606 601/165/600 701/169/604
f 701/169/604 601/165/600 700/165/605
f 601/165/600 602/167/602 700/165/605
f 604/170/607 698/170/608 602/167/602
f 602/167/602 698/170/608 700/165/605
f 698/170/608 699/171/609 700/165/605
f 702/168/603 704/172/610 701/169/604
f 704/172/610 605/173/611 701/169/604
f 605/173/611 603/169/606 701/169/604
f 699/171/609 698/170/608 705/174/612
f 698/170/608 604/170/607 705/174/612
f 604/170/607 606/175/613 705/174/612
f 605/173/611 704/172/610 607/176/614
f 707/177/615 607/176/614 704/172/610
f 705/174/612 606/175/613 708/178/616
f 608/179/617 708/178/616 606/175/613
f 607/176/614 707/177/615 609/180/618
f 710/181/619 609/180/618 707/177/615
f 608/179/617 610/182/620 708/178/616
f 711/183/621 708/178/616 610/182/620
f 710/181/619 713/184/622 609/180/618
f 611/185/623 609/180/618 713/184/622
f 610/182/620 612/186/624 711/183/621
f 714/187/625 711/183/621 612/186/624
f 713/184/622 716/188/626 611/185/623
f 613/189/627 611/185/623 716/188/626
f 612/186/624 614/190/628 714/187/625
f 717/191/629 714/187/625 614/190/628
f 719/192/630 718/193/631 716/188/626
f 718/193/631 615/193/632 716/188/626
f 615/193/632 613/189/627 716/188/626
f 614/190/628 616/194/633 717/191/629
f 616/194/633 721/195/634 717/191/629
f 721/195/634 719/192/630 717/191/629
f 720/196/635 617/196/211 718/193/631
f 615/193/632 718/193/631 617/196/211
f 617/196/211 720/196/635 616/194/633
f 721/195/634 616/194/633 720/196/635
f 618/197/636 598/162/597 619/198/637
f 620/199/638 619/198/637 598/162/597
f 620/199/638 598/162/597 600/164/599
f 620/199/638 725/199/639 619/198/637
f 727/200/640 726/201/641 725/199/639
f 725/199/639 726/201/641 619/198/637
f 726/201/641 621/202/642 619/198/637
f 620/199/638 600/164/599 725/199/639
f 603/169/606 723/169/643 600/164/599
f 600/164/599 723/169/643 725/199/639
f 723/169/643 724/203/644 725/199/639
f 727/200/640 729/204/645 726/201/641
f 729/204/645 622/205/646 726/201/641
f 622/205/646 621/202/642 726/201/641
f 724/203/644 723/169/643 730/206/647
f 723/169/643 603/169/606 730/206/647
f 603/169/606 605/173/611 730/206/647
f 729/204/645 732/207/648 622/205/646
f 623/208/649 622/205/646 732/207/648
f 730/206/647 605/173/611 733/209/650
f 607/176/614 733/209/650 605/173/611
f 623/208/649 732/207/648 624/210/651
f 735/211/652 624/210/651 732/207/648
f 733/209/650 607/176/614 736/212/653
f 609/180/618 736/212/653 607/176/614
f 624/210/651 735/211/652 625/213/654
f 738/214/655 625/213/654 735/211/652
f 736/212/653 609/180/618 739/215/656
f 611/185/623 739/215/656 609/180/618
f 625/213/654 738/214/655 626/216/657
f 741/217/658 626/216/657 738/214/655
f 739/215/656 611/185/623 742/218/659
f 613/189/627 742/218/659 611/185/623
f 744/219/660 743/220/661 741/217/658
f 743/220/661 627/220/662 741/217/658
f 627/220/662 626/216/657 741/217/658
f 744/219/660 742/218/659 746/221/663
f 742/218/659 613/189/627 746/221/663
f 613/189/627 615/193/632 746/221/663
f 745/196/664 617/196/211 743/220/661
f 627/220/662 743/220/661 617/196/211
f 617/196/211 745/196/664 615/193/632
f 746/221/663 615/193/632 745/196/664
f 628/222/665 636/223/666 629/224/667
f 637/225/668 629/224/667 636/223/666
f 629/224/667 637/225/668 630/226/669
f 638/227/670 630/226/669 637/225/668
f 630/226/669 638/227/670 631/228/671
f 639/229/672 631/228/671 638/227/670
f 631/228/671 639/229/672 632/230/673
f 640/231/674 632/230/673 639/229/672
f 632/230/673 640/231/674 633/232/675
f 641/233/676 633/232/675 640/231/674
f 633/232/675 641/233/676 634/234/677
f 642/235/678 634/234/677 641/233/676
f 634/234/677 642/235/678 635/236/679
f 643/237/680 635/236/679 642/235/678
f 635/236/679 643/237/680 628/222/665
f 636/223/666 628/222/665 643/237/680
f 636/223/666 644/238/681 637/225/668
f 645/239/682 637/225/668 644/238/681
f 637/225/668 645/239/682 638/227/670
f 646/240/683 638/227/670 645/239/682
f 638/227/670 646/240/683 639/229/672
f 647/241/684 639/229/672 646/240/683
f 639/229/672 647/241/684 640/231/674
f 648/242/685 640/231/674 647/241/684
f 640/231/674 648/242/685 641/233/676
f 649/243/686 641/233/676 648/242/685
f 641/233/676 649/243/686 642/235/678
f 650/244/687 642/235/678 649/243/686
f 642/235/678 650/244/687 643/237/680
f 651/245/688 643/237/680 650/244/687
f 643/237/680 651/245/688 636/223/666
f 644/238/681 636/223/666 651/245/688
f 644/238/681 652/246/689 645/239/682
f 653/247/690 645/239/682 652/246/689
f 645/239/682 653/247/690 646/240/683
f 654/248/691 646/240/683 653/247/690
f 646/240/683 654/248/691 647/241/684
f 655/249/692 647/241/684 654/248/691
f 647/241/684 655/249/692 648/242/685
f 656/250/693 648/242/685 655/249/692
f 648/242/685 656/250/693 649/243/686
f 657/251/694 649/243/686 656/250/693
f 649/243/686 657/251/694 650/244/687
f 658/252/695 650/244/687 657/251/694
f 650/244/687 658/252/695 651/245/688
f 659/253/696 651/245/688 658/252/695
f 651/245/688 659/253/696 644/238/681
f 652/246/689 644/238/681 659/253/696
f 652/246/689 660/254/697 653/247/690
f 661/255/698 653/247/690 660/254/697
f 653/247/690 661/255/698 654/248/691
f 662/256/699 654/248/691 661/255/698
f 654/248/691 662/256/699 655/249/692
f 663/257/700 655/249/692 662/256/699
f 655/249/692 663/257/700 656/250/693
f 664/258/701 656/250/693 663/257/700
f 656/250/693 664/258/701 657/251/694
f 665/259/702 657/251/694 664/258/701
f 657/251/694 665/259/702 658/252/695
f 666/260/703 658/252/695 665/259/702
f 658/252/695 666/260/703 659/253/696
f 667/261/704 659/253/696 666/260/703
f 659/253/696 667/261/704 652/246/689
f 660/254/697 652/246/689 667/261/704
f 660/254/697 668/262/705 661/255/698
f 669/263/706 661/255/698 668/262/705
f 661/255/698 669/263/706 662/256/699
f 670/264/707 662/256/699 669/263/706
f 662/256/699 670/264/707 663/257/700
f 671/265/708 663/257/700 670/264/707
f 663/257/700 671/265/708 664/258/701
f 672/266/709 664/258/701 671/265/708
f 664/258/701 672/266/709 665/259/702
f 673/267/710 665/259/702 672/266/709
f 665/259/702 673/267/710 666/260/703
f 674/268/711 666/260/703 673/267/710
f 666/260/703 674/268/711 667/261/704
f 675/269/712 667/261/704 674/268/711
f 667/261/704 675/269/712 660/254/697
f 668/262/705 660/254/697 675/269/712
f 668/262/705 676/270/713 669/263/706
f 677/271/714 669/263/706 676/270/713
f 669/263/706 677/271/714 670/264/707
f 678/272/715 670/264/707 677/271/714
f 670/264/707 678/272/715 671/265/708
f 679/273/716 671/265/708 678/272/715
f 671/265/708 679/273/716 672/266/709
f 680/274/717 672/266/709 679/273/716
f 672/266/709 680/274/717 673/267/710
f 681/275/718 673/267/710 680/274/717
f 673/267/710 681/275/718 674/268/711
f 682/276/719 674/268/711 681/275/718
f 674/268/711 682/276/719 675/269/712
f 683/277/720 675/269/712 682/276/719
f 675/269/712 683/277/720 668/262/705
f 676/270/713 668/262/705 683/277/720
f 676/270/713 684/278/721 677/271/714
f 685/279/722 677/271/714 684/278/721
f 677/271/714 685/279/722 678/272/715
f 686/280/723 678/272/715 685/279/722
f 678/272/715 686/280/723 679/273/716
f 687/281/724 679/273/716 686/280/723
f 679/273/716 687/281/724 680/274/717
f 688/282/725 680/274/717 687/281/724
f 680/274/717 688/282/725 681/275/718
f 689/283/726 681/275/718 688/282/725
f 681/275/718 689/283/726 682/276/719
f 690/284/727 682/276/719 689/283/726
f 682/276/719 690/284/727 683/277/720
f 691/285/728 683/277/720 690/284/727
f 683/277/720 691/285/728 676/270/713
f 684/278/721 676/270/713 691/285/728
f 684/278/721 692/286/729 685/279/722
f 693/287/730 685/279/722 692/286/729
f 685/279/722 693/287/730 686/280/723
f 694/288/731 686/280/723 693/287/730
f 686/280/723 694/288/731 687/281/724
f 695/289/732 687/281/724 694/288/731
f 687/281/724 695/289/732 688/282/725
f 696/290/733 688/282/725 695/289/732
f 688/282/725 696/290/733 689/283/726
f 695/289/732 689/283/726 696/290/733
f 689/283/726 695/289/732 690/284/727
f 694/288/731 690/284/727 695/289/732
f 690/284/727 694/288/731 691/285/728
f 693/287/730 691/285/728 694/288/731
f 691/285/728 693/287/730 684/278/721
f 692/286/729 684/278/721 693/287/730
f 719/192/630 720/196/635 718/193/631
f 719/192/630 721/195/634 720/196/635
f 744/219/660 745/196/664 743/220/661
f 744/219/660 746/221/663 745/196/664
f 703/291/734 704/172/610 697/292/735
f 702/168/603 697/292/735 704/172/610
f 697/292/735 699/171/609 703/291/734
f 705/174/612 703/291/734 699/171/609
f 706/293/736 707/177/615 703/291/734
f 704/172/610 703/291/734 707/177/615
f 703/291/734 705/174/612 706/293/736
f 708/178/616 706/293/736 705/174/612
f 709/294/737 710/181/619 706/293/736
f 707/177/615 706/293/736 710/181/619
f 706/293/736 708/178/616 709/294/737
f 711/183/621 709/294/737 708/178/616
f 712/295/738 713/184/622 709/294/737
f 710/181/619 709/294/737 713/184/622
f 709/294/737 711/183/621 712/295/738
f 714/187/625 712/295/738 711/183/621
f 715/296/739 716/188/626 712/295/738
f 713/184/622 712/295/738 716/188/626
f 712/295/738 714/187/625 715/296/739
f 717/191/629 715/296/739 714/187/625
f 716/188/626 715/296/739 719/192/630
f 719/192/630 715/296/739 717/191/629
f 728/297/740 729/204/645 722/298/741
f 727/200/640 722/298/741 729/204/645
f 722/298/741 724/203/644 728/297/740
f 730/206/647 728/297/740 724/203/644
f 731/299/742 732/207/648 728/297/740
f 729/204/645 728/297/740 732/207/648
f 728/297/740 730/206/647 731/299/742
f 733/209/650 731/299/742 730/206/647
f 734/300/743 735/211/652 731/299/742
f 732/207/648 731/299/742 735/211/652
f 731/299/742 733/209/650 734/300/743
f 736/212/653 734/300/743 733/209/650
f 737/301/744 738/214/655 734/300/743
f 735/211/652 734/300/743 738/214/655
f 734/300/743 736/212/653 737/301/744
f 739/215/656 737/301/744 736/212/653
f 740/302/745 741/217/658 737/301/744
f 738/214/655 737/301/744 741/217/658
f 737/301/744 739/215/656 740/302/745
f 742/218/659 740/302/745 739/215/656
f 741/217/658 740/302/745 744/219/660
f 744/219/660 740/302/745 742/218/659
f 697/292/735 702/168/603 700/165/605
f 697/292/735 700/165/605 699/171/609
f 722/298/741 727/200/640 725/199/639
f 722/298/741 725/199/639 724/203/644
f 747/571/746 755/572/747 748/573/748
f 756/574/749 748/573/748 755/572/747
f 748/573/748 756/574/749 749/575/750
f 757/576/751 749/575/750 756/574/749
f 749/575/750 757/576/751 750/577/752
f 758/578/753 750/577/752 757/576/751
f 750/577/752 758/578/753 751/579/754
f 759/580/755 751/579/754 758/578/753
f 751/579/754 759/580/755 752/577/756
f 760/578/757 752/577/756 759/580/755
f 752/577/756 760/578/757 753/575/758
f 761/576/759 753/575/758 760/578/757
f 753/575/758 761/576/759 754/573/760
f 762/574/761 754/573/760 761/576/759
f 754/573/760 762/574/761 747/571/746
f 755/572/747 747/571/746 762/574/761
f 755/572/747 763/581/762 756/574/749
f 764/582/763 756/574/749 763/581/762
f 756/574/749 764/582/763 757/576/751
f 765/583/764 757/576/751 764/582/763
f 757/576/751 765/583/764 758/578/753
f 766/584/765 758/578/753 765/583/764
f 758/578/753 766/584/765 759/580/755
f 767/585/766 759/580/755 766/584/765
f 759/580/755 767/585/766 760/578/757
f 768/584/767 760/578/757 767/585/766
f 760/578/757 768/584/767 761/576/759
f 769/583/768 761/576/759 768/584/767
f 761/576/759 769/583/768 762/574/761
f 770/582/769 762/574/761 769/583/768
f 762/574/761 770/582/769 755/572/747
f 763/581/762 755/572/747 770/582/769
f 763/581/762 771/586/770 764/582/763
f 772/587/771 764/582/763 771/586/770
f 764/582/763 772/587/771 765/583/764
f 773/588/772 765/583/764 772/587/771
f 765/583/764 773/588/772 766/584/765
f 774/589/773 766/584/765 773/588/772
f 766/584/765 774/589/773 767/585/766
f 775/590/774 767/585/766 774/589/773
f 767/585/766 775/590/774 768/584/767
f 776/589/775 768/584/767 775/590/774
f 768/584/767 776/589/775 769/583/768
f 777/588/776 769/583/768 776/589/775
f 769/583/768 777/588/776 770/582/769
f 778/587/777 770/582/769 777/588/776
f 770/582/769 778/587/777 763/581/762
f 771/586/770 763/581/762 778/587/777
f 771/586/770 779/591/778 772/587/771
f 780/592/779 772/587/771 779/591/778
f 772/587/771 780/592/779 773/588/772
f 781/593/780 773/588/772 780/592/779
f 773/588/772 781/593/780 774/589/773
f 782/594/781 774/589/773 781/593/780
f 774/589/773 782/594/781 775/590/774
f 783/595/782 775/590/774 782/594/781
f 775/590/774 783/595/782 776/589/775
f 784/594/783 776/589/775 783/595/782
f 776/589/775 784/594/783 777/588/776
f 785/593/784 777/588/776 784/594/783
f 777/588/776 785/593/784 778/587/777
f 786/592/785 778/587/777 785/593/784
f 778/587/777 786/592/785 771/586/770
f 779/591/778 771/586/770 786/592/785
f 779/591/778 787/596/786 780/592/779
f 788/597/787 780/592/779 787/596/786
f 780/592/779 788/597/787 781/593/780
f 789/598/788 781/593/780 788/597/787
f 781/593/780 789/598/788 782/594/781
f 790/599/789 782/594/781 789/598/788
f 782/594/781 790/599/789 783/595/782
f 791/600/790 783/595/782 790/599/789
f 783/595/782 791/600/790 784/594/783
f 792/599/791 784/594/783 791/600/790
f 784/594/783 792/599/791 785/593/784
f 793/598/792 785/593/784 792/599/791
f 785/593/784 793/598/792 786/592/785
f 794/597/793 786/592/785 793/598/792
f 786/592/785 794/597/793 779/591/778
f 787/596/786 779/591/778 794/597/793
f 787/596/786 795/601/794 788/597/787
f 796/602/795 788/597/787 795/601/794
f 788/597/787 796/602/795 789/598/788
f 797/603/796 789/598/788 796/602/795
f 789/598/788 797/603/796 790/599/789
f 798/604/797 790/599/789 797/603/796
f 790/599/789 798/604/797 791/600/790
f 799/605/798 791/600/790 798/604/797
f 791/600/790 799/605/798 792/599/791
f 800/604/799 792/599/791 799/605/798
f 792/599/791 800/604/799 793/598/792
f 801/603/800 793/598/792 800/604/799
f 793/598/792 801/603/800 794/597/793
f 802/602/801 794/597/793 801/603/800
f 794/597/793 802/602/801 787/596/786
f 795/601/794 787/596/786 802/602/801
f 795/601/794 803/606/802 796/602/795
f 804/607/803 796/602/795 803/606/802
f 796/602/795 804/607/803 797/603/796
f 805/608/804 797/603/796 804/607/803
f 797/603/796 805/608/804 798/604/797
f 806/609/805 798/604/797 805/608/804
f 798/604/797 806/609/805 799/605/798
f 807/610/806 799/605/798 806/609/805
f 799/605/798 807/610/806 800/604/799
f 808/609/807 800/604/799 807/610/806
f 800/604/799 808/609/807 801/603/800
f 809/608/808 801/603/800 808/609/807
f 801/603/800 809/608/808 802/602/801
f 810/607/809 802/602/801 809/608/808
f 802/602/801 810/607/809 795/601/794
f 803/606/802 795/601/794 810/607/809
f 803/606/802 811/611/810 804/607/803
f 812/612/811 804/607/803 811/611/810
f 804/607/803 812/612/811 805/608/804
f 813/613/812 805/608/804 812/612/811
f 805/608/804 813/613/812 806/609/805
f 814/614/813 806/609/805 813/613/812
f 806/609/805 814/614/813 807/610/806
f 815/615/814 807/610/806 814/614/813
f 807/610/806 815/615/814 808/609/807
f 816/614/815 808/609/807 815/615/814
f 808/609/807 816/614/815 809/608/808
f 817/613/816 809/608/808 816/614/815
f 809/608/808 817/613/816 810/607/809
f 818/612/817 810/607/809 817/613/816
f 810/607/809 818/612/817 803/606/802
f 811/611/810 803/606/802 818/612/817
f 811/611/810 819/616/818 812/612/811
f 820/617/819 812/612/811 819/616/818
f 812/612/811 820/617/819 813/613/812
f 821/618/820 813/613/812 820/617/819
f 813/613/812 821/618/820 814/614/813
f 822/619/821 814/614/813 821/618/820
f 814/614/813 822/619/821 815/615/814
f 823/620/822 815/615/814 822/619/821
f 815/615/814 823/620/822 816/614/815
f 824/619/823 816/614/815 823/620/822
f 816/614/815 824/619/823 817/613/816
f 825/618/824 817/613/816 824/619/823
f 817/613/816 825/618/824 818/612/817
f 826/617/825 818/612/817 825/618/824
f 818/612/817 826/617/825 811/611/810
f 819/616/818 811/611/810 826/617/825
f 819/616/818 827/621/826 820/617/819
f 828/622/827 820/617/819 827/621/826
f 820/617/819 828/622/827 821/618/820
f 829/623/828 821/618/820 828/622/827
f 821/618/820 829/623/828 822/619/821
f 830/624/829 822/619/821 829/623/828
f 822/619/821 830/624/829 823/620/822
f 831/625/830 823/620/822 830/624/829
f 823/620/822 831/625/830 824/619/823
f 832/624/831 824/619/823 831/625/830
f 824/619/823 832/624/831 825/618/824
f 833/623/832 825/618/824 832/624/831
f 825/618/824 833/623/832 826/617/825
f 834/622/833 826/617/825 833/623/832
f 826/617/825 834/622/833 819/616/818
f 827/621/826 819/616/818 834/622/833
f 827/621/826 835/626/834 828/622/827
f 836/627/835 828/622/827 835/626/834
f 828/622/827 836/627/835 829/623/828
f 837/628/836 829/623/828 836/627/835
f 829/623/828 837/628/836 830/624/829
f 838/629/837 830/624/829 837/628/836
f 830/624/829 838/629/837 831/625/830
f 839/630/838 831/625/830 838/629/837
f 831/625/830 839/630/838 832/624/831
f 840/629/839 832/624/831 839/630/838
f 832/624/831 840/629/839 833/623/832
f 841/628/840 833/623/832 840/629/839
f 833/623/832 841/628/840 834/622/833
f 842/627/841 834/622/833 841/628/840
f 834/622/833 842/627/841 827/621/826
f 835/626/834 827/621/826 842/627/841
f 835/626/834 843/631/842 836/627/835
f 844/632/843 836/627/835 843/631/842
f 836/627/835 844/632/843 837/628/836
f 845/633/844 837/628/836 844/632/843
f 837/628/836 845/633/844 838/629/837
f 846/634/845 838/629/837 845/633/844
f 838/629/837 846/634/845 839/630/838
f 847/635/846 839/630/838 846/634/845
f 839/630/838 847/635/846 840/629/839
f 848/634/847 840/629/839 847/635/846
f 840/629/839 848/634/847 841/628/840
f 849/633/848 841/628/840 848/634/847
f 841/628/840 849/633/848 842/627/841
f 850/632/849 842/627/841 849/633/848
f 842/627/841 850/632/849 835/626/834
f 843/631/842 835/626/834 850/632/849
f 843/631/842 851/636/850 844/632/843
f 852/637/851 844/632/843 851/636/850
f 844/632/843 852/637/851 845/633/844
f 853/638/852 845/633/844 852/637/851
f 845/633/844 853/638/852 846/634/845
f 854/639/853 846/634/845 853/638/852
f 846/634/845 854/639/853 847/635/846
f 855/640/854 847/635/846 854/639/853
f 847/635/846 855/640/854 848/634/847
f 856/639/855 848/634/847 855/640/854
f 848/634/847 856/639/855 849/633/848
f 857/638/856 849/633/848 856/639/855
f 849/633/848 857/638/856 850/632/849
f 858/637/857 850/632/849 857/638/856
f 850/632/849 858/637/857 843/631/842
f 851/636/850 843/631/842 858/637/857
f 859/641/858 860/642/859 876/643/860
f 875/644/861 876/643/860 860/642/859
f 860/642/859 861/645/862 875/644/861
f 877/646/863 875/644/861 861/645/862
f 861/645/862 862/647/864 877/646/863
f 878/648/865 877/646/863 862/647/864
f 862/647/864 863/649/866 878/648/865
f 879/650/867 878/648/865 863/649/866
f 863/649/866 864/647/868 879/650/867
f 880/648/869 879/650/867 864/647/868
f 864/647/868 865/645/870 880/648/869
f 881/646/871 880/648/869 865/645/870
f 865/645/870 866/642/872 881/646/871
f 882/644/873 881/646/871 866/642/872
f 866/642/872 859/641/858 882/644/873
f 876/643/860 882/644/873 859/641/858
f 867/651/874 868/652/875 884/653/876
f 883/654/877 884/653/876 868/652/875
f 868/652/875 869/655/878 883/654/877
f 885/656/879 883/654/877 869/655/878
f 869/655/878 870/657/880 885/656/879
f 886/658/881 885/656/879 870/657/880
f 870/657/880 871/659/882 886/658/881
f 887/660/883 886/658/881 871/659/882
f 871/659/882 872/657/884 887/660/883
f 888/658/885 887/660/883 872/657/884
f 872/657/884 873/655/886 888/658/885
f 889/656/887 888/658/885 873/655/886
f 873/655/886 874/652/888 889/656/887
f 890/654/889 889/656/887 874/652/888
f 874/652/888 867/651/874 890/654/889
f 884/653/876 890/654/889 867/651/874
f 870/657/880 873/655/886 871/659/882
f 872/657/884 871/659/882 873/655/886
f 867/651/874 874/652/888 868/652/875
f 869/655/878 868/652/875 874/652/888
f 869/655/878 874/652/888 870/657/880
f 873/655/886 870/657/880 874/652/888
f 875/644/861 852/637/851 876/643/860
f 851/636/850 876/643/860 852/637/851
f 877/646/863 853/638/852 875/644/861
f 852/637/851 875/644/861 853/638/852
f 878/648/865 854/639/853 877/646/863
f 853/638/852 877/646/863 854/639/853
f 879/650/867 855/640/854 878/648/865
f 854/639/853 878/648/865 855/640/854
f 880/648/869 856/639/855 879/650/867
f 855/640/854 879/650/867 856/639/855
f 881/646/871 857/638/856 880/648/869
f 856/639/855 880/648/869 857/638/856
f 882/644/873 858/637/857 881/646/871
f 857/638/856 881/646/871 858/637/857
f 876/643/860 851/636/850 882/644/873
f 858/637/857 882/644/873 851/636/850
f 883/654/877 860/642/859 884/653/876
f 859/641/858 884/653/876 860/642/859
f 885/656/879 861/645/862 883/654/877
f 860/642/859 883/654/877 861/645/862
f 886/658/881 862/647/864 885/656/879
f 861/645/862 885/656/879 862/647/864
f 887/660/883 863/649/866 886/658/881
f 862/647/864 886/658/881 863/649/866
f 888/658/885 864/647/868 887/660/883
f 863/649/866 887/660/883 864/647/868
f 889/656/887 865/645/870 888/658/885
f 864/647/868 888/658/885 865/645/870
f 890/654/889 866/642/872 889/656/887
f 865/645/870 889/656/887 866/642/872
f 884/653/876 859/641/858 890/654/889
f 866/642/872 890/654/889 859/641/858
f 893/661/890 894/662/891 895/663/892
f 896/664/893 895/663/892 894/662/891
f 895/663/892 896/664/893 897/665/894
f 898/666/895 897/665/894 896/664/893
f 897/665/894 898/666/895 899/667/896
f 900/668/897 899/667/896 898/666/895
f 899/667/896 900/668/897 901/669/898
f 902/670/899 901/669/898 900/668/897
f 903/671/900 901/669/898 902/670/899
f 905/672/901 893/661/890 906/673/902
f 895/663/892 906/673/902 893/661/890
f 906/673/902 895/663/892 907/674/903
f 897/665/894 907/674/903 895/663/892
f 907/674/903 897/665/894 908/675/904
f 899/667/896 908/675/904 897/665/894
f 908/675/904 899/667/896 909/676/905
f 901/669/898 909/676/905 899/667/896
f 909/676/905 901/669/898 910/677/906
f 903/671/900 910/677/906 901/669/898
f 911/678/907 893/661/890 904/679/908
f 905/672/901 904/679/908 893/661/890
f 891/680/909 893/661/890 911/678/907
f 893/661/890 912/681/910 894/662/891
f 892/682/911 894/662/891 912/681/910
f 891/680/909 912/681/910 893/661/890
f 915/683/912 916/684/913 917/685/914
f 918/686/915 917/685/914 916/684/913
f 917/685/914 918/686/915 919/687/916
f 920/688/917 919/687/916 918/686/915
f 919/687/916 920/688/917 921/689/918
f 922/690/919 921/689/918 920/688/917
f 921/689/918 922/690/919 923/691/920
f 924/692/921 923/691/920 922/690/919
f 923/691/920 924/692/921 925/693/922
f 926/694/923 925/693/922 924/692/921
f 925/693/922 926/694/923 927/695/924
f 928/696/925 927/695/924 926/694/923
f 930/697/926 915/683/912 931/698/927
f 917/685/914 931/698/927 915/683/912
f 931/698/927 917/685/914 932/699/928
f 919/687/916 932/699/928 917/685/914
f 932/699/928 919/687/916 933/700/929
f 921/689/918 933/700/929 919/687/916
f 933/700/929 921/689/918 934/701/930
f 923/691/920 934/701/930 921/689/918
f 934/701/930 923/691/920 935/702/931
f 925/693/922 935/702/931 923/691/920
f 927/695/924 935/702/931 925/693/922
f 936/703/932 915/683/912 929/704/933
f 930/697/926 929/704/933 915/683/912
f 913/705/934 915/683/912 936/703/932
f 915/683/912 937/706/935 916/684/913
f 914/707/936 916/684/913 937/706/935
f 913/705/934 937/706/935 915/683/912
f 940/683/937 941/684/938 942/685/939
f 943/686/940 942/685/939 941/684/938
f 942/685/939 943/686/940 944/687/941
f 945/688/942 944/687/941 943/686/940
f 944/687/941 945/688/942 946/689/943
f 947/690/944 946/689/943 945/688/942
f 946/689/943 947/690/944 948/691/945
f 949/692/946 948/691/945 947/690/944
f 948/691/945 949/692/946 950/693/947
f 951/694/948 950/693/947 949/692/946
f 950/693/947 951/694/948 952/695/949
f 953/696/950 952/695/949 951/694/948
f 955/697/951 940/683/937 956/698/952
f 942/685/939 956/698/952 940/683/937
f 956/698/952 942/685/939 957/699/953
f 944/687/941 957/699/953 942/685/939
f 957/699/953 944/687/941 958/700/954
f 946/689/943 958/700/954 944/687/941
f 958/700/954 946/689/943 959/701/955
f 948/691/945 959/701/955 946/689/943
f 959/701/955 948/691/945 960/702/956
f 950/693/947 960/702/956 948/691/945
f 952/695/949 960/702/956 950/693/947
f 961/703/957 940/683/937 954/704/958
f 955/697/951 954/704/958 940/683/937
f 938/705/959 940/683/937 961/703/957
f 940/683/937 962/706/960 941/684/938
f 939/707/961 941/684/938 962/706/960
f 938/705/959 962/706/960 940/683/937
f 965/661/962 966/662/963 967/663/964
f 968/664/965 967/663/964 966/662/963
f 967/663/964 968/664/965 969/665/966
f 970/666/967 969/665/966 968/664/965
f 969/665/966 970/666/967 971/667/968
f 972/668/969 971/667/968 970/666/967
f 971/667/968 972/668/969 973/669/970
f 974/670/971 973/669/970 972/668/969
f 975/671/972 973/669/970 974/670/971
f 977/672/973 965/661/962 978/673/974
f 967/663/964 978/673/974 965/661/962
f 978/673/974 967/663/964 979/674/975
f 969/665/966 979/674/975 967/663/964
f 979/674/975 969/665/966 980/675/976
f 971/667/968 980/675/976 969/665/966
f 980/675/976 971/667/968 981/676/977
f 973/669/970 981/676/977 971/667/968
f 981/676/977 973/669/970 982/677/978
f 975/671/972 982/677/978 973/669/970
f 983/678/979 965/661/962 976/679/980
f 977/672/973 976/679/980 965/661/962
f 963/680/981 965/661/962 983/678/979
f 965/661/962 984/681/982 966/662/963
f 964/682/983 966/662/963 984/681/982
f 963/680/981 984/681/982 965/661/962
f 987/683/984 988/684/985 989/685/986
f 990/686/987 989/685/986 988/684/985
f 989/685/986 990/686/987 991/687/988
f 992/688/989 991/687/988 990/686/987
f 991/687/988 992/688/989 993/689/990
f 994/690/991 993/689/990 992/688/989
f 993/689/990 994/690/991 995/691/992
f 996/692/993 995/691/992 994/690/991
f 995/691/992 996/692/993 997/693/994
f 998/694/995 997/693/994 996/692/993
f 997/693/994 998/694/995 999/695/996
f 1000/696/997 999/695/996 998/694/995
f 1002/697/998 987/683/984 1003/698/999
f 989/685/986 1003/698/999 987/683/984
f 1003/698/999 989/685/986 1004/699/1000
f 991/687/988 1004/699/1000 989/685/986
f 1004/699/1000 991/687/988 1005/700/1001
f 993/689/990 1005/700/1001 991/687/988
f 1005/700/1001 993/689/990 1006/701/1002
f 995/691/992 1006/701/1002 993/689/990
f 1006/701/1002 995/691/992 1007/702/1003
f 997/693/994 1007/702/1003 995/691/992
f 999/695/996 1007/702/1003 997/693/994
f 1008/703/1004 987/683/984 1001/704/1005
f 1002/697/998 1001/704/1005 987/683/984
f 985/705/1006 987/683/984 1008/703/1004
f 987/683/984 1009/706/1007 988/684/985
f 986/707/1008 988/684/985 1009/706/1007
f 985/705/1006 1009/706/1007 987/683/984
f 1012/661/1009 1013/662/1010 1014/663/1011
f 1015/664/1012 1014/663/1011 1013/662/1010
f 1014/663/1011 1015/664/1012 1016/665/1013
f 1017/666/1014 1016/665/1013 1015/664/1012
f 1016/665/1013 1017/666/1014 1018/667/1015
f 1019/668/1016 1018/667/1015 1017/666/1014
f 1018/667/1015 1019/668/1016 1020/669/1017
f 1021/670/1018 1020/669/1017 1019/668/1016
f 1022/671/1019 1020/669/1017 1021/670/1018
f 1024/672/1020 1012/661/1009 1025/673/1021
f 1014/663/1011 1025/673/1021 1012/661/1009
f 1025/673/1021 1014/663/1011 1026/674/1022
f 1016/665/1013 1026/674/1022 1014/663/1011
f 1026/674/1022 1016/665/1013 1027/675/1023
f 1018/667/1015 1027/675/1023 1016/665/1013
f 1027/675/1023 1018/667/1015 1028/676/1024
f 1020/669/1017 1028/676/1024 1018/667/1015
f 1028/676/1024 1020/669/1017 1029/677/1025
f 1022/671/1019 1029/677/1025 1020/669/1017
f 1030/678/1026 1012/661/1009 1023/679/1027
f 1024/672/1020 1023/679/1027 1012/661/1009
f 1010/680/1028 1012/661/1009 1030/678/1026
f 1012/661/1009 1031/681/1029 1013/662/1010
f 1011/682/1030 1013/662/1010 1031/681/1029
f 1010/680/1028 1031/681/1029 1012/661/1009
f 1034/661/1031 1035/662/1032 1036/663/1033
f 1037/664/1034 1036/663/1033 1035/662/1032
f 1036/663/1033 1037/664/1034 1038/665/1035
f 1039/666/1036 1038/665/1035 1037/664/1034
f 1038/665/1035 1039/666/1036 1040/667/1037
f 1041/668/1038 1040/667/1037 1039/666/1036
f 1040/667/1037 1041/668/1038 1042/669/1039
f 1043/670/1040 1042/669/1039 1041/668/1038
f 1044/671/1041 1042/669/1039 1043/670/1040
f 1046/672/1042 1034/661/1031 1047/673/1043
f 1036/663/1033 1047/673/1043 1034/661/1031
f 1047/673/1043 1036/663/1033 1048/674/1044
f 1038/665/1035 1048/674/1044 1036/663/1033
f 1048/674/1044 1038/665/1035 1049/675/1045
f 1040/667/1037 1049/675/1045 1038/665/1035
f 1049/675/1045 1040/667/1037 1050/676/1046
f 1042/669/1039 1050/676/1046 1040/667/1037
f 1050/676/1046 1042/669/1039 1051/677/1047
f 1044/671/1041 1051/677/1047 1042/669/1039
f 1052/678/1048 1034/661/1031 1045/679/1049
f 1046/672/1042 1045/679/1049 1034/661/1031
f 1032/680/1050 1034/661/1031 1052/678/1048
f 1034/661/1031 1053/681/1051 1035/662/1032
f 1033/682/1052 1035/662/1032 1053/681/1051
f 1032/680/1050 1053/681/1051 1034/661/1031
f 1056/708/1053 1057/709/1054 1058/710/1055
f 1059/711/1056 1058/710/1055 1057/709/1054
f 1058/710/1055 1059/711/1056 1060/712/1057
f 1061/713/1058 1060/712/1057 1059/711/1056
f 1060/712/1057 1061/713/1058 1062/714/1059
f 1063/715/1060 1062/714/1059 1061/713/1058
f 1062/714/1059 1063/715/1060 1064/716/1061
f 1065/717/1062 1064/716/1061 1063/715/1060
f 1064/716/1061 1065/717/1062 1066/718/1063
f 1067/719/1064 1066/718/1063 1065/717/1062
f 1069/720/1065 1056/708/1053 1070/721/1066
f 1058/710/1055 1070/721/1066 1056/708/1053
f 1070/721/1066 1058/710/1055 1071/722/1067
f 1060/712/1057 1071/722/1067 1058/710/1055
f 1071/722/1067 1060/712/1057 1072/723/1068
f 1062/714/1059 1072/723/1068 1060/712/1057
f 1072/723/1068 1062/714/1059 1073/724/1069
f 1064/716/1061 1073/724/1069 1062/714/1059
f 1073/724/1069 1064/716/1061 1074/725/1070
f 1066/718/1063 1074/725/1070 1064/716/1061
f 1075/726/1071 1056/708/1053 1068/727/1072
f 1069/720/1065 1068/727/1072 1056/708/1053
f 1054/728/1073 1056/708/1053 1075/726/1071
f 1056/708/1053 1076/729/1074 1057/709/1054
f 1055/730/1075 1057/709/1054 1076/729/1074
f 1054/728/1073 1076/729/1074 1056/708/1053
f 1079/661/1076 1080/662/1077 1081/663/1078
f 1082/664/1079 1081/663/1078 1080/662/1077
f 1081/663/1078 1082/664/1079 1083/665/1080
f 1084/666/1081 1083/665/1080 1082/664/1079
f 1083/665/1080 1084/666/1081 1085/667/1082
f 1086/668/1083 1085/667/1082 1084/666/1081
f 1085/667/1082 1086/668/1083 1087/669/1084
f 1088/670/1085 1087/669/1084 1086/668/1083
f 1089/671/1086 1087/669/1084 1088/670/1085
f 1091/672/1087 1079/661/1076 1092/673/1088
f 1081/663/1078 1092/673/1088 1079/661/1076
f 1092/673/1088 1081/663/1078 1093/674/1089
f 1083/665/1080 1093/674/1089 1081/663/1078
f 1093/674/1089 1083/665/1080 1094/675/1090
f 1085/667/1082 1094/675/1090 1083/665/1080
f 1094/675/1090 1085/667/1082 1095/676/1091
f 1087/669/1084 1095/676/1091 1085/667/1082
f 1095/676/1091 1087/669/1084 1096/677/1092
f 1089/671/1086 1096/677/1092 1087/669/1084
f 1097/678/1093 1079/661/1076 1090/679/1094
f 1091/672/1087 1090/679/1094 1079/661/1076
f 1077/680/1095 1079/661/1076 1097/678/1093
f 1079/661/1076 1098/681/1096 1080/662/1077
f 1078/682/1097 1080/662/1077 1098/681/1096
f 1077/680/1095 1098/681/1096 1079/661/1076
f 1101/683/1098 1102/684/1099 1103/685/1100
f 1104/686/1101 1103/685/1100 1102/684/1099
f 1103/685/1100 1104/686/1101 1105/687/1102
f 1106/688/1103 1105/687/1102 1104/686/1101
f 1105/687/1102 1106/688/1103 1107/689/1104
f 1108/690/1105 1107/689/1104 1106/688/1103
f 1107/689/1104 1108/690/1105 1109/691/1106
f 1110/692/1107 1109/691/1106 1108/690/1105
f 1109/691/1106 1110/692/1107 1111/693/1108
f 1112/694/1109 1111/693/1108 1110/692/1107
f 1111/693/1108 1112/694/1109 1113/695/1110
f 1114/696/1111 1113/695/1110 1112/694/1109
f 1116/697/1112 1101/683/1098 1117/698/1113
f 1103/685/1100 1117/698/1113 1101/683/1098
f 1117/698/1113 1103/685/1100 1118/699/1114
f 1105/687/1102 1118/699/1114 1103/685/1100
f 1118/699/1114 1105/687/1102 1119/700/1115
f 1107/689/1104 1119/700/1115 1105/687/1102
f 1119/700/1115 1107/689/1104 1120/701/1116
f 1109/691/1106 1120/701/1116 1107/689/1104
f 1120/701/1116 1109/691/1106 1121/702/1117
f 1111/693/1108 1121/702/1117 1109/691/1106
f 1113/695/1110 1121/702/1117 1111/693/1108
f 1122/703/1118 1101/683/1098 1115/704/1119
f 1116/697/1112 1115/704/1119 1101/683/1098
f 1099/705/1120 1101/683/1098 1122/703/1118
f 1101/683/1098 1123/706/1121 1102/684/1099
f 1100/707/1122 1102/684/1099 1123/706/1121
f 1099/705/1120 1123/706/1121 1101/683/1098
f 1126/683/1123 1127/684/1124 1128/685/1125
f 1129/686/1126 1128/685/1125 1127/684/1124
f 1128/685/1125 1129/686/1126 1130/687/1127
f 1131/688/1128 1130/687/1127 1129/686/1126
f 1130/687/1127 1131/688/1128 1132/689/1129
f 1133/690/1130 1132/689/1129 1131/688/1128
f 1132/689/1129 1133/690/1130 1134/691/1131
f 1135/692/1132 1134/691/1131 1133/690/1130
f 1134/691/1131 1135/692/1132 1136/693/1133
f 1137/694/1134 1136/693/1133 1135/692/1132
f 1136/693/1133 1137/694/1134 1138/695/1135
f 1139/696/1136 1138/695/1135 1137/694/1134
f 1141/697/1137 1126/683/1123 1142/698/1138
f 1128/685/1125 1142/698/1138 1126/683/1123
f 1142/698/1138 1128/685/1125 1143/699/1139
f 1130/687/1127 1143/699/1139 1128/685/1125
f 1143/699/1139 1130/687/1127 1144/700/1140
f 1132/689/1129 1144/700/1140 1130/687/1127
f 1144/700/1140 1132/689/1129 1145/701/1141
f 1134/691/1131 1145/701/1141 1132/689/1129
f 1145/701/1141 1134/691/1131 1146/702/1142
f 1136/693/1133 1146/702/1142 1134/691/1131
f 1138/695/1135 1146/702/1142 1136/693/1133
f 1147/703/1143 1126/683/1123 1140/704/1144
f 1141/697/1137 1140/704/1144 1126/683/1123
f 1124/705/1145 1126/683/1123 1147/703/1143
f 1126/683/1123 1148/706/1146 1127/684/1124
f 1125/707/1147 1127/684/1124 1148/706/1146
f 1124/705/1145 1148/706/1146 1126/683/1123
f 1151/661/1148 1152/662/1149 1153/663/1150
f 1154/664/1151 1153/663/1150 1152/662/1149
f 1153/663/1150 1154/664/1151 1155/665/1152
f 1156/666/1153 1155/665/1152 1154/664/1151
f 1155/665/1152 1156/666/1153 1157/667/1154
f 1158/668/1155 1157/667/1154 1156/666/1153
f 1157/667/1154 1158/668/1155 1159/669/1156
f 1160/670/1157 1159/669/1156 1158/668/1155
f 1161/671/1158 1159/669/1156 1160/670/1157
f 1163/672/1159 1151/661/1148 1164/673/1160
f 1153/663/1150 1164/673/1160 1151/661/1148
f 1164/673/1160 1153/663/1150 1165/674/1161
f 1155/665/1152 1165/674/1161 1153/663/1150
f 1165/674/1161 1155/665/1152 1166/675/1162
f 1157/667/1154 1166/675/1162 1155/665/1152
f 1166/675/1162 1157/667/1154 1167/676/1163
f 1159/669/1156 1167/676/1163 1157/667/1154
f 1167/676/1163 1159/669/1156 1168/677/1164
f 1161/671/1158 1168/677/1164 1159/669/1156
f 1169/678/1165 1151/661/1148 1162/679/1166
f 1163/672/1159 1162/679/1166 1151/661/1148
f 1149/680/1167 1151/661/1148 1169/678/1165
f 1151/661/1148 1170/681/1168 1152/662/1149
f 1150/682/1169 1152/662/1149 1170/681/1168
f 1149/680/1167 1170/681/1168 1151/661/1148
f 1173/661/1170 1174/662/1171 1175/663/1172
f 1176/664/1173 1175/663/1172 1174/662/1171
f 1175/663/1172 1176/664/1173 1177/665/1174
f 1178/666/1175 1177/665/1174 1176/664/1173
f 1177/665/1174 1178/666/1175 1179/667/1176
f 1180/668/1177 1179/667/1176 1178/666/1175
f 1179/667/1176 1180/668/1177 1181/669/1178
f 1182/670/1179 1181/669/1178 1180/668/1177
f 1183/671/1180 1181/669/1178 1182/670/1179
f 1185/672/1181 1173/661/1170 1186/673/1182
f 1175/663/1172 1186/673/1182 1173/661/1170
f 1186/673/1182 1175/663/1172 1187/674/1183
f 1177/665/1174 1187/674/1183 1175/663/1172
f 1187/674/1183 1177/665/1174 1188/675/1184
f 1179/667/1176 1188/675/1184 1177/665/1174
f 1188/675/1184 1179/667/1176 1189/676/1185
f 1181/669/1178 1189/676/1185 1179/667/1176
f 1189/676/1185 1181/669/1178 1190/677/1186
f 1183/671/1180 1190/677/1186 1181/669/1178
f 1191/678/1187 1173/661/1170 1184/679/1188
f 1185/672/1181 1184/679/1188 1173/661/1170
f 1171/680/1189 1173/661/1170 1191/678/1187
f 1173/661/1170 1192/681/1190 1174/662/1171
f 1172/682/1191 1174/662/1171 1192/681/1190
f 1171/680/1189 1192/681/1190 1173/661/1170
f 1195/661/1192 1196/662/1193 1197/663/1194
f 1198/664/1195 1197/663/1194 1196/662/1193
f 1197/663/1194 1198/664/1195 1199/665/1196
f 1200/666/1197 1199/665/1196 1198/664/1195
f 1199/665/1196 1200/666/1197 1201/667/1198
f 1202/668/1199 1201/667/1198 1200/666/1197
f 1201/667/1198 1202/668/1199 1203/669/1200
f 1204/670/1201 1203/669/1200 1202/668/1199
f 1205/671/1202 1203/669/1200 1204/670/1201
f 1207/672/1203 1195/661/1192 1208/673/1204
f 1197/663/1194 1208/673/1204 1195/661/1192
f 1208/673/1204 1197/663/1194 1209/674/1205
f 1199/665/1196 1209/674/1205 1197/663/1194
f 1209/674/1205 1199/665/1196 1210/675/1206
f 1201/667/1198 1210/675/1206 1199/665/1196
f 1210/675/1206 1201/667/1198 1211/676/1207
f 1203/669/1200 1211/676/1207 1201/667/1198
f 1211/676/1207 1203/669/1200 1212/677/1208
f 1205/671/1202 1212/677/1208 1203/669/1200
f 1213/678/1209 1195/661/1192 1206/679/1210
f 1207/672/1203 1206/679/1210 1195/661/1192
f 1193/680/1211 1195/661/1192 1213/678/1209
f 1195/661/1192 1214/681/1212 1196/662/1193
f 1194/682/1213 1196/662/1193 1214/681/1212
f 1193/680/1211 1214/681/1212 1195/661/1192
f 1217/708/1214 1218/709/1215 1219/710/1216
f 1220/711/1217 1219/710/1216 1218/709/1215
f 1219/710/1216 1220/711/1217 1221/712/1218
f 1222/713/1219 1221/712/1218 1220/711/1217
f 1221/712/1218 1222/713/1219 1223/714/1220
f 1224/715/1221 1223/714/1220 1222/713/1219
f 1223/714/1220 1224/715/1221 1225/716/1222
f 1226/717/1223 1225/716/1222 1224/715/1221
f 1225/716/1222 1226/717/1223 1227/718/1224
f 1228/719/1225 1227/718/1224 1226/717/1223
f 1230/720/1226 1217/708/1214 1231/721/1227
f 1219/710/1216 1231/721/1227 1217/708/1214
f 1231/721/1227 1219/710/1216 1232/722/1228
f 1221/712/1218 1232/722/1228 1219/710/1216
f 1232/722/1228 1221/712/1218 1233/723/1229
f 1223/714/1220 1233/723/1229 1221/712/1218
f 1233/723/1229 1223/714/1220 1234/724/1230
f 1225/716/1222 1234/724/1230 1223/714/1220
f 1234/724/1230 1225/716/1222 1235/725/1231
f 1227/718/1224 1235/725/1231 1225/716/1222
f 1236/726/1232 1217/708/1214 1229/727/1233
f 1230/720/1226 1229/727/1233 1217/708/1214
f 1215/728/1234 1217/708/1214 1236/726/1232
f 1217/708/1214 1237/729/1235 1218/709/1215
f 1216/730/1236 1218/709/1215 1237/729/1235
f 1215/728/1234 1237/729/1235 1217/708/1214
f 1240/708/1237 1241/709/1238 1242/710/1239
f 1243/711/1240 1242/710/1239 1241/709/1238
f 1242/710/1239 1243/711/1240 1244/712/1241
f 1245/713/1242 1244/712/1241 1243/711/1240
f 1244/712/1241 1245/713/1242 1246/714/1243
f 1247/715/1244 1246/714/1243 1245/713/1242
f 1246/714/1243 1247/715/1244 1248/716/1245
f 1249/717/1246 1248/716/1245 1247/715/1244
f 1248/716/1245 1249/717/1246 1250/718/1247
f 1251/719/1248 1250/718/1247 1249/717/1246
f 1253/720/1249 1240/708/1237 1254/721/1250
f 1242/710/1239 1254/721/1250 1240/708/1237
f 1254/721/1250 1242/710/1239 1255/722/1251
f 1244/712/1241 1255/722/1251 1242/710/1239
f 1255/722/1251 1244/712/1241 1256/723/1252
f 1246/714/1243 1256/723/1252 1244/712/1241
f 1256/723/1252 1246/714/1243 1257/724/1253
f 1248/716/1245 1257/724/1253 1246/714/1243
f 1257/724/1253 1248/716/1245 1258/725/1254
f 1250/718/1247 1258/725/1254 1248/716/1245
f 1259/726/1255 1240/708/1237 1252/727/1256
f 1253/720/1249 1252/727/1256 1240/708/1237
f 1238/728/1257 1240/708/1237 1259/726/1255
f 1240/708/1237 1260/729/1258 1241/709/1238
f 1239/730/1259 1241/709/1238 1260/729/1258
f 1238/728/1257 1260/729/1258 1240/708/1237
f 1263/731/1260 1264/732/1261 1265/733/1262
f 1266/734/1263 1265/733/1262 1264/732/1261
f 1265/733/1262 1266/734/1263 1267/735/1264
f 1268/736/1265 1267/735/1264 1266/734/1263
f 1267/735/1264 1268/736/1265 1269/737/1266
f 1270/738/1267 1269/737/1266 1268/736/1265
f 1272/739/1268 1263/731/1260 1273/740/1269
f 1265/733/1262 1273/740/1269 1263/731/1260
f 1273/740/1269 1265/733/1262 1274/741/1270
f 1267/735/1264 1274/741/1270 1265/733/1262
f 1274/741/1270 1267/735/1264 1275/742/1271
f 1269/737/1266 1275/742/1271 1267/735/1264
f 1261/743/1272 1276/744/1273 1263/731/1260
f 1263/731/1260 1276/744/1273 1264/732/1261
f 1262/745/1274 1264/732/1261 1276/744/1273
f 1261/743/1272 1263/731/1260 1277/746/1275
f 1277/746/1275 1263/731/1260 1271/747/1276
f 1272/739/1268 1271/747/1276 1263/731/1260
f 1280/748/1277 1281/749/1278 1282/750/1279
f 1283/751/1280 1282/750/1279 1281/749/1278
f 1284/752/1281 1282/750/1279 1283/751/1280
f 1286/753/1282 1280/748/1277 1287/754/1283
f 1282/750/1279 1287/754/1283 1280/748/1277
f 1287/754/1283 1282/750/1279 1288/755/1284
f 1284/752/1281 1288/755/1284 1282/750/1279
f 1289/756/1285 1280/748/1277 1285/757/1286
f 1286/753/1282 1285/757/1286 1280/748/1277
f 1278/758/1287 1280/748/1277 1289/756/1285
f 1280/748/1277 1290/759/1288 1281/749/1278
f 1279/760/1289 1281/749/1278 1290/759/1288
f 1278/758/1287 1290/759/1288 1280/748/1277
f 1293/748/1290 1294/749/1291 1295/750/1292
f 1296/751/1293 1295/750/1292 1294/749/1291
f 1297/752/1294 1295/750/1292 1296/751/1293
f 1299/753/1295 1293/748/1290 1300/754/1296
f 1295/750/1292 1300/754/1296 1293/748/1290
f 1300/754/1296 1295/750/1292 1301/755/1297
f 1297/752/1294 1301/755/1297 1295/750/1292
f 1302/756/1298 1293/748/1290 1298/757/1299
f 1299/753/1295 1298/757/1299 1293/748/1290
f 1291/758/1300 1293/748/1290 1302/756/1298
f 1293/748/1290 1303/759/1301 1294/749/1291
f 1292/760/1302 1294/749/1291 1303/759/1301
f 1291/758/1300 1303/759/1301 1293/748/1290
f 1306/748/1303 1307/749/1304 1308/750/1305
f 1309/751/1306 1308/750/1305 1307/749/1304
f 1310/752/1307 1308/750/1305 1309/751/1306
f 1312/753/1308 1306/748/1303 1313/754/1309
f 1308/750/1305 1313/754/1309 1306/748/1303
f 1313/754/1309 1308/750/1305 1314/755/1310
f 1310/752/1307 1314/755/1310 1308/750/1305
f 1315/756/1311 1306/748/1303 1311/757/1312
f 1312/753/1308 1311/757/1312 1306/748/1303
f 1304/758/1313 1306/748/1303 1315/756/1311
f 1306/748/1303 1316/759/1314 1307/749/1304
f 1305/760/1315 1307/749/1304 1316/759/1314
f 1304/758/1313 1316/759/1314 1306/748/1303
f 1319/748/1316 1320/749/1317 1321/750/1318
f 1322/751/1319 1321/750/1318 1320/749/1317
f 1323/752/1320 1321/750/1318 1322/751/1319
f 1325/753/1321 1319/748/1316 1326/754/1322
f 1321/750/1318 1326/754/1322 1319/748/1316
f 1326/754/1322 1321/750/1318 1327/755/1323
f 1323/752/1320 1327/755/1323 1321/750/1318
f 1328/756/1324 1319/748/1316 1324/757/1325
f 1325/753/1321 1324/757/1325 1319/748/1316
f 1317/758/1326 1319/748/1316 1328/756/1324
f 1319/748/1316 1329/759/1327 1320/749/1317
f 1318/760/1328 1320/749/1317 1329/759/1327
f 1317/758/1326 1329/759/1327 1319/748/1316
f 1332/748/1329 1333/749/1330 1334/750/1331
f 1335/751/1332 1334/750/1331 1333/749/1330
f 1336/752/1333 1334/750/1331 1335/751/1332
f 1338/753/1334 1332/748/1329 1339/754/1335
f 1334/750/1331 1339/754/1335 1332/748/1329
f 1339/754/1335 1334/750/1331 1340/755/1336
f 1336/752/1333 1340/755/1336 1334/750/1331
f 1341/756/1337 1332/748/1329 1337/757/1338
f 1338/753/1334 1337/757/1338 1332/748/1329
f 1330/758/1339 1332/748/1329 1341/756/1337
f 1332/748/1329 1342/759/1340 1333/749/1330
f 1331/760/1341 1333/749/1330 1342/759/1340
f 1330/758/1339 1342/759/1340 1332/748/1329
f 1345/748/1342 1346/749/1343 1347/750/1344
f 1348/751/1345 1347/750/1344 1346/749/1343
f 1349/752/1346 1347/750/1344 1348/751/1345
f 1351/753/1347 1345/748/1342 1352/754/1348
f 1347/750/1344 1352/754/1348 1345/748/1342
f 1352/754/1348 1347/750/1344 1353/755/1349
f 1349/752/1346 1353/755/1349 1347/750/1344
f 1354/756/1350 1345/748/1342 1350/757/1351
f 1351/753/1347 1350/757/1351 1345/748/1342
f 1343/758/1352 1345/748/1342 1354/756/1350
f 1345/748/1342 1355/759/1353 1346/749/1343
f 1344/760/1354 1346/749/1343 1355/759/1353
f 1343/758/1352 1355/759/1353 1345/748/1342
f 1358/748/1355 1359/749/1356 1360/750/1357
f 1361/751/1358 1360/750/1357 1359/749/1356
f 1362/752/1359 1360/750/1357 1361/751/1358
f 1364/753/1360 1358/748/1355 1365/754/1361
f 1360/750/1357 1365/754/1361 1358/748/1355
f 1365/754/1361 1360/750/1357 1366/755/1362
f 1362/752/1359 1366/755/1362 1360/750/1357
f 1367/756/1363 1358/748/1355 1363/757/1364
f 1364/753/1360 1363/757/1364 1358/748/1355
f 1356/758/1365 1358/748/1355 1367/756/1363
f 1358/748/1355 1368/759/1366 1359/749/1356
f 1357/760/1367 1359/749/1356 1368/759/1366
f 1356/758/1365 1368/759/1366 1358/748/1355
f 1371/748/1368 1372/749/1369 1373/750/1370
f 1374/751/1371 1373/750/1370 1372/749/1369
f 1375/752/1372 1373/750/1370 1374/751/1371
f 1377/753/1373 1371/748/1368 1378/754/1374
f 1373/750/1370 1378/754/1374 1371/748/1368
f 1378/754/1374 1373/750/1370 1379/755/1375
f 1375/752/1372 1379/755/1375 1373/750/1370
f 1380/756/1376 1371/748/1368 1376/757/1377
f 1377/753/1373 1376/757/1377 1371/748/1368
f 1369/758/1378 1371/748/1368 1380/756/1376
f 1371/748/1368 1381/759/1379 1372/749/1369
f 1370/760/1380 1372/749/1369 1381/759/1379
f 1369/758/1378 1381/759/1379 1371/748/1368
f 1384/748/1381 1385/749/1382 1386/750/1383
f 1387/751/1384 1386/750/1383 1385/749/1382
f 1388/752/1385 1386/750/1383 1387/751/1384
f 1390/753/1386 1384/748/1381 1391/754/1387
f 1386/750/1383 1391/754/1387 1384/748/1381
f 1391/754/1387 1386/750/1383 1392/755/1388
f 1388/752/1385 1392/755/1388 1386/750/1383
f 1393/756/1389 1384/748/1381 1389/757/1390
f 1390/753/1386 1389/757/1390 1384/748/1381
f 1382/758/1391 1384/748/1381 1393/756/1389
f 1384/748/1381 1394/759/1392 1385/749/1382
f 1383/760/1393 1385/749/1382 1394/759/1392
f 1382/758/1391 1394/759/1392 1384/748/1381
f 1395/761/1394 1396/762/1395 1414/763/1396
f 1411/764/1397 1414/763/1396 1396/762/1395
f 1396/762/1395 1397/765/1398 1411/764/1397
f 1412/766/1399 1411/764/1397 1397/765/1398
f 1400/767/1400 1413/768/1401 1399/769/1402
f 1415/770/1403 1399/769/1402 1413/768/1401
f 1395/761/1394 1414/763/1396 1400/767/1400
f 1413/768/1401 1400/767/1400 1414/763/1396
f 1402/771/1404 1401/772/1405 1406/773/1406
f 1408/774/1407 1406/773/1406 1401/772/1405
f 1401/772/1405 1403/775/1408 1408/774/1407
f 1409/776/1409 1408/774/1407 1403/775/1408
f 1405/777/1410 1404/778/1411 1407/779/1412
f 1410/780/1413 1407/779/1412 1404/778/1411
f 1410/780/1413 1404/778/1411 1406/773/1406
f 1402/771/1404 1406/773/1406 1404/778/1411
f 1398/781/1414 1406/773/1406 1408/774/1407
f 1398/781/1414 1408/774/1407 1409/776/1409
f 1398/781/1414 1407/779/1412 1410/780/1413
f 1398/781/1414 1410/780/1413 1406/773/1406
f 1414/763/1396 1411/764/1397 1402/771/1404
f 1401/772/1405 1402/771/1404 1411/764/1397
f 1411/764/1397 1412/766/1399 1401/772/1405
f 1403/775/1408 1401/772/1405 1412/766/1399
f 1413/768/1401 1404/778/1411 1415/770/1403
f 1405/777/1410 1415/770/1403 1404/778/1411
f 1414/763/1396 1402/771/1404 1413/768/1401
f 1404/778/1411 1413/768/1401 1402/771/1404
f 1416/571/1415 1424/572/1416 1417/573/1417
f 1425/574/1418 1417/573/1417 1424/572/1416
f 1417/573/1417 1425/574/1418 1418/575/1419
f 1426/576/1420 1418/575/1419 1425/574/1418
f 1418/575/1419 1426/576/1420 1419/577/1421
f 1427/578/1422 1419/577/1421 1426/576/1420
f 1419/577/1421 1427/578/1422 1420/579/1423
f 1428/580/1424 1420/579/1423 1427/578/1422
f 1420/579/1423 1428/580/1424 1421/577/1425
f 1429/578/1426 1421/577/1425 1428/580/1424
f 1421/577/1425 1429/578/1426 1422/575/1427
f 1430/576/1428 1422/575/1427 1429/578/1426
f 1422/575/1427 1430/576/1428 1423/573/1429
f 1431/574/1430 1423/573/1429 1430/576/1428
f 1423/573/1429 1431/574/1430 1416/571/1415
f 1424/572/1416 1416/571/1415 1431/574/1430
f 1424/572/1416 1432/581/1431 1425/574/1418
f 1433/582/1432 1425/574/1418 1432/581/1431
f 1425/574/1418 1433/582/1432 1426/576/1420
f 1434/583/1433 1426/576/1420 1433/582/1432
f 1426/576/1420 1434/583/1433 1427/578/1422
f 1435/584/1434 1427/578/1422 1434/583/1433
f 1427/578/1422 1435/584/1434 1428/580/1424
f 1436/585/1435 1428/580/1424 1435/584/1434
f 1428/580/1424 1436/585/1435 1429/578/1426
f 1437/584/1436 1429/578/1426 1436/585/1435
f 1429/578/1426 1437/584/1436 1430/576/1428
f 1438/583/1437 1430/576/1428 1437/584/1436
f 1430/576/1428 1438/583/1437 1431/574/1430
f 1439/582/1438 1431/574/1430 1438/583/1437
f 1431/574/1430 1439/582/1438 1424/572/1416
f 1432/581/1431 1424/572/1416 1439/582/1438
f 1432/581/1431 1440/586/1439 1433/582/1432
f 1441/587/1440 1433/582/1432 1440/586/1439
f 1433/582/1432 1441/587/1440 1434/583/1433
f 1442/588/1441 1434/583/1433 1441/587/1440
f 1434/583/1433 1442/588/1441 1435/584/1434
f 1443/589/1442 1435/584/1434 1442/588/1441
f 1435/584/1434 1443/589/1442 1436/585/1435
f 1444/590/1443 1436/585/1435 1443/589/1442
f 1436/585/1435 1444/590/1443 1437/584/1436
f 1445/589/1444 1437/584/1436 1444/590/1443
f 1437/584/1436 1445/589/1444 1438/583/1437
f 1446/588/1445 1438/583/1437 1445/589/1444
f 1438/583/1437 1446/588/1445 1439/582/1438
f 1447/587/1446 1439/582/1438 1446/588/1445
f 1439/582/1438 1447/587/1446 1432/581/1431
f 1440/586/1439 1432/581/1431 1447/587/1446
f 1440/586/1439 1448/591/1447 1441/587/1440
f 1449/592/1448 1441/587/1440 1448/591/1447
f 1441/587/1440 1449/592/1448 1442/588/1441
f 1450/593/1449 1442/588/1441 1449/592/1448
f 1442/588/1441 1450/593/1449 1443/589/1442
f 1451/594/1450 1443/589/1442 1450/593/1449
f 1443/589/1442 1451/594/1450 1444/590/1443
f 1452/595/1451 1444/590/1443 1451/594/1450
f 1444/590/1443 1452/595/1451 1445/589/1444
f 1453/594/1452 1445/589/1444 1452/595/1451
f 1445/589/1444 1453/594/1452 1446/588/1445
f 1454/593/1453 1446/588/1445 1453/594/1452
f 1446/588/1445 1454/593/1453 1447/587/1446
f 1455/592/1454 1447/587/1446 1454/593/1453
f 1447/587/1446 1455/592/1454 1440/586/1439
f 1448/591/1447 1440/586/1439 1455/592/1454
f 1448/591/1447 1456/596/1455 1449/592/1448
f 1457/597/1456 1449/592/1448 1456/596/1455
f 1449/592/1448 1457/597/1456 1450/593/1449
f 1458/598/1457 1450/593/1449 1457/597/1456
f 1450/593/1449 1458/598/1457 1451/594/1450
f 1459/599/1458 1451/594/1450 1458/598/1457
f 1451/594/1450 1459/599/1458 1452/595/1451
f 1460/600/1459 1452/595/1451 1459/599/1458
f 1452/595/1451 1460/600/1459 1453/594/1452
f 1461/599/1460 1453/594/1452 1460/600/1459
f 1453/594/1452 1461/599/1460 1454/593/1453
f 1462/598/1461 1454/593/1453 1461/599/1460
f 1454/593/1453 1462/598/1461 1455/592/1454
f 1463/597/1462 1455/592/1454 1462/598/1461
f 1455/592/1454 1463/597/1462 1448/591/1447
f 1456/596/1455 1448/591/1447 1463/597/1462
f 1456/596/1455 1464/601/1463 1457/597/1456
f 1465/602/1464 1457/597/1456 1464/601/1463
f 1457/597/1456 1465/602/1464 1458/598/1457
f 1466/603/1465 1458/598/1457 1465/602/1464
f 1458/598/1457 1466/603/1465 1459/599/1458
f 1467/604/1466 1459/599/1458 1466/603/1465
f 1459/599/1458 1467/604/1466 1460/600/1459
f 1468/605/1467 1460/600/1459 1467/604/1466
f 1460/600/1459 1468/605/1467 1461/599/1460
f 1469/604/1468 1461/599/1460 1468/605/1467
f 1461/599/1460 1469/604/1468 1462/598/1461
f 1470/603/1469 1462/598/1461 1469/604/1468
f 1462/598/1461 1470/603/1469 1463/597/1462
f 1471/602/1470 1463/597/1462 1470/603/1469
f 1463/597/1462 1471/602/1470 1456/596/1455
f 1464/601/1463 1456/596/1455 1471/602/1470
f 1464/601/1463 1472/606/1471 1465/602/1464
f 1473/607/1472 1465/602/1464 1472/606/1471
f 1465/602/1464 1473/607/1472 1466/603/1465
f 1474/608/1473 1466/603/1465 1473/607/1472
f 1466/603/1465 1474/608/1473 1467/604/1466
f 1475/609/1474 1467/604/1466 1474/608/1473
f 1467/604/1466 1475/609/1474 1468/605/1467
f 1476/610/1475 1468/605/1467 1475/609/1474
f 1468/605/1467 1476/610/1475 1469/604/1468
f 1477/609/1476 1469/604/1468 1476/610/1475
f 1469/604/1468 1477/609/1476 1470/603/1469
f 1478/608/1477 1470/603/1469 1477/609/1476
f 1470/603/1469 1478/608/1477 1471/602/1470
f 1479/607/1478 1471/602/1470 1478/608/1477
f 1471/602/1470 1479/607/1478 1464/601/1463
f 1472/606/1471 1464/601/1463 1479/607/1478
f 1472/606/1471 1480/611/1479 1473/607/1472
f 1481/612/1480 1473/607/1472 1480/611/1479
f 1473/607/1472 1481/612/1480 1474/608/1473
f 1482/613/1481 1474/608/1473 1481/612/1480
f 1474/608/1473 1482/613/1481 1475/609/1474
f 1483/614/1482 1475/609/1474 1482/613/1481
f 1475/609/1474 1483/614/1482 1476/610/1475
f 1484/615/1483 1476/610/1475 1483/614/1482
f 1476/610/1475 1484/615/1483 1477/609/1476
f 1485/614/1484 1477/609/1476 1484/615/1483
f 1477/609/1476 1485/614/1484 1478/608/1477
f 1486/613/1485 1478/608/1477 1485/614/1484
f 1478/608/1477 1486/613/1485 1479/607/1478
f 1487/612/1486 1479/607/1478 1486/613/1485
f 1479/607/1478 1487/612/1486 1472/606/1471
f 1480/611/1479 1472/606/1471 1487/612/1486
f 1480/611/1479 1488/616/1487 1481/612/1480
f 1489/617/1488 1481/612/1480 1488/616/1487
f 1481/612/1480 1489/617/1488 1482/613/1481
f 1490/618/1489 1482/613/1481 1489/617/1488
f 1482/613/1481 1490/618/1489 1483/614/1482
f 1491/619/1490 1483/614/1482 1490/618/1489
f 1483/614/1482 1491/619/1490 1484/615/1483
f 1492/620/1491 1484/615/1483 1491/619/1490
f 1484/615/1483 1492/620/1491 1485/614/1484
f 1493/619/1492 1485/614/1484 1492/620/1491
f 1485/614/1484 1493/619/1492 1486/613/1485
f 1494/618/1493 1486/613/1485 1493/619/1492
f 1486/613/1485 1494/618/1493 1487/612/1486
f 1495/617/1494 1487/612/1486 1494/618/1493
f 1487/612/1486 1495/617/1494 1480/611/1479
f 1488/616/1487 1480/611/1479 1495/617/1494
f 1488/616/1487 1496/621/1495 1489/617/1488
f 1497/622/1496 1489/617/1488 1496/621/1495
f 1489/617/1488 1497/622/1496 1490/618/1489
f 1498/623/1497 1490/618/1489 1497/622/1496
f 1490/618/1489 1498/623/1497 1491/619/1490
f 1499/624/1498 1491/619/1490 1498/623/1497
f 1491/619/1490 1499/624/1498 1492/620/1491
f 1500/625/1499 1492/620/1491 1499/624/1498
f 1492/620/1491 1500/625/1499 1493/619/1492
f 1501/624/1500 1493/619/1492 1500/625/1499
f 1493/619/1492 1501/624/1500 1494/618/1493
f 1502/623/1501 1494/618/1493 1501/624/1500
f 1494/618/1493 1502/623/1501 1495/617/1494
f 1503/622/1502 1495/617/1494 1502/623/1501
f 1495/617/1494 1503/622/1502 1488/616/1487
f 1496/621/1495 1488/616/1487 1503/622/1502
f 1496/621/1495 1504/626/1503 1497/622/1496
f 1505/627/1504 1497/622/1496 1504/626/1503
f 1497/622/1496 1505/627/1504 1498/623/1497
f 1506/628/1505 1498/623/1497 1505/627/1504
f 1498/623/1497 1506/628/1505 1499/624/1498
f 1507/629/1506 1499/624/1498 1506/628/1505
f 1499/624/1498 1507/629/1506 1500/625/1499
f 1508/630/1507 1500/625/1499 1507/629/1506
f 1500/625/1499 1508/630/1507 1501/624/1500
f 1509/629/1508 1501/624/1500 1508/630/1507
f 1501/624/1500 1509/629/1508 1502/623/1501
f 1510/628/1509 1502/623/1501 1509/629/1508
f 1502/623/1501 1510/628/1509 1503/622/1502
f 1511/627/1510 1503/622/1502 1510/628/1509
f 1503/622/1502 1511/627/1510 1496/621/1495
f 1504/626/1503 1496/621/1495 1511/627/1510
f 1504/626/1503 1512/631/1511 1505/627/1504
f 1513/632/1512 1505/627/1504 1512/631/1511
f 1505/627/1504 1513/632/1512 1506/628/1505
f 1514/633/1513 1506/628/1505 1513/632/1512
f 1506/628/1505 1514/633/1513 1507/629/1506
f 1515/634/1514 1507/629/1506 1514/633/1513
f 1507/629/1506 1515/634/1514 1508/630/1507
f 1516/635/1515 1508/630/1507 1515/634/1514
f 1508/630/1507 1516/635/1515 1509/629/1508
f 1517/634/1516 1509/629/1508 1516/635/1515
f 1509/629/1508 1517/634/1516 1510/628/1509
f 1518/633/1517 1510/628/1509 1517/634/1516
f 1510/628/1509 1518/633/1517 1511/627/1510
f 1519/632/1518 1511/627/1510 1518/633/1517
f 1511/627/1510 1519/632/1518 1504/626/1503
f 1512/631/1511 1504/626/1503 1519/632/1518
f 1512/631/1511 1520/636/1519 1513/632/1512
f 1521/637/1520 1513/632/1512 1520/636/1519
f 1513/632/1512 1521/637/1520 1514/633/1513
f 1522/638/1521 1514/633/1513 1521/637/1520
f 1514/633/1513 1522/638/1521 1515/634/1514
f 1523/639/1522 1515/634/1514 1522/638/1521
f 1515/634/1514 1523/639/1522 1516/635/1515
f 1524/640/1523 1516/635/1515 1523/639/1522
f 1516/635/1515 1524/640/1523 1517/634/1516
f 1525/639/1524 1517/634/1516 1524/640/1523
f 1517/634/1516 1525/639/1524 1518/633/1517
f 1526/638/1525 1518/633/1517 1525/639/1524
f 1518/633/1517 1526/638/1525 1519/632/1518
f 1527/637/1526 1519/632/1518 1526/638/1525
f 1519/632/1518 1527/637/1526 1512/631/1511
f 1520/636/1519 1512/631/1511 1527/637/1526
f 1528/641/1527 1529/642/1528 1545/643/1529
f 1544/644/1530 1545/643/1529 1529/642/1528
f 1529/642/1528 1530/645/1531 1544/644/1530
f 1546/646/1532 1544/644/1530 1530/645/1531
f 1530/645/1531 1531/647/1533 1546/646/1532
f 1547/648/1534 1546/646/1532 1531/647/1533
f 1531/647/1533 1532/649/1535 1547/648/1534
f 1548/650/1536 1547/648/1534 1532/649/1535
f 1532/649/1535 1533/647/1537 1548/650/1536
f 1549/648/1538 1548/650/1536 1533/647/1537
f 1533/647/1537 1534/645/1539 1549/648/1538
f 1550/646/1540 1549/648/1538 1534/645/1539
f 1534/645/1539 1535/642/1541 1550/646/1540
f 1551/644/1542 1550/646/1540 1535/642/1541
f 1535/642/1541 1528/641/1527 1551/644/1542
f 1545/643/1529 1551/644/1542 1528/641/1527
f 1536/651/1543 1537/652/1544 1553/653/1545
f 1552/654/1546 1553/653/1545 1537/652/1544
f 1537/652/1544 1538/655/1547 1552/654/1546
f 1554/656/1548 1552/654/1546 1538/655/1547
f 1538/655/1547 1539/657/1549 1554/656/1548
f 1555/658/1550 1554/656/1548 1539/657/1549
f 1539/657/1549 1540/659/1551 1555/658/1550
f 1556/660/1552 1555/658/1550 1540/659/1551
f 1540/659/1551 1541/657/1553 1556/660/1552
f 1557/658/1554 1556/660/1552 1541/657/1553
f 1541/657/1553 1542/655/1555 1557/658/1554
f 1558/656/1556 1557/658/1554 1542/655/1555
f 1542/655/1555 1543/652/1557 1558/656/1556
f 1559/654/1558 1558/656/1556 1543/652/1557
f 1543/652/1557 1536/651/1543 1559/654/1558
f 1553/653/1545 1559/654/1558 1536/651/1543
f 1539/657/1549 1542/655/1555 1540/659/1551
f 1541/657/1553 1540/659/1551 1542/655/1555
f 1536/651/1543 1543/652/1557 1537/652/1544
f 1538/655/1547 1537/652/1544 1543/652/1557
f 1538/655/1547 1543/652/1557 1539/657/1549
f 1542/655/1555 1539/657/1549 1543/652/1557
f 1544/644/1530 1521/637/1520 1545/643/1529
f 1520/636/1519 1545/643/1529 1521/637/1520
f 1546/646/1532 1522/638/1521 1544/644/1530
f 1521/637/1520 1544/644/1530 1522/638/1521
f 1547/648/1534 1523/639/1522 1546/646/1532
f 1522/638/1521 1546/646/1532 1523/639/1522
f 1548/650/1536 1524/640/1523 1547/648/1534
f 1523/639/1522 1547/648/1534 1524/640/1523
f 1549/648/1538 1525/639/1524 1548/650/1536
f 1524/640/1523 1548/650/1536 1525/639/1524
f 1550/646/1540 1526/638/1525 1549/648/1538
f 1525/639/1524 1549/648/1538 1526/638/1525
f 1551/644/1542 1527/637/1526 1550/646/1540
f 1526/638/1525 1550/646/1540 1527/637/1526
f 1545/643/1529 1520/636/1519 1551/644/1542
f 1527/637/1526 1551/644/1542 1520/636/1519
f 1552/654/1546 1529/642/1528 1553/653/1545
f 1528/641/1527 1553/653/1545 1529/642/1528
f 1554/656/1548 1530/645/1531 1552/654/1546
f 1529/642/1528 1552/654/1546 1530/645/1531
f 1555/658/1550 1531/647/1533 1554/656/1548
f 1530/645/1531 1554/656/1548 1531/647/1533
f 1556/660/1552 1532/649/1535 1555/658/1550
f 1531/647/1533 1555/658/1550 1532/649/1535
f 1557/658/1554 1533/647/1537 1556/660/1552
f 1532/649/1535 1556/660/1552 1533/647/1537
f 1558/656/1556 1534/645/1539 1557/658/1554
f 1533/647/1537 1557/658/1554 1534/645/1539
f 1559/654/1558 1535/642/1541 1558/656/1556
f 1534/645/1539 1558/656/1556 1535/642/1541
f 1553/653/1545 1528/641/1527 1559/654/1558
f 1535/642/1541 1559/654/1558 1528/641/1527
f 1562/661/1559 1563/662/1560 1564/663/1561
f 1565/664/1562 1564/663/1561 1563/662/1560
f 1564/663/1561 1565/664/1562 1566/665/1563
f 1567/666/1564 1566/665/1563 1565/664/1562
f 1566/665/1563 1567/666/1564 1568/667/1565
f 1569/668/1566 1568/667/1565 1567/666/1564
f 1568/667/1565 1569/668/1566 1570/669/1567
f 1571/670/1568 1570/669/1567 1569/668/1566
f 1572/671/1569 1570/669/1567 1571/670/1568
f 1574/672/1570 1562/661/1559 1575/673/1571
f 1564/663/1561 1575/673/1571 1562/661/1559
f 1575/673/1571 1564/663/1561 1576/674/1572
f 1566/665/1563 1576/674/1572 1564/663/1561
f 1576/674/1572 1566/665/1563 1577/675/1573
f 1568/667/1565 1577/675/1573 1566/665/1563
f 1577/675/1573 1568/667/1565 1578/676/1574
f 1570/669/1567 1578/676/1574 1568/667/1565
f 1578/676/1574 1570/669/1567 1579/677/1575
f 1572/671/1569 1579/677/1575 1570/669/1567
f 1580/678/1576 1562/661/1559 1573/679/1577
f 1574/672/1570 1573/679/1577 1562/661/1559
f 1560/680/1578 1562/661/1559 1580/678/1576
f 1562/661/1559 1581/681/1579 1563/662/1560
f 1561/682/1580 1563/662/1560 1581/681/1579
f 1560/680/1578 1581/681/1579 1562/661/1559
f 1584/782/1581 1585/783/1582 1586/784/1583
f 1587/785/1584 1586/784/1583 1585/783/1582
f 1586/784/1583 1587/785/1584 1588/786/1585
f 1589/787/1586 1588/786/1585 1587/785/1584
f 1588/786/1585 1589/787/1586 1590/788/1587
f 1591/789/1588 1590/788/1587 1589/787/1586
f 1590/788/1587 1591/789/1588 1592/790/1589
f 1593/791/1590 1592/790/1589 1591/789/1588
f 1592/790/1589 1593/791/1590 1594/792/1591
f 1595/793/1592 1594/792/1591 1593/791/1590
f 1594/792/1591 1595/793/1592 1596/794/1593
f 1597/795/1594 1596/794/1593 1595/793/1592
f 1599/796/1595 1584/782/1581 1600/797/1596
f 1586/784/1583 1600/797/1596 1584/782/1581
f 1600/797/1596 1586/784/1583 1601/798/1597
f 1588/786/1585 1601/798/1597 1586/784/1583
f 1601/798/1597 1588/786/1585 1602/799/1598
f 1590/788/1587 1602/799/1598 1588/786/1585
f 1602/799/1598 1590/788/1587 1603/800/1599
f 1592/790/1589 1603/800/1599 1590/788/1587
f 1603/800/1599 1592/790/1589 1604/801/1600
f 1594/792/1591 1604/801/1600 1592/790/1589
f 1596/794/1593 1604/801/1600 1594/792/1591
f 1582/802/1601 1605/803/1602 1584/782/1581
f 1584/782/1581 1605/803/1602 1585/783/1582
f 1583/804/1603 1585/783/1582 1605/803/1602
f 1582/802/1601 1584/782/1581 1606/805/1604
f 1606/805/1604 1584/782/1581 1598/806/1605
f 1599/796/1595 1598/806/1605 1584/782/1581
f 1609/708/1606 1610/709/1607 1611/710/1608
f 1612/711/1609 1611/710/1608 1610/709/1607
f 1611/710/1608 1612/711/1609 1613/712/1610
f 1614/713/1611 1613/712/1610 1612/711/1609
f 1613/712/1610 1614/713/1611 1615/714/1612
f 1616/715/1613 1615/714/1612 1614/713/1611
f 1615/714/1612 1616/715/1613 1617/716/1614
f 1618/717/1615 1617/716/1614 1616/715/1613
f 1617/716/1614 1618/717/1615 1619/718/1616
f 1620/719/1617 1619/718/1616 1618/717/1615
f 1622/720/1618 1609/708/1606 1623/721/1619
f 1611/710/1608 1623/721/1619 1609/708/1606
f 1623/721/1619 1611/710/1608 1624/722/1620
f 1613/712/1610 1624/722/1620 1611/710/1608
f 1624/722/1620 1613/712/1610 1625/723/1621
f 1615/714/1612 1625/723/1621 1613/712/1610
f 1625/723/1621 1615/714/1612 1626/724/1622
f 1617/716/1614 1626/724/1622 1615/714/1612
f 1626/724/1622 1617/716/1614 1627/725/1623
f 1619/718/1616 1627/725/1623 1617/716/1614
f 1628/726/1624 1609/708/1606 1621/727/1625
f 1622/720/1618 1621/727/1625 1609/708/1606
f 1607/728/1626 1609/708/1606 1628/726/1624
f 1609/708/1606 1629/729/1627 1610/709/1607
f 1608/730/1628 1610/709/1607 1629/729/1627
f 1607/728/1626 1629/729/1627 1609/708/1606
f 1632/661/1629 1633/662/1630 1634/663/1631
f 1635/664/1632 1634/663/1631 1633/662/1630
f 1634/663/1631 1635/664/1632 1636/665/1633
f 1637/666/1634 1636/665/1633 1635/664/1632
f 1636/665/1633 1637/666/1634 1638/667/1635
f 1639/668/1636 1638/667/1635 1637/666/1634
f 1638/667/1635 1639/668/1636 1640/669/1637
f 1641/670/1638 1640/669/1637 1639/668/1636
f 1642/671/1639 1640/669/1637 1641/670/1638
f 1644/672/1640 1632/661/1629 1645/673/1641
f 1634/663/1631 1645/673/1641 1632/661/1629
f 1645/673/1641 1634/663/1631 1646/674/1642
f 1636/665/1633 1646/674/1642 1634/663/1631
f 1646/674/1642 1636/665/1633 1647/675/1643
f 1638/667/1635 1647/675/1643 1636/665/1633
f 1647/675/1643 1638/667/1635 1648/676/1644
f 1640/669/1637 1648/676/1644 1638/667/1635
f 1648/676/1644 1640/669/1637 1649/677/1645
f 1642/671/1639 1649/677/1645 1640/669/1637
f 1650/678/1646 1632/661/1629 1643/679/1647
f 1644/672/1640 1643/679/1647 1632/661/1629
f 1630/680/1648 1632/661/1629 1650/678/1646
f 1632/661/1629 1651/681/1649 1633/662/1630
f 1631/682/1650 1633/662/1630 1651/681/1649
f 1630/680/1648 1651/681/1649 1632/661/1629
f 1654/708/1651 1655/709/1652 1656/710/1653
f 1657/711/1654 1656/710/1653 1655/709/1652
f 1656/710/1653 1657/711/1654 1658/712/1655
f 1659/713/1656 1658/712/1655 1657/711/1654
f 1658/712/1655 1659/713/1656 1660/714/1657
f 1661/715/1658 1660/714/1657 1659/713/1656
f 1660/714/1657 1661/715/1658 1662/716/1659
f 1663/717/1660 1662/716/1659 1661/715/1658
f 1662/716/1659 1663/717/1660 1664/718/1661
f 1665/719/1662 1664/718/1661 1663/717/1660
f 1667/720/1663 1654/708/1651 1668/721/1664
f 1656/710/1653 1668/721/1664 1654/708/1651
f 1668/721/1664 1656/710/1653 1669/722/1665
f 1658/712/1655 1669/722/1665 1656/710/1653
f 1669/722/1665 1658/712/1655 1670/723/1666
f 1660/714/1657 1670/723/1666 1658/712/1655
f 1670/723/1666 1660/714/1657 1671/724/1667
f 1662/716/1659 1671/724/1667 1660/714/1657
f 1671/724/1667 1662/716/1659 1672/725/1668
f 1664/718/1661 1672/725/1668 1662/716/1659
f 1673/726/1669 1654/708/1651 1666/727/1670
f 1667/720/1663 1666/727/1670 1654/708/1651
f 1652/728/1671 1654/708/1651 1673/726/1669
f 1654/708/1651 1674/729/1672 1655/709/1652
f 1653/730/1673 1655/709/1652 1674/729/1672
f 1652/728/1671 1674/729/1672 1654/708/1651
f 1677/683/1674 1678/684/1675 1679/685/1676
f 1680/686/1677 1679/685/1676 1678/684/1675
f 1679/685/1676 1680/686/1677 1681/687/1678
f 1682/688/1679 1681/687/1678 1680/686/1677
f 1681/687/1678 1682/688/1679 1683/689/1680
f 1684/690/1681 1683/689/1680 1682/688/1679
f 1683/689/1680 1684/690/1681 1685/691/1682
f 1686/692/1683 1685/691/1682 1684/690/1681
f 1685/691/1682 1686/692/1683 1687/693/1684
f 1688/694/1685 1687/693/1684 1686/692/1683
f 1687/693/1684 1688/694/1685 1689/695/1686
f 1690/696/1687 1689/695/1686 1688/694/1685
f 1692/697/1688 1677/683/1674 1693/698/1689
f 1679/685/1676 1693/698/1689 1677/683/1674
f 1693/698/1689 1679/685/1676 1694/699/1690
f 1681/687/1678 1694/699/1690 1679/685/1676
f 1694/699/1690 1681/687/1678 1695/700/1691
f 1683/689/1680 1695/700/1691 1681/687/1678
f 1695/700/1691 1683/689/1680 1696/701/1692
f 1685/691/1682 1696/701/1692 1683/689/1680
f 1696/701/1692 1685/691/1682 1697/702/1693
f 1687/693/1684 1697/702/1693 1685/691/1682
f 1689/695/1686 1697/702/1693 1687/693/1684
f 1698/703/1694 1677/683/1674 1691/704/1695
f 1692/697/1688 1691/704/1695 1677/683/1674
f 1675/705/1696 1677/683/1674 1698/703/1694
f 1677/683/1674 1699/706/1697 1678/684/1675
f 1676/707/1698 1678/684/1675 1699/706/1697
f 1675/705/1696 1699/706/1697 1677/683/1674
f 1702/661/1699 1703/662/1700 1704/663/1701
f 1705/664/1702 1704/663/1701 1703/662/1700
f 1704/663/1701 1705/664/1702 1706/665/1703
f 1707/666/1704 1706/665/1703 1705/664/1702
f 1706/665/1703 1707/666/1704 1708/667/1705
f 1709/668/1706 1708/667/1705 1707/666/1704
f 1708/667/1705 1709/668/1706 1710/669/1707
f 1711/670/1708 1710/669/1707 1709/668/1706
f 1712/671/1709 1710/669/1707 1711/670/1708
f 1714/672/1710 1702/661/1699 1715/673/1711
f 1704/663/1701 1715/673/1711 1702/661/1699
f 1715/673/1711 1704/663/1701 1716/674/1712
f 1706/665/1703 1716/674/1712 1704/663/1701
f 1716/674/1712 1706/665/1703 1717/675/1713
f 1708/667/1705 1717/675/1713 1706/665/1703
f 1717/675/1713 1708/667/1705 1718/676/1714
f 1710/669/1707 1718/676/1714 1708/667/1705
f 1718/676/1714 1710/669/1707 1719/677/1715
f 1712/671/1709 1719/677/1715 1710/669/1707
f 1720/678/1716 1702/661/1699 1713/679/1717
f 1714/672/1710 1713/679/1717 1702/661/1699
f 1700/680/1718 1702/661/1699 1720/678/1716
f 1702/661/1699 1721/681/1719 1703/662/1700
f 1701/682/1720 1703/662/1700 1721/681/1719
f 1700/680/1718 1721/681/1719 1702/661/1699
f 1724/683/1721 1725/684/1722 1726/685/1723
f 1727/686/1724 1726/685/1723 1725/684/1722
f 1726/685/1723 1727/686/1724 1728/687/1725
f 1729/688/1726 1728/687/1725 1727/686/1724
f 1728/687/1725 1729/688/1726 1730/689/1727
f 1731/690/1728 1730/689/1727 1729/688/1726
f 1730/689/1727 1731/690/1728 1732/691/1729
f 1733/692/1730 1732/691/1729 1731/690/1728
f 1732/691/1729 1733/692/1730 1734/693/1731
f 1735/694/1732 1734/693/1731 1733/692/1730
f 1734/693/1731 1735/694/1732 1736/695/1733
f 1737/696/1734 1736/695/1733 1735/694/1732
f 1739/697/1735 1724/683/1721 1740/698/1736
f 1726/685/1723 1740/698/1736 1724/683/1721
f 1740/698/1736 1726/685/1723 1741/699/1737
f 1728/687/1725 1741/699/1737 1726/685/1723
f 1741/699/1737 1728/687/1725 1742/700/1738
f 1730/689/1727 1742/700/1738 1728/687/1725
f 1742/700/1738 1730/689/1727 1743/701/1739
f 1732/691/1729 1743/701/1739 1730/689/1727
f 1743/701/1739 1732/691/1729 1744/702/1740
f 1734/693/1731 1744/702/1740 1732/691/1729
f 1736/695/1733 1744/702/1740 1734/693/1731
f 1745/703/1741 1724/683/1721 1738/704/1742
f 1739/697/1735 1738/704/1742 1724/683/1721
f 1722/705/1743 1724/683/1721 1745/703/1741
f 1724/683/1721 1746/706/1744 1725/684/1722
f 1723/707/1745 1725/684/1722 1746/706/1744
f 1722/705/1743 1746/706/1744 1724/683/1721
f 1749/661/1746 1750/662/1747 1751/663/1748
f 1752/664/1749 1751/663/1748 1750/662/1747
f 1751/663/1748 1752/664/1749 1753/665/1750
f 1754/666/1751 1753/665/1750 1752/664/1749
f 1753/665/1750 1754/666/1751 1755/667/1752
f 1756/668/1753 1755/667/1752 1754/666/1751
f 1755/667/1752 1756/668/1753 1757/669/1754
f 1758/670/1755 1757/669/1754 1756/668/1753
f 1759/671/1756 1757/669/1754 1758/670/1755
f 1761/672/1757 1749/661/1746 1762/673/1758
f 1751/663/1748 1762/673/1758 1749/661/1746
f 1762/673/1758 1751/663/1748 1763/674/1759
f 1753/665/1750 1763/674/1759 1751/663/1748
f 1763/674/1759 1753/665/1750 1764/675/1760
f 1755/667/1752 1764/675/1760 1753/665/1750
f 1764/675/1760 1755/667/1752 1765/676/1761
f 1757/669/1754 1765/676/1761 1755/667/1752
f 1765/676/1761 1757/669/1754 1766/677/1762
f 1759/671/1756 1766/677/1762 1757/669/1754
f 1767/678/1763 1749/661/1746 1760/679/1764
f 1761/672/1757 1760/679/1764 1749/661/1746
f 1747/680/1765 1749/661/1746 1767/678/1763
f 1749/661/1746 1768/681/1766 1750/662/1747
f 1748/682/1767 1750/662/1747 1768/681/1766
f 1747/680/1765 1768/681/1766 1749/661/1746
f 1771/782/1768 1772/783/1769 1773/784/1770
f 1774/785/1771 1773/784/1770 1772/783/1769
f 1773/784/1770 1774/785/1771 1775/786/1772
f 1776/787/1773 1775/786/1772 1774/785/1771
f 1775/786/1772 1776/787/1773 1777/788/1774
f 1778/789/1775 1777/788/1774 1776/787/1773
f 1777/788/1774 1778/789/1775 1779/790/1776
f 1780/791/1777 1779/790/1776 1778/789/1775
f 1779/790/1776 1780/791/1777 1781/792/1778
f 1782/793/1779 1781/792/1778 1780/791/1777
f 1781/792/1778 1782/793/1779 1783/794/1780
f 1784/795/1781 1783/794/1780 1782/793/1779
f 1786/796/1782 1771/782/1768 1787/797/1783
f 1773/784/1770 1787/797/1783 1771/782/1768
f 1787/797/1783 1773/784/1770 1788/798/1784
f 1775/786/1772 1788/798/1784 1773/784/1770
f 1788/798/1784 1775/786/1772 1789/799/1785
f 1777/788/1774 1789/799/1785 1775/786/1772
f 1789/799/1785 1777/788/1774 1790/800/1786
f 1779/790/1776 1790/800/1786 1777/788/1774
f 1790/800/1786 1779/790/1776 1791/801/1787
f 1781/792/1778 1791/801/1787 1779/790/1776
f 1783/794/1780 1791/801/1787 1781/792/1778
f 1769/802/1788 1792/803/1789 1771/782/1768
f 1771/782/1768 1792/803/1789 1772/783/1769
f 1770/804/1790 1772/783/1769 1792/803/1789
f 1769/802/1788 1771/782/1768 1793/805/1791
f 1793/805/1791 1771/782/1768 1785/806/1792
f 1786/796/1782 1785/806/1792 1771/782/1768
f 1796/708/1793 1797/709/1794 1798/710/1795
f 1799/711/1796 1798/710/1795 1797/709/1794
f 1798/710/1795 1799/711/1796 1800/712/1797
f 1801/713/1798 1800/712/1797 1799/711/1796
f 1800/712/1797 1801/713/1798 1802/714/1799
f 1803/715/1800 1802/714/1799 1801/713/1798
f 1802/714/1799 1803/715/1800 1804/716/1801
f 1805/717/1802 1804/716/1801 1803/715/1800
f 1804/716/1801 1805/717/1802 1806/718/1803
f 1807/719/1804 1806/718/1803 1805/717/1802
f 1809/720/1805 1796/708/1793 1810/721/1806
f 1798/710/1795 1810/721/1806 1796/708/1793
f 1810/721/1806 1798/710/1795 1811/722/1807
f 1800/712/1797 1811/722/1807 1798/710/1795
f 1811/722/1807 1800/712/1797 1812/723/1808
f 1802/714/1799 1812/723/1808 1800/712/1797
f 1812/723/1808 1802/714/1799 1813/724/1809
f 1804/716/1801 1813/724/1809 1802/714/1799
f 1813/724/1809 1804/716/1801 1814/725/1810
f 1806/718/1803 1814/725/1810 1804/716/1801
f 1815/726/1811 1796/708/1793 1808/727/1812
f 1809/720/1805 1808/727/1812 1796/708/1793
f 1794/728/1813 1796/708/1793 1815/726/1811
f 1796/708/1793 1816/729/1814 1797/709/1794
f 1795/730/1815 1797/709/1794 1816/729/1814
f 1794/728/1813 1816/729/1814 1796/708/1793
f 1819/661/1816 1820/662/1817 1821/663/1818
f 1822/664/1819 1821/663/1818 1820/662/1817
f 1821/663/1818 1822/664/1819 1823/665/1820
f 1824/666/1821 1823/665/1820 1822/664/1819
f 1823/665/1820 1824/666/1821 1825/667/1822
f 1826/668/1823 1825/667/1822 1824/666/1821
f 1825/667/1822 1826/668/1823 1827/669/1824
f 1828/670/1825 1827/669/1824 1826/668/1823
f 1829/671/1826 1827/669/1824 1828/670/1825
f 1831/672/1827 1819/661/1816 1832/673/1828
f 1821/663/1818 1832/673/1828 1819/661/1816
f 1832/673/1828 1821/663/1818 1833/674/1829
f 1823/665/1820 1833/674/1829 1821/663/1818
f 1833/674/1829 1823/665/1820 1834/675/1830
f 1825/667/1822 1834/675/1830 1823/665/1820
f 1834/675/1830 1825/667/1822 1835/676/1831
f 1827/669/1824 1835/676/1831 1825/667/1822
f 1835/676/1831 1827/669/1824 1836/677/1832
f 1829/671/1826 1836/677/1832 1827/669/1824
f 1837/678/1833 1819/661/1816 1830/679/1834
f 1831/672/1827 1830/679/1834 1819/661/1816
f 1817/680/1835 1819/661/1816 1837/678/1833
f 1819/661/1816 1838/681/1836 1820/662/1817
f 1818/682/1837 1820/662/1817 1838/681/1836
f 1817/680/1835 1838/681/1836 1819/661/1816
f 1841/782/1838 1842/783/1839 1843/784/1840
f 1844/785/1841 1843/784/1840 1842/783/1839
f 1843/784/1840 1844/785/1841 1845/786/1842
f 1846/787/1843 1845/786/1842 1844/785/1841
f 1845/786/1842 1846/787/1843 1847/788/1844
f 1848/789/1845 1847/788/1844 1846/787/1843
f 1847/788/1844 1848/789/1845 1849/790/1846
f 1850/791/1847 1849/790/1846 1848/789/1845
f 1849/790/1846 1850/791/1847 1851/792/1848
f 1852/793/1849 1851/792/1848 1850/791/1847
f 1851/792/1848 1852/793/1849 1853/794/1850
f 1854/795/1851 1853/794/1850 1852/793/1849
f 1856/796/1852 1841/782/1838 1857/797/1853
f 1843/784/1840 1857/797/1853 1841/782/1838
f 1857/797/1853 1843/784/1840 1858/798/1854
f 1845/786/1842 1858/798/1854 1843/784/1840
f 1858/798/1854 1845/786/1842 1859/799/1855
f 1847/788/1844 1859/799/1855 1845/786/1842
f 1859/799/1855 1847/788/1844 1860/800/1856
f 1849/790/1846 1860/800/1856 1847/788/1844
f 1860/800/1856 1849/790/1846 1861/801/1857
f 1851/792/1848 1861/801/1857 1849/790/1846
f 1853/794/1850 1861/801/1857 1851/792/1848
f 1839/802/1858 1862/803/1859 1841/782/1838
f 1841/782/1838 1862/803/1859 1842/783/1839
f 1840/804/1860 1842/783/1839 1862/803/1859
f 1839/802/1858 1841/782/1838 1863/805/1861
f 1863/805/1861 1841/782/1838 1855/806/1862
f 1856/796/1852 1855/806/1862 1841/782/1838
f 1866/708/1863 1867/709/1864 1868/710/1865
f 1869/711/1866 1868/710/1865 1867/709/1864
f 1868/710/1865 1869/711/1866 1870/712/1867
f 1871/713/1868 1870/712/1867 1869/711/1866
f 1870/712/1867 1871/713/1868 1872/714/1869
f 1873/715/1870 1872/714/1869 1871/713/1868
f 1872/714/1869 1873/715/1870 1874/716/1871
f 1875/717/1872 1874/716/1871 1873/715/1870
f 1874/716/1871 1875/717/1872 1876/718/1873
f 1877/719/1874 1876/718/1873 1875/717/1872
f 1879/720/1875 1866/708/1863 1880/721/1876
f 1868/710/1865 1880/721/1876 1866/708/1863
f 1880/721/1876 1868/710/1865 1881/722/1877
f 1870/712/1867 1881/722/1877 1868/710/1865
f 1881/722/1877 1870/712/1867 1882/723/1878
f 1872/714/1869 1882/723/1878 1870/712/1867
f 1882/723/1878 1872/714/1869 1883/724/1879
f 1874/716/1871 1883/724/1879 1872/714/1869
f 1883/724/1879 1874/716/1871 1884/725/1880
f 1876/718/1873 1884/725/1880 1874/716/1871
f 1885/726/1881 1866/708/1863 1878/727/1882
f 1879/720/1875 1878/727/1882 1866/708/1863
f 1864/728/1883 1866/708/1863 1885/726/1881
f 1866/708/1863 1886/729/1884 1867/709/1864
f 1865/730/1885 1867/709/1864 1886/729/1884
f 1864/728/1883 1886/729/1884 1866/708/1863
f 1889/683/1886 1890/684/1887 1891/685/1888
f 1892/686/1889 1891/685/1888 1890/684/1887
f 1891/685/1888 1892/686/1889 1893/687/1890
f 1894/688/1891 1893/687/1890 1892/686/1889
f 1893/687/1890 1894/688/1891 1895/689/1892
f 1896/690/1893 1895/689/1892 1894/688/1891
f 1895/689/1892 1896/690/1893 1897/691/1894
f 1898/692/1895 1897/691/1894 1896/690/1893
f 1897/691/1894 1898/692/1895 1899/693/1896
f 1900/694/1897 1899/693/1896 1898/692/1895
f 1899/693/1896 1900/694/1897 1901/695/1898
f 1902/696/1899 1901/695/1898 1900/694/1897
f 1904/697/1900 1889/683/1886 1905/698/1901
f 1891/685/1888 1905/698/1901 1889/683/1886
f 1905/698/1901 1891/685/1888 1906/699/1902
f 1893/687/1890 1906/699/1902 1891/685/1888
f 1906/699/1902 1893/687/1890 1907/700/1903
f 1895/689/1892 1907/700/1903 1893/687/1890
f 1907/700/1903 1895/689/1892 1908/701/1904
f 1897/691/1894 1908/701/1904 1895/689/1892
f 1908/701/1904 1897/691/1894 1909/702/1905
f 1899/693/1896 1909/702/1905 1897/691/1894
f 1901/695/1898 1909/702/1905 1899/693/1896
f 1910/703/1906 1889/683/1886 1903/704/1907
f 1904/697/1900 1903/704/1907 1889/683/1886
f 1887/705/1908 1889/683/1886 1910/703/1906
f 1889/683/1886 1911/706/1909 1890/684/1887
f 1888/707/1910 1890/684/1887 1911/706/1909
f 1887/705/1908 1911/706/1909 1889/683/1886
f 1914/708/1911 1915/709/1912 1916/710/1913
f 1917/711/1914 1916/710/1913 1915/709/1912
f 1916/710/1913 1917/711/1914 1918/712/1915
f 1919/713/1916 1918/712/1915 1917/711/1914
f 1918/712/1915 1919/713/1916 1920/714/1917
f 1921/715/1918 1920/714/1917 1919/713/1916
f 1920/714/1917 1921/715/1918 1922/716/1919
f 1923/717/1920 1922/716/1919 1921/715/1918
f 1922/716/1919 1923/717/1920 1924/718/1921
f 1925/719/1922 1924/718/1921 1923/717/1920
f 1927/720/1923 1914/708/1911 1928/721/1924
f 1916/710/1913 1928/721/1924 1914/708/1911
f 1928/721/1924 1916/710/1913 1929/722/1925
f 1918/712/1915 1929/722/1925 1916/710/1913
f 1929/722/1925 1918/712/1915 1930/723/1926
f 1920/714/1917 1930/723/1926 1918/712/1915
f 1930/723/1926 1920/714/1917 1931/724/1927
f 1922/716/1919 1931/724/1927 1920/714/1917
f 1931/724/1927 1922/716/1919 1932/725/1928
f 1924/718/1921 1932/725/1928 1922/716/1919
f 1933/726/1929 1914/708/1911 1926/727/1930
f 1927/720/1923 1926/727/1930 1914/708/1911
f 1912/728/1931 1914/708/1911 1933/726/1929
f 1914/708/1911 1934/729/1932 1915/709/1912
f 1913/730/1933 1915/709/1912 1934/729/1932
f 1912/728/1931 1934/729/1932 1914/708/1911
f 1937/661/1934 1938/662/1935 1939/663/1936
f 1940/664/1937 1939/663/1936 1938/662/1935
f 1939/663/1936 1940/664/1937 1941/665/1938
f 1942/666/1939 1941/665/1938 1940/664/1937
f 1941/665/1938 1942/666/1939 1943/667/1940
f 1944/668/1941 1943/667/1940 1942/666/1939
f 1943/667/1940 1944/668/1941 1945/669/1942
f 1946/670/1943 1945/669/1942 1944/668/1941
f 1947/671/1944 1945/669/1942 1946/670/1943
f 1949/672/1945 1937/661/1934 1950/673/1946
f 1939/663/1936 1950/673/1946 1937/661/1934
f 1950/673/1946 1939/663/1936 1951/674/1947
f 1941/665/1938 1951/674/1947 1939/663/1936
f 1951/674/1947 1941/665/1938 1952/675/1948
f 1943/667/1940 1952/675/1948 1941/665/1938
f 1952/675/1948 1943/667/1940 1953/676/1949
f 1945/669/1942 1953/676/1949 1943/667/1940
f 1953/676/1949 1945/669/1942 1954/677/1950
f 1947/671/1944 1954/677/1950 1945/669/1942
f 1955/678/1951 1937/661/1934 1948/679/1952
f 1949/672/1945 1948/679/1952 1937/661/1934
f 1935/680/1953 1937/661/1934 1955/678/1951
f 1937/661/1934 1956/681/1954 1938/662/1935
f 1936/682/1955 1938/662/1935 1956/681/1954
f 1935/680/1953 1956/681/1954 1937/661/1934
f 1959/661/1956 1960/662/1957 1961/663/1958
f 1962/664/1959 1961/663/1958 1960/662/1957
f 1961/663/1958 1962/664/1959 1963/665/1960
f 1964/666/1961 1963/665/1960 1962/664/1959
f 1963/665/1960 1964/666/1961 1965/667/1962
f 1966/668/1963 1965/667/1962 1964/666/1961
f 1965/667/1962 1966/668/1963 1967/669/1964
f 1968/670/1965 1967/669/1964 1966/668/1963
f 1969/671/1966 1967/669/1964 1968/670/1965
f 1971/672/1967 1959/661/1956 1972/673/1968
f 1961/663/1958 1972/673/1968 1959/661/1956
f 1972/673/1968 1961/663/1958 1973/674/1969
f 1963/665/1960 1973/674/1969 1961/663/1958
f 1973/674/1969 1963/665/1960 1974/675/1970
f 1965/667/1962 1974/675/1970 1963/665/1960
f 1974/675/1970 1965/667/1962 1975/676/1971
f 1967/669/1964 1975/676/1971 1965/667/1962
f 1975/676/1971 1967/669/1964 1976/677/1972
f 1969/671/1966 1976/677/1972 1967/669/1964
f 1977/678/1973 1959/661/1956 1970/679/1974
f 1971/672/1967 1970/679/1974 1959/661/1956
f 1957/680/1975 1959/661/1956 1977/678/1973
f 1959/661/1956 1978/681/1976 1960/662/1957
f 1958/682/1977 1960/662/1957 1978/681/1976
f 1957/680/1975 1978/681/1976 1959/661/1956
f 1981/683/1978 1982/684/1979 1983/685/1980
f 1984/686/1981 1983/685/1980 1982/684/1979
f 1983/685/1980 1984/686/1981 1985/687/1982
f 1986/688/1983 1985/687/1982 1984/686/1981
f 1985/687/1982 1986/688/1983 1987/689/1984
f 1988/690/1985 1987/689/1984 1986/688/1983
f 1987/689/1984 1988/690/1985 1989/691/1986
f 1990/692/1987 1989/691/1986 1988/690/1985
f 1989/691/1986 1990/692/1987 1991/693/1988
f 1992/694/1989 1991/693/1988 1990/692/1987
f 1991/693/1988 1992/694/1989 1993/695/1990
f 1994/696/1991 1993/695/1990 1992/694/1989
f 1996/697/1992 1981/683/1978 1997/698/1993
f 1983/685/1980 1997/698/1993 1981/683/1978
f 1997/698/1993 1983/685/1980 1998/699/1994
f 1985/687/1982 1998/699/1994 1983/685/1980
f 1998/699/1994 1985/687/1982 1999/700/1995
f 1987/689/1984 1999/700/1995 1985/687/1982
f 1999/700/1995 1987/689/1984 2000/701/1996
f 1989/691/1986 2000/701/1996 1987/689/1984
f 2000/701/1996 1989/691/1986 2001/702/1997
f 1991/693/1988 2001/702/1997 1989/691/1986
f 1993/695/1990 2001/702/1997 1991/693/1988
f 2002/703/1998 1981/683/1978 1995/704/1999
f 1996/697/1992 1995/704/1999 1981/683/1978
f 1979/705/2000 1981/683/1978 2002/703/1998
f 1981/683/1978 2003/706/2001 1982/684/1979
f 1980/707/2002 1982/684/1979 2003/706/2001
f 1979/705/2000 2003/706/2001 1981/683/1978
f 2006/661/2003 2007/662/2004 2008/663/2005
f 2009/664/2006 2008/663/2005 2007/662/2004
f 2008/663/2005 2009/664/2006 2010/665/2007
f 2011/666/2008 2010/665/2007 2009/664/2006
f 2010/665/2007 2011/666/2008 2012/667/2009
f 2013/668/2010 2012/667/2009 2011/666/2008
f 2012/667/2009 2013/668/2010 2014/669/2011
f 2015/670/2012 2014/669/2011 2013/668/2010
f 2016/671/2013 2014/669/2011 2015/670/2012
f 2018/672/2014 2006/661/2003 2019/673/2015
f 2008/663/2005 2019/673/2015 2006/661/2003
f 2019/673/2015 2008/663/2005 2020/674/2016
f 2010/665/2007 2020/674/2016 2008/663/2005
f 2020/674/2016 2010/665/2007 2021/675/2017
f 2012/667/2009 2021/675/2017 2010/665/2007
f 2021/675/2017 2012/667/2009 2022/676/2018
f 2014/669/2011 2022/676/2018 2012/667/2009
f 2022/676/2018 2014/669/2011 2023/677/2019
f 2016/671/2013 2023/677/2019 2014/669/2011
f 2024/678/2020 2006/661/2003 2017/679/2021
f 2018/672/2014 2017/679/2021 2006/661/2003
f 2004/680/2022 2006/661/2003 2024/678/2020
f 2006/661/2003 2025/681/2023 2007/662/2004
f 2005/682/2024 2007/662/2004 2025/681/2023
f 2004/680/2022 2025/681/2023 2006/661/2003
f 2028/708/2025 2029/709/2026 2030/710/2027
f 2031/711/2028 2030/710/2027 2029/709/2026
f 2030/710/2027 2031/711/2028 2032/712/2029
f 2033/713/2030 2032/712/2029 2031/711/2028
f 2032/712/2029 2033/713/2030 2034/714/2031
f 2035/715/2032 2034/714/2031 2033/713/2030
f 2034/714/2031 2035/715/2032 2036/716/2033
f 2037/717/2034 2036/716/2033 2035/715/2032
f 2036/716/2033 2037/717/2034 2038/718/2035
f 2039/719/2036 2038/718/2035 2037/717/2034
f 2041/720/2037 2028/708/2025 2042/721/2038
f 2030/710/2027 2042/721/2038 2028/708/2025
f 2042/721/2038 2030/710/2027 2043/722/2039
f 2032/712/2029 2043/722/2039 2030/710/2027
f 2043/722/2039 2032/712/2029 2044/723/2040
f 2034/714/2031 2044/723/2040 2032/712/2029
f 2044/723/2040 2034/714/2031 2045/724/2041
f 2036/716/2033 2045/724/2041 2034/714/2031
f 2045/724/2041 2036/716/2033 2046/725/2042
f 2038/718/2035 2046/725/2042 2036/716/2033
f 2047/726/2043 2028/708/2025 2040/727/2044
f 2041/720/2037 2040/727/2044 2028/708/2025
f 2026/728/2045 2028/708/2025 2047/726/2043
f 2028/708/2025 2048/729/2046 2029/709/2026
f 2027/730/2047 2029/709/2026 2048/729/2046
f 2026/728/2045 2048/729/2046 2028/708/2025
f 2051/661/2048 2052/662/2049 2053/663/2050
f 2054/664/2051 2053/663/2050 2052/662/2049
f 2053/663/2050 2054/664/2051 2055/665/2052
f 2056/666/2053 2055/665/2052 2054/664/2051
f 2055/665/2052 2056/666/2053 2057/667/2054
f 2058/668/2055 2057/667/2054 2056/666/2053
f 2057/667/2054 2058/668/2055 2059/669/2056
f 2060/670/2057 2059/669/2056 2058/668/2055
f 2061/671/2058 2059/669/2056 2060/670/2057
f 2063/672/2059 2051/661/2048 2064/673/2060
f 2053/663/2050 2064/673/2060 2051/661/2048
f 2064/673/2060 2053/663/2050 2065/674/2061
f 2055/665/2052 2065/674/2061 2053/663/2050
f 2065/674/2061 2055/665/2052 2066/675/2062
f 2057/667/2054 2066/675/2062 2055/665/2052
f 2066/675/2062 2057/667/2054 2067/676/2063
f 2059/669/2056 2067/676/2063 2057/667/2054
f 2067/676/2063 2059/669/2056 2068/677/2064
f 2061/671/2058 2068/677/2064 2059/669/2056
f 2069/678/2065 2051/661/2048 2062/679/2066
f 2063/672/2059 2062/679/2066 2051/661/2048
f 2049/680/2067 2051/661/2048 2069/678/2065
f 2051/661/2048 2070/681/2068 2052/662/2049
f 2050/682/2069 2052/662/2049 2070/681/2068
f 2049/680/2067 2070/681/2068 2051/661/2048
f 2073/683/2070 2074/684/2071 2075/685/2072
f 2076/686/2073 2075/685/2072 2074/684/2071
f 2075/685/2072 2076/686/2073 2077/687/2074
f 2078/688/2075 2077/687/2074 2076/686/2073
f 2077/687/2074 2078/688/2075 2079/689/2076
f 2080/690/2077 2079/689/2076 2078/688/2075
f 2079/689/2076 2080/690/2077 2081/691/2078
f 2082/692/2079 2081/691/2078 2080/690/2077
f 2081/691/2078 2082/692/2079 2083/693/2080
f 2084/694/2081 2083/693/2080 2082/692/2079
f 2083/693/2080 2084/694/2081 2085/695/2082
f 2086/696/2083 2085/695/2082 2084/694/2081
f 2088/697/2084 2073/683/2070 2089/698/2085
f 2075/685/2072 2089/698/2085 2073/683/2070
f 2089/698/2085 2075/685/2072 2090/699/2086
f 2077/687/2074 2090/699/2086 2075/685/2072
f 2090/699/2086 2077/687/2074 2091/700/2087
f 2079/689/2076 2091/700/2087 2077/687/2074
f 2091/700/2087 2079/689/2076 2092/701/2088
f 2081/691/2078 2092/701/2088 2079/689/2076
f 2092/701/2088 2081/691/2078 2093/702/2089
f 2083/693/2080 2093/702/2089 2081/691/2078
f 2085/695/2082 2093/702/2089 2083/693/2080
f 2094/703/2090 2073/683/2070 2087/704/2091
f 2088/697/2084 2087/704/2091 2073/683/2070
f 2071/705/2092 2073/683/2070 2094/703/2090
f 2073/683/2070 2095/706/2093 2074/684/2071
f 2072/707/2094 2074/684/2071 2095/706/2093
f 2071/705/2092 2095/706/2093 2073/683/2070
f 2098/807/2095 2099/808/2096 2100/809/2097
f 2101/810/2098 2100/809/2097 2099/808/2096
f 2100/809/2097 2101/810/2098 2102/811/2099
f 2103/812/2100 2102/811/2099 2101/810/2098
f 2102/811/2099 2103/812/2100 2104/813/2101
f 2105/814/2102 2104/813/2101 2103/812/2100
f 2107/815/2103 2098/807/2095 2108/816/2104
f 2100/809/2097 2108/816/2104 2098/807/2095
f 2108/816/2104 2100/809/2097 2109/817/2105
f 2102/811/2099 2109/817/2105 2100/809/2097
f 2109/817/2105 2102/811/2099 2110/818/2106
f 2104/813/2101 2110/818/2106 2102/811/2099
f 2096/819/2107 2111/820/2108 2098/807/2095
f 2098/807/2095 2111/820/2108 2099/808/2096
f 2097/821/2109 2099/808/2096 2111/820/2108
f 2096/819/2107 2098/807/2095 2112/822/2110
f 2112/822/2110 2098/807/2095 2106/823/2111
f 2107/815/2103 2106/823/2111 2098/807/2095
f 2115/824/2112 2116/825/2113 2117/826/2114
f 2118/827/2115 2117/826/2114 2116/825/2113
f 2117/826/2114 2118/827/2115 2119/828/2116
f 2120/829/2117 2119/828/2116 2118/827/2115
f 2119/828/2116 2120/829/2117 2121/830/2118
f 2122/831/2119 2121/830/2118 2120/829/2117
f 2124/832/2120 2115/824/2112 2125/833/2121
f 2117/826/2114 2125/833/2121 2115/824/2112
f 2125/833/2121 2117/826/2114 2126/834/2122
f 2119/828/2116 2126/834/2122 2117/826/2114
f 2126/834/2122 2119/828/2116 2127/835/2123
f 2121/830/2118 2127/835/2123 2119/828/2116
f 2113/836/2124 2128/837/2125 2115/824/2112
f 2115/824/2112 2128/837/2125 2116/825/2113
f 2114/838/2126 2116/825/2113 2128/837/2125
f 2113/836/2124 2115/824/2112 2129/839/2127
f 2129/839/2127 2115/824/2112 2123/840/2128
f 2124/832/2120 2123/840/2128 2115/824/2112
f 2132/824/2129 2133/825/2130 2134/826/2131
f 2135/827/2132 2134/826/2131 2133/825/2130
f 2134/826/2131 2135/827/2132 2136/828/2133
f 2137/829/2134 2136/828/2133 2135/827/2132
f 2136/828/2133 2137/829/2134 2138/830/2135
f 2139/831/2136 2138/830/2135 2137/829/2134
f 2141/832/2137 2132/824/2129 2142/833/2138
f 2134/826/2131 2142/833/2138 2132/824/2129
f 2142/833/2138 2134/826/2131 2143/834/2139
f 2136/828/2133 2143/834/2139 2134/826/2131
f 2143/834/2139 2136/828/2133 2144/835/2140
f 2138/830/2135 2144/835/2140 2136/828/2133
f 2130/836/2141 2145/837/2142 2132/824/2129
f 2132/824/2129 2145/837/2142 2133/825/2130
f 2131/838/2143 2133/825/2130 2145/837/2142
f 2130/836/2141 2132/824/2129 2146/839/2144
f 2146/839/2144 2132/824/2129 2140/840/2145
f 2141/832/2137 2140/840/2145 2132/824/2129
f 2149/824/2146 2150/825/2147 2151/826/2148
f 2152/827/2149 2151/826/2148 2150/825/2147
f 2151/826/2148 2152/827/2149 2153/828/2150
f 2154/829/2151 2153/828/2150 2152/827/2149
f 2153/828/2150 2154/829/2151 2155/830/2152
f 2156/831/2153 2155/830/2152 2154/829/2151
f 2158/832/2154 2149/824/2146 2159/833/2155
f 2151/826/2148 2159/833/2155 2149/824/2146
f 2159/833/2155 2151/826/2148 2160/834/2156
f 2153/828/2150 2160/834/2156 2151/826/2148
f 2160/834/2156 2153/828/2150 2161/835/2157
f 2155/830/2152 2161/835/2157 2153/828/2150
f 2147/836/2158 2162/837/2159 2149/824/2146
f 2149/824/2146 2162/837/2159 2150/825/2147
f 2148/838/2160 2150/825/2147 2162/837/2159
f 2147/836/2158 2149/824/2146 2163/839/2161
f 2163/839/2161 2149/824/2146 2157/840/2162
f 2158/832/2154 2157/840/2162 2149/824/2146
f 2166/824/2163 2167/825/2164 2168/826/2165
f 2169/827/2166 2168/826/2165 2167/825/2164
f 2168/826/2165 2169/827/2166 2170/828/2167
f 2171/829/2168 2170/828/2167 2169/827/2166
f 2170/828/2167 2171/829/2168 2172/830/2169
f 2173/831/2170 2172/830/2169 2171/829/2168
f 2175/832/2171 2166/824/2163 2176/833/2172
f 2168/826/2165 2176/833/2172 2166/824/2163
f 2176/833/2172 2168/826/2165 2177/834/2173
f 2170/828/2167 2177/834/2173 2168/826/2165
f 2177/834/2173 2170/828/2167 2178/835/2174
f 2172/830/2169 2178/835/2174 2170/828/2167
f 2164/836/2175 2179/837/2176 2166/824/2163
f 2166/824/2163 2179/837/2176 2167/825/2164
f 2165/838/2177 2167/825/2164 2179/837/2176
f 2164/836/2175 2166/824/2163 2180/839/2178
f 2180/839/2178 2166/824/2163 2174/840/2179
f 2175/832/2171 2174/840/2179 2166/824/2163
f 2183/731/2180 2184/732/2181 2185/733/2182
f 2186/734/2183 2185/733/2182 2184/732/2181
f 2185/733/2182 2186/734/2183 2187/735/2184
f 2188/736/2185 2187/735/2184 2186/734/2183
f 2187/735/2184 2188/736/2185 2189/737/2186
f 2190/738/2187 2189/737/2186 2188/736/2185
f 2192/739/2188 2183/731/2180 2193/740/2189
f 2185/733/2182 2193/740/2189 2183/731/2180
f 2193/740/2189 2185/733/2182 2194/741/2190
f 2187/735/2184 2194/741/2190 2185/733/2182
f 2194/741/2190 2187/735/2184 2195/742/2191
f 2189/737/2186 2195/742/2191 2187/735/2184
f 2181/743/2192 2196/744/2193 2183/731/2180
f 2183/731/2180 2196/744/2193 2184/732/2181
f 2182/745/2194 2184/732/2181 2196/744/2193
f 2181/743/2192 2183/731/2180 2197/746/2195
f 2197/746/2195 2183/731/2180 2191/747/2196
f 2192/739/2188 2191/747/2196 2183/731/2180
f 2200/841/2197 2201/842/2198 2202/843/2199
f 2203/844/2200 2202/843/2199 2201/842/2198
f 2202/843/2199 2203/844/2200 2204/845/2201
f 2205/846/2202 2204/845/2201 2203/844/2200
f 2207/847/2203 2200/841/2197 2208/848/2204
f 2202/843/2199 2208/848/2204 2200/841/2197
f 2208/848/2204 2202/843/2199 2209/849/2205
f 2204/845/2201 2209/849/2205 2202/843/2199
f 2210/850/2206 2200/841/2197 2206/851/2207
f 2207/847/2203 2206/851/2207 2200/841/2197
f 2198/852/2208 2200/841/2197 2210/850/2206
f 2200/841/2197 2211/853/2209 2201/842/2198
f 2199/854/2210 2201/842/2198 2211/853/2209
f 2198/852/2208 2211/853/2209 2200/841/2197
f 2214/841/2211 2215/842/2212 2216/843/2213
f 2217/844/2214 2216/843/2213 2215/842/2212
f 2216/843/2213 2217/844/2214 2218/845/2215
f 2219/846/2216 2218/845/2215 2217/844/2214
f 2221/847/2217 2214/841/2211 2222/848/2218
f 2216/843/2213 2222/848/2218 2214/841/2211
f 2222/848/2218 2216/843/2213 2223/849/2219
f 2218/845/2215 2223/849/2219 2216/843/2213
f 2224/850/2220 2214/841/2211 2220/851/2221
f 2221/847/2217 2220/851/2221 2214/841/2211
f 2212/852/2222 2214/841/2211 2224/850/2220
f 2214/841/2211 2225/853/2223 2215/842/2212
f 2213/854/2224 2215/842/2212 2225/853/2223
f 2212/852/2222 2225/853/2223 2214/841/2211
f 2228/841/2225 2229/842/2226 2230/843/2227
f 2231/844/2228 2230/843/2227 2229/842/2226
f 2230/843/2227 2231/844/2228 2232/845/2229
f 2233/846/2230 2232/845/2229 2231/844/2228
f 2235/847/2231 2228/841/2225 2236/848/2232
f 2230/843/2227 2236/848/2232 2228/841/2225
f 2236/848/2232 2230/843/2227 2237/849/2233
f 2232/845/2229 2237/849/2233 2230/843/2227
f 2238/850/2234 2228/841/2225 2234/851/2235
f 2235/847/2231 2234/851/2235 2228/841/2225
f 2226/852/2236 2228/841/2225 2238/850/2234
f 2228/841/2225 2239/853/2237 2229/842/2226
f 2227/854/2238 2229/842/2226 2239/853/2237
f 2226/852/2236 2239/853/2237 2228/841/2225
f 2242/841/2239 2243/842/2240 2244/843/2241
f 2245/844/2242 2244/843/2241 2243/842/2240
f 2244/843/2241 2245/844/2242 2246/845/2243
f 2247/846/2244 2246/845/2243 2245/844/2242
f 2249/847/2245 2242/841/2239 2250/848/2246
f 2244/843/2241 2250/848/2246 2242/841/2239
f 2250/848/2246 2244/843/2241 2251/849/2247
f 2246/845/2243 2251/849/2247 2244/843/2241
f 2252/850/2248 2242/841/2239 2248/851/2249
f 2249/847/2245 2248/851/2249 2242/841/2239
f 2240/852/2250 2242/841/2239 2252/850/2248
f 2242/841/2239 2253/853/2251 2243/842/2240
f 2241/854/2252 2243/842/2240 2253/853/2251
f 2240/852/2250 2253/853/2251 2242/841/2239
f 2254/761/2253 2255/762/2254 2273/763/2255
f 2270/764/2256 2273/763/2255 2255/762/2254
f 2255/762/2254 2256/765/2257 2270/764/2256
f 2271/766/2258 2270/764/2256 2256/765/2257
f 2259/767/2259 2272/768/2260 2258/769/2261
f 2274/770/2262 2258/769/2261 2272/768/2260
f 2254/761/2253 2273/763/2255 2259/767/2259
f 2272/768/2260 2259/767/2259 2273/763/2255
f 2261/771/2263 2260/772/2264 2265/773/2265
f 2267/774/2266 2265/773/2265 2260/772/2264
f 2260/772/2264 2262/775/2267 2267/774/2266
f 2268/776/2268 2267/774/2266 2262/775/2267
f 2264/777/2269 2263/778/2270 2266/779/2271
f 2269/780/2272 2266/779/2271 2263/778/2270
f 2269/780/2272 2263/778/2270 2265/773/2265
f 2261/771/2263 2265/773/2265 2263/778/2270
f 2257/781/2273 2265/773/2265 2267/774/2266
f 2257/781/2273 2267/774/2266 2268/776/2268
f 2257/781/2273 2266/779/2271 2269/780/2272
f 2257/781/2273 2269/780/2272 2265/773/2265
f 2273/763/2255 2270/764/2256 2261/771/2263
f 2260/772/2264 2261/771/2263 2270/764/2256
f 2270/764/2256 2271/766/2258 2260/772/2264
f 2262/775/2267 2260/772/2264 2271/766/2258
f 2272/768/2260 2263/778/2270 2274/770/2262
f 2264/777/2269 2274/770/2262 2263/778/2270
f 2273/763/2255 2261/771/2263 2272/768/2260
f 2263/778/2270 2272/768/2260 2261/771/2263
f 2275/571/2274 2283/572/2275 2276/573/2276
f 2284/574/2277 2276/573/2276 2283/572/2275
f 2276/573/2276 2284/574/2277 2277/575/2278
f 2285/576/2279 2277/575/2278 2284/574/2277
f 2277/575/2278 2285/576/2279 2278/577/2280
f 2286/578/2281 2278/577/2280 2285/576/2279
f 2278/577/2280 2286/578/2281 2279/579/2282
f 2287/580/2283 2279/579/2282 2286/578/2281
f 2279/579/2282 2287/580/2283 2280/577/2284
f 2288/578/2285 2280/577/2284 2287/580/2283
f 2280/577/2284 2288/578/2285 2281/575/2286
f 2289/576/2287 2281/575/2286 2288/578/2285
f 2281/575/2286 2289/576/2287 2282/573/2288
f 2290/574/2289 2282/573/2288 2289/576/2287
f 2282/573/2288 2290/574/2289 2275/571/2274
f 2283/572/2275 2275/571/2274 2290/574/2289
f 2283/572/2275 2291/581/2290 2284/574/2277
f 2292/582/2291 2284/574/2277 2291/581/2290
f 2284/574/2277 2292/582/2291 2285/576/2279
f 2293/583/2292 2285/576/2279 2292/582/2291
f 2285/576/2279 2293/583/2292 2286/578/2281
f 2294/584/2293 2286/578/2281 2293/583/2292
f 2286/578/2281 2294/584/2293 2287/580/2283
f 2295/585/2294 2287/580/2283 2294/584/2293
f 2287/580/2283 2295/585/2294 2288/578/2285
f 2296/584/2295 2288/578/2285 2295/585/2294
f 2288/578/2285 2296/584/2295 2289/576/2287
f 2297/583/2296 2289/576/2287 2296/584/2295
f 2289/576/2287 2297/583/2296 2290/574/2289
f 2298/582/2297 2290/574/2289 2297/583/2296
f 2290/574/2289 2298/582/2297 2283/572/2275
f 2291/581/2290 2283/572/2275 2298/582/2297
f 2291/581/2290 2299/586/2298 2292/582/2291
f 2300/587/2299 2292/582/2291 2299/586/2298
f 2292/582/2291 2300/587/2299 2293/583/2292
f 2301/588/2300 2293/583/2292 2300/587/2299
f 2293/583/2292 2301/588/2300 2294/584/2293
f 2302/589/2301 2294/584/2293 2301/588/2300
f 2294/584/2293 2302/589/2301 2295/585/2294
f 2303/590/2302 2295/585/2294 2302/589/2301
f 2295/585/2294 2303/590/2302 2296/584/2295
f 2304/589/2303 2296/584/2295 2303/590/2302
f 2296/584/2295 2304/589/2303 2297/583/2296
f 2305/588/2304 2297/583/2296 2304/589/2303
f 2297/583/2296 2305/588/2304 2298/582/2297
f 2306/587/2305 2298/582/2297 2305/588/2304
f 2298/582/2297 2306/587/2305 2291/581/2290
f 2299/586/2298 2291/581/2290 2306/587/2305
f 2299/586/2298 2307/591/2306 2300/587/2299
f 2308/592/2307 2300/587/2299 2307/591/2306
f 2300/587/2299 2308/592/2307 2301/588/2300
f 2309/593/2308 2301/588/2300 2308/592/2307
f 2301/588/2300 2309/593/2308 2302/589/2301
f 2310/594/2309 2302/589/2301 2309/593/2308
f 2302/589/2301 2310/594/2309 2303/590/2302
f 2311/595/2310 2303/590/2302 2310/594/2309
f 2303/590/2302 2311/595/2310 2304/589/2303
f 2312/594/2311 2304/589/2303 2311/595/2310
f 2304/589/2303 2312/594/2311 2305/588/2304
f 2313/593/2312 2305/588/2304 2312/594/2311
f 2305/588/2304 2313/593/2312 2306/587/2305
f 2314/592/2313 2306/587/2305 2313/593/2312
f 2306/587/2305 2314/592/2313 2299/586/2298
f 2307/591/2306 2299/586/2298 2314/592/2313
f 2307/591/2306 2315/596/2314 2308/592/2307
f 2316/597/2315 2308/592/2307 2315/596/2314
f 2308/592/2307 2316/597/2315 2309/593/2308
f 2317/598/2316 2309/593/2308 2316/597/2315
f 2309/593/2308 2317/598/2316 2310/594/2309
f 2318/599/2317 2310/594/2309 2317/598/2316
f 2310/594/2309 2318/599/2317 2311/595/2310
f 2319/600/2318 2311/595/2310 2318/599/2317
f 2311/595/2310 2319/600/2318 2312/594/2311
f 2320/599/2319 2312/594/2311 2319/600/2318
f 2312/594/2311 2320/599/2319 2313/593/2312
f 2321/598/2320 2313/593/2312 2320/599/2319
f 2313/593/2312 2321/598/2320 2314/592/2313
f 2322/597/2321 2314/592/2313 2321/598/2320
f 2314/592/2313 2322/597/2321 2307/591/2306
f 2315/596/2314 2307/591/2306 2322/597/2321
f 2315/596/2314 2323/601/2322 2316/597/2315
f 2324/602/2323 2316/597/2315 2323/601/2322
f 2316/597/2315 2324/602/2323 2317/598/2316
f 2325/603/2324 2317/598/2316 2324/602/2323
f 2317/598/2316 2325/603/2324 2318/599/2317
f 2326/604/2325 2318/599/2317 2325/603/2324
f 2318/599/2317 2326/604/2325 2319/600/2318
f 2327/605/2326 2319/600/2318 2326/604/2325
f 2319/600/2318 2327/605/2326 2320/599/2319
f 2328/604/2327 2320/599/2319 2327/605/2326
f 2320/599/2319 2328/604/2327 2321/598/2320
f 2329/603/2328 2321/598/2320 2328/604/2327
f 2321/598/2320 2329/603/2328 2322/597/2321
f 2330/602/2329 2322/597/2321 2329/603/2328
f 2322/597/2321 2330/602/2329 2315/596/2314
f 2323/601/2322 2315/596/2314 2330/602/2329
f 2323/601/2322 2331/606/2330 2324/602/2323
f 2332/607/2331 2324/602/2323 2331/606/2330
f 2324/602/2323 2332/607/2331 2325/603/2324
f 2333/608/2332 2325/603/2324 2332/607/2331
f 2325/603/2324 2333/608/2332 2326/604/2325
f 2334/609/2333 2326/604/2325 2333/608/2332
f 2326/604/2325 2334/609/2333 2327/605/2326
f 2335/610/2334 2327/605/2326 2334/609/2333
f 2327/605/2326 2335/610/2334 2328/604/2327
f 2336/609/2335 2328/604/2327 2335/610/2334
f 2328/604/2327 2336/609/2335 2329/603/2328
f 2337/608/2336 2329/603/2328 2336/609/2335
f 2329/603/2328 2337/608/2336 2330/602/2329
f 2338/607/2337 2330/602/2329 2337/608/2336
f 2330/602/2329 2338/607/2337 2323/601/2322
f 2331/606/2330 2323/601/2322 2338/607/2337
f 2331/606/2330 2339/611/2338 2332/607/2331
f 2340/612/2339 2332/607/2331 2339/611/2338
f 2332/607/2331 2340/612/2339 2333/608/2332
f 2341/613/2340 2333/608/2332 2340/612/2339
f 2333/608/2332 2341/613/2340 2334/609/2333
f 2342/614/2341 2334/609/2333 2341/613/2340
f 2334/609/2333 2342/614/2341 2335/610/2334
f 2343/615/2342 2335/610/2334 2342/614/2341
f 2335/610/2334 2343/615/2342 2336/609/2335
f 2344/614/2343 2336/609/2335 2343/615/2342
f 2336/609/2335 2344/614/2343 2337/608/2336
f 2345/613/2344 2337/608/2336 2344/614/2343
f 2337/608/2336 2345/613/2344 2338/607/2337
f 2346/612/2345 2338/607/2337 2345/613/2344
f 2338/607/2337 2346/612/2345 2331/606/2330
f 2339/611/2338 2331/606/2330 2346/612/2345
f 2339/611/2338 2347/616/2346 2340/612/2339
f 2348/617/2347 2340/612/2339 2347/616/2346
f 2340/612/2339 2348/617/2347 2341/613/2340
f 2349/618/2348 2341/613/2340 2348/617/2347
f 2341/613/2340 2349/618/2348 2342/614/2341
f 2350/619/2349 2342/614/2341 2349/618/2348
f 2342/614/2341 2350/619/2349 2343/615/2342
f 2351/620/2350 2343/615/2342 2350/619/2349
f 2343/615/2342 2351/620/2350 2344/614/2343
f 2352/619/2351 2344/614/2343 2351/620/2350
f 2344/614/2343 2352/619/2351 2345/613/2344
f 2353/618/2352 2345/613/2344 2352/619/2351
f 2345/613/2344 2353/618/2352 2346/612/2345
f 2354/617/2353 2346/612/2345 2353/618/2352
f 2346/612/2345 2354/617/2353 2339/611/2338
f 2347/616/2346 2339/611/2338 2354/617/2353
f 2347/616/2346 2355/621/2354 2348/617/2347
f 2356/622/2355 2348/617/2347 2355/621/2354
f 2348/617/2347 2356/622/2355 2349/618/2348
f 2357/623/2356 2349/618/2348 2356/622/2355
f 2349/618/2348 2357/623/2356 2350/619/2349
f 2358/624/2357 2350/619/2349 2357/623/2356
f 2350/619/2349 2358/624/2357 2351/620/2350
f 2359/625/2358 2351/620/2350 2358/624/2357
f 2351/620/2350 2359/625/2358 2352/619/2351
f 2360/624/2359 2352/619/2351 2359/625/2358
f 2352/619/2351 2360/624/2359 2353/618/2352
f 2361/623/2360 2353/618/2352 2360/624/2359
f 2353/618/2352 2361/623/2360 2354/617/2353
f 2362/622/2361 2354/617/2353 2361/623/2360
f 2354/617/2353 2362/622/2361 2347/616/2346
f 2355/621/2354 2347/616/2346 2362/622/2361
f 2355/621/2354 2363/626/2362 2356/622/2355
f 2364/627/2363 2356/622/2355 2363/626/2362
f 2356/622/2355 2364/627/2363 2357/623/2356
f 2365/628/2364 2357/623/2356 2364/627/2363
f 2357/623/2356 2365/628/2364 2358/624/2357
f 2366/629/2365 2358/624/2357 2365/628/2364
f 2358/624/2357 2366/629/2365 2359/625/2358
f 2367/630/2366 2359/625/2358 2366/629/2365
f 2359/625/2358 2367/630/2366 2360/624/2359
f 2368/629/2367 2360/624/2359 2367/630/2366
f 2360/624/2359 2368/629/2367 2361/623/2360
f 2369/628/2368 2361/623/2360 2368/629/2367
f 2361/623/2360 2369/628/2368 2362/622/2361
f 2370/627/2369 2362/622/2361 2369/628/2368
f 2362/622/2361 2370/627/2369 2355/621/2354
f 2363/626/2362 2355/621/2354 2370/627/2369
f 2363/626/2362 2371/631/2370 2364/627/2363
f 2372/632/2371 2364/627/2363 2371/631/2370
f 2364/627/2363 2372/632/2371 2365/628/2364
f 2373/633/2372 2365/628/2364 2372/632/2371
f 2365/628/2364 2373/633/2372 2366/629/2365
f 2374/634/2373 2366/629/2365 2373/633/2372
f 2366/629/2365 2374/634/2373 2367/630/2366
f 2375/635/2374 2367/630/2366 2374/634/2373
f 2367/630/2366 2375/635/2374 2368/629/2367
f 2376/634/2375 2368/629/2367 2375/635/2374
f 2368/629/2367 2376/634/2375 2369/628/2368
f 2377/633/2376 2369/628/2368 2376/634/2375
f 2369/628/2368 2377/633/2376 2370/627/2369
f 2378/632/2377 2370/627/2369 2377/633/2376
f 2370/627/2369 2378/632/2377 2363/626/2362
f 2371/631/2370 2363/626/2362 2378/632/2377
f 2371/631/2370 2379/636/2378 2372/632/2371
f 2380/637/2379 2372/632/2371 2379/636/2378
f 2372/632/2371 2380/637/2379 2373/633/2372
f 2381/638/2380 2373/633/2372 2380/637/2379
f 2373/633/2372 2381/638/2380 2374/634/2373
f 2382/639/2381 2374/634/2373 2381/638/2380
f 2374/634/2373 2382/639/2381 2375/635/2374
f 2383/640/2382 2375/635/2374 2382/639/2381
f 2375/635/2374 2383/640/2382 2376/634/2375
f 2384/639/2383 2376/634/2375 2383/640/2382
f 2376/634/2375 2384/639/2383 2377/633/2376
f 2385/638/2384 2377/633/2376 2384/639/2383
f 2377/633/2376 2385/638/2384 2378/632/2377
f 2386/637/2385 2378/632/2377 2385/638/2384
f 2378/632/2377 2386/637/2385 2371/631/2370
f 2379/636/2378 2371/631/2370 2386/637/2385
f 2387/641/2386 2388/642/2387 2404/643/2388
f 2403/644/2389 2404/643/2388 2388/642/2387
f 2388/642/2387 2389/645/2390 2403/644/2389
f 2405/646/2391 2403/644/2389 2389/645/2390
f 2389/645/2390 2390/647/2392 2405/646/2391
f 2406/648/2393 2405/646/2391 2390/647/2392
f 2390/647/2392 2391/649/2394 2406/648/2393
f 2407/650/2395 2406/648/2393 2391/649/2394
f 2391/649/2394 2392/647/2396 2407/650/2395
f 2408/648/2397 2407/650/2395 2392/647/2396
f 2392/647/2396 2393/645/2398 2408/648/2397
f 2409/646/2399 2408/648/2397 2393/645/2398
f 2393/645/2398 2394/642/2400 2409/646/2399
f 2410/644/2401 2409/646/2399 2394/642/2400
f 2394/642/2400 2387/641/2386 2410/644/2401
f 2404/643/2388 2410/644/2401 2387/641/2386
f 2395/651/2402 2396/652/2403 2412/653/2404
f 2411/654/2405 2412/653/2404 2396/652/2403
f 2396/652/2403 2397/655/2406 2411/654/2405
f 2413/656/2407 2411/654/2405 2397/655/2406
f 2397/655/2406 2398/657/2408 2413/656/2407
f 2414/658/2409 2413/656/2407 2398/657/2408
f 2398/657/2408 2399/659/2410 2414/658/2409
f 2415/660/2411 2414/658/2409 2399/659/2410
f 2399/659/2410 2400/657/2412 2415/660/2411
f 2416/658/2413 2415/660/2411 2400/657/2412
f 2400/657/2412 2401/655/2414 2416/658/2413
f 2417/656/2415 2416/658/2413 2401/655/2414
f 2401/655/2414 2402/652/2416 2417/656/2415
f 2418/654/2417 2417/656/2415 2402/652/2416
f 2402/652/2416 2395/651/2402 2418/654/2417
f 2412/653/2404 2418/654/2417 2395/651/2402
f 2398/657/2408 2401/655/2414 2399/659/2410
f 2400/657/2412 2399/659/2410 2401/655/2414
f 2395/651/2402 2402/652/2416 2396/652/2403
f 2397/655/2406 2396/652/2403 2402/652/2416
f 2397/655/2406 2402/652/2416 2398/657/2408
f 2401/655/2414 2398/657/2408 2402/652/2416
f 2403/644/2389 2380/637/2379 2404/643/2388
f 2379/636/2378 2404/643/2388 2380/637/2379
f 2405/646/2391 2381/638/2380 2403/644/2389
f 2380/637/2379 2403/644/2389 2381/638/2380
f 2406/648/2393 2382/639/2381 2405/646/2391
f 2381/638/2380 2405/646/2391 2382/639/2381
f 2407/650/2395 2383/640/2382 2406/648/2393
f 2382/639/2381 2406/648/2393 2383/640/2382
f 2408/648/2397 2384/639/2383 2407/650/2395
f 2383/640/2382 2407/650/2395 2384/639/2383
f 2409/646/2399 2385/638/2384 2408/648/2397
f 2384/639/2383 2408/648/2397 2385/638/2384
f 2410/644/2401 2386/637/2385 2409/646/2399
f 2385/638/2384 2409/646/2399 2386/637/2385
f 2404/643/2388 2379/636/2378 2410/644/2401
f 2386/637/2385 2410/644/2401 2379/636/2378
f 2411/654/2405 2388/642/2387 2412/653/2404
f 2387/641/2386 2412/653/2404 2388/642/2387
f 2413/656/2407 2389/645/2390 2411/654/2405
f 2388/642/2387 2411/654/2405 2389/645/2390
f 2414/658/2409 2390/647/2392 2413/656/2407
f 2389/645/2390 2413/656/2407 2390/647/2392
f 2415/660/2411 2391/649/2394 2414/658/2409
f 2390/647/2392 2414/658/2409 2391/649/2394
f 2416/658/2413 2392/647/2396 2415/660/2411
f 2391/649/2394 2415/660/2411 2392/647/2396
f 2417/656/2415 2393/645/2398 2416/658/2413
f 2392/647/2396 2416/658/2413 2393/645/2398
f 2418/654/2417 2394/642/2400 2417/656/2415
f 2393/645/2398 2417/656/2415 2394/642/2400
f 2412/653/2404 2387/641/2386 2418/654/2417
f 2394/642/2400 2418/654/2417 2387/641/2386
f 2421/708/2418 2422/709/2419 2423/710/2420
f 2424/711/2421 2423/710/2420 2422/709/2419
f 2423/710/2420 2424/711/2421 2425/712/2422
f 2426/713/2423 2425/712/2422 2424/711/2421
f 2425/712/2422 2426/713/2423 2427/714/2424
f 2428/715/2425 2427/714/2424 2426/713/2423
f 2427/714/2424 2428/715/2425 2429/716/2426
f 2430/717/2427 2429/716/2426 2428/715/2425
f 2429/716/2426 2430/717/2427 2431/718/2428
f 2432/719/2429 2431/718/2428 2430/717/2427
f 2434/720/2430 2421/708/2418 2435/721/2431
f 2423/710/2420 2435/721/2431 2421/708/2418
f 2435/721/2431 2423/710/2420 2436/722/2432
f 2425/712/2422 2436/722/2432 2423/710/2420
f 2436/722/2432 2425/712/2422 2437/723/2433
f 2427/714/2424 2437/723/2433 2425/712/2422
f 2437/723/2433 2427/714/2424 2438/724/2434
f 2429/716/2426 2438/724/2434 2427/714/2424
f 2438/724/2434 2429/716/2426 2439/725/2435
f 2431/718/2428 2439/725/2435 2429/716/2426
f 2440/726/2436 2421/708/2418 2433/727/2437
f 2434/720/2430 2433/727/2437 2421/708/2418
f 2419/728/2438 2421/708/2418 2440/726/2436
f 2421/708/2418 2441/729/2439 2422/709/2419
f 2420/730/2440 2422/709/2419 2441/729/2439
f 2419/728/2438 2441/729/2439 2421/708/2418
f 2444/661/2441 2445/662/2442 2446/663/2443
f 2447/664/2444 2446/663/2443 2445/662/2442
f 2446/663/2443 2447/664/2444 2448/665/2445
f 2449/666/2446 2448/665/2445 2447/664/2444
f 2448/665/2445 2449/666/2446 2450/667/2447
f 2451/668/2448 2450/667/2447 2449/666/2446
f 2450/667/2447 2451/668/2448 2452/669/2449
f 2453/670/2450 2452/669/2449 2451/668/2448
f 2454/671/2451 2452/669/2449 2453/670/2450
f 2456/672/2452 2444/661/2441 2457/673/2453
f 2446/663/2443 2457/673/2453 2444/661/2441
f 2457/673/2453 2446/663/2443 2458/674/2454
f 2448/665/2445 2458/674/2454 2446/663/2443
f 2458/674/2454 2448/665/2445 2459/675/2455
f 2450/667/2447 2459/675/2455 2448/665/2445
f 2459/675/2455 2450/667/2447 2460/676/2456
f 2452/669/2449 2460/676/2456 2450/667/2447
f 2460/676/2456 2452/669/2449 2461/677/2457
f 2454/671/2451 2461/677/2457 2452/669/2449
f 2462/678/2458 2444/661/2441 2455/679/2459
f 2456/672/2452 2455/679/2459 2444/661/2441
f 2442/680/2460 2444/661/2441 2462/678/2458
f 2444/661/2441 2463/681/2461 2445/662/2442
f 2443/682/2462 2445/662/2442 2463/681/2461
f 2442/680/2460 2463/681/2461 2444/661/2441
f 2466/661/2463 2467/662/2464 2468/663/2465
f 2469/664/2466 2468/663/2465 2467/662/2464
f 2468/663/2465 2469/664/2466 2470/665/2467
f 2471/666/2468 2470/665/2467 2469/664/2466
f 2470/665/2467 2471/666/2468 2472/667/2469
f 2473/668/2470 2472/667/2469 2471/666/2468
f 2472/667/2469 2473/668/2470 2474/669/2471
f 2475/670/2472 2474/669/2471 2473/668/2470
f 2476/671/2473 2474/669/2471 2475/670/2472
f 2478/672/2474 2466/661/2463 2479/673/2475
f 2468/663/2465 2479/673/2475 2466/661/2463
f 2479/673/2475 2468/663/2465 2480/674/2476
f 2470/665/2467 2480/674/2476 2468/663/2465
f 2480/674/2476 2470/665/2467 2481/675/2477
f 2472/667/2469 2481/675/2477 2470/665/2467
f 2481/675/2477 2472/667/2469 2482/676/2478
f 2474/669/2471 2482/676/2478 2472/667/2469
f 2482/676/2478 2474/669/2471 2483/677/2479
f 2476/671/2473 2483/677/2479 2474/669/2471
f 2484/678/2480 2466/661/2463 2477/679/2481
f 2478/672/2474 2477/679/2481 2466/661/2463
f 2464/680/2482 2466/661/2463 2484/678/2480
f 2466/661/2463 2485/681/2483 2467/662/2464
f 2465/682/2484 2467/662/2464 2485/681/2483
f 2464/680/2482 2485/681/2483 2466/661/2463
f 2488/708/2485 2489/709/2486 2490/710/2487
f 2491/711/2488 2490/710/2487 2489/709/2486
f 2490/710/2487 2491/711/2488 2492/712/2489
f 2493/713/2490 2492/712/2489 2491/711/2488
f 2492/712/2489 2493/713/2490 2494/714/2491
f 2495/715/2492 2494/714/2491 2493/713/2490
f 2494/714/2491 2495/715/2492 2496/716/2493
f 2497/717/2494 2496/716/2493 2495/715/2492
f 2496/716/2493 2497/717/2494 2498/718/2495
f 2499/719/2496 2498/718/2495 2497/717/2494
f 2501/720/2497 2488/708/2485 2502/721/2498
f 2490/710/2487 2502/721/2498 2488/708/2485
f 2502/721/2498 2490/710/2487 2503/722/2499
f 2492/712/2489 2503/722/2499 2490/710/2487
f 2503/722/2499 2492/712/2489 2504/723/2500
f 2494/714/2491 2504/723/2500 2492/712/2489
f 2504/723/2500 2494/714/2491 2505/724/2501
f 2496/716/2493 2505/724/2501 2494/714/2491
f 2505/724/2501 2496/716/2493 2506/725/2502
f 2498/718/2495 2506/725/2502 2496/716/2493
f 2507/726/2503 2488/708/2485 2500/727/2504
f 2501/720/2497 2500/727/2504 2488/708/2485
f 2486/728/2505 2488/708/2485 2507/726/2503
f 2488/708/2485 2508/729/2506 2489/709/2486
f 2487/730/2507 2489/709/2486 2508/729/2506
f 2486/728/2505 2508/729/2506 2488/708/2485
f 2511/708/2508 2512/709/2509 2513/710/2510
f 2514/711/2511 2513/710/2510 2512/709/2509
f 2513/710/2510 2514/711/2511 2515/712/2512
f 2516/713/2513 2515/712/2512 2514/711/2511
f 2515/712/2512 2516/713/2513 2517/714/2514
f 2518/715/2515 2517/714/2514 2516/713/2513
f 2517/714/2514 2518/715/2515 2519/716/2516
f 2520/717/2517 2519/716/2516 2518/715/2515
f 2519/716/2516 2520/717/2517 2521/718/2518
f 2522/719/2519 2521/718/2518 2520/717/2517
f 2524/720/2520 2511/708/2508 2525/721/2521
f 2513/710/2510 2525/721/2521 2511/708/2508
f 2525/721/2521 2513/710/2510 2526/722/2522
f 2515/712/2512 2526/722/2522 2513/710/2510
f 2526/722/2522 2515/712/2512 2527/723/2523
f 2517/714/2514 2527/723/2523 2515/712/2512
f 2527/723/2523 2517/714/2514 2528/724/2524
f 2519/716/2516 2528/724/2524 2517/714/2514
f 2528/724/2524 2519/716/2516 2529/725/2525
f 2521/718/2518 2529/725/2525 2519/716/2516
f 2530/726/2526 2511/708/2508 2523/727/2527
f 2524/720/2520 2523/727/2527 2511/708/2508
f 2509/728/2528 2511/708/2508 2530/726/2526
f 2511/708/2508 2531/729/2529 2512/709/2509
f 2510/730/2530 2512/709/2509 2531/729/2529
f 2509/728/2528 2531/729/2529 2511/708/2508
f 2534/782/2531 2535/783/2532 2536/784/2533
f 2537/785/2534 2536/784/2533 2535/783/2532
f 2536/784/2533 2537/785/2534 2538/786/2535
f 2539/787/2536 2538/786/2535 2537/785/2534
f 2538/786/2535 2539/787/2536 2540/788/2537
f 2541/789/2538 2540/788/2537 2539/787/2536
f 2540/788/2537 2541/789/2538 2542/790/2539
f 2543/791/2540 2542/790/2539 2541/789/2538
f 2542/790/2539 2543/791/2540 2544/792/2541
f 2545/793/2542 2544/792/2541 2543/791/2540
f 2544/792/2541 2545/793/2542 2546/794/2543
f 2547/795/2544 2546/794/2543 2545/793/2542
f 2549/796/2545 2534/782/2531 2550/797/2546
f 2536/784/2533 2550/797/2546 2534/782/2531
f 2550/797/2546 2536/784/2533 2551/798/2547
f 2538/786/2535 2551/798/2547 2536/784/2533
f 2551/798/2547 2538/786/2535 2552/799/2548
f 2540/788/2537 2552/799/2548 2538/786/2535
f 2552/799/2548 2540/788/2537 2553/800/2549
f 2542/790/2539 2553/800/2549 2540/788/2537
f 2553/800/2549 2542/790/2539 2554/801/2550
f 2544/792/2541 2554/801/2550 2542/790/2539
f 2546/794/2543 2554/801/2550 2544/792/2541
f 2532/802/2551 2555/803/2552 2534/782/2531
f 2534/782/2531 2555/803/2552 2535/783/2532
f 2533/804/2553 2535/783/2532 2555/803/2552
f 2532/802/2551 2534/782/2531 2556/805/2554
f 2556/805/2554 2534/782/2531 2548/806/2555
f 2549/796/2545 2548/806/2555 2534/782/2531
f 2559/782/2556 2560/783/2557 2561/784/2558
f 2562/785/2559 2561/784/2558 2560/783/2557
f 2561/784/2558 2562/785/2559 2563/786/2560
f 2564/787/2561 2563/786/2560 2562/785/2559
f 2563/786/2560 2564/787/2561 2565/788/2562
f 2566/789/2563 2565/788/2562 2564/787/2561
f 2565/788/2562 2566/789/2563 2567/790/2564
f 2568/791/2565 2567/790/2564 2566/789/2563
f 2567/790/2564 2568/791/2565 2569/792/2566
f 2570/793/2567 2569/792/2566 2568/791/2565
f 2569/792/2566 2570/793/2567 2571/794/2568
f 2572/795/2569 2571/794/2568 2570/793/2567
f 2574/796/2570 2559/782/2556 2575/797/2571
f 2561/784/2558 2575/797/2571 2559/782/2556
f 2575/797/2571 2561/784/2558 2576/798/2572
f 2563/786/2560 2576/798/2572 2561/784/2558
f 2576/798/2572 2563/786/2560 2577/799/2573
f 2565/788/2562 2577/799/2573 2563/786/2560
f 2577/799/2573 2565/788/2562 2578/800/2574
f 2567/790/2564 2578/800/2574 2565/788/2562
f 2578/800/2574 2567/790/2564 2579/801/2575
f 2569/792/2566 2579/801/2575 2567/790/2564
f 2571/794/2568 2579/801/2575 2569/792/2566
f 2557/802/2576 2580/803/2577 2559/782/2556
f 2559/782/2556 2580/803/2577 2560/783/2557
f 2558/804/2578 2560/783/2557 2580/803/2577
f 2557/802/2576 2559/782/2556 2581/805/2579
f 2581/805/2579 2559/782/2556 2573/806/2580
f 2574/796/2570 2573/806/2580 2559/782/2556
f 2584/661/2581 2585/662/2582 2586/663/2583
f 2587/664/2584 2586/663/2583 2585/662/2582
f 2586/663/2583 2587/664/2584 2588/665/2585
f 2589/666/2586 2588/665/2585 2587/664/2584
f 2588/665/2585 2589/666/2586 2590/667/2587
f 2591/668/2588 2590/667/2587 2589/666/2586
f 2590/667/2587 2591/668/2588 2592/669/2589
f 2593/670/2590 2592/669/2589 2591/668/2588
f 2594/671/2591 2592/669/2589 2593/670/2590
f 2596/672/2592 2584/661/2581 2597/673/2593
f 2586/663/2583 2597/673/2593 2584/661/2581
f 2597/673/2593 2586/663/2583 2598/674/2594
f 2588/665/2585 2598/674/2594 2586/663/2583
f 2598/674/2594 2588/665/2585 2599/675/2595
f 2590/667/2587 2599/675/2595 2588/665/2585
f 2599/675/2595 2590/667/2587 2600/676/2596
f 2592/669/2589 2600/676/2596 2590/667/2587
f 2600/676/2596 2592/669/2589 2601/677/2597
f 2594/671/2591 2601/677/2597 2592/669/2589
f 2602/678/2598 2584/661/2581 2595/679/2599
f 2596/672/2592 2595/679/2599 2584/661/2581
f 2582/680/2600 2584/661/2581 2602/678/2598
f 2584/661/2581 2603/681/2601 2585/662/2582
f 2583/682/2602 2585/662/2582 2603/681/2601
f 2582/680/2600 2603/681/2601 2584/661/2581
f 2606/782/2603 2607/783/2604 2608/784/2605
f 2609/785/2606 2608/784/2605 2607/783/2604
f 2608/784/2605 2609/785/2606 2610/786/2607
f 2611/787/2608 2610/786/2607 2609/785/2606
f 2610/786/2607 2611/787/2608 2612/788/2609
f 2613/789/2610 2612/788/2609 2611/787/2608
f 2612/788/2609 2613/789/2610 2614/790/2611
f 2615/791/2612 2614/790/2611 2613/789/2610
f 2614/790/2611 2615/791/2612 2616/792/2613
f 2617/793/2614 2616/792/2613 2615/791/2612
f 2616/792/2613 2617/793/2614 2618/794/2615
f 2619/795/2616 2618/794/2615 2617/793/2614
f 2621/796/2617 2606/782/2603 2622/797/2618
f 2608/784/2605 2622/797/2618 2606/782/2603
f 2622/797/2618 2608/784/2605 2623/798/2619
f 2610/786/2607 2623/798/2619 2608/784/2605
f 2623/798/2619 2610/786/2607 2624/799/2620
f 2612/788/2609 2624/799/2620 2610/786/2607
f 2624/799/2620 2612/788/2609 2625/800/2621
f 2614/790/2611 2625/800/2621 2612/788/2609
f 2625/800/2621 2614/790/2611 2626/801/2622
f 2616/792/2613 2626/801/2622 2614/790/2611
f 2618/794/2615 2626/801/2622 2616/792/2613
f 2604/802/2623 2627/803/2624 2606/782/2603
f 2606/782/2603 2627/803/2624 2607/783/2604
f 2605/804/2625 2607/783/2604 2627/803/2624
f 2604/802/2623 2606/782/2603 2628/805/2626
f 2628/805/2626 2606/782/2603 2620/806/2627
f 2621/796/2617 2620/806/2627 2606/782/2603
f 2631/683/2628 2632/684/2629 2633/685/2630
f 2634/686/2631 2633/685/2630 2632/684/2629
f 2633/685/2630 2634/686/2631 2635/687/2632
f 2636/688/2633 2635/687/2632 2634/686/2631
f 2635/687/2632 2636/688/2633 2637/689/2634
f 2638/690/2635 2637/689/2634 2636/688/2633
f 2637/689/2634 2638/690/2635 2639/691/2636
f 2640/692/2637 2639/691/2636 2638/690/2635
f 2639/691/2636 2640/692/2637 2641/693/2638
f 2642/694/2639 2641/693/2638 2640/692/2637
f 2641/693/2638 2642/694/2639 2643/695/2640
f 2644/696/2641 2643/695/2640 2642/694/2639
f 2646/697/2642 2631/683/2628 2647/698/2643
f 2633/685/2630 2647/698/2643 2631/683/2628
f 2647/698/2643 2633/685/2630 2648/699/2644
f 2635/687/2632 2648/699/2644 2633/685/2630
f 2648/699/2644 2635/687/2632 2649/700/2645
f 2637/689/2634 2649/700/2645 2635/687/2632
f 2649/700/2645 2637/689/2634 2650/701/2646
f 2639/691/2636 2650/701/2646 2637/689/2634
f 2650/701/2646 2639/691/2636 2651/702/2647
f 2641/693/2638 2651/702/2647 2639/691/2636
f 2643/695/2640 2651/702/2647 2641/693/2638
f 2652/703/2648 2631/683/2628 2645/704/2649
f 2646/697/2642 2645/704/2649 2631/683/2628
f 2629/705/2650 2631/683/2628 2652/703/2648
f 2631/683/2628 2653/706/2651 2632/684/2629
f 2630/707/2652 2632/684/2629 2653/706/2651
f 2629/705/2650 2653/706/2651 2631/683/2628
f 2656/661/2653 2657/662/2654 2658/663/2655
f 2659/664/2656 2658/663/2655 2657/662/2654
f 2658/663/2655 2659/664/2656 2660/665/2657
f 2661/666/2658 2660/665/2657 2659/664/2656
f 2660/665/2657 2661/666/2658 2662/667/2659
f 2663/668/2660 2662/667/2659 2661/666/2658
f 2662/667/2659 2663/668/2660 2664/669/2661
f 2665/670/2662 2664/669/2661 2663/668/2660
f 2666/671/2663 2664/669/2661 2665/670/2662
f 2668/672/2664 2656/661/2653 2669/673/2665
f 2658/663/2655 2669/673/2665 2656/661/2653
f 2669/673/2665 2658/663/2655 2670/674/2666
f 2660/665/2657 2670/674/2666 2658/663/2655
f 2670/674/2666 2660/665/2657 2671/675/2667
f 2662/667/2659 2671/675/2667 2660/665/2657
f 2671/675/2667 2662/667/2659 2672/676/2668
f 2664/669/2661 2672/676/2668 2662/667/2659
f 2672/676/2668 2664/669/2661 2673/677/2669
f 2666/671/2663 2673/677/2669 2664/669/2661
f 2674/678/2670 2656/661/2653 2667/679/2671
f 2668/672/2664 2667/679/2671 2656/661/2653
f 2654/680/2672 2656/661/2653 2674/678/2670
f 2656/661/2653 2675/681/2673 2657/662/2654
f 2655/682/2674 2657/662/2654 2675/681/2673
f 2654/680/2672 2675/681/2673 2656/661/2653
f 2678/708/2675 2679/709/2676 2680/710/2677
f 2681/711/2678 2680/710/2677 2679/709/2676
f 2680/710/2677 2681/711/2678 2682/712/2679
f 2683/713/2680 2682/712/2679 2681/711/2678
f 2682/712/2679 2683/713/2680 2684/714/2681
f 2685/715/2682 2684/714/2681 2683/713/2680
f 2684/714/2681 2685/715/2682 2686/716/2683
f 2687/717/2684 2686/716/2683 2685/715/2682
f 2686/716/2683 2687/717/2684 2688/718/2685
f 2689/719/2686 2688/718/2685 2687/717/2684
f 2691/720/2687 2678/708/2675 2692/721/2688
f 2680/710/2677 2692/721/2688 2678/708/2675
f 2692/721/2688 2680/710/2677 2693/722/2689
f 2682/712/2679 2693/722/2689 2680/710/2677
f 2693/722/2689 2682/712/2679 2694/723/2690
f 2684/714/2681 2694/723/2690 2682/712/2679
f 2694/723/2690 2684/714/2681 2695/724/2691
f 2686/716/2683 2695/724/2691 2684/714/2681
f 2695/724/2691 2686/716/2683 2696/725/2692
f 2688/718/2685 2696/725/2692 2686/716/2683
f 2697/726/2693 2678/708/2675 2690/727/2694
f 2691/720/2687 2690/727/2694 2678/708/2675
f 2676/728/2695 2678/708/2675 2697/726/2693
f 2678/708/2675 2698/729/2696 2679/709/2676
f 2677/730/2697 2679/709/2676 2698/729/2696
f 2676/728/2695 2698/729/2696 2678/708/2675
f 2701/708/2698 2702/709/2699 2703/710/2700
f 2704/711/2701 2703/710/2700 2702/709/2699
f 2703/710/2700 2704/711/2701 2705/712/2702
f 2706/713/2703 2705/712/2702 2704/711/2701
f 2705/712/2702 2706/713/2703 2707/714/2704
f 2708/715/2705 2707/714/2704 2706/713/2703
f 2707/714/2704 2708/715/2705 2709/716/2706
f 2710/717/2707 2709/716/2706 2708/715/2705
f 2709/716/2706 2710/717/2707 2711/718/2708
f 2712/719/2709 2711/718/2708 2710/717/2707
f 2714/720/2710 2701/708/2698 2715/721/2711
f 2703/710/2700 2715/721/2711 2701/708/2698
f 2715/721/2711 2703/710/2700 2716/722/2712
f 2705/712/2702 2716/722/2712 2703/710/2700
f 2716/722/2712 2705/712/2702 2717/723/2713
f 2707/714/2704 2717/723/2713 2705/712/2702
f 2717/723/2713 2707/714/2704 2718/724/2714
f 2709/716/2706 2718/724/2714 2707/714/2704
f 2718/724/2714 2709/716/2706 2719/725/2715
f 2711/718/2708 2719/725/2715 2709/716/2706
f 2720/726/2716 2701/708/2698 2713/727/2717
f 2714/720/2710 2713/727/2717 2701/708/2698
f 2699/728/2718 2701/708/2698 2720/726/2716
f 2701/708/2698 2721/729/2719 2702/709/2699
f 2700/730/2720 2702/709/2699 2721/729/2719
f 2699/728/2718 2721/729/2719 2701/708/2698
f 2724/708/2721 2725/709/2722 2726/710/2723
f 2727/711/2724 2726/710/2723 2725/709/2722
f 2726/710/2723 2727/711/2724 2728/712/2725
f 2729/713/2726 2728/712/2725 2727/711/2724
f 2728/712/2725 2729/713/2726 2730/714/2727
f 2731/715/2728 2730/714/2727 2729/713/2726
f 2730/714/2727 2731/715/2728 2732/716/2729
f 2733/717/2730 2732/716/2729 2731/715/2728
f 2732/716/2729 2733/717/2730 2734/718/2731
f 2735/719/2732 2734/718/2731 2733/717/2730
f 2737/720/2733 2724/708/2721 2738/721/2734
f 2726/710/2723 2738/721/2734 2724/708/2721
f 2738/721/2734 2726/710/2723 2739/722/2735
f 2728/712/2725 2739/722/2735 2726/710/2723
f 2739/722/2735 2728/712/2725 2740/723/2736
f 2730/714/2727 2740/723/2736 2728/712/2725
f 2740/723/2736 2730/714/2727 2741/724/2737
f 2732/716/2729 2741/724/2737 2730/714/2727
f 2741/724/2737 2732/716/2729 2742/725/2738
f 2734/718/2731 2742/725/2738 2732/716/2729
f 2743/726/2739 2724/708/2721 2736/727/2740
f 2737/720/2733 2736/727/2740 2724/708/2721
f 2722/728/2741 2724/708/2721 2743/726/2739
f 2724/708/2721 2744/729/2742 2725/709/2722
f 2723/730/2743 2725/709/2722 2744/729/2742
f 2722/728/2741 2744/729/2742 2724/708/2721
f 2747/661/2744 2748/662/2745 2749/663/2746
f 2750/664/2747 2749/663/2746 2748/662/2745
f 2749/663/2746 2750/664/2747 2751/665/2748
f 2752/666/2749 2751/665/2748 2750/664/2747
f 2751/665/2748 2752/666/2749 2753/667/2750
f 2754/668/2751 2753/667/2750 2752/666/2749
f 2753/667/2750 2754/668/2751 2755/669/2752
f 2756/670/2753 2755/669/2752 2754/668/2751
f 2757/671/2754 2755/669/2752 2756/670/2753
f 2759/672/2755 2747/661/2744 2760/673/2756
f 2749/663/2746 2760/673/2756 2747/661/2744
f 2760/673/2756 2749/663/2746 2761/674/2757
f 2751/665/2748 2761/674/2757 2749/663/2746
f 2761/674/2757 2751/665/2748 2762/675/2758
f 2753/667/2750 2762/675/2758 2751/665/2748
f 2762/675/2758 2753/667/2750 2763/676/2759
f 2755/669/2752 2763/676/2759 2753/667/2750
f 2763/676/2759 2755/669/2752 2764/677/2760
f 2757/671/2754 2764/677/2760 2755/669/2752
f 2765/678/2761 2747/661/2744 2758/679/2762
f 2759/672/2755 2758/679/2762 2747/661/2744
f 2745/680/2763 2747/661/2744 2765/678/2761
f 2747/661/2744 2766/681/2764 2748/662/2745
f 2746/682/2765 2748/662/2745 2766/681/2764
f 2745/680/2763 2766/681/2764 2747/661/2744
f 2769/708/2766 2770/709/2767 2771/710/2768
f 2772/711/2769 2771/710/2768 2770/709/2767
f 2771/710/2768 2772/711/2769 2773/712/2770
f 2774/713/2771 2773/712/2770 2772/711/2769
f 2773/712/2770 2774/713/2771 2775/714/2772
f 2776/715/2773 2775/714/2772 2774/713/2771
f 2775/714/2772 2776/715/2773 2777/716/2774
f 2778/717/2775 2777/716/2774 2776/715/2773
f 2777/716/2774 2778/717/2775 2779/718/2776
f 2780/719/2777 2779/718/2776 2778/717/2775
f 2782/720/2778 2769/708/2766 2783/721/2779
f 2771/710/2768 2783/721/2779 2769/708/2766
f 2783/721/2779 2771/710/2768 2784/722/2780
f 2773/712/2770 2784/722/2780 2771/710/2768
f 2784/722/2780 2773/712/2770 2785/723/2781
f 2775/714/2772 2785/723/2781 2773/712/2770
f 2785/723/2781 2775/714/2772 2786/724/2782
f 2777/716/2774 2786/724/2782 2775/714/2772
f 2786/724/2782 2777/716/2774 2787/725/2783
f 2779/718/2776 2787/725/2783 2777/716/2774
f 2788/726/2784 2769/708/2766 2781/727/2785
f 2782/720/2778 2781/727/2785 2769/708/2766
f 2767/728/2786 2769/708/2766 2788/726/2784
f 2769/708/2766 2789/729/2787 2770/709/2767
f 2768/730/2788 2770/709/2767 2789/729/2787
f 2767/728/2786 2789/729/2787 2769/708/2766
f 2792/661/2789 2793/662/2790 2794/663/2791
f 2795/664/2792 2794/663/2791 2793/662/2790
f 2794/663/2791 2795/664/2792 2796/665/2793
f 2797/666/2794 2796/665/2793 2795/664/2792
f 2796/665/2793 2797/666/2794 2798/667/2795
f 2799/668/2796 2798/667/2795 2797/666/2794
f 2798/667/2795 2799/668/2796 2800/669/2797
f 2801/670/2798 2800/669/2797 2799/668/2796
f 2802/671/2799 2800/669/2797 2801/670/2798
f 2804/672/2800 2792/661/2789 2805/673/2801
f 2794/663/2791 2805/673/2801 2792/661/2789
f 2805/673/2801 2794/663/2791 2806/674/2802
f 2796/665/2793 2806/674/2802 2794/663/2791
f 2806/674/2802 2796/665/2793 2807/675/2803
f 2798/667/2795 2807/675/2803 2796/665/2793
f 2807/675/2803 2798/667/2795 2808/676/2804
f 2800/669/2797 2808/676/2804 2798/667/2795
f 2808/676/2804 2800/669/2797 2809/677/2805
f 2802/671/2799 2809/677/2805 2800/669/2797
f 2810/678/2806 2792/661/2789 2803/679/2807
f 2804/672/2800 2803/679/2807 2792/661/2789
f 2790/680/2808 2792/661/2789 2810/678/2806
f 2792/661/2789 2811/681/2809 2793/662/2790
f 2791/682/2810 2793/662/2790 2811/681/2809
f 2790/680/2808 2811/681/2809 2792/661/2789
f 2814/782/2811 2815/783/2812 2816/784/2813
f 2817/785/2814 2816/784/2813 2815/783/2812
f 2816/784/2813 2817/785/2814 2818/786/2815
f 2819/787/2816 2818/786/2815 2817/785/2814
f 2818/786/2815 2819/787/2816 2820/788/2817
f 2821/789/2818 2820/788/2817 2819/787/2816
f 2820/788/2817 2821/789/2818 2822/790/2819
f 2823/791/2820 2822/790/2819 2821/789/2818
f 2822/790/2819 2823/791/2820 2824/792/2821
f 2825/793/2822 2824/792/2821 2823/791/2820
f 2824/792/2821 2825/793/2822 2826/794/2823
f 2827/795/2824 2826/794/2823 2825/793/2822
f 2829/796/2825 2814/782/2811 2830/797/2826
f 2816/784/2813 2830/797/2826 2814/782/2811
f 2830/797/2826 2816/784/2813 2831/798/2827
f 2818/786/2815 2831/798/2827 2816/784/2813
f 2831/798/2827 2818/786/2815 2832/799/2828
f 2820/788/2817 2832/799/2828 2818/786/2815
f 2832/799/2828 2820/788/2817 2833/800/2829
f 2822/790/2819 2833/800/2829 2820/788/2817
f 2833/800/2829 2822/790/2819 2834/801/2830
f 2824/792/2821 2834/801/2830 2822/790/2819
f 2826/794/2823 2834/801/2830 2824/792/2821
f 2812/802/2831 2835/803/2832 2814/782/2811
f 2814/782/2811 2835/803/2832 2815/783/2812
f 2813/804/2833 2815/783/2812 2835/803/2832
f 2812/802/2831 2814/782/2811 2836/805/2834
f 2836/805/2834 2814/782/2811 2828/806/2835
f 2829/796/2825 2828/806/2835 2814/782/2811
f 2839/708/2836 2840/709/2837 2841/710/2838
f 2842/711/2839 2841/710/2838 2840/709/2837
f 2841/710/2838 2842/711/2839 2843/712/2840
f 2844/713/2841 2843/712/2840 2842/711/2839
f 2843/712/2840 2844/713/2841 2845/714/2842
f 2846/715/2843 2845/714/2842 2844/713/2841
f 2845/714/2842 2846/715/2843 2847/716/2844
f 2848/717/2845 2847/716/2844 2846/715/2843
f 2847/716/2844 2848/717/2845 2849/718/2846
f 2850/719/2847 2849/718/2846 2848/717/2845
f 2852/720/2848 2839/708/2836 2853/721/2849
f 2841/710/2838 2853/721/2849 2839/708/2836
f 2853/721/2849 2841/710/2838 2854/722/2850
f 2843/712/2840 2854/722/2850 2841/710/2838
f 2854/722/2850 2843/712/2840 2855/723/2851
f 2845/714/2842 2855/723/2851 2843/712/2840
f 2855/723/2851 2845/714/2842 2856/724/2852
f 2847/716/2844 2856/724/2852 2845/714/2842
f 2856/724/2852 2847/716/2844 2857/725/2853
f 2849/718/2846 2857/725/2853 2847/716/2844
f 2858/726/2854 2839/708/2836 2851/727/2855
f 2852/720/2848 2851/727/2855 2839/708/2836
f 2837/728/2856 2839/708/2836 2858/726/2854
f 2839/708/2836 2859/729/2857 2840/709/2837
f 2838/730/2858 2840/709/2837 2859/729/2857
f 2837/728/2856 2859/729/2857 2839/708/2836
f 2871/855/2859 2860/856/2860 2863/857/2861
f 2864/858/2862 2863/857/2861 2860/856/2860
f 2862/859/2863 2871/855/2859 2863/857/2861
f 2860/856/2860 2861/860/2864 2864/858/2862
f 2865/861/2865 2864/858/2862 2861/860/2864
f 2866/862/2866 2863/857/2861 2864/858/2862
f 2866/862/2866 2864/858/2862 2865/861/2865
f 2868/863/2867 2867/864/2868 2869/865/2869
f 2870/866/2870 2869/865/2869 2867/864/2868
f 2872/867/2871 2862/859/2863 2870/866/2870
f 2863/857/2861 2870/866/2870 2862/859/2863
f 2866/862/2866 2869/865/2869 2870/866/2870
f 2866/862/2866 2870/866/2870 2863/857/2861
f 2867/864/2868 2872/867/2871 2870/866/2870
