# Blender 4.2.1 LTS
# www.blender.org
mtllib grass02.mtl
o Plane
v 0.809720 0.894091 0.071048
v 0.006764 -1.647074 0.087526
v 0.556760 -1.518520 -2.149415
v 1.344816 0.084850 -2.714326
v 1.344816 0.084850 2.903463
v 1.800756 -2.468039 2.919941
v 3.017779 2.322567 2.919941
v 2.478450 3.138209 0.087526
v 3.654026 1.360353 -2.697848
v 5.345786 3.861920 2.919941
v 4.565158 5.042485 0.087526
v 5.982033 2.899706 -2.697848
v 8.056668 4.271522 2.919941
v 6.703671 6.317697 0.087526
v 7.499194 5.114605 -2.697848
v 10.184020 5.678197 2.919941
v 9.094456 7.697926 0.115481
v 9.504036 6.706559 -2.697848
v 11.920330 6.339911 3.045336
v 10.774480 8.072811 0.239046
v 12.697040 8.051005 0.087527
v 13.531560 5.940575 2.919941
v 11.784220 6.545755 -1.854311
v 13.531560 5.940575 -2.697848
vn -0.9322 0.2932 -0.2123
vn -0.8980 0.3452 -0.2728
vn -0.8543 -0.1494 0.4978
vn -0.9209 0.2926 0.2576
vn -0.7634 0.5685 0.3066
vn -0.7644 0.5661 0.3086
vn -0.7614 0.5685 -0.3114
vn -0.3812 0.6979 -0.6063
vn -0.5214 0.7885 0.3263
vn -0.6044 0.6623 0.4427
vn -0.5377 0.5892 -0.6030
vn -0.4055 0.6132 -0.6780
vn -0.1361 0.9006 0.4129
vn -0.3873 0.6495 0.6543
vn -0.3767 0.6317 -0.6776
vn -0.7438 0.5095 -0.4325
vn -0.4169 0.6305 0.6547
vn -0.3926 0.6672 0.6330
vn -0.4402 0.7717 -0.4590
vn -0.5839 0.7353 -0.3441
vn -0.3154 0.7077 0.6322
vn -0.2182 0.7880 0.5757
vn 0.0554 0.8084 0.5860
vn 0.2484 0.8662 0.4335
vn -0.1794 0.9194 -0.3501
vn 0.2414 0.8357 -0.4932
vn -0.0180 0.7943 -0.6072
vn -0.0383 0.7984 -0.6009
vt 0.000000 0.504187
vt 0.157508 0.504187
vt 0.000000 1.000000
vt 0.157508 1.000000
vt 0.000000 0.000000
vt 0.157508 0.000000
vt 0.295026 0.000000
vt 0.295026 0.504187
vt 0.295026 1.000000
vt 0.470176 0.000000
vt 0.470176 0.504187
vt 0.470176 1.000000
vt 0.626263 0.000000
vt 0.626263 0.504187
vt 0.626263 1.000000
vt 0.786316 0.000000
vt 0.786316 0.504187
vt 0.786316 1.000000
vt 0.900113 0.000000
vt 0.900113 0.504187
vt 1.000000 0.504187
vt 1.000000 0.000000
vt 0.900113 1.000000
vt 1.000000 1.000000
s 0
usemtl Material.002
f 2/1/1 1/2/1 3/3/1
f 1/2/2 4/4/2 3/3/2
f 6/5/3 5/6/3 2/1/3
f 5/6/4 1/2/4 2/1/4
f 5/6/5 7/7/5 1/2/5
f 7/7/6 8/8/6 1/2/6
f 1/2/7 8/8/7 4/4/7
f 8/8/8 9/9/8 4/4/8
f 7/7/9 10/10/9 8/8/9
f 10/10/10 11/11/10 8/8/10
f 8/8/11 11/11/11 9/9/11
f 11/11/12 12/12/12 9/9/12
f 10/10/13 13/13/13 11/11/13
f 13/13/14 14/14/14 11/11/14
f 11/11/15 14/14/15 12/12/15
f 14/14/16 15/15/16 12/12/16
f 13/13/17 16/16/17 14/14/17
f 16/16/18 17/17/18 14/14/18
f 14/14/19 17/17/19 15/15/19
f 17/17/20 18/18/20 15/15/20
f 16/16/21 19/19/21 17/17/21
f 19/19/22 20/20/22 17/17/22
f 21/21/23 20/20/23 22/22/23
f 20/20/24 19/19/24 22/22/24
f 17/17/25 20/20/25 18/18/25
f 20/20/26 23/23/26 18/18/26
f 24/24/27 23/23/27 21/21/27
f 23/23/28 20/20/28 21/21/28
o Plane_11
v -1.529623 0.255894 0.102481
v 0.408108 -1.573158 0.150422
v 0.085067 -1.415454 2.429392
v -1.327798 -0.318953 2.988365
v -1.871650 -1.090885 -2.549496
v -1.019303 -3.528427 -2.310145
v -4.418157 0.056448 -2.476058
v -4.075592 1.410802 0.174810
v -3.954949 -0.310213 3.228434
v -7.189105 0.287817 -2.236185
v -6.815956 2.073986 0.351489
v -6.725898 -0.078845 3.468307
v -9.739120 -0.644590 -1.855788
v -9.293422 2.165860 0.581985
v -9.124606 1.124969 3.536074
v -12.271240 -0.433163 -1.636589
v -12.043630 2.225266 0.815434
v -11.641200 1.555638 3.723187
v -14.112060 -0.700525 -1.545745
v -13.695140 1.735636 0.920526
v -15.336140 0.823791 1.362491
v -15.301030 -1.796093 -1.149063
v -13.620470 0.216306 3.248545
v -14.757180 -1.024161 4.388799
vn 0.6851 0.7270 0.0468
vn 0.6358 0.7643 0.1078
vn 0.7654 0.2078 -0.6091
vn 0.6300 0.6566 -0.4147
vn 0.3538 0.8147 -0.4594
vn 0.3556 0.8129 -0.4613
vn 0.4120 0.8987 0.1502
vn 0.0476 0.8710 0.4890
vn 0.0345 0.8882 -0.4582
vn 0.1569 0.8021 -0.5763
vn 0.2361 0.8505 0.4700
vn 0.1170 0.8187 0.5621
vn -0.3627 0.7906 -0.4934
vn -0.0455 0.6587 -0.7511
vn 0.0830 0.8211 0.5647
vn 0.4373 0.8558 0.2765
vn -0.0105 0.6562 -0.7545
vn -0.0475 0.6794 -0.7322
vn 0.0483 0.9429 0.3295
vn 0.1796 0.9638 0.1971
vn -0.1341 0.6780 -0.7227
vn -0.2522 0.7094 -0.6581
vn -0.5003 0.5957 -0.6284
vn -0.6811 0.5752 -0.4530
vn -0.2605 0.9324 0.2508
vn -0.5704 0.6793 0.4617
vn -0.3142 0.7823 0.5378
vn -0.2993 0.7946 0.5282
vt 0.000000 0.504187
vt 0.157508 0.504187
vt 0.000000 1.000000
vt 0.157508 1.000000
vt 0.000000 0.000000
vt 0.157508 0.000000
vt 0.295026 0.000000
vt 0.295026 0.504187
vt 0.295026 1.000000
vt 0.470176 0.000000
vt 0.470176 0.504187
vt 0.470176 1.000000
vt 0.626263 0.000000
vt 0.626263 0.504187
vt 0.626263 1.000000
vt 0.786316 0.000000
vt 0.786316 0.504187
vt 0.786316 1.000000
vt 0.900113 0.000000
vt 0.900113 0.504187
vt 1.000000 0.504187
vt 1.000000 0.000000
vt 0.900113 1.000000
vt 1.000000 1.000000
s 0
usemtl Material.002
f 26/25/29 25/26/29 27/27/29
f 25/26/30 28/28/30 27/27/30
f 30/29/31 29/30/31 26/25/31
f 29/30/32 25/26/32 26/25/32
f 29/30/33 31/31/33 25/26/33
f 31/31/34 32/32/34 25/26/34
f 25/26/35 32/32/35 28/28/35
f 32/32/36 33/33/36 28/28/36
f 31/31/37 34/34/37 32/32/37
f 34/34/38 35/35/38 32/32/38
f 32/32/39 35/35/39 33/33/39
f 35/35/40 36/36/40 33/33/40
f 34/34/41 37/37/41 35/35/41
f 37/37/42 38/38/42 35/35/42
f 35/35/43 38/38/43 36/36/43
f 38/38/44 39/39/44 36/36/44
f 37/37/45 40/40/45 38/38/45
f 40/40/46 41/41/46 38/38/46
f 38/38/47 41/41/47 39/39/47
f 41/41/48 42/42/48 39/39/48
f 40/40/49 43/43/49 41/41/49
f 43/43/50 44/44/50 41/41/50
f 45/45/51 44/44/51 46/46/51
f 44/44/52 43/43/52 46/46/52
f 41/41/53 44/44/53 42/42/53
f 44/44/54 47/47/54 42/42/54
f 48/48/55 47/47/55 45/45/55
f 47/47/56 44/44/56 45/45/56
o Plane_111
v 2.399117 0.164354 -12.739220
v 2.677971 -1.010420 -11.525890
v 1.208497 -0.909130 -11.363850
v 0.635623 -0.204862 -12.153910
v 3.994735 -0.700663 -13.374500
v 3.981587 -2.266262 -12.806020
v 3.543377 0.036253 -14.947280
v 1.948534 0.906135 -14.311840
v 0.067738 -0.199249 -13.750330
v 2.952706 0.184858 -16.633190
v 1.402056 1.332089 -15.988790
v -0.522933 -0.050644 -15.436240
v 2.309794 -0.414014 -18.159260
v 0.863973 1.391099 -17.493601
v -0.947218 0.722549 -16.917959
v 1.770033 -0.278218 -19.699869
v 0.280603 1.429254 -19.167629
v -1.464540 0.999162 -18.454020
v 1.420263 -0.449940 -20.830780
v -0.047876 1.114773 -20.178490
v -0.584289 0.529108 -21.129141
v 0.984035 -1.153607 -21.507389
v -1.484513 0.138927 -19.761169
v -2.375077 -0.657806 -20.286800
vn 0.1246 0.7270 0.6753
vn 0.0533 0.7643 0.6427
vn 0.7799 0.2078 0.5904
vn 0.5580 0.6566 0.5075
vn 0.5328 0.8147 0.2288
vn 0.5351 0.8129 0.2301
vn -0.0433 0.8987 0.4363
vn -0.4619 0.8710 0.1674
vn 0.4525 0.8882 -0.0802
vn 0.5972 0.8021 0.0091
vn -0.3968 0.8505 0.3453
vn -0.5155 0.8187 0.2528
vn 0.3880 0.7906 -0.4737
vn 0.7163 0.6587 -0.2303
vn -0.5265 0.8211 0.2205
vn -0.1594 0.8558 0.4922
vn 0.7284 0.6562 -0.1973
vn 0.6976 0.6794 -0.2276
vn -0.3072 0.9429 0.1285
vn -0.1464 0.9638 0.2229
vn 0.6668 0.6780 -0.3092
vn 0.5750 0.7094 -0.4075
vn 0.4847 0.5957 -0.6405
vn 0.2699 0.5752 -0.7722
vn -0.3075 0.9324 -0.1901
vn -0.5887 0.6793 -0.4381
vn -0.5989 0.7823 -0.1710
vn -0.5859 0.7946 -0.1589
vt 0.000000 0.504187
vt 0.157508 0.504187
vt 0.000000 1.000000
vt 0.157508 1.000000
vt 0.000000 0.000000
vt 0.157508 0.000000
vt 0.295026 0.000000
vt 0.295026 0.504187
vt 0.295026 1.000000
vt 0.470176 0.000000
vt 0.470176 0.504187
vt 0.470176 1.000000
vt 0.626263 0.000000
vt 0.626263 0.504187
vt 0.626263 1.000000
vt 0.786316 0.000000
vt 0.786316 0.504187
vt 0.786316 1.000000
vt 0.900113 0.000000
vt 0.900113 0.504187
vt 1.000000 0.504187
vt 1.000000 0.000000
vt 0.900113 1.000000
vt 1.000000 1.000000
s 0
usemtl Material.002
f 50/49/57 49/50/57 51/51/57
f 49/50/58 52/52/58 51/51/58
f 54/53/59 53/54/59 50/49/59
f 53/54/60 49/50/60 50/49/60
f 53/54/61 55/55/61 49/50/61
f 55/55/62 56/56/62 49/50/62
f 49/50/63 56/56/63 52/52/63
f 56/56/64 57/57/64 52/52/64
f 55/55/65 58/58/65 56/56/65
f 58/58/66 59/59/66 56/56/66
f 56/56/67 59/59/67 57/57/67
f 59/59/68 60/60/68 57/57/68
f 58/58/69 61/61/69 59/59/69
f 61/61/70 62/62/70 59/59/70
f 59/59/71 62/62/71 60/60/71
f 62/62/72 63/63/72 60/60/72
f 61/61/73 64/64/73 62/62/73
f 64/64/74 65/65/74 62/62/74
f 62/62/75 65/65/75 63/63/75
f 65/65/76 66/66/76 63/63/76
f 64/64/77 67/67/77 65/65/77
f 67/67/78 68/68/78 65/65/78
f 69/69/79 68/68/79 70/70/79
f 68/68/80 67/67/80 70/70/80
f 65/65/81 68/68/81 66/66/81
f 68/68/82 71/71/82 66/66/82
f 72/72/83 71/71/83 69/69/83
f 71/71/84 68/68/84 69/69/84
o Plane_112
v -10.344660 0.283968 19.672569
v -11.786600 -1.745805 21.268730
v -13.470980 -1.570794 19.348440
v -12.919470 -0.353962 17.755020
v -7.865300 -1.210607 21.302931
v -8.683261 -3.915644 21.847160
v -6.085176 0.062635 19.106609
v -8.563993 1.565615 17.477501
v -11.221260 -0.344264 15.370300
v -4.282786 0.319394 16.601009
v -6.730539 2.301577 15.043350
v -9.418869 -0.087505 12.864700
v -2.758469 -0.715335 14.179710
v -5.132537 2.403534 12.791540
v -7.740876 1.248415 10.796880
v -1.111428 -0.480706 11.890070
v -3.339742 2.469459 10.308040
v -6.078063 1.726346 8.543509
v 0.143611 -0.777409 10.275080
v -2.233622 1.926096 8.842072
v -1.418628 0.914186 7.141285
v 0.669757 -1.993203 8.987488
v -4.246948 0.240036 7.221019
v -4.384417 -1.136558 5.439578
vn -0.4820 0.7270 0.4890
vn -0.4961 0.7643 0.4119
vn -0.0369 0.2078 0.9775
vn -0.0961 0.6566 0.7481
vn 0.1178 0.8147 0.5678
vn 0.1180 0.8129 0.5704
vn -0.3824 0.8987 0.2145
vn -0.4019 0.8710 -0.2826
vn 0.3250 0.8882 0.3248
vn 0.3347 0.8021 0.4946
vn -0.5104 0.8505 -0.1273
vn -0.5026 0.8187 -0.2776
vn 0.6106 0.7906 0.0465
vn 0.5992 0.6587 0.4551
vn -0.4824 0.8211 -0.3052
vn -0.4947 0.8558 0.1514
vn 0.5791 0.6562 0.4838
vn 0.5863 0.6794 0.4412
vn -0.2814 0.9429 -0.1781
vn -0.2665 0.9638 0.0077
vn 0.6355 0.6780 0.3693
vn 0.6635 0.7094 0.2377
vn 0.8026 0.5957 0.0302
vn 0.7875 0.5752 -0.2213
vn -0.0204 0.9324 -0.3610
vn 0.0217 0.6793 -0.7335
vn -0.2031 0.7823 -0.5889
vn -0.2055 0.7946 -0.5713
vt 0.000000 0.504187
vt 0.157508 0.504187
vt 0.000000 1.000000
vt 0.157508 1.000000
vt 0.000000 0.000000
vt 0.157508 0.000000
vt 0.295026 0.000000
vt 0.295026 0.504187
vt 0.295026 1.000000
vt 0.470176 0.000000
vt 0.470176 0.504187
vt 0.470176 1.000000
vt 0.626263 0.000000
vt 0.626263 0.504187
vt 0.626263 1.000000
vt 0.786316 0.000000
vt 0.786316 0.504187
vt 0.786316 1.000000
vt 0.900113 0.000000
vt 0.900113 0.504187
vt 1.000000 0.504187
vt 1.000000 0.000000
vt 0.900113 1.000000
vt 1.000000 1.000000
s 0
usemtl Material.002
f 74/73/85 73/74/85 75/75/85
f 73/74/86 76/76/86 75/75/86
f 78/77/87 77/78/87 74/73/87
f 77/78/88 73/74/88 74/73/88
f 77/78/89 79/79/89 73/74/89
f 79/79/90 80/80/90 73/74/90
f 73/74/91 80/80/91 76/76/91
f 80/80/92 81/81/92 76/76/92
f 79/79/93 82/82/93 80/80/93
f 82/82/94 83/83/94 80/80/94
f 80/80/95 83/83/95 81/81/95
f 83/83/96 84/84/96 81/81/96
f 82/82/97 85/85/97 83/83/97
f 85/85/98 86/86/98 83/83/98
f 83/83/99 86/86/99 84/84/99
f 86/86/100 87/87/100 84/84/100
f 85/85/101 88/88/101 86/86/101
f 88/88/102 89/89/102 86/86/102
f 86/86/103 89/89/103 87/87/103
f 89/89/104 90/90/104 87/87/104
f 88/88/105 91/91/105 89/89/105
f 91/91/106 92/92/106 89/89/106
f 93/93/107 92/92/107 94/94/107
f 92/92/108 91/91/108 94/94/108
f 89/89/109 92/92/109 90/90/109
f 92/92/110 95/95/110 90/90/110
f 96/96/111 95/95/111 93/93/111
f 95/95/112 92/92/112 93/93/112
o Plane_113
v -27.446609 0.120670 -2.233437
v -26.713570 -0.741851 -0.497531
v -28.861891 -0.667483 0.128358
v -29.922560 -0.150409 -0.899648
v -25.234011 -0.514427 -3.597823
v -25.104931 -1.663892 -2.746899
v -26.318230 0.026618 -5.824491
v -28.529640 0.665287 -4.460072
v -31.186680 -0.146288 -3.131073
v -27.639730 0.135725 -8.183391
v -29.782909 0.978024 -6.817167
v -32.508179 -0.037182 -5.489974
v -28.997311 -0.303968 -10.290320
v -30.978649 1.021349 -8.919811
v -33.528229 0.530498 -7.587970
v -30.204910 -0.204266 -12.445900
v -32.286160 1.049363 -11.262910
v -34.701191 0.733588 -9.742640
v -31.022120 -0.330345 -14.040400
v -33.040230 0.818469 -12.683990
v -34.088551 0.388473 -13.960940
v -31.849409 -0.846979 -14.935010
v -35.072830 0.102003 -11.686130
v -36.537960 -0.482961 -12.236830
vn 0.1452 0.9091 0.3904
vn 0.0961 0.9255 0.3664
vn 0.8149 0.4012 0.4183
vn 0.4113 0.8735 0.2604
vn 0.3176 0.9453 0.0750
vn 0.3195 0.9446 0.0756
vn 0.0172 0.9731 0.2297
vn -0.2289 0.9645 0.1314
vn 0.2287 0.9699 -0.0833
vn 0.3355 0.9405 -0.0536
vn -0.1809 0.9578 0.2233
vn -0.2603 0.9467 0.1896
vn 0.1725 0.9361 -0.3065
vn 0.4289 0.8747 -0.2259
vn -0.2690 0.9476 0.1725
vn -0.0392 0.9596 0.2787
vn 0.4411 0.8733 -0.2067
vn 0.4096 0.8858 -0.2180
vn -0.1422 0.9856 0.0911
vn -0.0527 0.9911 0.1221
vn 0.3821 0.8851 -0.2658
vn 0.3055 0.9008 -0.3085
vn 0.2499 0.8369 -0.4870
vn 0.0919 0.8231 -0.5604
vn -0.1717 0.9828 -0.0686
vn -0.4146 0.8858 -0.2086
vn -0.3583 0.9328 -0.0376
vn -0.3461 0.9377 -0.0317
vt 0.000000 0.504187
vt 0.157508 0.504187
vt 0.000000 1.000000
vt 0.157508 1.000000
vt 0.000000 0.000000
vt 0.157508 0.000000
vt 0.295026 0.000000
vt 0.295026 0.504187
vt 0.295026 1.000000
vt 0.470176 0.000000
vt 0.470176 0.504187
vt 0.470176 1.000000
vt 0.626263 0.000000
vt 0.626263 0.504187
vt 0.626263 1.000000
vt 0.786316 0.000000
vt 0.786316 0.504187
vt 0.786316 1.000000
vt 0.900113 0.000000
vt 0.900113 0.504187
vt 1.000000 0.504187
vt 1.000000 0.000000
vt 0.900113 1.000000
vt 1.000000 1.000000
s 0
usemtl Material.002
f 98/97/113 97/98/113 99/99/113
f 97/98/114 100/100/114 99/99/114
f 102/101/115 101/102/115 98/97/115
f 101/102/116 97/98/116 98/97/116
f 101/102/117 103/103/117 97/98/117
f 103/103/118 104/104/118 97/98/118
f 97/98/119 104/104/119 100/100/119
f 104/104/120 105/105/120 100/100/120
f 103/103/121 106/106/121 104/104/121
f 106/106/122 107/107/122 104/104/122
f 104/104/123 107/107/123 105/105/123
f 107/107/124 108/108/124 105/105/124
f 106/106/125 109/109/125 107/107/125
f 109/109/126 110/110/126 107/107/126
f 107/107/127 110/110/127 108/108/127
f 110/110/128 111/111/128 108/108/128
f 109/109/129 112/112/129 110/110/129
f 112/112/130 113/113/130 110/110/130
f 110/110/131 113/113/131 111/111/131
f 113/113/132 114/114/132 111/111/132
f 112/112/133 115/115/133 113/113/133
f 115/115/134 116/116/134 113/113/134
f 117/117/135 116/116/135 118/118/135
f 116/116/136 115/115/136 118/118/136
f 113/113/137 116/116/137 114/114/137
f 116/116/138 119/119/138 114/114/138
f 120/120/139 119/119/139 117/117/139
f 119/119/140 116/116/140 117/117/140
o Plane_12
v -0.651242 -1.362553 0.240474
v 0.111502 -3.350040 -1.362849
v 1.880370 -3.457833 0.114451
v 1.785455 -2.319153 1.599494
v -3.265890 -2.321131 -0.858852
v -3.003199 -4.836145 -1.434257
v -4.350702 -0.967531 1.331445
v -1.735517 -0.001378 2.429662
v 0.619996 -2.104147 3.956419
v -5.556321 -0.519647 3.808359
v -2.910550 0.878321 4.843382
v -0.585623 -1.656263 6.433334
v -6.711372 -1.259104 6.182324
v -3.993051 1.163146 7.067448
v -1.589364 -0.259500 8.494671
v -7.813079 -0.849825 8.445752
v -5.220213 1.440150 9.524887
v -2.675541 0.369022 10.726010
v -8.737497 -0.959328 10.058760
v -6.068923 1.092212 10.986700
v -6.695650 0.283079 12.621390
v -9.195597 -1.984904 11.287430
v -4.314631 -0.714025 12.167200
v -4.144251 -1.982926 13.745770
vn 0.5100 0.6501 -0.5632
vn 0.5414 0.6836 -0.4895
vn -0.0800 0.2144 -0.9735
vn 0.0831 0.6448 -0.7598
vn -0.0735 0.8317 -0.5504
vn -0.0744 0.8299 -0.5529
vn 0.4815 0.8311 -0.2783
vn 0.5717 0.7931 0.2103
vn -0.2273 0.9329 -0.2793
vn -0.2761 0.8520 -0.4449
vn 0.6507 0.7583 0.0404
vn 0.6610 0.7258 0.1905
vn -0.4790 0.8769 0.0401
vn -0.5507 0.7511 -0.3642
vn 0.6458 0.7309 0.2207
vn 0.5939 0.7701 -0.2326
vn -0.5358 0.7459 -0.3957
vn -0.5327 0.7693 -0.3527
vn 0.4495 0.8845 0.1247
vn 0.4100 0.9103 -0.0568
vn -0.5700 0.7746 -0.2741
vn -0.5724 0.8079 -0.1400
vn -0.6945 0.7142 0.0873
vn -0.6447 0.6877 0.3337
vn 0.2209 0.9121 0.3454
vn 0.1968 0.6631 0.7222
vn 0.4103 0.7319 0.5440
vn 0.4119 0.7440 0.5262
vt 0.000000 0.504187
vt 0.157508 0.504187
vt 0.000000 1.000000
vt 0.157508 1.000000
vt 0.000000 0.000000
vt 0.157508 0.000000
vt 0.295026 0.000000
vt 0.295026 0.504187
vt 0.295026 1.000000
vt 0.470176 0.000000
vt 0.470176 0.504187
vt 0.470176 1.000000
vt 0.626263 0.000000
vt 0.626263 0.504187
vt 0.626263 1.000000
vt 0.786316 0.000000
vt 0.786316 0.504187
vt 0.786316 1.000000
vt 0.900113 0.000000
vt 0.900113 0.504187
vt 1.000000 0.504187
vt 1.000000 0.000000
vt 0.900113 1.000000
vt 1.000000 1.000000
s 0
usemtl Material.002
f 122/121/141 121/122/141 123/123/141
f 121/122/142 124/124/142 123/123/142
f 126/125/143 125/126/143 122/121/143
f 125/126/144 121/122/144 122/121/144
f 125/126/145 127/127/145 121/122/145
f 127/127/146 128/128/146 121/122/146
f 121/122/147 128/128/147 124/124/147
f 128/128/148 129/129/148 124/124/148
f 127/127/149 130/130/149 128/128/149
f 130/130/150 131/131/150 128/128/150
f 128/128/151 131/131/151 129/129/151
f 131/131/152 132/132/152 129/129/152
f 130/130/153 133/133/153 131/131/153
f 133/133/154 134/134/154 131/131/154
f 131/131/155 134/134/155 132/132/155
f 134/134/156 135/135/156 132/132/156
f 133/133/157 136/136/157 134/134/157
f 136/136/158 137/137/158 134/134/158
f 134/134/159 137/137/159 135/135/159
f 137/137/160 138/138/160 135/135/160
f 136/136/161 139/139/161 137/137/161
f 139/139/162 140/140/162 137/137/162
f 141/141/163 140/140/163 142/142/163
f 140/140/164 139/139/164 142/142/164
f 137/137/165 140/140/165 138/138/165
f 140/140/166 143/143/166 138/138/166
f 144/144/167 143/143/167 141/141/167
f 143/143/168 140/140/168 141/141/168
o Plane_121
v 2.453183 -0.875152 -12.170690
v 3.572303 -2.151687 -11.951510
v 2.934888 -2.220921 -10.615560
v 1.995749 -1.489563 -10.438050
v 2.720683 -1.490833 -13.972690
v 3.120556 -3.106192 -13.900910
v 1.185032 -0.621435 -14.298760
v 0.918307 -0.000888 -12.496600
v 0.343571 -1.351467 -10.787750
v -0.548203 -0.333765 -14.654340
v -0.770735 0.564130 -12.843220
v -1.389664 -1.063798 -11.143330
v -2.209325 -0.808708 -14.994860
v -2.327030 0.747069 -13.162470
v -2.832160 -0.166676 -11.439500
v -3.793171 -0.545833 -15.319790
v -4.051578 0.924986 -13.534560
v -4.393568 0.237015 -11.759880
v -4.944075 -0.616166 -15.638020
v -5.096346 0.701510 -13.829770
v -6.213311 0.181815 -13.959320
v -5.781547 -1.274879 -15.727330
v -5.551409 -0.458611 -12.550160
v -6.506480 -1.273608 -12.192680
vn 0.6721 0.6501 0.3544
vn 0.6085 0.6836 0.4031
vn 0.9232 0.2144 -0.3189
vn 0.7567 0.6448 -0.1080
vn 0.5150 0.8317 -0.2077
vn 0.5172 0.8299 -0.2092
vn 0.3890 0.8311 0.3974
vn -0.0620 0.7931 0.6060
vn 0.2142 0.9329 -0.2895
vn 0.3625 0.8520 -0.3778
vn 0.1222 0.7583 0.6404
vn -0.0206 0.7258 0.6876
vn -0.1576 0.8769 -0.4541
vn 0.2162 0.7511 -0.6238
vn -0.0537 0.7309 0.6804
vn 0.3727 0.7701 0.5177
vn 0.2504 0.7459 -0.6172
vn 0.2096 0.7693 -0.6035
vn -0.0094 0.8845 0.4664
vn 0.1567 0.9103 0.3831
vn 0.1241 0.7746 -0.6202
vn -0.0063 0.8079 -0.5893
vn -0.2568 0.7142 -0.6511
vn -0.4832 0.6877 -0.5418
vn -0.2798 0.9121 0.2997
vn -0.6508 0.6631 0.3698
vn -0.4253 0.7319 0.5324
vn -0.4076 0.7440 0.5295
vt 0.000000 0.504187
vt 0.157508 0.504187
vt 0.000000 1.000000
vt 0.157508 1.000000
vt 0.000000 0.000000
vt 0.157508 0.000000
vt 0.295026 0.000000
vt 0.295026 0.504187
vt 0.295026 1.000000
vt 0.470176 0.000000
vt 0.470176 0.504187
vt 0.470176 1.000000
vt 0.626263 0.000000
vt 0.626263 0.504187
vt 0.626263 1.000000
vt 0.786316 0.000000
vt 0.786316 0.504187
vt 0.786316 1.000000
vt 0.900113 0.000000
vt 0.900113 0.504187
vt 1.000000 0.504187
vt 1.000000 0.000000
vt 0.900113 1.000000
vt 1.000000 1.000000
s 0
usemtl Material.002
f 146/145/169 145/146/169 147/147/169
f 145/146/170 148/148/170 147/147/170
f 150/149/171 149/150/171 146/145/171
f 149/150/172 145/146/172 146/145/172
f 149/150/173 151/151/173 145/146/173
f 151/151/174 152/152/174 145/146/174
f 145/146/175 152/152/175 148/148/175
f 152/152/176 153/153/176 148/148/176
f 151/151/177 154/154/177 152/152/177
f 154/154/178 155/155/178 152/152/178
f 152/152/179 155/155/179 153/153/179
f 155/155/180 156/156/180 153/153/180
f 154/154/181 157/157/181 155/155/181
f 157/157/182 158/158/182 155/155/182
f 155/155/183 158/158/183 156/156/183
f 158/158/184 159/159/184 156/156/184
f 157/157/185 160/160/185 158/158/185
f 160/160/186 161/161/186 158/158/186
f 158/158/187 161/161/187 159/159/187
f 161/161/188 162/162/188 159/159/188
f 160/160/189 163/163/189 161/161/189
f 163/163/190 164/164/190 161/161/190
f 165/165/191 164/164/191 166/166/191
f 164/164/192 163/163/192 166/166/192
f 161/161/193 164/164/193 162/162/193
f 164/164/194 167/167/194 162/162/194
f 168/168/195 167/167/195 165/165/195
f 167/167/196 164/164/196 165/165/196
o Plane_122
v -11.096150 -1.512088 20.312019
v -10.298460 -3.717682 22.113680
v -12.821240 -3.837303 22.533840
v -14.002430 -2.573665 21.379801
v -8.279709 -2.575860 18.906639
v -7.985444 -5.366871 19.543921
v -9.338452 -1.073715 16.409349
v -12.154350 -0.001537 17.816000
v -15.143080 -2.335063 18.694120
v -10.551040 -0.576681 13.603080
v -13.335870 0.974700 15.081180
v -16.355671 -1.838029 15.887850
v -11.713560 -1.397285 10.913830
v -14.424710 1.290782 12.561410
v -17.364519 -0.287985 13.552080
v -12.821630 -0.943091 8.349436
v -15.605320 1.598186 9.751097
v -18.456820 0.409512 11.023960
v -13.510530 -1.064610 6.404706
v -16.221729 1.212065 7.979446
v -17.144199 0.314139 6.269583
v -14.213250 -2.202734 5.130445
v -18.484180 -0.792389 8.602026
v -19.935980 -2.200538 7.603615
vn 0.0947 0.6501 0.7539
vn 0.0184 0.6836 0.7297
vn 0.7904 0.2144 0.5739
vn 0.5221 0.6448 0.5582
vn 0.4653 0.8317 0.3030
vn 0.4678 0.8299 0.3039
vn -0.1028 0.8311 0.5465
vn -0.5321 0.7931 0.2965
vn 0.3600 0.9329 0.0097
vn 0.5174 0.8520 0.0806
vn -0.4548 0.7583 0.4671
vn -0.5753 0.7258 0.3771
vn 0.2818 0.8769 -0.3894
vn 0.6351 0.7511 -0.1802
vn -0.5884 0.7309 0.3459
vn -0.2107 0.7701 0.6021
vn 0.6493 0.7459 -0.1485
vn 0.6147 0.7693 -0.1741
vn -0.3876 0.8845 0.2596
vn -0.2241 0.9103 0.3480
vn 0.5794 0.7746 -0.2536
vn 0.4793 0.8079 -0.3428
vn 0.3865 0.7142 -0.5836
vn 0.1672 0.6877 -0.7065
vn -0.4059 0.9121 -0.0576
vn -0.6760 0.6631 -0.3214
vn -0.6800 0.7319 -0.0434
vn -0.6675 0.7440 -0.0306
vt 0.000000 0.504187
vt 0.157508 0.504187
vt 0.000000 1.000000
vt 0.157508 1.000000
vt 0.000000 0.000000
vt 0.157508 0.000000
vt 0.295026 0.000000
vt 0.295026 0.504187
vt 0.295026 1.000000
vt 0.470176 0.000000
vt 0.470176 0.504187
vt 0.470176 1.000000
vt 0.626263 0.000000
vt 0.626263 0.504187
vt 0.626263 1.000000
vt 0.786316 0.000000
vt 0.786316 0.504187
vt 0.786316 1.000000
vt 0.900113 0.000000
vt 0.900113 0.504187
vt 1.000000 0.504187
vt 1.000000 0.000000
vt 0.900113 1.000000
vt 1.000000 1.000000
s 0
usemtl Material.002
f 170/169/197 169/170/197 171/171/197
f 169/170/198 172/172/198 171/171/198
f 174/173/199 173/174/199 170/169/199
f 173/174/200 169/170/200 170/169/200
f 173/174/201 175/175/201 169/170/201
f 175/175/202 176/176/202 169/170/202
f 169/170/203 176/176/203 172/172/203
f 176/176/204 177/177/204 172/172/204
f 175/175/205 178/178/205 176/176/205
f 178/178/206 179/179/206 176/176/206
f 176/176/207 179/179/207 177/177/207
f 179/179/208 180/180/208 177/177/208
f 178/178/209 181/181/209 179/179/209
f 181/181/210 182/182/210 179/179/210
f 179/179/211 182/182/211 180/180/211
f 182/182/212 183/183/212 180/180/212
f 181/181/213 184/184/213 182/182/213
f 184/184/214 185/185/214 182/182/214
f 182/182/215 185/185/215 183/183/215
f 185/185/216 186/186/216 183/183/216
f 184/184/217 187/187/217 185/185/217
f 187/187/218 188/188/218 185/185/218
f 189/189/219 188/188/219 190/190/219
f 188/188/220 187/187/220 190/190/220
f 185/185/221 188/188/221 186/186/221
f 188/188/222 191/191/222 186/186/222
f 192/192/223 191/191/223 189/189/223
f 191/191/224 188/188/224 189/189/224
o Plane_123
v -27.217319 -0.642537 -1.400014
v -25.491610 -1.579771 -1.365946
v -26.092470 -1.630602 0.792413
v -27.446119 -1.093638 1.302665
v -27.289820 -1.094571 -4.156413
v -26.674910 -2.280570 -4.153971
v -29.664450 -0.456257 -4.240897
v -29.590759 -0.000651 -1.484466
v -30.000650 -0.992248 1.213419
v -32.341358 -0.245050 -4.317700
v -32.199440 0.414186 -1.559464
v -32.677559 -0.781041 1.136616
v -34.906830 -0.593753 -4.390906
v -34.603069 0.548500 -1.628386
v -34.905499 -0.122373 1.072344
v -37.353008 -0.400750 -4.461090
v -37.271339 0.679127 -1.732070
v -37.317039 0.174018 1.003077
v -39.152012 -0.452389 -4.634516
v -38.906101 0.515051 -1.898932
v -40.605160 0.133490 -1.799947
v -40.423870 -0.936017 -4.548631
v -39.249840 -0.336712 0.127727
v -40.580170 -0.935084 0.910447
vn 0.4695 0.8699 0.1512
vn 0.4216 0.8880 0.1839
vn 0.7968 0.4122 -0.4418
vn 0.4739 0.8669 -0.1546
vn 0.2615 0.9514 -0.1629
vn 0.2630 0.9507 -0.1642
vn 0.2508 0.9512 0.1800
vn 0.0250 0.9371 0.3482
vn 0.0823 0.9829 -0.1647
vn 0.1592 0.9583 -0.2372
vn 0.1364 0.9229 0.3600
vn 0.0598 0.9086 0.4134
vn -0.1249 0.9664 -0.2246
vn 0.0625 0.9199 -0.3872
vn 0.0391 0.9109 0.4108
vn 0.2668 0.9279 0.2604
vn 0.0835 0.9176 -0.3886
vn 0.0597 0.9276 -0.3688
vn 0.0379 0.9688 0.2449
vn 0.1148 0.9765 0.1823
vn 0.0088 0.9297 -0.3682
vn -0.0612 0.9427 -0.3279
vn -0.2242 0.9031 -0.3662
vn -0.3575 0.8901 -0.2826
vn -0.1163 0.9770 0.1785
vn -0.3703 0.8771 0.3058
vn -0.1975 0.9114 0.3611
vn -0.1853 0.9168 0.3539
vt 0.000000 0.504187
vt 0.157508 0.504187
vt 0.000000 1.000000
vt 0.157508 1.000000
vt 0.000000 0.000000
vt 0.157508 0.000000
vt 0.295026 0.000000
vt 0.295026 0.504187
vt 0.295026 1.000000
vt 0.470176 0.000000
vt 0.470176 0.504187
vt 0.470176 1.000000
vt 0.626263 0.000000
vt 0.626263 0.504187
vt 0.626263 1.000000
vt 0.786316 0.000000
vt 0.786316 0.504187
vt 0.786316 1.000000
vt 0.900113 0.000000
vt 0.900113 0.504187
vt 1.000000 0.504187
vt 1.000000 0.000000
vt 0.900113 1.000000
vt 1.000000 1.000000
s 0
usemtl Material.002
f 194/193/225 193/194/225 195/195/225
f 193/194/226 196/196/226 195/195/226
f 198/197/227 197/198/227 194/193/227
f 197/198/228 193/194/228 194/193/228
f 197/198/229 199/199/229 193/194/229
f 199/199/230 200/200/230 193/194/230
f 193/194/231 200/200/231 196/196/231
f 200/200/232 201/201/232 196/196/232
f 199/199/233 202/202/233 200/200/233
f 202/202/234 203/203/234 200/200/234
f 200/200/235 203/203/235 201/201/235
f 203/203/236 204/204/236 201/201/236
f 202/202/237 205/205/237 203/203/237
f 205/205/238 206/206/238 203/203/238
f 203/203/239 206/206/239 204/204/239
f 206/206/240 207/207/240 204/204/240
f 205/205/241 208/208/241 206/206/241
f 208/208/242 209/209/242 206/206/242
f 206/206/243 209/209/243 207/207/243
f 209/209/244 210/210/244 207/207/244
f 208/208/245 211/211/245 209/209/245
f 211/211/246 212/212/246 209/209/246
f 213/213/247 212/212/247 214/214/247
f 212/212/248 211/211/248 214/214/248
f 209/209/249 212/212/249 210/210/249
f 212/212/250 215/215/250 210/210/250
f 216/216/251 215/215/251 213/213/251
f 215/215/252 212/212/252 213/213/252
o Plane_13
v -0.251915 -1.472324 -0.316355
v -1.600170 -3.282941 -1.732831
v 0.500290 -3.752064 -2.564047
v 1.925026 -2.823269 -1.777650
v -2.602421 -2.029899 1.452263
v -3.386367 -4.455980 0.977971
v -1.003730 -0.895550 3.443215
v 1.347313 -0.330401 1.673488
v 3.443069 -2.827513 0.379930
v 0.637029 -0.682834 5.690856
v 3.018657 0.314131 3.857935
v 5.083828 -2.614798 2.627571
v 2.018565 -1.631864 7.860500
v 4.472744 0.389382 5.877680
v 6.616675 -1.427607 4.484588
v 3.517905 -1.437483 9.914415
v 6.058462 0.438159 8.137057
v 8.131545 -1.013983 6.506418
v 4.454501 -1.682025 11.505430
v 6.861370 -0.027789 9.591881
v 7.843792 -0.992490 10.942390
v 5.130774 -2.820041 12.514810
v 8.420442 -2.130397 8.652761
v 9.658221 -3.613411 9.284900
vn -0.1379 0.6719 -0.7277
vn -0.0538 0.6920 -0.7199
vn -0.8443 0.3518 -0.4041
vn -0.5117 0.7324 -0.4492
vn -0.3746 0.9023 -0.2133
vn -0.3775 0.9010 -0.2137
vn 0.1245 0.8141 -0.5672
vn 0.5834 0.7016 -0.4091
vn -0.1969 0.9791 0.0511
vn -0.3764 0.9263 0.0147
vn 0.4685 0.6833 -0.5600
vn 0.5978 0.6298 -0.4960
vn -0.0497 0.9031 0.4266
vn -0.4538 0.8407 0.2954
vn 0.6175 0.6321 -0.4681
vn 0.2074 0.7375 -0.6427
vn -0.4748 0.8386 0.2672
vn -0.4323 0.8555 0.2849
vn 0.4663 0.8146 -0.3449
vn 0.2948 0.8685 -0.3986
vn -0.3812 0.8534 0.3556
vn -0.2611 0.8681 0.4221
vn -0.1380 0.7557 0.6402
vn 0.0943 0.6914 0.7163
vn 0.5528 0.8324 -0.0385
vn 0.8263 0.5375 0.1684
vn 0.7851 0.6103 -0.1056
vn 0.7724 0.6245 -0.1158
vt 0.000000 0.504187
vt 0.157508 0.504187
vt 0.000000 1.000000
vt 0.157508 1.000000
vt 0.000000 0.000000
vt 0.157508 0.000000
vt 0.295026 0.000000
vt 0.295026 0.504187
vt 0.295026 1.000000
vt 0.470176 0.000000
vt 0.470176 0.504187
vt 0.470176 1.000000
vt 0.626263 0.000000
vt 0.626263 0.504187
vt 0.626263 1.000000
vt 0.786316 0.000000
vt 0.786316 0.504187
vt 0.786316 1.000000
vt 0.900113 0.000000
vt 0.900113 0.504187
vt 1.000000 0.504187
vt 1.000000 0.000000
vt 0.900113 1.000000
vt 1.000000 1.000000
s 0
usemtl Material.002
f 218/217/253 217/218/253 219/219/253
f 217/218/254 220/220/254 219/219/254
f 222/221/255 221/222/255 218/217/255
f 221/222/256 217/218/256 218/217/256
f 221/222/257 223/223/257 217/218/257
f 223/223/258 224/224/258 217/218/258
f 217/218/259 224/224/259 220/220/259
f 224/224/260 225/225/260 220/220/260
f 223/223/261 226/226/261 224/224/261
f 226/226/262 227/227/262 224/224/262
f 224/224/263 227/227/263 225/225/263
f 227/227/264 228/228/264 225/225/264
f 226/226/265 229/229/265 227/227/265
f 229/229/266 230/230/266 227/227/266
f 227/227/267 230/230/267 228/228/267
f 230/230/268 231/231/268 228/228/268
f 229/229/269 232/232/269 230/230/269
f 232/232/270 233/233/270 230/230/270
f 230/230/271 233/233/271 231/231/271
f 233/233/272 234/234/272 231/231/272
f 232/232/273 235/235/273 233/233/273
f 235/235/274 236/236/274 233/233/274
f 237/237/275 236/236/275 238/238/275
f 236/236/276 235/235/276 238/238/276
f 233/233/277 236/236/277 234/234/277
f 236/236/278 239/239/278 234/234/278
f 240/240/279 239/239/279 237/237/279
f 239/239/280 236/236/280 237/237/280
o Plane_131
v 2.863265 -0.945656 -12.010930
v 3.529840 -2.108591 -13.075480
v 4.381643 -2.409901 -11.900960
v 4.119298 -1.813349 -10.889190
v 1.388361 -1.303779 -13.191710
v 1.558589 -2.862017 -13.755050
v 0.404233 -0.575202 -11.879810
v 1.879911 -0.212215 -10.698880
v 3.018643 -1.816075 -9.600929
v -0.732911 -0.438578 -10.500850
v 0.786961 0.201759 -9.310952
v 1.881500 -1.679451 -8.221969
v -1.862818 -1.048126 -9.295610
v -0.238119 0.250092 -8.084446
v 0.970219 -0.916935 -6.972379
v -2.901950 -0.923278 -8.035503
v -1.391333 0.281422 -6.737863
v -0.046475 -0.651271 -5.707721
v -3.742704 -1.080343 -7.199286
v -2.168643 -0.017852 -6.006524
v -2.852450 -0.637466 -5.180106
v -4.263027 -1.811277 -6.617701
v -1.335944 -1.368328 -5.186048
v -1.532090 -2.320847 -4.315180
vn 0.6707 0.6719 -0.3141
vn 0.6840 0.6920 -0.2307
vn 0.1821 0.3518 -0.9182
vn 0.3082 0.7324 -0.6071
vn 0.1138 0.9023 -0.4158
vn 0.1134 0.9010 -0.4187
vn 0.5804 0.8141 -0.0201
vn 0.5410 0.7016 0.4637
vn -0.0983 0.9791 -0.1781
vn -0.1076 0.9263 -0.3610
vn 0.6587 0.6833 0.3149
vn 0.6287 0.6298 0.4561
vn -0.4256 0.9031 0.0577
vn -0.3987 0.8407 -0.3663
vn 0.6067 0.6321 0.4821
vn 0.6741 0.7375 0.0415
vn -0.3766 0.8386 -0.3936
vn -0.3832 0.8555 -0.3481
vn 0.4497 0.8146 0.3662
vn 0.4592 0.8685 0.1868
vn -0.4390 0.8534 -0.2811
vn -0.4737 0.8681 -0.1482
vn -0.6544 0.7557 0.0251
vn -0.6705 0.6914 0.2690
vn 0.1744 0.8324 0.5260
vn 0.0418 0.5375 0.8422
vn 0.2970 0.6103 0.7344
vn 0.3038 0.6245 0.7196
vt 0.000000 0.504187
vt 0.157508 0.504187
vt 0.000000 1.000000
vt 0.157508 1.000000
vt 0.000000 0.000000
vt 0.157508 0.000000
vt 0.295026 0.000000
vt 0.295026 0.504187
vt 0.295026 1.000000
vt 0.470176 0.000000
vt 0.470176 0.504187
vt 0.470176 1.000000
vt 0.626263 0.000000
vt 0.626263 0.504187
vt 0.626263 1.000000
vt 0.786316 0.000000
vt 0.786316 0.504187
vt 0.786316 1.000000
vt 0.900113 0.000000
vt 0.900113 0.504187
vt 1.000000 0.504187
vt 1.000000 0.000000
vt 0.900113 1.000000
vt 1.000000 1.000000
s 0
usemtl Material.002
f 242/241/281 241/242/281 243/243/281
f 241/242/282 244/244/282 243/243/282
f 246/245/283 245/246/283 242/241/283
f 245/246/284 241/242/284 242/241/284
f 245/246/285 247/247/285 241/242/285
f 247/247/286 248/248/286 241/242/286
f 241/242/287 248/248/287 244/244/287
f 248/248/288 249/249/288 244/244/288
f 247/247/289 250/250/289 248/248/289
f 250/250/290 251/251/290 248/248/290
f 248/248/291 251/251/291 249/249/291
f 251/251/292 252/252/292 249/249/292
f 250/250/293 253/253/293 251/251/293
f 253/253/294 254/254/294 251/251/294
f 251/251/295 254/254/295 252/252/295
f 254/254/296 255/255/296 252/252/296
f 253/253/297 256/256/297 254/254/297
f 256/256/298 257/257/298 254/254/298
f 254/254/299 257/257/299 255/255/299
f 257/257/300 258/258/300 255/255/300
f 256/256/301 259/259/301 257/257/301
f 259/259/302 260/260/302 257/257/302
f 261/261/303 260/260/303 262/262/303
f 260/260/304 259/259/304 262/262/304
f 257/257/305 260/260/305 258/258/305
f 260/260/306 263/263/306 258/258/306
f 264/264/307 263/263/307 261/261/307
f 263/263/308 260/260/308 261/261/308
o Plane_132
v -10.916350 -1.633906 21.050871
v -8.748991 -3.643220 20.940710
v -9.568718 -4.163823 23.309740
v -11.261100 -3.133103 23.940020
v -10.704700 -2.252667 17.793360
v -9.738482 -4.944986 17.476629
v -13.536690 -0.993835 17.698759
v -13.747800 -0.366668 20.957529
v -14.175000 -3.137813 23.657021
v -16.615150 -0.757776 17.453911
v -16.795191 0.348594 20.784130
v -17.253460 -2.901754 23.412170
v -19.440460 -1.810952 17.047300
v -19.546820 0.432104 20.547010
v -19.925100 -1.584281 23.359039
v -22.253580 -1.595238 16.823549
v -22.595341 0.486236 20.247339
v -22.722450 -1.125266 23.171570
v -24.270069 -1.866616 16.461010
v -24.400511 -0.030846 19.870790
v -26.247740 -1.101412 19.720770
v -25.608749 -3.129519 16.300070
v -24.737829 -2.364195 21.862221
v -26.165159 -4.009955 22.446730
vn 0.6417 0.6719 0.3697
vn 0.5810 0.6920 0.4284
vn 0.8568 0.3518 -0.3770
vn 0.6742 0.7324 -0.0953
vn 0.4059 0.9023 -0.1450
vn 0.4081 0.9010 -0.1470
vn 0.3491 0.8141 0.4641
vn -0.0700 0.7016 0.7091
vn 0.0896 0.9791 -0.1826
vn 0.2342 0.9263 -0.2951
vn 0.1194 0.6833 0.7203
vn -0.0135 0.6298 0.7766
vn -0.2912 0.9031 -0.3158
vn 0.0718 0.8407 -0.5367
vn -0.0475 0.6321 0.7735
vn 0.3522 0.7375 0.5762
vn 0.1068 0.8386 -0.5342
vn 0.0657 0.8555 -0.5136
vn -0.0424 0.8146 0.5784
vn 0.1101 0.8685 0.4834
vn -0.0212 0.8534 -0.5209
vn -0.1500 0.8681 -0.4731
vn -0.3956 0.7557 -0.5219
vn -0.6047 0.6914 -0.3954
vn -0.3311 0.8324 0.4443
vn -0.6663 0.5375 0.5169
vn -0.4317 0.6103 0.6642
vn -0.4156 0.6245 0.6613
vt 0.000000 0.504187
vt 0.157508 0.504187
vt 0.000000 1.000000
vt 0.157508 1.000000
vt 0.000000 0.000000
vt 0.157508 0.000000
vt 0.295026 0.000000
vt 0.295026 0.504187
vt 0.295026 1.000000
vt 0.470176 0.000000
vt 0.470176 0.504187
vt 0.470176 1.000000
vt 0.626263 0.000000
vt 0.626263 0.504187
vt 0.626263 1.000000
vt 0.786316 0.000000
vt 0.786316 0.504187
vt 0.786316 1.000000
vt 0.900113 0.000000
vt 0.900113 0.504187
vt 1.000000 0.504187
vt 1.000000 0.000000
vt 0.900113 1.000000
vt 1.000000 1.000000
s 0
usemtl Material.002
f 266/265/309 265/266/309 267/267/309
f 265/266/310 268/268/310 267/267/310
f 270/269/311 269/270/311 266/265/311
f 269/270/312 265/266/312 266/265/312
f 269/270/313 271/271/313 265/266/313
f 271/271/314 272/272/314 265/266/314
f 265/266/315 272/272/315 268/268/315
f 272/272/316 273/273/316 268/268/316
f 271/271/317 274/274/317 272/272/317
f 274/274/318 275/275/318 272/272/318
f 272/272/319 275/275/319 273/273/319
f 275/275/320 276/276/320 273/273/320
f 274/274/321 277/277/321 275/275/321
f 277/277/322 278/278/322 275/275/322
f 275/275/323 278/278/323 276/276/323
f 278/278/324 279/279/324 276/276/324
f 277/277/325 280/280/325 278/278/325
f 280/280/326 281/281/326 278/278/326
f 278/278/327 281/281/327 279/279/327
f 281/281/328 282/282/328 279/279/328
f 280/280/329 283/283/329 281/281/329
f 283/283/330 284/284/330 281/281/330
f 285/285/331 284/284/331 286/286/331
f 284/284/332 283/283/332 286/286/332
f 281/281/333 284/284/333 282/282/333
f 284/284/334 287/287/334 282/282/334
f 288/288/335 287/287/335 285/285/335
f 287/287/336 284/284/336 285/285/336
o Plane_133
v -26.564180 -0.694302 -1.269087
v -25.848869 -1.548129 -3.030463
v -24.271820 -1.769352 -1.502244
v -24.398310 -1.331363 0.074722
v -29.071791 -0.957235 -2.643667
v -28.965349 -2.101296 -3.528018
v -30.195829 -0.422313 -0.430502
v -27.687019 -0.155808 0.944109
v -25.702250 -1.333364 2.283124
v -31.530439 -0.322004 1.922662
v -28.953409 0.148132 3.299080
v -27.036860 -1.233055 4.636289
v -32.899689 -0.769535 4.014955
v -30.160820 0.183619 5.395657
v -28.068590 -0.673215 6.737516
v -34.119270 -0.677871 6.165299
v -31.527861 0.206620 7.704757
v -29.253519 -0.478164 8.888777
v -35.153969 -0.793190 7.631824
v -32.495411 -0.013106 8.998334
v -33.298691 -0.468028 10.409200
v -35.777569 -1.329841 8.634935
v -31.039431 -1.004628 10.003730
v -31.104090 -1.703969 11.353320
vn 0.3860 0.8819 -0.2707
vn 0.3965 0.8923 -0.2160
vn 0.0175 0.6125 -0.7903
vn 0.1199 0.9116 -0.3932
vn 0.0211 0.9742 -0.2248
vn 0.0206 0.9738 -0.2265
vn 0.3199 0.9450 -0.0676
vn 0.3802 0.8970 0.2253
vn -0.0629 0.9950 -0.0781
vn -0.0865 0.9811 -0.1731
vn 0.4432 0.8878 0.1238
vn 0.4614 0.8582 0.2251
vn -0.2142 0.9744 0.0682
vn -0.2511 0.9545 -0.1608
vn 0.4491 0.8595 0.2441
vn 0.4034 0.9139 -0.0454
vn -0.2422 0.9538 -0.1780
vn -0.2381 0.9595 -0.1505
vn 0.2849 0.9452 0.1593
vn 0.2609 0.9637 0.0563
vn -0.2622 0.9588 -0.1096
vn -0.2650 0.9636 -0.0345
vn -0.3789 0.9219 0.0815
vn -0.3842 0.8920 0.2383
vn 0.1457 0.9516 0.2706
vn 0.1341 0.7958 0.5906
vn 0.2821 0.8462 0.4520
vn 0.2813 0.8550 0.4358
vt 0.000000 0.504187
vt 0.157508 0.504187
vt 0.000000 1.000000
vt 0.157508 1.000000
vt 0.000000 0.000000
vt 0.157508 0.000000
vt 0.295026 0.000000
vt 0.295026 0.504187
vt 0.295026 1.000000
vt 0.470176 0.000000
vt 0.470176 0.504187
vt 0.470176 1.000000
vt 0.626263 0.000000
vt 0.626263 0.504187
vt 0.626263 1.000000
vt 0.786316 0.000000
vt 0.786316 0.504187
vt 0.786316 1.000000
vt 0.900113 0.000000
vt 0.900113 0.504187
vt 1.000000 0.504187
vt 1.000000 0.000000
vt 0.900113 1.000000
vt 1.000000 1.000000
s 0
usemtl Material.002
f 290/289/337 289/290/337 291/291/337
f 289/290/338 292/292/338 291/291/338
f 294/293/339 293/294/339 290/289/339
f 293/294/340 289/290/340 290/289/340
f 293/294/341 295/295/341 289/290/341
f 295/295/342 296/296/342 289/290/342
f 289/290/343 296/296/343 292/292/343
f 296/296/344 297/297/344 292/292/344
f 295/295/345 298/298/345 296/296/345
f 298/298/346 299/299/346 296/296/346
f 296/296/347 299/299/347 297/297/347
f 299/299/348 300/300/348 297/297/348
f 298/298/349 301/301/349 299/299/349
f 301/301/350 302/302/350 299/299/350
f 299/299/351 302/302/351 300/300/351
f 302/302/352 303/303/352 300/300/352
f 301/301/353 304/304/353 302/302/353
f 304/304/354 305/305/354 302/302/354
f 302/302/355 305/305/355 303/303/355
f 305/305/356 306/306/356 303/303/356
f 304/304/357 307/307/357 305/305/357
f 307/307/358 308/308/358 305/305/358
f 309/309/359 308/308/359 310/310/359
f 308/308/360 307/307/360 310/310/360
f 305/305/361 308/308/361 306/306/361
f 308/308/362 311/311/362 306/306/362
f 312/312/363 311/311/363 309/309/363
f 311/311/364 308/308/364 309/309/364
o Plane_14
v 0.043789 0.413072 0.625378
v -0.501374 -1.945936 -0.488360
v 1.228042 -1.342072 -1.891000
v 2.120731 0.248636 -1.462392
v -1.109569 -1.116160 2.926463
v -0.625941 -3.631580 2.521300
v 0.141594 0.842278 4.477453
v 1.291192 2.378163 2.175669
v 3.937058 1.206957 0.193568
v 1.970275 2.056566 6.201011
v 2.905532 3.971749 3.859418
v 5.765740 2.421246 1.917127
v 4.165095 2.138578 7.841954
v 4.591928 4.953468 5.405930
v 6.900201 4.379669 3.361125
v 5.836162 3.248206 9.416958
v 6.463335 6.000466 7.144693
v 8.462442 5.681876 4.915916
v 7.150946 3.654928 10.671650
v 7.746762 6.137856 8.290215
v 9.405222 5.932036 9.252931
v 8.557953 3.115025 11.378840
v 9.847400 5.059212 6.821386
v 11.788250 4.479823 6.989991
vn -0.6531 0.4414 -0.6153
vn -0.5929 0.5023 -0.6294
vn -0.9770 -0.1663 -0.1336
vn -0.9141 0.3254 -0.2419
vn -0.8267 0.5611 -0.0415
vn -0.8285 0.5584 -0.0412
vn -0.4697 0.7110 -0.5233
vn 0.0043 0.8634 -0.5044
vn -0.6508 0.7403 0.1689
vn -0.7795 0.6001 0.1795
vn -0.1203 0.7760 -0.6191
vn 0.0297 0.8020 -0.5965
vn -0.3911 0.7828 0.4840
vn -0.7233 0.5113 0.4641
vn 0.0521 0.8164 -0.5751
vn -0.3829 0.6816 -0.6235
vn -0.7468 0.4963 0.4427
vn -0.7162 0.5341 0.4492
vn -0.1320 0.9056 -0.4032
vn -0.3138 0.8591 -0.4043
vn -0.6546 0.5644 0.5030
vn -0.5465 0.6443 0.5350
vn -0.3300 0.6299 0.7031
vn -0.0873 0.7004 0.7084
vn 0.0113 0.9912 -0.1316
vn 0.4413 0.8970 -0.0276
vn 0.2969 0.9147 -0.2743
vn 0.2765 0.9194 -0.2797
vt 0.000000 0.504187
vt 0.157508 0.504187
vt 0.000000 1.000000
vt 0.157508 1.000000
vt 0.000000 0.000000
vt 0.157508 0.000000
vt 0.295026 0.000000
vt 0.295026 0.504187
vt 0.295026 1.000000
vt 0.470176 0.000000
vt 0.470176 0.504187
vt 0.470176 1.000000
vt 0.626263 0.000000
vt 0.626263 0.504187
vt 0.626263 1.000000
vt 0.786316 0.000000
vt 0.786316 0.504187
vt 0.786316 1.000000
vt 0.900113 0.000000
vt 0.900113 0.504187
vt 1.000000 0.504187
vt 1.000000 0.000000
vt 0.900113 1.000000
vt 1.000000 1.000000
s 0
usemtl Material.002
f 314/313/365 313/314/365 315/315/365
f 313/314/366 316/316/366 315/315/366
f 318/317/367 317/318/367 314/313/367
f 317/318/368 313/314/368 314/313/368
f 317/318/369 319/319/369 313/314/369
f 319/319/370 320/320/370 313/314/370
f 313/314/371 320/320/371 316/316/371
f 320/320/372 321/321/372 316/316/372
f 319/319/373 322/322/373 320/320/373
f 322/322/374 323/323/374 320/320/374
f 320/320/375 323/323/375 321/321/375
f 323/323/376 324/324/376 321/321/376
f 322/322/377 325/325/377 323/323/377
f 325/325/378 326/326/378 323/323/378
f 323/323/379 326/326/379 324/324/379
f 326/326/380 327/327/380 324/324/380
f 325/325/381 328/328/381 326/326/381
f 328/328/382 329/329/382 326/326/382
f 326/326/383 329/329/383 327/327/383
f 329/329/384 330/330/384 327/327/384
f 328/328/385 331/331/385 329/329/385
f 331/331/386 332/332/386 329/329/386
f 333/333/387 332/332/387 334/334/387
f 332/332/388 331/331/388 334/334/388
f 329/329/389 332/332/389 330/330/389
f 332/332/390 335/335/390 330/330/390
f 336/336/391 335/335/391 333/333/391
f 335/335/392 332/332/392 333/333/392
o Plane_141
v 2.324409 0.265307 -11.676920
v 2.930549 -1.249850 -12.193550
v 4.078794 -0.861997 -11.340920
v 3.954314 0.159693 -10.717200
v 0.708904 -0.716897 -12.027990
v 1.038046 -2.332517 -11.791610
v -0.056835 0.540981 -11.002420
v 1.558506 1.527458 -10.653800
v 3.213294 0.775209 -9.323250
v -0.837949 1.320901 -9.590017
v 0.768018 2.550996 -9.381104
v 2.432180 1.555129 -7.910847
v -1.509331 1.373576 -7.962958
v 0.074399 3.181541 -8.085439
v 1.714422 2.812998 -6.974935
v -2.223120 2.086274 -6.672292
v -0.709370 3.854012 -6.644031
v 0.995874 3.649385 -5.755201
v -2.794365 2.347507 -5.654335
v -1.217679 3.942256 -5.662977
v -1.552501 3.810061 -4.477694
v -3.010252 2.000734 -4.666216
v 0.030885 3.249457 -4.589912
v 0.235159 2.877324 -3.355424
vn 0.4340 0.4414 -0.7853
vn 0.4627 0.5023 -0.7305
vn -0.1129 -0.1663 -0.9796
vn 0.0076 0.3254 -0.9455
vn -0.1648 0.5611 -0.8112
vn -0.1656 0.5584 -0.8129
vn 0.3904 0.7110 -0.5848
vn 0.4897 0.8634 -0.1209
vn -0.3251 0.7403 -0.5885
vn -0.3672 0.6001 -0.7107
vn 0.5699 0.7760 -0.2701
vn 0.5853 0.8020 -0.1192
vn -0.5659 0.7828 -0.2589
vn -0.6290 0.5113 -0.5856
vn 0.5700 0.8164 -0.0922
vn 0.5091 0.6816 -0.5256
vn -0.6141 0.4963 -0.6137
vn -0.6128 0.5341 -0.5824
vn 0.3578 0.9056 -0.2279
vn 0.3138 0.8591 -0.4043
vn -0.6496 0.5644 -0.5094
vn -0.6538 0.6443 -0.3967
vn -0.7630 0.6299 -0.1453
vn -0.7079 0.7004 0.0911
vn 0.1302 0.9912 -0.0217
vn 0.1362 0.8970 0.4206
vn 0.3394 0.9147 0.2196
vn 0.3396 0.9194 0.1985
vt 0.000000 0.504187
vt 0.157508 0.504187
vt 0.000000 1.000000
vt 0.157508 1.000000
vt 0.000000 0.000000
vt 0.157508 0.000000
vt 0.295026 0.000000
vt 0.295026 0.504187
vt 0.295026 1.000000
vt 0.470176 0.000000
vt 0.470176 0.504187
vt 0.470176 1.000000
vt 0.626263 0.000000
vt 0.626263 0.504187
vt 0.626263 1.000000
vt 0.786316 0.000000
vt 0.786316 0.504187
vt 0.786316 1.000000
vt 0.900113 0.000000
vt 0.900113 0.504187
vt 1.000000 0.504187
vt 1.000000 0.000000
vt 0.900113 1.000000
vt 1.000000 1.000000
s 0
usemtl Material.002
f 338/337/393 337/338/393 339/339/393
f 337/338/394 340/340/394 339/339/394
f 342/341/395 341/342/395 338/337/395
f 341/342/396 337/338/396 338/337/396
f 341/342/397 343/343/397 337/338/397
f 343/343/398 344/344/398 337/338/398
f 337/338/399 344/344/399 340/340/399
f 344/344/400 345/345/400 340/340/400
f 343/343/401 346/346/401 344/344/401
f 346/346/402 347/347/402 344/344/402
f 344/344/403 347/347/403 345/345/403
f 347/347/404 348/348/404 345/345/404
f 346/346/405 349/349/405 347/347/405
f 349/349/406 350/350/406 347/347/406
f 347/347/407 350/350/407 348/348/407
f 350/350/408 351/351/408 348/348/408
f 349/349/409 352/352/409 350/350/409
f 352/352/410 353/353/410 350/350/410
f 350/350/411 353/353/411 351/351/411
f 353/353/412 354/354/412 351/351/412
f 352/352/413 355/355/413 353/353/413
f 355/355/414 356/356/414 353/353/414
f 357/357/415 356/356/415 358/358/415
f 356/356/416 355/355/416 358/358/416
f 353/353/417 356/356/417 354/354/417
f 356/356/418 359/359/418 354/354/418
f 360/360/419 359/359/419 357/357/419
f 359/359/420 356/356/420 357/357/420
o Plane_142
v -11.922820 0.458393 20.618570
v -10.591150 -2.159491 20.965330
v -10.661570 -1.489360 23.435400
v -11.667990 0.275913 23.876690
v -13.025220 -1.238655 17.983459
v -13.034050 -4.030118 18.683559
v -15.235560 0.934702 17.914619
v -14.129850 2.639133 20.547060
v -14.375460 1.339400 24.207569
v -18.008869 2.282246 18.207001
v -16.714609 4.407599 20.687851
v -17.148769 2.686944 24.499960
v -20.977470 2.373259 18.867290
v -19.235991 5.497054 20.988541
v -19.184650 4.860285 24.410280
v -23.511740 3.604656 19.134470
v -22.052999 6.658948 21.305880
v -21.623190 6.305395 24.600491
v -25.518730 4.056012 19.333481
v -23.945419 6.811417 21.557470
v -25.955259 6.583010 22.256920
v -27.131630 3.456861 20.006130
v -24.228640 5.614400 24.387850
v -25.774389 4.971430 25.899361
vn 0.8923 0.4414 -0.0943
vn 0.8638 0.5023 -0.0394
vn 0.7381 -0.1663 -0.6539
vn 0.7792 0.3254 -0.5356
vn 0.5704 0.5611 -0.5999
vn 0.5713 0.5584 -0.6015
vn 0.7030 0.7110 -0.0152
vn 0.3797 0.8634 0.3321
vn 0.2960 0.7403 -0.6036
vn 0.3720 0.6001 -0.7082
vn 0.5480 0.7760 0.3123
vn 0.4331 0.8020 0.4113
vn -0.1121 0.7828 -0.6121
vn 0.1194 0.5113 -0.8510
vn 0.4022 0.8164 0.4143
vn 0.7225 0.6816 0.1160
vn 0.1510 0.4963 -0.8549
vn 0.1261 0.5341 -0.8360
vn 0.3918 0.9056 0.1626
vn 0.5111 0.8591 0.0255
vn 0.0452 0.5644 -0.8243
vn -0.0496 0.6443 -0.7632
vn -0.3182 0.6299 -0.7085
vn -0.4803 0.7004 -0.5279
vn 0.0924 0.9912 0.0943
vn -0.2667 0.8970 0.3527
vn 0.0146 0.9147 0.4040
vn 0.0319 0.9194 0.3920
vt 0.000000 0.504187
vt 0.157508 0.504187
vt 0.000000 1.000000
vt 0.157508 1.000000
vt 0.000000 0.000000
vt 0.157508 0.000000
vt 0.295026 0.000000
vt 0.295026 0.504187
vt 0.295026 1.000000
vt 0.470176 0.000000
vt 0.470176 0.504187
vt 0.470176 1.000000
vt 0.626263 0.000000
vt 0.626263 0.504187
vt 0.626263 1.000000
vt 0.786316 0.000000
vt 0.786316 0.504187
vt 0.786316 1.000000
vt 0.900113 0.000000
vt 0.900113 0.504187
vt 1.000000 0.504187
vt 1.000000 0.000000
vt 0.900113 1.000000
vt 1.000000 1.000000
s 0
usemtl Material.002
f 362/361/421 361/362/421 363/363/421
f 361/362/422 364/364/422 363/363/422
f 366/365/423 365/366/423 362/361/423
f 365/366/424 361/362/424 362/361/424
f 365/366/425 367/367/425 361/362/425
f 367/367/426 368/368/426 361/362/426
f 361/362/427 368/368/427 364/364/427
f 368/368/428 369/369/428 364/364/428
f 367/367/429 370/370/429 368/368/429
f 370/370/430 371/371/430 368/368/430
f 368/368/431 371/371/431 369/369/431
f 371/371/432 372/372/432 369/369/432
f 370/370/433 373/373/433 371/371/433
f 373/373/434 374/374/434 371/371/434
f 371/371/435 374/374/435 372/372/435
f 374/374/436 375/375/436 372/372/436
f 373/373/437 376/376/437 374/374/437
f 376/376/438 377/377/438 374/374/438
f 374/374/439 377/377/439 375/375/439
f 377/377/440 378/378/440 375/375/440
f 376/376/441 379/379/441 377/377/441
f 379/379/442 380/380/442 377/377/442
f 381/381/443 380/380/443 382/382/443
f 380/380/444 379/379/444 382/382/444
f 377/377/445 380/380/445 378/378/445
f 380/380/446 383/383/446 378/378/446
f 384/384/447 383/383/447 381/381/447
f 383/383/448 380/380/448 381/381/448
o Plane_143
v -27.280161 0.194790 -0.630210
v -26.511641 -0.917641 -1.558932
v -24.576839 -0.632879 -0.588131
v -24.599291 0.117248 0.374278
v -29.780380 -0.526346 -0.731083
v -29.227871 -1.712536 -0.464770
v -30.653721 0.397190 0.998109
v -28.154390 1.121463 1.095371
v -25.339439 0.569161 2.646185
v -31.448811 0.969809 3.308015
v -29.000000 1.872946 3.199452
v -26.134529 1.141779 4.956092
v -32.024181 1.008483 5.909236
v -29.695181 2.335892 5.312444
v -26.959789 2.065308 6.539074
v -32.750740 1.531746 8.020050
v -30.486650 2.829623 7.666288
v -27.712009 2.679385 8.545385
v -33.336128 1.723543 9.687027
v -30.987860 2.894411 9.261789
v -31.177019 2.797353 11.116390
v -33.399540 1.468943 11.216580
v -28.845850 2.385757 10.534980
v -28.218451 2.112536 12.321950
vn 0.2283 0.7121 -0.6640
vn 0.2442 0.7676 -0.5926
vn -0.2686 -0.3284 -0.9055
vn -0.1345 0.5787 -0.8044
vn -0.2127 0.8132 -0.5417
vn -0.2139 0.8113 -0.5441
vn 0.1744 0.9016 -0.3958
vn 0.2494 0.9621 -0.1101
vn -0.2530 0.9151 -0.3139
vn -0.3289 0.8397 -0.4321
vn 0.2993 0.9303 -0.2120
vn 0.3162 0.9405 -0.1243
vn -0.3481 0.9330 -0.0909
vn -0.5299 0.7751 -0.3442
vn 0.3066 0.9459 -0.1064
vn 0.2592 0.8869 -0.3823
vn -0.5298 0.7625 -0.3714
vn -0.5073 0.7932 -0.3370
vn 0.1635 0.9751 -0.1496
vn 0.1298 0.9607 -0.2454
vn -0.5102 0.8156 -0.2730
vn -0.4649 0.8666 -0.1812
vn -0.5133 0.8582 -0.0074
vn -0.4231 0.8964 0.1317
vn 0.0608 0.9979 -0.0214
vn 0.1088 0.9726 0.2055
vn 0.1930 0.9778 0.0817
vn 0.1905 0.9791 0.0707
vt 0.000000 0.504187
vt 0.157508 0.504187
vt 0.000000 1.000000
vt 0.157508 1.000000
vt 0.000000 0.000000
vt 0.157508 0.000000
vt 0.295026 0.000000
vt 0.295026 0.504187
vt 0.295026 1.000000
vt 0.470176 0.000000
vt 0.470176 0.504187
vt 0.470176 1.000000
vt 0.626263 0.000000
vt 0.626263 0.504187
vt 0.626263 1.000000
vt 0.786316 0.000000
vt 0.786316 0.504187
vt 0.786316 1.000000
vt 0.900113 0.000000
vt 0.900113 0.504187
vt 1.000000 0.504187
vt 1.000000 0.000000
vt 0.900113 1.000000
vt 1.000000 1.000000
s 0
usemtl Material.002
f 386/385/449 385/386/449 387/387/449
f 385/386/450 388/388/450 387/387/450
f 390/389/451 389/390/451 386/385/451
f 389/390/452 385/386/452 386/385/452
f 389/390/453 391/391/453 385/386/453
f 391/391/454 392/392/454 385/386/454
f 385/386/455 392/392/455 388/388/455
f 392/392/456 393/393/456 388/388/456
f 391/391/457 394/394/457 392/392/457
f 394/394/458 395/395/458 392/392/458
f 392/392/459 395/395/459 393/393/459
f 395/395/460 396/396/460 393/393/460
f 394/394/461 397/397/461 395/395/461
f 397/397/462 398/398/462 395/395/462
f 395/395/463 398/398/463 396/396/463
f 398/398/464 399/399/464 396/396/464
f 397/397/465 400/400/465 398/398/465
f 400/400/466 401/401/466 398/398/466
f 398/398/467 401/401/467 399/399/467
f 401/401/468 402/402/468 399/399/468
f 400/400/469 403/403/469 401/401/469
f 403/403/470 404/404/470 401/401/470
f 405/405/471 404/404/471 406/406/471
f 404/404/472 403/403/472 406/406/472
f 401/401/473 404/404/473 402/402/473
f 404/404/474 407/407/474 402/402/474
f 408/408/475 407/407/475 405/405/475
f 407/407/476 404/404/476 405/405/476
o Plane_15
v -1.537848 1.713190 0.457958
v -0.926052 -0.848716 0.051911
v 0.216805 -0.576219 2.037497
v 0.009601 1.080531 2.887908
v -3.865615 0.761622 -1.166788
v -4.164814 -1.772550 -0.704347
v -5.124844 3.046099 -0.165808
v -2.794120 4.003922 1.455620
v -1.694246 2.424749 4.387778
v -6.835290 4.655136 1.342372
v -4.335943 5.969555 2.774594
v -3.404692 4.033785 5.895958
v -8.804195 5.148791 3.185297
v -5.904869 7.309071 4.168715
v -4.539408 6.291549 6.802869
v -10.367220 6.619144 4.563487
v -7.677406 8.759699 5.709969
v -6.016815 7.942954 8.084994
v -11.721390 7.326736 5.628325
v -8.984837 9.179404 6.755316
v -10.271510 9.226468 8.191262
v -12.794510 6.985829 6.854490
v -8.246435 7.806026 9.057969
v -8.919289 7.304739 10.909191
vn 0.8163 0.2754 -0.5077
vn 0.8325 0.3319 -0.4437
vn 0.2774 -0.2041 -0.9388
vn 0.4840 0.2486 -0.8390
vn 0.3316 0.5260 -0.7832
vn 0.3310 0.5235 -0.7851
vn 0.7566 0.5611 -0.3357
vn 0.6826 0.7189 0.1311
vn 0.1392 0.7520 -0.6443
vn 0.1212 0.6169 -0.7777
vn 0.7955 0.6054 0.0277
vn 0.7510 0.6377 0.1714
vn -0.2012 0.8710 -0.4482
vn -0.1817 0.5989 -0.7799
vn 0.7296 0.6570 0.1898
vn 0.8283 0.5097 -0.2325
vn -0.1602 0.5790 -0.7994
vn -0.1635 0.6176 -0.7693
vn 0.6225 0.7824 -0.0205
vn 0.6478 0.7350 -0.2002
vn -0.2195 0.6605 -0.7181
vn -0.2522 0.7468 -0.6153
vn -0.4577 0.7752 -0.4355
vn -0.4931 0.8476 -0.1959
vn 0.3562 0.9317 0.0714
vn 0.1517 0.8695 0.4700
vn 0.4188 0.8265 0.3760
vn 0.4290 0.8296 0.3572
vt 0.000000 0.504187
vt 0.157508 0.504187
vt 0.000000 1.000000
vt 0.157508 1.000000
vt 0.000000 0.000000
vt 0.157508 0.000000
vt 0.295026 0.000000
vt 0.295026 0.504187
vt 0.295026 1.000000
vt 0.470176 0.000000
vt 0.470176 0.504187
vt 0.470176 1.000000
vt 0.626263 0.000000
vt 0.626263 0.504187
vt 0.626263 1.000000
vt 0.786316 0.000000
vt 0.786316 0.504187
vt 0.786316 1.000000
vt 0.900113 0.000000
vt 0.900113 0.504187
vt 1.000000 0.504187
vt 1.000000 0.000000
vt 0.900113 1.000000
vt 1.000000 1.000000
s 0
usemtl Material.002
f 410/409/477 409/410/477 411/411/477
f 409/410/478 412/412/478 411/411/478
f 414/413/479 413/414/479 410/409/479
f 413/414/480 409/410/480 410/409/480
f 413/414/481 415/415/481 409/410/481
f 415/415/482 416/416/482 409/410/482
f 409/410/483 416/416/483 412/412/483
f 416/416/484 417/417/484 412/412/484
f 415/415/485 418/418/485 416/416/485
f 418/418/486 419/419/486 416/416/486
f 416/416/487 419/419/487 417/417/487
f 419/419/488 420/420/488 417/417/488
f 418/418/489 421/421/489 419/419/489
f 421/421/490 422/422/490 419/419/490
f 419/419/491 422/422/491 420/420/491
f 422/422/492 423/423/492 420/420/492
f 421/421/493 424/424/493 422/422/493
f 424/424/494 425/425/494 422/422/494
f 422/422/495 425/425/495 423/423/495
f 425/425/496 426/426/496 423/423/496
f 424/424/497 427/427/497 425/425/497
f 427/427/498 428/428/498 425/425/498
f 429/429/499 428/428/499 430/430/499
f 428/428/500 427/427/500 430/430/500
f 425/425/501 428/428/501 426/426/501
f 428/428/502 431/431/502 426/426/502
f 432/432/503 431/431/503 429/429/503
f 431/431/504 428/428/504 429/429/504
o Plane_151
v 2.176622 1.100355 -12.687710
v 2.526732 -0.545122 -12.371720
v 1.473327 -0.370101 -11.344310
v 0.911180 0.694007 -11.337760
v 2.816748 0.489176 -14.394910
v 2.481347 -1.138487 -14.507410
v 1.993324 1.956464 -15.018960
v 1.355734 2.571660 -13.310450
v -0.293491 1.557380 -12.158990
v 0.782433 2.989926 -15.842970
v 0.289432 3.834159 -14.059680
v -1.504383 2.590842 -12.983000
v -0.677916 3.306994 -16.774481
v -0.827947 4.694511 -14.813810
v -2.249440 4.040971 -13.544570
v -1.784440 4.251382 -17.527470
v -2.069308 5.626229 -15.671190
v -3.282553 5.101646 -14.259590
v -2.662723 4.705858 -18.200420
v -2.928018 5.895802 -16.318159
v -4.026455 5.926031 -16.890011
v -3.596613 4.486898 -18.672800
v -4.243137 5.013700 -15.491900
v -5.502182 4.691730 -15.615660
vn 0.6943 0.2754 0.6649
vn 0.6363 0.3319 0.6964
vn 0.9783 -0.2041 0.0359
vn 0.9328 0.2486 0.2608
vn 0.8410 0.5260 0.1270
vn 0.8427 0.5235 0.1260
vn 0.5129 0.5611 0.6497
vn 0.0423 0.7189 0.6938
vn 0.6587 0.7520 -0.0249
vn 0.7834 0.6169 -0.0755
vn 0.1705 0.6054 0.7775
vn 0.0202 0.6377 0.7700
vn 0.3843 0.8710 -0.3061
vn 0.7105 0.5989 -0.3695
vn -0.0029 0.6570 0.7539
vn 0.4307 0.5097 0.7448
vn 0.7347 0.5790 -0.3535
vn 0.7047 0.6176 -0.3492
vn 0.1742 0.7824 0.5980
vn 0.3546 0.7350 0.5779
vn 0.6412 0.6605 -0.3908
vn 0.5335 0.7468 -0.3970
vn 0.3084 0.7752 -0.5514
vn 0.0675 0.8476 -0.5263
vn 0.0192 0.9317 0.3627
vn -0.4177 0.8695 0.2635
vn -0.2604 0.8265 0.4990
vn -0.2397 0.8296 0.5042
vt 0.000000 0.504187
vt 0.157508 0.504187
vt 0.000000 1.000000
vt 0.157508 1.000000
vt 0.000000 0.000000
vt 0.157508 0.000000
vt 0.295026 0.000000
vt 0.295026 0.504187
vt 0.295026 1.000000
vt 0.470176 0.000000
vt 0.470176 0.504187
vt 0.470176 1.000000
vt 0.626263 0.000000
vt 0.626263 0.504187
vt 0.626263 1.000000
vt 0.786316 0.000000
vt 0.786316 0.504187
vt 0.786316 1.000000
vt 0.900113 0.000000
vt 0.900113 0.504187
vt 1.000000 0.504187
vt 1.000000 0.000000
vt 0.900113 1.000000
vt 1.000000 1.000000
s 0
usemtl Material.002
f 434/433/505 433/434/505 435/435/505
f 433/434/506 436/436/506 435/435/506
f 438/437/507 437/438/507 434/433/507
f 437/438/508 433/434/508 434/433/508
f 437/438/509 439/439/509 433/434/509
f 439/439/510 440/440/510 433/434/510
f 433/434/511 440/440/511 436/436/511
f 440/440/512 441/441/512 436/436/512
f 439/439/513 442/442/513 440/440/513
f 442/442/514 443/443/514 440/440/514
f 440/440/515 443/443/515 441/441/515
f 443/443/516 444/444/516 441/441/516
f 442/442/517 445/445/517 443/443/517
f 445/445/518 446/446/518 443/443/518
f 443/443/519 446/446/519 444/444/519
f 446/446/520 447/447/520 444/444/520
f 445/445/521 448/448/521 446/446/521
f 448/448/522 449/449/522 446/446/522
f 446/446/523 449/449/523 447/447/523
f 449/449/524 450/450/524 447/447/524
f 448/448/525 451/451/525 449/449/525
f 451/451/526 452/452/526 449/449/526
f 453/453/527 452/452/527 454/454/527
f 452/452/528 451/451/528 454/454/528
f 449/449/529 452/452/529 450/450/529
f 452/452/530 455/455/530 450/450/530
f 456/456/531 455/455/531 453/453/531
f 455/455/532 452/452/532 453/453/532
o Plane_152
v -10.637890 1.901187 19.408520
v -10.738670 -0.941863 20.217131
v -13.236440 -0.639462 19.742769
v -13.802290 1.199101 18.953270
v -7.586752 0.845195 18.624630
v -7.759538 -1.967076 18.038321
v -7.518379 3.380371 16.840799
v -10.568860 4.443304 17.629589
v -13.832200 2.690834 16.434389
v -7.550505 5.165983 14.310360
v -10.563720 6.624646 15.377921
v -13.864320 4.476446 13.903950
v -7.677413 5.713812 11.320260
v -10.602210 8.111159 13.049081
v -13.806840 6.981976 12.292961
v -7.706770 7.345522 9.007921
v -10.617260 9.720979 10.442461
v -13.817270 8.814605 10.122161
v -7.623471 8.130765 7.098001
v -10.551360 10.186749 8.585977
v -10.829220 10.238969 6.464441
v -7.879236 7.752448 5.307936
v -13.023430 8.662652 7.541885
v -14.094770 8.106355 5.636580
vn -0.1471 0.2754 0.9500
vn -0.2061 0.3319 0.9205
vn 0.5312 -0.2041 0.8223
vn 0.3208 0.2486 0.9139
vn 0.3778 0.5260 0.7620
vn 0.3796 0.5235 0.7628
vn -0.2385 0.5611 0.7926
vn -0.5444 0.7189 0.4322
vn 0.3979 0.7520 0.5256
vn 0.5108 0.6169 0.5988
vn -0.5394 0.6054 0.5852
vn -0.6195 0.6377 0.4578
vn 0.4711 0.8710 0.1396
vn 0.7099 0.5989 0.3706
vn -0.6195 0.6570 0.4296
vn -0.3636 0.5097 0.7798
vn 0.7107 0.5790 0.3995
vn 0.6901 0.6176 0.3774
vn -0.3902 0.7824 0.4854
vn -0.2704 0.7350 0.6218
vn 0.6877 0.6605 0.3015
vn 0.6310 0.7468 0.2098
vn 0.6286 0.7752 -0.0632
vn 0.4700 0.8476 -0.2463
vn -0.2863 0.9317 0.2236
vn -0.4553 0.8695 -0.1913
vn -0.5582 0.8265 0.0725
vn -0.5506 0.8296 0.0925
vt 0.000000 0.504187
vt 0.157508 0.504187
vt 0.000000 1.000000
vt 0.157508 1.000000
vt 0.000000 0.000000
vt 0.157508 0.000000
vt 0.295026 0.000000
vt 0.295026 0.504187
vt 0.295026 1.000000
vt 0.470176 0.000000
vt 0.470176 0.504187
vt 0.470176 1.000000
vt 0.626263 0.000000
vt 0.626263 0.504187
vt 0.626263 1.000000
vt 0.786316 0.000000
vt 0.786316 0.504187
vt 0.786316 1.000000
vt 0.900113 0.000000
vt 0.900113 0.504187
vt 1.000000 0.504187
vt 1.000000 0.000000
vt 0.900113 1.000000
vt 1.000000 1.000000
s 0
usemtl Material.002
f 458/457/533 457/458/533 459/459/533
f 457/458/534 460/460/534 459/459/534
f 462/461/535 461/462/535 458/457/535
f 461/462/536 457/458/536 458/457/536
f 461/462/537 463/463/537 457/458/537
f 463/463/538 464/464/538 457/458/538
f 457/458/539 464/464/539 460/460/539
f 464/464/540 465/465/540 460/460/540
f 463/463/541 466/466/541 464/464/541
f 466/466/542 467/467/542 464/464/542
f 464/464/543 467/467/543 465/465/543
f 467/467/544 468/468/544 465/465/544
f 466/466/545 469/469/545 467/467/545
f 469/469/546 470/470/546 467/467/546
f 467/467/547 470/470/547 468/468/547
f 470/470/548 471/471/548 468/468/548
f 469/469/549 472/472/549 470/470/549
f 472/472/550 473/473/550 470/470/550
f 470/470/551 473/473/551 471/471/551
f 473/473/552 474/474/552 471/471/552
f 472/472/553 475/475/553 473/473/553
f 475/475/554 476/476/554 473/473/554
f 477/477/555 476/476/555 478/478/555
f 476/476/556 475/475/556 478/478/556
f 473/473/557 476/476/557 474/474/557
f 476/476/558 479/479/558 474/474/558
f 480/480/559 479/479/559 477/477/559
f 479/479/560 476/476/560 477/477/560
o Plane_153
v -27.764839 0.807883 -2.098456
v -27.160250 -0.400228 -1.718946
v -28.461960 -0.271727 0.088227
v -29.298300 0.509542 0.245006
v -27.257030 0.359155 -4.810976
v -27.786461 -0.835877 -4.890972
v -28.647800 1.436440 -5.525971
v -29.151489 1.888118 -2.812158
v -31.309010 1.143432 -0.664229
v -30.668510 2.195210 -6.437727
v -30.937090 2.815047 -3.650247
v -33.329720 1.902201 -1.575985
v -33.089230 2.428001 -7.444492
v -32.800110 3.446718 -4.482273
v -34.587330 2.966888 -2.218317
v -34.935768 3.121373 -8.277663
v -34.874969 4.130787 -5.435802
v -36.314499 3.745637 -3.014086
v -36.421120 3.455050 -9.051211
v -36.324341 4.328708 -6.175744
v -38.111462 4.350902 -6.740970
v -37.936909 3.294290 -9.511200
v -38.068829 3.681067 -4.599998
v -39.978191 3.444676 -4.455216
vn 0.7154 0.5085 0.4791
vn 0.6411 0.5871 0.4943
vn 0.9102 -0.3948 -0.1255
vn 0.8796 0.4676 0.0873
vn 0.6170 0.7868 -0.0147
vn 0.6195 0.7849 -0.0157
vn 0.4341 0.8133 0.3876
vn 0.0987 0.9054 0.4130
vn 0.3826 0.9202 -0.0821
vn 0.5072 0.8503 -0.1402
vn 0.2042 0.8431 0.4974
vn 0.1004 0.8628 0.4955
vn 0.1749 0.9645 -0.1976
vn 0.4322 0.8390 -0.3307
vn 0.0822 0.8738 0.4793
vn 0.4071 0.7737 0.4854
vn 0.4584 0.8257 -0.3287
vn 0.4235 0.8507 -0.3112
vn 0.1590 0.9329 0.3232
vn 0.2706 0.9128 0.3060
vn 0.3627 0.8757 -0.3188
vn 0.2724 0.9180 -0.2881
vn 0.1213 0.9300 -0.3471
vn -0.0134 0.9569 -0.2903
vn 0.0417 0.9826 0.1811
vn -0.1968 0.9641 0.1784
vn -0.0949 0.9495 0.2990
vn -0.0828 0.9506 0.2991
vt 0.000000 0.504187
vt 0.157508 0.504187
vt 0.000000 1.000000
vt 0.157508 1.000000
vt 0.000000 0.000000
vt 0.157508 0.000000
vt 0.295026 0.000000
vt 0.295026 0.504187
vt 0.295026 1.000000
vt 0.470176 0.000000
vt 0.470176 0.504187
vt 0.470176 1.000000
vt 0.626263 0.000000
vt 0.626263 0.504187
vt 0.626263 1.000000
vt 0.786316 0.000000
vt 0.786316 0.504187
vt 0.786316 1.000000
vt 0.900113 0.000000
vt 0.900113 0.504187
vt 1.000000 0.504187
vt 1.000000 0.000000
vt 0.900113 1.000000
vt 1.000000 1.000000
s 0
usemtl Material.002
f 482/481/561 481/482/561 483/483/561
f 481/482/562 484/484/562 483/483/562
f 486/485/563 485/486/563 482/481/563
f 485/486/564 481/482/564 482/481/564
f 485/486/565 487/487/565 481/482/565
f 487/487/566 488/488/566 481/482/566
f 481/482/567 488/488/567 484/484/567
f 488/488/568 489/489/568 484/484/568
f 487/487/569 490/490/569 488/488/569
f 490/490/570 491/491/570 488/488/570
f 488/488/571 491/491/571 489/489/571
f 491/491/572 492/492/572 489/489/572
f 490/490/573 493/493/573 491/491/573
f 493/493/574 494/494/574 491/491/574
f 491/491/575 494/494/575 492/492/575
f 494/494/576 495/495/576 492/492/576
f 493/493/577 496/496/577 494/494/577
f 496/496/578 497/497/578 494/494/578
f 494/494/579 497/497/579 495/495/579
f 497/497/580 498/498/580 495/495/580
f 496/496/581 499/499/581 497/497/581
f 499/499/582 500/500/582 497/497/582
f 501/501/583 500/500/583 502/502/583
f 500/500/584 499/499/584 502/502/584
f 497/497/585 500/500/585 498/498/585
f 500/500/586 503/503/586 498/498/586
f 504/504/587 503/503/587 501/501/587
f 503/503/588 500/500/588 501/501/588
o Plane_16
v -1.909540 1.836152 -0.961314
v -0.484757 -0.115114 0.163448
v -2.332961 -0.260399 1.536752
v -3.780008 0.843771 1.091986
v -0.205751 0.908192 -3.241613
v 0.349512 -1.593316 -2.842193
v -2.110856 2.212758 -4.814871
v -3.813868 3.148313 -2.533817
v -5.802000 1.006343 -0.594652
v -4.245375 2.605440 -6.569538
v -5.904058 3.974101 -4.245482
v -7.936519 1.399026 -2.349319
v -6.264466 1.813393 -8.246614
v -7.817999 4.209394 -5.820561
v -9.736310 2.749576 -3.813671
v -8.215010 2.172231 -9.850046
v -9.924615 4.431736 -7.590985
v -11.664350 3.328310 -5.395269
v -9.563158 2.027150 -11.126680
v -11.138120 4.051642 -8.757692
v -12.561130 3.206060 -9.747505
v -10.626180 0.974266 -11.856540
v -12.655500 2.215268 -7.322803
v -14.200440 0.909845 -7.522937
vn 0.4128 0.6620 0.6256
vn 0.3330 0.6937 0.6386
vn 0.9599 0.2370 0.1499
vn 0.7041 0.6621 0.2567
vn 0.5330 0.8443 0.0547
vn 0.5357 0.8426 0.0544
vn 0.1384 0.8364 0.5303
vn -0.3567 0.7869 0.5035
vn 0.3034 0.9395 -0.1588
vn 0.4776 0.8625 -0.1671
vn -0.2093 0.7559 0.6203
vn -0.3569 0.7200 0.5952
vn 0.0533 0.8766 -0.4782
vn 0.4659 0.7603 -0.4526
vn -0.3828 0.7244 0.5734
vn 0.0691 0.7742 0.6292
vn 0.4931 0.7559 -0.4307
vn 0.4501 0.7783 -0.4378
vn -0.2470 0.8806 0.4045
vn -0.0619 0.9106 0.4086
vn 0.3823 0.7818 -0.4926
vn 0.2519 0.8120 -0.5265
vn 0.0618 0.7133 -0.6981
vn -0.1888 0.6810 -0.7075
vn -0.4084 0.9034 0.1304
vn -0.7632 0.6459 0.0195
vn -0.6418 0.7183 0.2686
vn -0.6251 0.7308 0.2743
vt 0.000000 0.504187
vt 0.157508 0.504187
vt 0.000000 1.000000
vt 0.157508 1.000000
vt 0.000000 0.000000
vt 0.157508 0.000000
vt 0.295026 0.000000
vt 0.295026 0.504187
vt 0.295026 1.000000
vt 0.470176 0.000000
vt 0.470176 0.504187
vt 0.470176 1.000000
vt 0.626263 0.000000
vt 0.626263 0.504187
vt 0.626263 1.000000
vt 0.786316 0.000000
vt 0.786316 0.504187
vt 0.786316 1.000000
vt 0.900113 0.000000
vt 0.900113 0.504187
vt 1.000000 0.504187
vt 1.000000 0.000000
vt 0.900113 1.000000
vt 1.000000 1.000000
s 0
usemtl Material.002
f 506/505/589 505/506/589 507/507/589
f 505/506/590 508/508/590 507/507/590
f 510/509/591 509/510/591 506/505/591
f 509/510/592 505/506/592 506/505/592
f 509/510/593 511/511/593 505/506/593
f 511/511/594 512/512/594 505/506/594
f 505/506/595 512/512/595 508/508/595
f 512/512/596 513/513/596 508/508/596
f 511/511/597 514/514/597 512/512/597
f 514/514/598 515/515/598 512/512/598
f 512/512/599 515/515/599 513/513/599
f 515/515/600 516/516/600 513/513/600
f 514/514/601 517/517/601 515/515/601
f 517/517/602 518/518/602 515/515/602
f 515/515/603 518/518/603 516/516/603
f 518/518/604 519/519/604 516/516/604
f 517/517/605 520/520/605 518/518/605
f 520/520/606 521/521/606 518/518/606
f 518/518/607 521/521/607 519/519/607
f 521/521/608 522/522/608 519/519/608
f 520/520/609 523/523/609 521/521/609
f 523/523/610 524/524/610 521/521/610
f 525/525/611 524/524/611 526/526/611
f 524/524/612 523/523/612 526/526/612
f 521/521/613 524/524/613 522/522/613
f 524/524/614 527/527/614 522/522/614
f 528/528/615 527/527/615 525/525/615
f 527/527/616 524/524/616 525/525/616
o Plane_161
v 3.000505 1.179331 -13.145070
v 2.527631 -0.073939 -12.079370
v 1.378716 -0.167254 -13.010590
v 1.424939 0.541939 -13.981810
v 4.690763 0.583316 -12.448200
v 4.530691 -1.023368 -12.039080
v 5.366182 1.421220 -13.884210
v 3.675579 2.022115 -14.580480
v 2.152286 0.646357 -15.508620
v 6.117931 1.673435 -15.491870
v 4.407635 2.552507 -16.153700
v 2.904036 0.898572 -17.116270
v 6.839791 1.164714 -17.015341
v 5.082781 2.703631 -17.595501
v 3.528469 1.766011 -18.469400
v 7.526747 1.395190 -18.484430
v 5.848779 2.846439 -19.188299
v 4.205426 2.137725 -19.921009
v 8.106326 1.302007 -19.526640
v 6.381409 2.602310 -20.129230
v 6.770599 2.059205 -21.172319
v 8.391114 0.625755 -20.304340
v 5.246876 1.422834 -20.844780
v 5.125291 0.584378 -21.837950
vn -0.5036 0.6620 0.5550
vn -0.5361 0.6937 0.4810
vn 0.0929 0.2370 0.9671
vn -0.0740 0.6621 0.7458
vn 0.0792 0.8443 0.5299
vn 0.0802 0.8426 0.5325
vn -0.4794 0.8364 0.2656
vn -0.5762 0.7869 -0.2207
vn 0.2291 0.9395 0.2545
vn 0.2803 0.8625 0.4212
vn -0.6529 0.7559 -0.0489
vn -0.6651 0.7200 -0.1981
vn 0.4765 0.8766 -0.0670
vn 0.5540 0.7603 0.3391
vn -0.6504 0.7244 -0.2286
vn -0.5924 0.7742 0.2229
vn 0.5396 0.7559 0.3709
vn 0.5358 0.7783 0.3274
vn -0.4531 0.8806 -0.1389
vn -0.4112 0.9106 0.0414
vn 0.5720 0.7818 0.2482
vn 0.5725 0.8120 0.1134
vn 0.6916 0.7133 -0.1133
vn 0.6386 0.6810 -0.3584
vn -0.2277 0.9034 -0.3633
vn -0.2082 0.6459 -0.7345
vn -0.4193 0.7183 -0.5551
vn -0.4208 0.7308 -0.5375
vt 0.000000 0.504187
vt 0.157508 0.504187
vt 0.000000 1.000000
vt 0.157508 1.000000
vt 0.000000 0.000000
vt 0.157508 0.000000
vt 0.295026 0.000000
vt 0.295026 0.504187
vt 0.295026 1.000000
vt 0.470176 0.000000
vt 0.470176 0.504187
vt 0.470176 1.000000
vt 0.626263 0.000000
vt 0.626263 0.504187
vt 0.626263 1.000000
vt 0.786316 0.000000
vt 0.786316 0.504187
vt 0.786316 1.000000
vt 0.900113 0.000000
vt 0.900113 0.504187
vt 1.000000 0.504187
vt 1.000000 0.000000
vt 0.900113 1.000000
vt 1.000000 1.000000
s 0
usemtl Material.002
f 530/529/617 529/530/617 531/531/617
f 529/530/618 532/532/618 531/531/618
f 534/533/619 533/534/619 530/529/619
f 533/534/620 529/530/620 530/529/620
f 533/534/621 535/535/621 529/530/621
f 535/535/622 536/536/622 529/530/622
f 529/530/623 536/536/623 532/532/623
f 536/536/624 537/537/624 532/532/624
f 535/535/625 538/538/625 536/536/625
f 538/538/626 539/539/626 536/536/626
f 536/536/627 539/539/627 537/537/627
f 539/539/628 540/540/628 537/537/628
f 538/538/629 541/541/629 539/539/629
f 541/541/630 542/542/630 539/539/630
f 539/539/631 542/542/631 540/540/631
f 542/542/632 543/543/632 540/540/632
f 541/541/633 544/544/633 542/542/633
f 544/544/634 545/545/634 542/542/634
f 542/542/635 545/545/635 543/543/635
f 545/545/636 546/546/636 543/543/636
f 544/544/637 547/547/637 545/545/637
f 547/547/638 548/548/638 545/545/638
f 549/549/639 548/548/639 550/550/639
f 548/548/640 547/547/640 550/550/640
f 545/545/641 548/548/641 546/546/641
f 548/548/642 551/551/642 546/546/642
f 552/552/643 551/551/643 549/549/643
f 551/551/644 548/548/644 549/549/644
o Plane_162
v -9.174546 2.037642 20.122280
v -11.151740 -0.127755 20.507851
v -10.970710 -0.288983 17.959030
v -9.549711 0.936359 17.062860
v -8.487772 1.007848 23.205610
v -9.225563 -1.768175 23.384029
v -5.785685 2.455576 22.740191
v -6.473657 3.493801 19.656969
v -6.667655 1.116771 16.581079
v -2.764982 2.891352 22.212910
v -3.521208 4.410212 19.135900
v -3.646952 1.552548 16.053801
v 0.106929 2.012385 21.726650
v -0.811199 4.671324 18.664360
v -1.112700 3.051307 15.598240
v 2.867276 2.410602 21.244820
v 2.202583 4.918066 18.171961
v 1.612993 3.693551 15.119560
v 4.916859 2.249599 21.033590
v 4.062263 4.496262 17.994539
v 5.924595 3.557884 17.512850
v 6.300029 1.081172 20.666849
v 3.952169 2.458364 15.679600
v 5.238089 1.009683 14.524100
vn -0.7435 0.6620 -0.0947
vn -0.7014 0.6937 -0.1637
vn -0.7393 0.2370 0.6303
vn -0.6536 0.6621 0.3667
vn -0.3889 0.8443 0.3686
vn -0.3904 0.8426 0.3709
vn -0.4924 0.8364 -0.2407
vn -0.1493 0.7869 -0.5987
vn -0.0773 0.9395 0.3336
vn -0.1846 0.8625 0.4711
vn -0.3340 0.7559 -0.5631
vn -0.2188 0.7200 -0.6586
vn 0.3279 0.8766 0.3521
vn 0.0395 0.7603 0.6483
vn -0.1853 0.7244 -0.6640
vn -0.5222 0.7742 -0.3577
vn 0.0052 0.7559 0.6547
vn 0.0387 0.7783 0.6267
vn -0.1458 0.8806 -0.4509
vn -0.2696 0.9106 -0.3132
vn 0.1244 0.7818 0.6110
vn 0.2351 0.8120 0.5342
vn 0.4892 0.7133 0.5019
vn 0.6596 0.6810 0.3180
vn 0.1673 0.9034 -0.3947
vn 0.4827 0.6459 -0.5915
vn 0.2146 0.7183 -0.6618
vn 0.1994 0.7308 -0.6528
vt 0.000000 0.504187
vt 0.157508 0.504187
vt 0.000000 1.000000
vt 0.157508 1.000000
vt 0.000000 0.000000
vt 0.157508 0.000000
vt 0.295026 0.000000
vt 0.295026 0.504187
vt 0.295026 1.000000
vt 0.470176 0.000000
vt 0.470176 0.504187
vt 0.470176 1.000000
vt 0.626263 0.000000
vt 0.626263 0.504187
vt 0.626263 1.000000
vt 0.786316 0.000000
vt 0.786316 0.504187
vt 0.786316 1.000000
vt 0.900113 0.000000
vt 0.900113 0.504187
vt 1.000000 0.504187
vt 1.000000 0.000000
vt 0.900113 1.000000
vt 1.000000 1.000000
s 0
usemtl Material.002
f 554/553/645 553/554/645 555/555/645
f 553/554/646 556/556/646 555/555/646
f 558/557/647 557/558/647 554/553/647
f 557/558/648 553/554/648 554/553/648
f 557/558/649 559/559/649 553/554/649
f 559/559/650 560/560/650 553/554/650
f 553/554/651 560/560/651 556/556/651
f 560/560/652 561/561/652 556/556/652
f 559/559/653 562/562/653 560/560/653
f 562/562/654 563/563/654 560/560/654
f 560/560/655 563/563/655 561/561/655
f 563/563/656 564/564/656 561/561/656
f 562/562/657 565/565/657 563/563/657
f 565/565/658 566/566/658 563/563/658
f 563/563/659 566/566/659 564/564/659
f 566/566/660 567/567/660 564/564/660
f 565/565/661 568/568/661 566/566/661
f 568/568/662 569/569/662 566/566/662
f 566/566/663 569/569/663 567/567/663
f 569/569/664 570/570/664 567/567/664
f 568/568/665 571/571/665 569/569/665
f 571/571/666 572/572/666 569/569/666
f 573/573/667 572/572/667 574/574/667
f 572/572/668 571/571/668 574/574/668
f 569/569/669 572/572/669 570/570/669
f 572/572/670 575/575/670 570/570/670
f 576/576/671 575/575/671 573/573/671
f 575/575/672 572/572/672 573/573/672
o Plane_163
v -26.656200 0.865868 -2.995771
v -27.082451 -0.054285 -1.283345
v -29.038799 -0.122797 -2.371126
v -29.223900 0.397894 -3.831131
v -23.954109 0.428273 -2.398928
v -24.085739 -0.751357 -1.747143
v -23.322760 1.043463 -4.716389
v -26.025209 1.484641 -5.312242
v -28.538879 0.474557 -6.297523
v -22.622499 1.228640 -7.309700
v -25.345310 1.874057 -7.849070
v -27.838631 0.659735 -8.890835
v -21.944790 0.855137 -9.769696
v -24.715891 1.985012 -10.175090
v -27.261610 1.296610 -11.071410
v -21.304899 1.024353 -12.139490
v -23.990511 2.089862 -12.749980
v -26.632050 1.569523 -13.412520
v -20.713430 0.955937 -13.844800
v -23.442539 1.910622 -14.292020
v -23.135139 1.511873 -15.948860
v -20.492260 0.459431 -15.078680
v -25.321051 1.044648 -15.062060
v -25.762060 0.429053 -16.510889
vn -0.2570 0.8765 0.4070
vn -0.2779 0.8931 0.3537
vn 0.2378 0.4493 0.8612
vn 0.0359 0.8766 0.4800
vn 0.0931 0.9557 0.2791
vn 0.0940 0.9552 0.2808
vn -0.2356 0.9530 0.1904
vn -0.3490 0.9347 -0.0679
vn 0.1371 0.9847 0.1073
vn 0.1887 0.9618 0.1982
vn -0.3854 0.9219 0.0382
vn -0.4207 0.9059 -0.0489
vn 0.2448 0.9663 -0.0793
vn 0.3561 0.9238 0.1404
vn -0.4135 0.9079 -0.0686
vn -0.3174 0.9296 0.1875
vn 0.3524 0.9219 0.1610
vn 0.3391 0.9312 0.1335
vn -0.2507 0.9676 -0.0312
vn -0.2070 0.9766 0.0582
vn 0.3509 0.9326 0.0843
vn 0.3291 0.9443 0.0072
vn 0.4062 0.9027 -0.1419
vn 0.3581 0.8866 -0.2926
vn -0.1502 0.9745 -0.1666
vn -0.2163 0.8675 -0.4479
vn -0.3111 0.9051 -0.2899
vn -0.3067 0.9109 -0.2761
vt 0.000000 0.504187
vt 0.157508 0.504187
vt 0.000000 1.000000
vt 0.157508 1.000000
vt 0.000000 0.000000
vt 0.157508 0.000000
vt 0.295026 0.000000
vt 0.295026 0.504187
vt 0.295026 1.000000
vt 0.470176 0.000000
vt 0.470176 0.504187
vt 0.470176 1.000000
vt 0.626263 0.000000
vt 0.626263 0.504187
vt 0.626263 1.000000
vt 0.786316 0.000000
vt 0.786316 0.504187
vt 0.786316 1.000000
vt 0.900113 0.000000
vt 0.900113 0.504187
vt 1.000000 0.504187
vt 1.000000 0.000000
vt 0.900113 1.000000
vt 1.000000 1.000000
s 0
usemtl Material.002
f 578/577/673 577/578/673 579/579/673
f 577/578/674 580/580/674 579/579/674
f 582/581/675 581/582/675 578/577/675
f 581/582/676 577/578/676 578/577/676
f 581/582/677 583/583/677 577/578/677
f 583/583/678 584/584/678 577/578/678
f 577/578/679 584/584/679 580/580/679
f 584/584/680 585/585/680 580/580/680
f 583/583/681 586/586/681 584/584/681
f 586/586/682 587/587/682 584/584/682
f 584/584/683 587/587/683 585/585/683
f 587/587/684 588/588/684 585/585/684
f 586/586/685 589/589/685 587/587/685
f 589/589/686 590/590/686 587/587/686
f 587/587/687 590/590/687 588/588/687
f 590/590/688 591/591/688 588/588/688
f 589/589/689 592/592/689 590/590/689
f 592/592/690 593/593/690 590/590/690
f 590/590/691 593/593/691 591/591/691
f 593/593/692 594/594/692 591/591/692
f 592/592/693 595/595/693 593/593/693
f 595/595/694 596/596/694 593/593/694
f 597/597/695 596/596/695 598/598/695
f 596/596/696 595/595/696 598/598/696
f 593/593/697 596/596/697 594/594/697
f 596/596/698 599/599/698 594/594/698
f 600/600/699 599/599/699 597/597/699
f 599/599/700 596/596/700 597/597/700
o Plane_17
v -1.715450 4.070744 -1.168263
v -1.442987 1.665862 -0.052589
v -3.313863 1.828104 0.044149
v -4.001145 3.334525 -0.765366
v 0.211951 3.059104 -2.334602
v 0.039174 0.471989 -2.382330
v -0.346264 5.044368 -4.219664
v -2.272108 6.062911 -3.050355
v -4.793345 4.282031 -3.096494
v -1.154996 6.251050 -6.602743
v -2.992101 7.663167 -5.264264
v -5.602077 5.488713 -5.479574
v -2.109694 6.288644 -9.172523
v -3.736305 8.634330 -7.432762
v -6.117775 7.473340 -7.212448
v -2.848722 7.391323 -11.350199
v -4.547762 9.673778 -9.858136
v -6.811747 8.775844 -9.304235
v -3.362418 7.804180 -13.090429
v -5.045618 9.810714 -11.503189
v -5.839250 9.535980 -13.237009
v -4.029916 7.197032 -14.487379
v -6.986883 8.266398 -11.626369
v -8.243011 7.472453 -12.918149
vn 0.0836 0.4271 0.9003
vn 0.0024 0.4742 0.8804
vn 0.8264 -0.0655 0.5593
vn 0.6176 0.3875 0.6844
vn 0.6171 0.6261 0.4767
vn 0.6194 0.6236 0.4769
vn -0.0865 0.6713 0.7361
vn -0.5158 0.7181 0.4672
vn 0.5562 0.8021 0.2174
vn 0.6993 0.6678 0.2553
vn -0.4632 0.6399 0.6132
vn -0.5728 0.6364 0.5166
vn 0.5144 0.8387 -0.1788
vn 0.8146 0.5797 -0.0200
vn -0.5814 0.6493 0.4903
vn -0.2254 0.6069 0.7621
vn 0.8242 0.5663 0.0070
vn 0.7991 0.6012 -0.0097
vn -0.3526 0.8116 0.4658
vn -0.1822 0.8064 0.5626
vn 0.7740 0.6281 -0.0795
vn 0.6949 0.7029 -0.1518
vn 0.6155 0.6847 -0.3902
vn 0.4053 0.7516 -0.5204
vn -0.3255 0.9291 0.1758
vn -0.6128 0.7803 -0.1250
vn -0.6328 0.7600 0.1482
vn -0.6206 0.7671 0.1625
vt 0.000000 0.504187
vt 0.157508 0.504187
vt 0.000000 1.000000
vt 0.157508 1.000000
vt 0.000000 0.000000
vt 0.157508 0.000000
vt 0.295026 0.000000
vt 0.295026 0.504187
vt 0.295026 1.000000
vt 0.470176 0.000000
vt 0.470176 0.504187
vt 0.470176 1.000000
vt 0.626263 0.000000
vt 0.626263 0.504187
vt 0.626263 1.000000
vt 0.786316 0.000000
vt 0.786316 0.504187
vt 0.786316 1.000000
vt 0.900113 0.000000
vt 0.900113 0.504187
vt 1.000000 0.504187
vt 1.000000 0.000000
vt 0.900113 1.000000
vt 1.000000 1.000000
s 0
usemtl Material.002
f 602/601/701 601/602/701 603/603/701
f 601/602/702 604/604/702 603/603/702
f 606/605/703 605/606/703 602/601/703
f 605/606/704 601/602/704 602/601/704
f 605/606/705 607/607/705 601/602/705
f 607/607/706 608/608/706 601/602/706
f 601/602/707 608/608/707 604/604/707
f 608/608/708 609/609/708 604/604/708
f 607/607/709 610/610/709 608/608/709
f 610/610/710 611/611/710 608/608/710
f 608/608/711 611/611/711 609/609/711
f 611/611/712 612/612/712 609/609/712
f 610/610/713 613/613/713 611/611/713
f 613/613/714 614/614/714 611/611/714
f 611/611/715 614/614/715 612/612/715
f 614/614/716 615/615/716 612/612/716
f 613/613/717 616/616/717 614/614/717
f 616/616/718 617/617/718 614/614/718
f 614/614/719 617/617/719 615/615/719
f 617/617/720 618/618/720 615/615/720
f 616/616/721 619/619/721 617/617/721
f 619/619/722 620/620/722 617/617/722
f 621/621/723 620/620/723 622/622/723
f 620/620/724 619/619/724 622/622/724
f 617/617/725 620/620/725 618/618/725
f 620/620/726 623/623/726 618/618/726
f 624/624/727 623/623/727 621/621/727
f 623/623/728 620/620/728 621/621/728
o Plane_171
v 3.160191 2.614579 -13.057270
v 2.509405 1.069957 -12.710010
v 2.151178 1.174163 -13.858690
v 2.545387 2.141716 -14.415290
v 4.192945 1.964817 -12.043810
v 4.195119 0.303149 -12.158920
v 5.276937 3.239924 -12.691440
v 4.242584 3.894120 -13.703460
v 3.869654 2.750286 -15.279560
v 6.630896 4.014959 -13.574270
v 5.505417 4.921942 -14.504130
v 5.223612 3.525321 -16.162399
v 8.077770 4.039105 -14.577670
v 6.736139 5.545706 -15.312630
v 6.219684 4.800018 -16.759319
v 9.315030 4.747340 -15.384420
v 8.115981 6.213329 -16.203899
v 7.410677 5.636599 -17.524349
v 10.315990 5.012514 -15.981270
v 9.060252 6.301281 -16.775730
v 10.012640 6.124825 -17.545750
v 11.078870 4.622550 -16.619129
v 8.827646 5.309390 -18.003241
v 9.431309 4.799449 -18.990610
vn -0.8514 0.4271 0.3043
vn -0.8523 0.4742 0.2207
vn -0.3369 -0.0655 0.9393
vn -0.5099 0.3875 0.7680
vn -0.3087 0.6261 0.7160
vn -0.3084 0.6236 0.7183
vn -0.7346 0.6713 0.0988
vn -0.5805 0.7181 -0.3838
vn -0.0726 0.8021 0.5928
vn -0.0739 0.6678 0.7407
vn -0.7089 0.6399 -0.2967
vn -0.6426 0.6364 -0.4268
vn 0.3008 0.8387 0.4540
vn 0.2214 0.5797 0.7842
vn -0.6192 0.6493 -0.4416
vn -0.7942 0.6069 -0.0293
vn 0.1976 0.5663 0.8002
vn 0.2076 0.6012 0.7717
vn -0.5387 0.8116 -0.2260
vn -0.5902 0.8064 -0.0370
vn 0.2690 0.6281 0.7301
vn 0.3194 0.7029 0.6355
vn 0.5307 0.6847 0.4995
vn 0.6046 0.7516 0.2636
vn -0.2511 0.9291 -0.2717
vn -0.0309 0.7803 -0.6247
vn -0.3005 0.7600 -0.5763
vn -0.3113 0.7671 -0.5609
vt 0.000000 0.504187
vt 0.157508 0.504187
vt 0.000000 1.000000
vt 0.157508 1.000000
vt 0.000000 0.000000
vt 0.157508 0.000000
vt 0.295026 0.000000
vt 0.295026 0.504187
vt 0.295026 1.000000
vt 0.470176 0.000000
vt 0.470176 0.504187
vt 0.470176 1.000000
vt 0.626263 0.000000
vt 0.626263 0.504187
vt 0.626263 1.000000
vt 0.786316 0.000000
vt 0.786316 0.504187
vt 0.786316 1.000000
vt 0.900113 0.000000
vt 0.900113 0.504187
vt 1.000000 0.504187
vt 1.000000 0.000000
vt 0.900113 1.000000
vt 1.000000 1.000000
s 0
usemtl Material.002
f 626/625/729 625/626/729 627/627/729
f 625/626/730 628/628/730 627/627/730
f 630/629/731 629/630/731 626/625/731
f 629/630/732 625/626/732 626/625/732
f 629/630/733 631/631/733 625/626/733
f 631/631/734 632/632/734 625/626/734
f 625/626/735 632/632/735 628/628/735
f 632/632/736 633/633/736 628/628/736
f 631/631/737 634/634/737 632/632/737
f 634/634/738 635/635/738 632/632/738
f 632/632/739 635/635/739 633/633/739
f 635/635/740 636/636/740 633/633/740
f 634/634/741 637/637/741 635/635/741
f 637/637/742 638/638/742 635/635/742
f 635/635/743 638/638/743 636/636/743
f 638/638/744 639/639/744 636/636/744
f 637/637/745 640/640/745 638/638/745
f 640/640/746 641/641/746 638/638/746
f 638/638/747 641/641/747 639/639/747
f 641/641/748 642/642/748 639/639/748
f 640/640/749 643/643/749 641/641/749
f 643/643/750 644/644/750 641/641/750
f 645/645/751 644/644/751 646/646/751
f 644/644/752 643/643/752 646/646/752
f 641/641/753 644/644/753 642/642/753
f 644/644/754 647/647/754 642/642/754
f 648/648/755 647/647/755 645/645/755
f 647/647/756 644/644/756 645/645/756
o Plane_172
v -9.140760 4.517457 20.435320
v -10.276820 1.848665 19.857651
v -9.004997 2.028713 18.213100
v -7.826567 3.700447 18.220209
v -9.553264 3.394802 22.901100
v -9.388123 0.523777 22.790211
v -7.562984 5.597928 23.794790
v -7.154106 6.728246 21.328180
v -5.291622 4.751933 19.239620
v -4.972358 6.937031 24.837870
v -4.770046 8.504112 22.323570
v -2.700996 6.091035 20.282690
v -2.119020 6.978751 25.893141
v -2.406690 9.581850 23.265739
v -0.869555 8.293453 21.102079
v 0.248318 8.202436 26.846300
v 0.221504 10.735368 24.337111
v 1.392905 9.738894 22.031040
v 2.084498 8.660601 27.672701
v 1.966129 10.887328 25.108000
v 3.999402 10.582448 25.694170
v 3.743020 7.986824 28.121361
v 3.473946 9.173542 23.563280
v 5.469717 8.292469 23.440460
vn -0.7373 0.4271 -0.5234
vn -0.6693 0.4742 -0.5720
vn -0.9628 -0.0655 0.2622
vn -0.9216 0.3875 0.0222
vn -0.7637 0.6261 0.1573
vn -0.7654 0.6236 0.1589
vn -0.5019 0.6713 -0.5454
vn -0.0181 0.7181 -0.6957
vn -0.5274 0.8021 0.2801
vn -0.6494 0.6678 0.3639
vn -0.1631 0.6399 -0.7510
vn -0.0185 0.6364 -0.7712
vn -0.1997 0.8387 0.5067
vn -0.5158 0.5797 0.6308
vn 0.0071 0.6493 -0.7605
vn -0.4311 0.6069 -0.6677
vn -0.5425 0.5663 0.6205
vn -0.5135 0.6012 0.6123
vn -0.1235 0.8116 -0.5710
vn -0.3079 0.8064 -0.5049
vn -0.4442 0.6281 0.6388
vn -0.3378 0.7029 0.6259
vn -0.1052 0.6847 0.7211
vn 0.1304 0.7516 0.6466
vn 0.0788 0.9291 -0.3614
vn 0.4942 0.7803 -0.3833
vn 0.3000 0.7600 -0.5765
vn 0.2812 0.7671 -0.5766
vt 0.000000 0.504187
vt 0.157508 0.504187
vt 0.000000 1.000000
vt 0.157508 1.000000
vt 0.000000 0.000000
vt 0.157508 0.000000
vt 0.295026 0.000000
vt 0.295026 0.504187
vt 0.295026 1.000000
vt 0.470176 0.000000
vt 0.470176 0.504187
vt 0.470176 1.000000
vt 0.626263 0.000000
vt 0.626263 0.504187
vt 0.626263 1.000000
vt 0.786316 0.000000
vt 0.786316 0.504187
vt 0.786316 1.000000
vt 0.900113 0.000000
vt 0.900113 0.504187
vt 1.000000 0.504187
vt 1.000000 0.000000
vt 0.900113 1.000000
vt 1.000000 1.000000
s 0
usemtl Material.002
f 650/649/757 649/650/757 651/651/757
f 649/650/758 652/652/758 651/651/758
f 654/653/759 653/654/759 650/649/759
f 653/654/760 649/650/760 650/649/760
f 653/654/761 655/655/761 649/650/761
f 655/655/762 656/656/762 649/650/762
f 649/650/763 656/656/763 652/652/763
f 656/656/764 657/657/764 652/652/764
f 655/655/765 658/658/765 656/656/765
f 658/658/766 659/659/766 656/656/766
f 656/656/767 659/659/767 657/657/767
f 659/659/768 660/660/768 657/657/768
f 658/658/769 661/661/769 659/659/769
f 661/661/770 662/662/770 659/659/770
f 659/659/771 662/662/771 660/660/771
f 662/662/772 663/663/772 660/660/772
f 661/661/773 664/664/773 662/662/773
f 664/664/774 665/665/774 662/662/774
f 662/662/775 665/665/775 663/663/775
f 665/665/776 666/666/776 663/663/776
f 664/664/777 667/667/777 665/665/777
f 667/667/778 668/668/778 665/665/778
f 669/669/779 668/668/779 670/670/779
f 668/668/780 667/667/780 670/670/780
f 665/665/781 668/668/781 666/666/781
f 668/668/782 671/671/782 666/666/782
f 672/672/783 671/671/783 669/669/783
f 671/671/784 668/668/784 669/669/784
o Plane_173
v -26.395180 1.919629 -2.906643
v -27.274561 0.785565 -2.218744
v -28.109020 0.862073 -3.837516
v -27.666901 1.572452 -4.770392
v -24.590490 1.442573 -1.665867
v -24.617359 0.222574 -1.838039
v -23.143850 2.378758 -2.914849
v -24.950541 2.859070 -4.153059
v -25.918720 2.019265 -6.405196
v -21.356251 2.947790 -4.585092
v -23.277309 3.613698 -5.676977
v -24.131121 2.588298 -8.075438
v -19.461670 2.965518 -6.459373
v -21.653999 4.071668 -7.204172
v -22.802290 3.524183 -9.225843
v -17.828150 3.485506 -7.985655
v -19.830021 4.561838 -8.893756
v -21.226839 4.138401 -10.677840
v -16.492010 3.680196 -9.137231
v -18.571850 4.626412 -9.993208
v -17.353420 4.496857 -11.390230
v -15.521540 3.393885 -10.287680
v -19.239660 3.898163 -11.762350
v -18.597950 3.523765 -13.392210
vn -0.6228 0.6977 0.3540
vn -0.6091 0.7431 0.2772
vn -0.1683 -0.1341 0.9766
vn -0.3029 0.6549 0.6924
vn -0.1196 0.8559 0.5031
vn -0.1194 0.8544 0.5056
vn -0.4500 0.8815 0.1428
vn -0.3901 0.9050 -0.1698
vn 0.0176 0.9405 0.3392
vn 0.0353 0.8796 0.4743
vn -0.4909 0.8641 -0.1112
vn -0.4643 0.8620 -0.2033
vn 0.2067 0.9538 0.2180
vn 0.2444 0.8262 0.5076
vn -0.4457 0.8695 -0.2130
vn -0.5312 0.8441 0.0731
vn 0.2329 0.8169 0.5276
vn 0.2291 0.8404 0.4911
vn -0.3214 0.9441 -0.0731
vn -0.3331 0.9422 0.0372
vn 0.2589 0.8572 0.4453
vn 0.2629 0.8977 0.3536
vn 0.3834 0.8886 0.2520
vn 0.3807 0.9201 0.0921
vn -0.1508 0.9819 -0.1149
vn -0.0802 0.9320 -0.3534
vn -0.2332 0.9237 -0.3040
vn -0.2365 0.9267 -0.2922
vt 0.000000 0.504187
vt 0.157508 0.504187
vt 0.000000 1.000000
vt 0.157508 1.000000
vt 0.000000 0.000000
vt 0.157508 0.000000
vt 0.295026 0.000000
vt 0.295026 0.504187
vt 0.295026 1.000000
vt 0.470176 0.000000
vt 0.470176 0.504187
vt 0.470176 1.000000
vt 0.626263 0.000000
vt 0.626263 0.504187
vt 0.626263 1.000000
vt 0.786316 0.000000
vt 0.786316 0.504187
vt 0.786316 1.000000
vt 0.900113 0.000000
vt 0.900113 0.504187
vt 1.000000 0.504187
vt 1.000000 0.000000
vt 0.900113 1.000000
vt 1.000000 1.000000
s 0
usemtl Material.002
f 674/673/785 673/674/785 675/675/785
f 673/674/786 676/676/786 675/675/786
f 678/677/787 677/678/787 674/673/787
f 677/678/788 673/674/788 674/673/788
f 677/678/789 679/679/789 673/674/789
f 679/679/790 680/680/790 673/674/790
f 673/674/791 680/680/791 676/676/791
f 680/680/792 681/681/792 676/676/792
f 679/679/793 682/682/793 680/680/793
f 682/682/794 683/683/794 680/680/794
f 680/680/795 683/683/795 681/681/795
f 683/683/796 684/684/796 681/681/796
f 682/682/797 685/685/797 683/683/797
f 685/685/798 686/686/798 683/683/798
f 683/683/799 686/686/799 684/684/799
f 686/686/800 687/687/800 684/684/800
f 685/685/801 688/688/801 686/686/801
f 688/688/802 689/689/802 686/686/802
f 686/686/803 689/689/803 687/687/803
f 689/689/804 690/690/804 687/687/804
f 688/688/805 691/691/805 689/689/805
f 691/691/806 692/692/806 689/689/806
f 693/693/807 692/692/807 694/694/807
f 692/692/808 691/691/808 694/694/808
f 689/689/809 692/692/809 690/690/809
f 692/692/810 695/695/810 690/690/810
f 696/696/811 695/695/811 693/693/811
f 695/695/812 692/692/812 693/693/812
o Plane_18
v 0.256956 2.606687 -1.202753
v -0.267701 -0.166191 -0.317056
v -1.118245 -0.324502 -1.993328
v -0.887090 1.307519 -3.069064
v 2.286824 1.698713 0.102964
v 2.717137 -1.441109 0.078378
v 3.498775 3.871709 -1.358933
v 1.465508 4.788424 -2.662328
v 0.835695 2.166389 -4.880034
v 5.218727 5.035571 -3.223442
v 2.991724 6.450673 -4.394450
v 2.555647 3.330250 -6.744543
v 7.262321 4.758634 -5.234097
v 4.575769 7.355927 -6.091079
v 3.640816 5.518867 -8.100271
v 8.834028 5.822180 -6.937903
v 6.363810 8.316320 -7.966797
v 5.114160 6.835457 -9.736860
v 10.202010 6.124895 -8.201264
v 7.696534 8.296159 -9.157144
v 9.069456 7.720613 -10.632409
v 11.364740 5.192905 -9.392518
v 7.324545 6.064838 -10.893120
v 8.190828 4.801712 -12.564550
vn -0.8632 0.2943 0.4102
vn -0.8894 0.3327 0.3136
vn -0.1427 -0.0273 0.9894
vn -0.3930 0.3464 0.8518
vn -0.2067 0.6229 0.7545
vn -0.2056 0.6203 0.7570
vn -0.8285 0.5450 0.1285
vn -0.7230 0.5391 -0.4321
vn 0.0267 0.8368 0.5469
vn 0.0619 0.6923 0.7189
vn -0.8378 0.4557 -0.3009
vn -0.7797 0.4426 -0.4430
vn 0.4011 0.8696 0.2879
vn 0.3806 0.6200 0.6861
vn -0.7587 0.4562 -0.4650
vn -0.8942 0.4476 0.0068
vn 0.3594 0.6059 0.7097
vn 0.3650 0.6403 0.6758
vn -0.6763 0.6726 -0.3003
vn -0.7123 0.6972 -0.0804
vn 0.4193 0.6686 0.6142
vn 0.4534 0.7412 0.4951
vn 0.6267 0.7178 0.3032
vn 0.6468 0.7619 0.0353
vn -0.3701 0.8243 -0.4284
vn -0.1812 0.6225 -0.7613
vn -0.4523 0.5829 -0.6750
vn -0.4623 0.5912 -0.6609
vt 0.000000 0.504187
vt 0.157508 0.504187
vt 0.000000 1.000000
vt 0.157508 1.000000
vt 0.000000 0.000000
vt 0.157508 0.000000
vt 0.295026 0.000000
vt 0.295026 0.504187
vt 0.295026 1.000000
vt 0.470176 0.000000
vt 0.470176 0.504187
vt 0.470176 1.000000
vt 0.626263 0.000000
vt 0.626263 0.504187
vt 0.626263 1.000000
vt 0.786316 0.000000
vt 0.786316 0.504187
vt 0.786316 1.000000
vt 0.900113 0.000000
vt 0.900113 0.504187
vt 1.000000 0.504187
vt 1.000000 0.000000
vt 0.900113 1.000000
vt 1.000000 1.000000
s 0
usemtl Material.002
f 698/697/813 697/698/813 699/699/813
f 697/698/814 700/700/814 699/699/814
f 702/701/815 701/702/815 698/697/815
f 701/702/816 697/698/816 698/697/816
f 701/702/817 703/703/817 697/698/817
f 703/703/818 704/704/818 697/698/818
f 697/698/819 704/704/819 700/700/819
f 704/704/820 705/705/820 700/700/820
f 703/703/821 706/706/821 704/704/821
f 706/706/822 707/707/822 704/704/822
f 704/704/823 707/707/823 705/705/823
f 707/707/824 708/708/824 705/705/824
f 706/706/825 709/709/825 707/707/825
f 709/709/826 710/710/826 707/707/826
f 707/707/827 710/710/827 708/708/827
f 710/710/828 711/711/828 708/708/828
f 709/709/829 712/712/829 710/710/829
f 712/712/830 713/713/830 710/710/830
f 710/710/831 713/713/831 711/711/831
f 713/713/832 714/714/832 711/711/832
f 712/712/833 715/715/833 713/713/833
f 715/715/834 716/716/834 713/713/834
f 717/717/835 716/716/835 718/718/835
f 716/716/836 715/715/836 718/718/836
f 713/713/837 716/716/837 714/714/837
f 716/716/838 719/719/838 714/714/838
f 720/720/839 719/719/839 717/717/839
f 719/719/840 716/716/840 717/717/840
o Plane_181
v 3.495860 1.674235 -11.835510
v 2.861186 -0.106745 -12.020860
v 3.768697 -0.208426 -12.817120
v 4.474861 0.839799 -12.844660
v 3.006783 1.091057 -10.364480
v 3.090631 -0.925607 -10.100650
v 4.109466 2.486741 -9.843272
v 4.596557 3.075535 -11.316040
v 5.876119 1.391438 -12.061200
v 5.543586 3.234273 -9.070110
v 5.917440 4.143174 -10.642330
v 7.310239 2.138969 -11.288040
v 7.120197 3.056401 -8.118854
v 7.225452 4.724607 -9.926989
v 8.326665 3.544688 -10.828800
v 8.430710 3.739501 -7.412331
v 8.677394 5.341453 -9.113246
v 9.579685 4.390315 -10.172770
v 9.434715 3.933930 -6.762405
v 9.630353 5.328503 -8.473628
v 10.767000 4.958838 -7.854386
v 10.361160 3.335326 -6.228703
v 10.651250 3.895357 -8.981630
v 11.829240 3.084069 -8.708876
vn -0.6115 0.2943 -0.7345
vn -0.5244 0.3327 -0.7838
vn -0.9939 -0.0273 0.1071
vn -0.9227 0.3464 -0.1694
vn -0.7822 0.6229 -0.0131
vn -0.7843 0.6203 -0.0114
vn -0.3300 0.5450 -0.7708
vn 0.2393 0.5391 -0.8075
vn -0.5232 0.8368 0.1615
vn -0.6811 0.6923 0.2383
vn 0.0837 0.4557 -0.8862
vn 0.2357 0.4426 -0.8652
vn -0.1795 0.8696 0.4600
vn -0.5703 0.6200 0.5388
vn 0.2623 0.4562 -0.8503
vn -0.2284 0.4476 -0.8646
vn -0.5984 0.6059 0.5242
vn -0.5642 0.6403 0.5212
vn 0.1232 0.6726 -0.7297
vn -0.0988 0.6972 -0.7100
vn -0.4910 0.6686 0.5585
vn -0.3672 0.7412 0.5620
vn -0.1383 0.7178 0.6823
vn 0.1263 0.7619 0.6353
vn 0.3232 0.8243 -0.4648
vn 0.6926 0.6225 -0.3644
vn 0.5417 0.5829 -0.6056
vn 0.5256 0.5912 -0.6118
vt 0.000000 0.504187
vt 0.157508 0.504187
vt 0.000000 1.000000
vt 0.157508 1.000000
vt 0.000000 0.000000
vt 0.157508 0.000000
vt 0.295026 0.000000
vt 0.295026 0.504187
vt 0.295026 1.000000
vt 0.470176 0.000000
vt 0.470176 0.504187
vt 0.470176 1.000000
vt 0.626263 0.000000
vt 0.626263 0.504187
vt 0.626263 1.000000
vt 0.786316 0.000000
vt 0.786316 0.504187
vt 0.786316 1.000000
vt 0.900113 0.000000
vt 0.900113 0.504187
vt 1.000000 0.504187
vt 1.000000 0.000000
vt 0.900113 1.000000
vt 1.000000 1.000000
s 0
usemtl Material.002
f 722/721/841 721/722/841 723/723/841
f 721/722/842 724/724/842 723/723/842
f 726/725/843 725/726/843 722/721/843
f 725/726/844 721/722/844 722/721/844
f 725/726/845 727/727/845 721/722/845
f 727/727/846 728/728/846 721/722/846
f 721/722/847 728/728/847 724/724/847
f 728/728/848 729/729/848 724/724/848
f 727/727/849 730/730/849 728/728/849
f 730/730/850 731/731/850 728/728/850
f 728/728/851 731/731/851 729/729/851
f 731/731/852 732/732/852 729/729/852
f 730/730/853 733/733/853 731/731/853
f 733/733/854 734/734/854 731/731/854
f 731/731/855 734/734/855 732/732/855
f 734/734/856 735/735/856 732/732/856
f 733/733/857 736/736/857 734/734/857
f 736/736/858 737/737/858 734/734/858
f 734/734/859 737/737/859 735/735/859
f 737/737/860 738/738/860 735/735/860
f 736/736/861 739/739/861 737/737/861
f 739/739/862 740/740/862 737/737/862
f 741/741/863 740/740/863 742/742/863
f 740/740/864 739/739/864 742/742/864
f 737/737/865 740/740/865 738/738/865
f 740/740/866 743/743/866 738/738/866
f 744/744/867 743/743/867 741/741/867
f 743/743/868 740/740/868 741/741/868
o Plane_182
v -10.538410 2.892736 22.120291
v -10.904340 -0.184437 21.038090
v -8.878334 -0.360121 21.534731
v -8.140167 1.450998 22.507370
v -13.105570 1.885121 22.884230
v -13.396130 -1.599265 23.264179
v -12.751830 4.296581 24.961651
v -10.184160 5.313897 24.193180
v -7.862132 2.404118 25.267220
v -12.426680 5.588164 27.757839
v -9.830302 7.158560 26.730551
v -7.536986 3.695702 28.063400
v -12.212630 5.280836 30.932119
v -9.548145 8.163157 29.290920
v -7.180894 6.124497 29.957319
v -11.915510 6.461097 33.487301
v -9.262815 9.228941 32.152519
v -6.869195 7.585569 32.381100
v -11.841720 6.797029 35.552429
v -9.224973 9.206568 34.135170
v -8.976409 8.567861 36.357738
v -11.680150 5.762764 37.392670
v -7.494865 6.730382 35.077751
v -6.714754 5.328641 37.015808
vn 0.2515 0.2943 -0.9220
vn 0.3418 0.3327 -0.8789
vn -0.6573 -0.0273 -0.7531
vn -0.3899 0.3464 -0.8532
vn -0.4375 0.6229 -0.6486
vn -0.4401 0.6203 -0.6493
vn 0.4426 0.5450 -0.7122
vn 0.7989 0.5391 -0.2667
vn -0.4322 0.8368 -0.3363
vn -0.5856 0.6923 -0.4217
vn 0.7742 0.4557 -0.4393
vn 0.8441 0.4426 -0.3026
vn -0.4798 0.8696 0.1165
vn -0.7684 0.6200 -0.1586
vn 0.8472 0.4562 -0.2724
vn 0.5776 0.4476 -0.6826
vn -0.7725 0.6059 -0.1900
vn -0.7505 0.6403 -0.1637
vn 0.6686 0.6726 -0.3172
vn 0.5253 0.6972 -0.4878
vn -0.7391 0.6686 -0.0824
vn -0.6710 0.7412 0.0212
vn -0.6384 0.7178 0.2777
vn -0.4483 0.7619 0.4675
vn 0.5661 0.8243 -0.0015
vn 0.6955 0.6225 0.3588
vn 0.8067 0.5829 0.0969
vn 0.8025 0.5912 0.0802
vt 0.000000 0.504187
vt 0.157508 0.504187
vt 0.000000 1.000000
vt 0.157508 1.000000
vt 0.000000 0.000000
vt 0.157508 0.000000
vt 0.295026 0.000000
vt 0.295026 0.504187
vt 0.295026 1.000000
vt 0.470176 0.000000
vt 0.470176 0.504187
vt 0.470176 1.000000
vt 0.626263 0.000000
vt 0.626263 0.504187
vt 0.626263 1.000000
vt 0.786316 0.000000
vt 0.786316 0.504187
vt 0.786316 1.000000
vt 0.900113 0.000000
vt 0.900113 0.504187
vt 1.000000 0.504187
vt 1.000000 0.000000
vt 0.900113 1.000000
vt 1.000000 1.000000
s 0
usemtl Material.002
f 746/745/869 745/746/869 747/747/869
f 745/746/870 748/748/870 747/747/870
f 750/749/871 749/750/871 746/745/871
f 749/750/872 745/746/872 746/745/872
f 749/750/873 751/751/873 745/746/873
f 751/751/874 752/752/874 745/746/874
f 745/746/875 752/752/875 748/748/875
f 752/752/876 753/753/876 748/748/876
f 751/751/877 754/754/877 752/752/877
f 754/754/878 755/755/878 752/752/878
f 752/752/879 755/755/879 753/753/879
f 755/755/880 756/756/880 753/753/880
f 754/754/881 757/757/881 755/755/881
f 757/757/882 758/758/882 755/755/882
f 755/755/883 758/758/883 756/756/883
f 758/758/884 759/759/884 756/756/884
f 757/757/885 760/760/885 758/758/885
f 760/760/886 761/761/886 758/758/886
f 758/758/887 761/761/887 759/759/887
f 761/761/888 762/762/888 759/759/888
f 760/760/889 763/763/889 761/761/889
f 763/763/890 764/764/890 761/761/890
f 765/765/891 764/764/891 766/766/891
f 764/764/892 763/763/892 766/766/892
f 761/761/893 764/764/893 762/762/893
f 764/764/894 767/767/894 762/762/894
f 768/768/895 767/767/895 765/765/895
f 767/767/896 764/764/896 765/765/896
o Plane_183
v -25.575230 1.229227 -1.173008
v -26.569880 -0.078372 -1.283352
v -25.425211 -0.153026 -2.707760
v -24.379660 0.616582 -2.933499
v -25.919621 0.801057 1.147911
v -25.725620 -0.679581 1.519304
v -24.139420 1.825770 1.636552
v -23.798450 2.258064 -0.686449
v -22.085760 1.021597 -2.131993
v -21.799219 2.374609 2.414120
v -21.653070 3.041926 -0.027536
v -19.745560 1.570436 -1.354425
v -19.200020 2.244015 3.419926
v -19.515989 3.468814 0.696816
v -18.110161 2.602516 -0.935614
v -17.061520 2.745549 4.130476
v -17.138611 3.921704 1.530221
v -16.070580 3.223377 -0.285309
v -15.394760 2.888299 4.836809
v -15.550650 3.912196 2.234539
v -13.694180 3.640788 2.860440
v -13.874040 2.448802 5.390163
v -14.161560 2.859978 1.210208
v -12.334070 2.264329 1.308752
vn -0.6441 0.5360 -0.5457
vn -0.5591 0.5882 -0.5844
vn -0.9593 -0.0562 0.2769
vn -0.7956 0.6057 -0.0063
vn -0.5139 0.8540 0.0813
vn -0.5163 0.8524 0.0828
vn -0.3269 0.8014 -0.5009
vn 0.0689 0.7970 -0.6000
vn -0.2693 0.9531 0.1378
vn -0.3937 0.8924 0.2203
vn -0.0546 0.7259 -0.6856
vn 0.0647 0.7132 -0.6980
vn -0.0523 0.9641 0.2604
vn -0.3125 0.8522 0.4196
vn 0.0860 0.7264 -0.6819
vn -0.2913 0.7181 -0.6320
vn -0.3369 0.8435 0.4185
vn -0.3049 0.8643 0.4000
vn -0.0030 0.8822 -0.4708
vn -0.1370 0.8949 -0.4248
vn -0.2472 0.8801 0.4054
vn -0.1585 0.9155 0.3697
vn -0.0112 0.9049 0.4256
vn 0.1378 0.9245 0.3555
vn 0.1329 0.9487 -0.2868
vn 0.4119 0.8538 -0.3184
vn 0.2957 0.8284 -0.4757
vn 0.2819 0.8340 -0.4744
vt 0.000000 0.504187
vt 0.157508 0.504187
vt 0.000000 1.000000
vt 0.157508 1.000000
vt 0.000000 0.000000
vt 0.157508 0.000000
vt 0.295026 0.000000
vt 0.295026 0.504187
vt 0.295026 1.000000
vt 0.470176 0.000000
vt 0.470176 0.504187
vt 0.470176 1.000000
vt 0.626263 0.000000
vt 0.626263 0.504187
vt 0.626263 1.000000
vt 0.786316 0.000000
vt 0.786316 0.504187
vt 0.786316 1.000000
vt 0.900113 0.000000
vt 0.900113 0.504187
vt 1.000000 0.504187
vt 1.000000 0.000000
vt 0.900113 1.000000
vt 1.000000 1.000000
s 0
usemtl Material.002
f 770/769/897 769/770/897 771/771/897
f 769/770/898 772/772/898 771/771/898
f 774/773/899 773/774/899 770/769/899
f 773/774/900 769/770/900 770/769/900
f 773/774/901 775/775/901 769/770/901
f 775/775/902 776/776/902 769/770/902
f 769/770/903 776/776/903 772/772/903
f 776/776/904 777/777/904 772/772/904
f 775/775/905 778/778/905 776/776/905
f 778/778/906 779/779/906 776/776/906
f 776/776/907 779/779/907 777/777/907
f 779/779/908 780/780/908 777/777/908
f 778/778/909 781/781/909 779/779/909
f 781/781/910 782/782/910 779/779/910
f 779/779/911 782/782/911 780/780/911
f 782/782/912 783/783/912 780/780/912
f 781/781/913 784/784/913 782/782/913
f 784/784/914 785/785/914 782/782/914
f 782/782/915 785/785/915 783/783/915
f 785/785/916 786/786/916 783/783/916
f 784/784/917 787/787/917 785/785/917
f 787/787/918 788/788/918 785/785/918
f 789/789/919 788/788/919 790/790/919
f 788/788/920 787/787/920 790/790/920
f 785/785/921 788/788/921 786/786/921
f 788/788/922 791/791/922 786/786/922
f 792/792/923 791/791/923 789/789/923
f 791/791/924 788/788/924 789/789/924
o Plane_19
v -1.798565 1.707720 -0.780647
v -1.476580 -0.920880 -0.481789
v -2.652439 -0.537179 1.465789
v -3.288451 1.207584 1.715272
v -1.574046 0.776107 -3.617100
v -2.433362 -1.668845 -3.712901
v -2.752942 3.238203 -4.212709
v -2.972399 4.175463 -1.375086
v -5.228161 2.820631 0.943757
v -4.670100 5.115300 -4.980980
v -4.601016 6.374564 -2.076643
v -7.145319 4.697728 0.175485
v -7.139416 5.939052 -5.841543
v -6.385902 7.962122 -2.778960
v -8.187201 7.114457 -0.355042
v -8.891333 7.654360 -6.543597
v -8.380590 9.690083 -3.589541
v -9.792620 8.993255 -1.023224
v -10.366250 8.565681 -7.223642
v -9.852467 10.310310 -4.243127
v -11.703440 10.598570 -4.701926
v -11.982270 8.431826 -7.600269
v -11.698740 9.123636 -2.535294
v -13.696670 8.863302 -2.267896
vn 0.8586 0.1605 0.4868
vn 0.8171 0.2218 0.5322
vn 0.9266 -0.3178 -0.2008
vn 0.9914 0.1257 0.0372
vn 0.9061 0.4180 -0.0656
vn 0.9072 0.4154 -0.0670
vn 0.7156 0.4658 0.5205
vn 0.2916 0.6748 0.6779
vn 0.7230 0.6707 -0.1656
vn 0.8147 0.5246 -0.2469
vn 0.4206 0.5433 0.7266
vn 0.2779 0.5931 0.7556
vn 0.4077 0.8342 -0.3714
vn 0.6738 0.5294 -0.5155
vn 0.2543 0.6158 0.7458
vn 0.6521 0.4197 0.6314
vn 0.6983 0.5061 -0.5061
vn 0.6752 0.5476 -0.4941
vn 0.4044 0.7271 0.5548
vn 0.5679 0.6601 0.4917
vn 0.6096 0.5996 -0.5186
vn 0.5150 0.6981 -0.4974
vn 0.2654 0.7598 -0.5935
vn 0.0479 0.8584 -0.5107
vn 0.2187 0.9046 0.3659
vn -0.2335 0.8984 0.3718
vn -0.0324 0.8262 0.5625
vn -0.0108 0.8266 0.5627
vt 0.000000 0.504187
vt 0.157508 0.504187
vt 0.000000 1.000000
vt 0.157508 1.000000
vt 0.000000 0.000000
vt 0.157508 0.000000
vt 0.295026 0.000000
vt 0.295026 0.504187
vt 0.295026 1.000000
vt 0.470176 0.000000
vt 0.470176 0.504187
vt 0.470176 1.000000
vt 0.626263 0.000000
vt 0.626263 0.504187
vt 0.626263 1.000000
vt 0.786316 0.000000
vt 0.786316 0.504187
vt 0.786316 1.000000
vt 0.900113 0.000000
vt 0.900113 0.504187
vt 1.000000 0.504187
vt 1.000000 0.000000
vt 0.900113 1.000000
vt 1.000000 1.000000
s 0
usemtl Material.002
f 794/793/925 793/794/925 795/795/925
f 793/794/926 796/796/926 795/795/926
f 798/797/927 797/798/927 794/793/927
f 797/798/928 793/794/928 794/793/928
f 797/798/929 799/799/929 793/794/929
f 799/799/930 800/800/930 793/794/930
f 793/794/931 800/800/931 796/796/931
f 800/800/932 801/801/932 796/796/932
f 799/799/933 802/802/933 800/800/933
f 802/802/934 803/803/934 800/800/934
f 800/800/935 803/803/935 801/801/935
f 803/803/936 804/804/936 801/801/936
f 802/802/937 805/805/937 803/803/937
f 805/805/938 806/806/938 803/803/938
f 803/803/939 806/806/939 804/804/939
f 806/806/940 807/807/940 804/804/940
f 805/805/941 808/808/941 806/806/941
f 808/808/942 809/809/942 806/806/942
f 806/806/943 809/809/943 807/807/943
f 809/809/944 810/810/944 807/807/944
f 808/808/945 811/811/945 809/809/945
f 811/811/946 812/812/946 809/809/946
f 813/813/947 812/812/947 814/814/947
f 812/812/948 811/811/948 814/814/948
f 809/809/949 812/812/949 810/810/949
f 812/812/950 815/815/950 810/810/950
f 816/816/951 815/815/951 813/813/951
f 815/815/952 812/812/952 813/813/952
o Plane_191
v 2.905770 1.096842 -13.047240
v 2.771108 -0.591472 -12.799290
v 1.371977 -0.345026 -13.220670
v 1.115426 0.775612 -13.576670
v 4.706424 0.498480 -13.359400
v 4.629142 -1.071879 -13.909340
v 4.889222 2.079849 -14.187810
v 3.088646 2.681839 -13.872320
v 1.286476 1.811649 -14.906490
v 5.061846 3.285482 -15.503080
v 3.265725 4.094291 -14.997430
v 1.459100 3.017282 -16.221769
v 5.203935 3.814567 -17.176620
v 3.418382 5.113956 -16.219891
v 1.623230 4.569513 -16.954559
v 5.361681 4.916286 -18.378531
v 3.604981 6.223803 -17.590151
v 1.783237 5.776238 -18.059919
v 5.549859 5.501615 -19.404579
v 3.777180 6.622169 -18.610090
v 3.767790 6.807312 -19.834881
v 5.526768 5.415640 -20.470091
v 2.420424 5.859982 -19.486811
v 1.935769 5.692772 -20.687361
vn -0.2586 0.1605 0.9526
vn -0.3129 0.2218 0.9235
vn 0.4244 -0.3178 0.8479
vn 0.2099 0.1257 0.9696
vn 0.2882 0.4180 0.8615
vn 0.2899 0.4154 0.8622
vn -0.3268 0.4658 0.8224
vn -0.5844 0.6748 0.4506
vn 0.3398 0.6707 0.6594
vn 0.4412 0.5246 0.7281
vn -0.5996 0.5433 0.5877
vn -0.6631 0.5931 0.4567
vn 0.4609 0.8342 0.3029
vn 0.6665 0.5294 0.5248
vn -0.6594 0.6158 0.4313
vn -0.4499 0.4197 0.7883
vn 0.6635 0.5061 0.5510
vn 0.6462 0.5476 0.5316
vn -0.4372 0.7271 0.5294
vn -0.3355 0.6601 0.6721
vn 0.6536 0.5996 0.4619
vn 0.6096 0.6981 0.3756
vn 0.6408 0.7598 0.1099
vn 0.5067 0.8584 -0.0802
vn -0.3003 0.9046 0.3026
vn -0.4181 0.8984 -0.1340
vn -0.5529 0.8262 0.1082
vn -0.5478 0.8266 0.1291
vt 0.000000 0.504187
vt 0.157508 0.504187
vt 0.000000 1.000000
vt 0.157508 1.000000
vt 0.000000 0.000000
vt 0.157508 0.000000
vt 0.295026 0.000000
vt 0.295026 0.504187
vt 0.295026 1.000000
vt 0.470176 0.000000
vt 0.470176 0.504187
vt 0.470176 1.000000
vt 0.626263 0.000000
vt 0.626263 0.504187
vt 0.626263 1.000000
vt 0.786316 0.000000
vt 0.786316 0.504187
vt 0.786316 1.000000
vt 0.900113 0.000000
vt 0.900113 0.504187
vt 1.000000 0.504187
vt 1.000000 0.000000
vt 0.900113 1.000000
vt 1.000000 1.000000
s 0
usemtl Material.002
f 818/817/953 817/818/953 819/819/953
f 817/818/954 820/820/954 819/819/954
f 822/821/955 821/822/955 818/817/955
f 821/822/956 817/818/956 818/817/956
f 821/822/957 823/823/957 817/818/957
f 823/823/958 824/824/958 817/818/958
f 817/818/959 824/824/959 820/820/959
f 824/824/960 825/825/960 820/820/960
f 823/823/961 826/826/961 824/824/961
f 826/826/962 827/827/962 824/824/962
f 824/824/963 827/827/963 825/825/963
f 827/827/964 828/828/964 825/825/964
f 826/826/965 829/829/965 827/827/965
f 829/829/966 830/830/966 827/827/966
f 827/827/967 830/830/967 828/828/967
f 830/830/968 831/831/968 828/828/968
f 829/829/969 832/832/969 830/830/969
f 832/832/970 833/833/970 830/830/970
f 830/830/971 833/833/971 831/831/971
f 833/833/972 834/834/972 831/831/972
f 832/832/973 835/835/973 833/833/973
f 835/835/974 836/836/974 833/833/974
f 837/837/975 836/836/975 838/838/975
f 836/836/976 835/835/976 838/838/976
f 833/833/977 836/836/977 834/834/977
f 836/836/978 839/839/978 834/834/978
f 840/840/979 839/839/979 837/837/979
f 839/839/980 836/836/980 837/837/980
o Plane_192
v -9.406868 1.895116 20.084999
v -9.891293 -1.021947 20.139820
v -10.679900 -0.596136 17.741480
v -10.429830 1.340097 17.025740
v -7.182041 0.861269 22.325621
v -6.479855 -1.851993 21.671690
v -5.828047 3.593554 21.764250
v -8.057521 4.633669 19.527040
v -8.377483 3.130159 15.951280
v -3.794739 5.676643 20.706421
v -6.289067 7.074100 18.663811
v -6.344176 5.213248 14.893460
v -1.284371 6.590795 19.250650
v -4.406943 8.835876 17.669609
v -5.144060 7.895189 14.400331
v 0.573685 8.494341 18.284000
v -2.281947 10.753459 16.577141
v -3.420476 9.980166 13.532481
v 2.212860 9.505670 17.534559
v -0.667240 11.441759 15.811121
v 1.057733 11.761649 14.585161
v 3.698732 9.357125 16.446899
v -0.769157 10.124859 13.021951
v 0.450937 9.835953 11.147021
vn -0.9288 0.1605 0.3339
vn -0.9362 0.2218 0.2728
vn -0.4517 -0.3178 0.8337
vn -0.6744 0.1257 0.7276
vn -0.5409 0.4180 0.7299
vn -0.5405 0.4154 0.7317
vn -0.8612 0.4658 0.2035
vn -0.7042 0.6748 -0.2207
vn -0.3457 0.6707 0.6563
vn -0.3438 0.5246 0.7788
vn -0.8252 0.5433 -0.1546
vn -0.7542 0.5931 -0.2817
vn 0.0159 0.8342 0.5513
vn -0.0482 0.5294 0.8470
vn -0.7313 0.6158 -0.2932
vn -0.9038 0.4197 0.0830
vn -0.0713 0.5061 0.8595
vn -0.0653 0.5476 0.8342
vn -0.6843 0.7271 -0.0549
vn -0.7430 0.6601 0.1102
vn -0.0040 0.5996 0.8003
vn 0.0415 0.6981 0.7148
vn 0.2771 0.7598 0.5882
vn 0.3561 0.8584 0.3692
vn -0.4201 0.9046 -0.0727
vn -0.1298 0.8984 -0.4195
vn -0.4055 0.8262 -0.3912
vn -0.4198 0.8266 -0.3749
vt 0.000000 0.504187
vt 0.157508 0.504187
vt 0.000000 1.000000
vt 0.157508 1.000000
vt 0.000000 0.000000
vt 0.157508 0.000000
vt 0.295026 0.000000
vt 0.295026 0.504187
vt 0.295026 1.000000
vt 0.470176 0.000000
vt 0.470176 0.504187
vt 0.470176 1.000000
vt 0.626263 0.000000
vt 0.626263 0.504187
vt 0.626263 1.000000
vt 0.786316 0.000000
vt 0.786316 0.504187
vt 0.786316 1.000000
vt 0.900113 0.000000
vt 0.900113 0.504187
vt 1.000000 0.504187
vt 1.000000 0.000000
vt 0.900113 1.000000
vt 1.000000 1.000000
s 0
usemtl Material.002
f 842/841/981 841/842/981 843/843/981
f 841/842/982 844/844/982 843/843/982
f 846/845/983 845/846/983 842/841/983
f 845/846/984 841/842/984 842/841/984
f 845/846/985 847/847/985 841/842/985
f 847/847/986 848/848/986 841/842/986
f 841/842/987 848/848/987 844/844/987
f 848/848/988 849/849/988 844/844/988
f 847/847/989 850/850/989 848/848/989
f 850/850/990 851/851/990 848/848/990
f 848/848/991 851/851/991 849/849/991
f 851/851/992 852/852/992 849/849/992
f 850/850/993 853/853/993 851/851/993
f 853/853/994 854/854/994 851/851/994
f 851/851/995 854/854/995 852/852/995
f 854/854/996 855/855/996 852/852/996
f 853/853/997 856/856/997 854/854/997
f 856/856/998 857/857/998 854/854/998
f 854/854/999 857/857/999 855/855/999
f 857/857/1000 858/858/1000 855/855/1000
f 856/856/1001 859/859/1001 857/857/1001
f 859/859/1002 860/860/1002 857/857/1002
f 861/861/1003 860/860/1003 862/862/1003
f 860/860/1004 859/859/1004 862/862/1004
f 857/857/1005 860/860/1005 858/858/1005
f 860/860/1006 863/863/1006 858/858/1006
f 864/864/1007 863/863/1007 861/861/1007
f 863/863/1008 860/860/1008 861/861/1008
o Plane_193
v -26.771851 0.805304 -2.825149
v -26.907761 -0.434259 -2.420280
v -29.103790 -0.253318 -2.682567
v -29.579370 0.569456 -3.146190
v -24.169069 0.365986 -3.761437
v -24.428110 -0.786975 -4.561084
v -24.113211 1.527030 -5.044245
v -26.715000 1.969011 -4.103004
v -29.672159 1.330116 -5.173436
v -24.199850 2.412207 -7.050213
v -26.745270 3.006036 -5.826641
v -29.758801 2.215294 -7.179405
v -24.425711 2.800663 -9.582299
v -26.837410 3.754677 -7.689026
v -29.705770 3.354946 -8.314779
v -24.504890 3.609547 -11.415370
v -26.917589 4.569527 -9.780617
v -29.756321 4.240926 -10.004510
v -24.492701 4.039295 -12.994230
v -26.927629 4.862008 -11.346190
v -27.261959 4.997941 -13.169660
v -24.805790 3.976174 -14.576660
v -29.179581 4.302409 -12.298370
v -30.216089 4.179644 -13.961410
vn -0.0866 0.3179 0.9442
vn -0.1380 0.4245 0.8949
vn 0.4898 -0.5685 0.6610
vn 0.3650 0.2527 0.8961
vn 0.3456 0.6882 0.6379
vn 0.3479 0.6854 0.6397
vn -0.1377 0.7354 0.6635
vn -0.3161 0.8834 0.3459
vn 0.2859 0.8812 0.3765
vn 0.4071 0.7858 0.4656
vn -0.3494 0.8002 0.4875
vn -0.3922 0.8352 0.3855
vn 0.2804 0.9522 0.1211
vn 0.5405 0.7896 0.2906
vn -0.3848 0.8496 0.3606
vn -0.2448 0.6900 0.6812
vn 0.5531 0.7707 0.3162
vn 0.5183 0.8034 0.2931
vn -0.2057 0.9092 0.3621
vn -0.1379 0.8755 0.4632
vn 0.4914 0.8394 0.2323
vn 0.4139 0.8953 0.1646
vn 0.3834 0.9236 -0.0014
vn 0.2633 0.9605 -0.0904
vn -0.1273 0.9749 0.1829
vn -0.2285 0.9730 -0.0314
vn -0.2932 0.9494 0.1126
vn -0.2882 0.9495 0.1236
vt 0.000000 0.504187
vt 0.157508 0.504187
vt 0.000000 1.000000
vt 0.157508 1.000000
vt 0.000000 0.000000
vt 0.157508 0.000000
vt 0.295026 0.000000
vt 0.295026 0.504187
vt 0.295026 1.000000
vt 0.470176 0.000000
vt 0.470176 0.504187
vt 0.470176 1.000000
vt 0.626263 0.000000
vt 0.626263 0.504187
vt 0.626263 1.000000
vt 0.786316 0.000000
vt 0.786316 0.504187
vt 0.786316 1.000000
vt 0.900113 0.000000
vt 0.900113 0.504187
vt 1.000000 0.504187
vt 1.000000 0.000000
vt 0.900113 1.000000
vt 1.000000 1.000000
s 0
usemtl Material.002
f 866/865/1009 865/866/1009 867/867/1009
f 865/866/1010 868/868/1010 867/867/1010
f 870/869/1011 869/870/1011 866/865/1011
f 869/870/1012 865/866/1012 866/865/1012
f 869/870/1013 871/871/1013 865/866/1013
f 871/871/1014 872/872/1014 865/866/1014
f 865/866/1015 872/872/1015 868/868/1015
f 872/872/1016 873/873/1016 868/868/1016
f 871/871/1017 874/874/1017 872/872/1017
f 874/874/1018 875/875/1018 872/872/1018
f 872/872/1019 875/875/1019 873/873/1019
f 875/875/1020 876/876/1020 873/873/1020
f 874/874/1021 877/877/1021 875/875/1021
f 877/877/1022 878/878/1022 875/875/1022
f 875/875/1023 878/878/1023 876/876/1023
f 878/878/1024 879/879/1024 876/876/1024
f 877/877/1025 880/880/1025 878/878/1025
f 880/880/1026 881/881/1026 878/878/1026
f 878/878/1027 881/881/1027 879/879/1027
f 881/881/1028 882/882/1028 879/879/1028
f 880/880/1029 883/883/1029 881/881/1029
f 883/883/1030 884/884/1030 881/881/1030
f 885/885/1031 884/884/1031 886/886/1031
f 884/884/1032 883/883/1032 886/886/1032
f 881/881/1033 884/884/1033 882/882/1033
f 884/884/1034 887/887/1034 882/882/1034
f 888/888/1035 887/887/1035 885/885/1035
f 887/887/1036 884/884/1036 885/885/1036
o Plane_20
v -0.788125 0.358283 -0.080658
v -1.809583 -1.869677 0.079523
v -1.547068 -1.606634 -1.222610
v -0.709719 -0.128063 -1.672931
v -0.079695 -0.212516 1.344099
v 0.038345 -2.161443 1.274137
v 1.698593 1.970254 1.043096
v 0.987071 2.545230 -0.380899
v 1.533217 1.426638 -2.088546
v 3.987413 3.741710 0.614725
v 3.099671 4.554884 -0.765804
v 3.822038 3.198095 -2.516916
v 6.491776 4.692299 0.118366
v 5.186034 6.070485 -1.159059
v 5.454628 5.327061 -2.798244
v 8.583322 6.311073 -0.273084
v 7.516369 7.727931 -1.583610
v 7.456703 7.066772 -3.167624
v 10.247880 7.239224 -0.524366
v 9.096344 8.412533 -1.825075
v 10.819120 8.837807 -2.257910
v 11.647520 7.289142 -0.885580
v 9.598988 7.447243 -3.131202
v 11.017500 7.373596 -3.902611
vn -0.9071 0.4087 -0.1003
vn -0.8785 0.4431 -0.1786
vn -0.5488 -0.0632 0.8335
vn -0.7558 0.3846 0.5299
vn -0.6162 0.5760 0.5371
vn -0.6159 0.5740 0.5395
vn -0.7719 0.5964 -0.2202
vn -0.5351 0.6180 -0.5760
vn -0.4597 0.7197 0.5203
vn -0.4576 0.6057 0.6510
vn -0.6230 0.5480 -0.5582
vn -0.5403 0.5425 -0.6432
vn -0.1843 0.7905 0.5841
vn -0.2336 0.5327 0.8135
vn -0.5246 0.5545 -0.6460
vn -0.7609 0.5349 -0.3673
vn -0.2498 0.5203 0.8167
vn -0.2469 0.5513 0.7970
vn -0.5765 0.7045 -0.4140
vn -0.6596 0.7021 -0.2682
vn -0.2030 0.5781 0.7903
vn -0.1698 0.6523 0.7387
vn 0.0213 0.6694 0.7426
vn 0.1267 0.7897 0.6002
vn -0.4172 0.8442 -0.3366
vn -0.1269 0.7737 -0.6207
vn -0.3185 0.6886 -0.6514
vn -0.3319 0.6931 -0.6399
vt 0.000000 0.504187
vt 0.157508 0.504187
vt 0.000000 1.000000
vt 0.157508 1.000000
vt 0.000000 0.000000
vt 0.157508 0.000000
vt 0.295026 0.000000
vt 0.295026 0.504187
vt 0.295026 1.000000
vt 0.470176 0.000000
vt 0.470176 0.504187
vt 0.470176 1.000000
vt 0.626263 0.000000
vt 0.626263 0.504187
vt 0.626263 1.000000
vt 0.786316 0.000000
vt 0.786316 0.504187
vt 0.786316 1.000000
vt 0.900113 0.000000
vt 0.900113 0.504187
vt 1.000000 0.504187
vt 1.000000 0.000000
vt 0.900113 1.000000
vt 1.000000 1.000000
s 0
usemtl Material.002
f 890/889/1037 889/890/1037 891/891/1037
f 889/890/1038 892/892/1038 891/891/1038
f 894/893/1039 893/894/1039 890/889/1039
f 893/894/1040 889/890/1040 890/889/1040
f 893/894/1041 895/895/1041 889/890/1041
f 895/895/1042 896/896/1042 889/890/1042
f 889/890/1043 896/896/1043 892/892/1043
f 896/896/1044 897/897/1044 892/892/1044
f 895/895/1045 898/898/1045 896/896/1045
f 898/898/1046 899/899/1046 896/896/1046
f 896/896/1047 899/899/1047 897/897/1047
f 899/899/1048 900/900/1048 897/897/1048
f 898/898/1049 901/901/1049 899/899/1049
f 901/901/1050 902/902/1050 899/899/1050
f 899/899/1051 902/902/1051 900/900/1051
f 902/902/1052 903/903/1052 900/900/1052
f 901/901/1053 904/904/1053 902/902/1053
f 904/904/1054 905/905/1054 902/902/1054
f 902/902/1055 905/905/1055 903/903/1055
f 905/905/1056 906/906/1056 903/903/1056
f 904/904/1057 907/907/1057 905/905/1057
f 907/907/1058 908/908/1058 905/905/1058
f 909/909/1059 908/908/1059 910/910/1059
f 908/908/1060 907/907/1060 910/910/1060
f 905/905/1061 908/908/1061 906/906/1061
f 908/908/1062 911/911/1062 906/906/1062
f 912/912/1063 911/911/1063 909/909/1063
f 911/911/1064 908/908/1064 909/909/1064
o Plane_201
v 2.631190 0.230117 -12.307020
v 2.368803 -1.200870 -12.917070
v 3.220830 -1.031922 -12.961160
v 3.634419 -0.082256 -12.511890
v 1.857537 -0.136499 -11.639260
v 1.919873 -1.388267 -11.576960
v 2.328111 1.265463 -10.580730
v 3.100798 1.634763 -11.250290
v 4.250325 0.916307 -11.182500
v 2.959264 2.403245 -9.224827
v 3.676833 2.925535 -9.997115
v 4.881478 2.054089 -9.826603
v 3.667057 3.013794 -7.745642
v 4.253884 3.898985 -8.761592
v 5.316600 3.421494 -8.855594
v 4.243811 4.053511 -6.506607
v 4.889275 4.963539 -7.379251
v 5.865369 4.538886 -7.668713
v 4.665330 4.649650 -5.510922
v 5.291212 5.403248 -6.434630
v 5.834970 5.676395 -5.431644
v 5.113050 4.681710 -4.697580
v 6.183976 4.783257 -6.329946
v 6.889932 4.735953 -5.570211
vn -0.1278 0.4087 -0.9037
vn -0.0449 0.4431 -0.8953
vn -0.9436 -0.0632 -0.3249
vn -0.7008 0.3846 -0.6008
vn -0.6732 0.5760 -0.4637
vn -0.6754 0.5740 -0.4629
vn 0.0218 0.5964 -0.8024
vn 0.4253 0.6180 -0.6612
vn -0.6180 0.7197 -0.3163
vn -0.7441 0.6057 -0.2818
vn 0.3862 0.5480 -0.7420
vn 0.4891 0.5425 -0.6829
vn -0.6116 0.7905 -0.0336
vn -0.8460 0.5327 -0.0246
vn 0.4957 0.5545 -0.6684
vn 0.1671 0.5349 -0.8282
vn -0.8531 0.5203 -0.0395
vn -0.8333 0.5513 -0.0415
vn 0.2581 0.7045 -0.6611
vn 0.0962 0.7021 -0.7055
vn -0.8160 0.5781 -0.0007
vn -0.7577 0.6523 0.0188
vn -0.7141 0.6694 0.2048
vn -0.5500 0.7897 0.2716
vn 0.2226 0.8442 -0.4877
vn 0.5698 0.7737 -0.2768
vn 0.5521 0.6886 -0.4701
vn 0.5376 0.6931 -0.4802
vt 0.000000 0.504187
vt 0.157508 0.504187
vt 0.000000 1.000000
vt 0.157508 1.000000
vt 0.000000 0.000000
vt 0.157508 0.000000
vt 0.295026 0.000000
vt 0.295026 0.504187
vt 0.295026 1.000000
vt 0.470176 0.000000
vt 0.470176 0.504187
vt 0.470176 1.000000
vt 0.626263 0.000000
vt 0.626263 0.504187
vt 0.626263 1.000000
vt 0.786316 0.000000
vt 0.786316 0.504187
vt 0.786316 1.000000
vt 0.900113 0.000000
vt 0.900113 0.504187
vt 1.000000 0.504187
vt 1.000000 0.000000
vt 0.900113 1.000000
vt 1.000000 1.000000
s 0
usemtl Material.002
f 914/913/1065 913/914/1065 915/915/1065
f 913/914/1066 916/916/1066 915/915/1066
f 918/917/1067 917/918/1067 914/913/1067
f 917/918/1068 913/914/1068 914/913/1068
f 917/918/1069 919/919/1069 913/914/1069
f 919/919/1070 920/920/1070 913/914/1070
f 913/914/1071 920/920/1071 916/916/1071
f 920/920/1072 921/921/1072 916/916/1072
f 919/919/1073 922/922/1073 920/920/1073
f 922/922/1074 923/923/1074 920/920/1074
f 920/920/1075 923/923/1075 921/921/1075
f 923/923/1076 924/924/1076 921/921/1076
f 922/922/1077 925/925/1077 923/923/1077
f 925/925/1078 926/926/1078 923/923/1078
f 923/923/1079 926/926/1079 924/924/1079
f 926/926/1080 927/927/1080 924/924/1080
f 925/925/1081 928/928/1081 926/926/1081
f 928/928/1082 929/929/1082 926/926/1082
f 926/926/1083 929/929/1083 927/927/1083
f 929/929/1084 930/930/1084 927/927/1084
f 928/928/1085 931/931/1085 929/929/1085
f 931/931/1086 932/932/1086 929/929/1086
f 933/933/1087 932/932/1087 934/934/1087
f 932/932/1088 931/931/1088 934/934/1088
f 929/929/1089 932/932/1089 930/930/1089
f 932/932/1090 935/935/1090 930/930/1090
f 936/936/1091 935/935/1091 933/933/1091
f 935/935/1092 932/932/1092 933/933/1092
o Plane_202
v -10.726870 0.397592 20.429100
v -10.122840 -2.074863 19.453550
v -9.216816 -1.782955 20.616350
v -9.443482 -0.142125 21.646799
v -12.438390 -0.235847 19.994780
v -12.464890 -2.398648 20.144730
v -13.471330 2.186460 21.709150
v -11.758200 2.824535 22.140320
v -10.716050 1.583189 23.835131
v -14.766340 4.152316 23.945320
v -12.962340 5.054728 24.196739
v -12.011060 3.549045 26.071310
v -16.160040 5.207223 26.412081
v -14.140470 6.736650 26.237120
v -12.955170 5.911643 27.648821
v -17.343439 7.003641 28.455521
v -15.468720 8.575985 28.505470
v -14.092420 7.842269 29.601000
v -18.335951 8.033646 30.038200
v -16.408319 9.335714 30.009871
v -17.290150 9.807656 31.772869
v -19.044340 8.089043 31.477449
v -15.672630 8.264494 31.377649
v -16.049431 8.182763 33.129478
vn 0.6674 0.4087 -0.6226
vn 0.7080 0.4431 -0.5498
vn -0.2744 -0.0632 -0.9595
vn 0.0908 0.3846 -0.9186
vn -0.0058 0.5760 -0.8174
vn -0.0077 0.5740 -0.8188
vn 0.6701 0.5964 -0.4419
vn 0.7856 0.6180 -0.0304
vn -0.0950 0.7197 -0.6877
vn -0.1955 0.6057 -0.7713
vn 0.8294 0.5480 -0.1086
vn 0.8400 0.5425 0.0095
vn -0.3229 0.7905 -0.5205
vn -0.4647 0.5327 -0.7074
vn 0.8319 0.5545 0.0232
vn 0.7745 0.5349 -0.3377
vn -0.4565 0.5203 -0.7217
vn -0.4435 0.5513 -0.7067
vn 0.6897 0.7045 -0.1674
vn 0.6333 0.7021 -0.3254
vn -0.4670 0.5781 -0.6691
vn -0.4496 0.6523 -0.6102
vn -0.5771 0.6694 -0.4678
vn -0.5378 0.7897 -0.2951
vn 0.5272 0.8442 -0.0970
vn 0.5534 0.7737 0.3083
vn 0.7017 0.6886 0.1830
vn 0.7016 0.6931 0.1654
vt 0.000000 0.504187
vt 0.157508 0.504187
vt 0.000000 1.000000
vt 0.157508 1.000000
vt 0.000000 0.000000
vt 0.157508 0.000000
vt 0.295026 0.000000
vt 0.295026 0.504187
vt 0.295026 1.000000
vt 0.470176 0.000000
vt 0.470176 0.504187
vt 0.470176 1.000000
vt 0.626263 0.000000
vt 0.626263 0.504187
vt 0.626263 1.000000
vt 0.786316 0.000000
vt 0.786316 0.504187
vt 0.786316 1.000000
vt 0.900113 0.000000
vt 0.900113 0.504187
vt 1.000000 0.504187
vt 1.000000 0.000000
vt 0.900113 1.000000
vt 1.000000 1.000000
s 0
usemtl Material.002
f 938/937/1093 937/938/1093 939/939/1093
f 937/938/1094 940/940/1094 939/939/1094
f 942/941/1095 941/942/1095 938/937/1095
f 941/942/1096 937/938/1096 938/937/1096
f 941/942/1097 943/943/1097 937/938/1097
f 943/943/1098 944/944/1098 937/938/1098
f 937/938/1099 944/944/1099 940/940/1099
f 944/944/1100 945/945/1100 940/940/1100
f 943/943/1101 946/946/1101 944/944/1101
f 946/946/1102 947/947/1102 944/944/1102
f 944/944/1103 947/947/1103 945/945/1103
f 947/947/1104 948/948/1104 945/945/1104
f 946/946/1105 949/949/1105 947/947/1105
f 949/949/1106 950/950/1106 947/947/1106
f 947/947/1107 950/950/1107 948/948/1107
f 950/950/1108 951/951/1108 948/948/1108
f 949/949/1109 952/952/1109 950/950/1109
f 952/952/1110 953/953/1110 950/950/1110
f 950/950/1111 953/953/1111 951/951/1111
f 953/953/1112 954/954/1112 951/951/1112
f 952/952/1113 955/955/1113 953/953/1113
f 955/955/1114 956/956/1114 953/953/1114
f 957/957/1115 956/956/1115 958/958/1115
f 956/956/1116 955/955/1116 958/958/1116
f 953/953/1117 956/956/1117 954/954/1117
f 956/956/1118 959/959/1118 954/954/1118
f 960/960/1119 959/959/1119 957/957/1119
f 959/959/1120 956/956/1120 957/957/1120
o Plane_203
v -26.987600 0.168953 -1.649807
v -27.538321 -0.881680 -2.490653
v -26.279640 -0.757638 -2.779217
v -25.545561 -0.060391 -2.217601
v -27.966320 -0.100217 -0.451964
v -27.857100 -1.019267 -0.375388
v -26.987949 0.929106 1.003029
v -26.011141 1.200247 -0.197248
v -24.279690 0.672755 -0.396824
v -25.692400 1.764467 2.859351
v -24.824631 2.147934 1.520350
v -22.984140 1.508116 1.459498
v -24.250360 2.212734 4.879421
v -23.641230 2.862642 3.211360
v -22.081511 2.512067 2.793288
v -23.066490 2.976094 6.575746
v -22.332451 3.644238 5.105990
v -20.952990 3.332458 4.419178
v -22.177679 3.413780 7.949879
v -21.486191 3.967075 6.409119
v -20.413240 4.167620 7.762168
v -21.297501 3.437320 9.045321
v -20.127880 3.511876 6.331697
v -18.876740 3.477145 7.279685
vn -0.2271 0.6783 -0.6988
vn -0.1554 0.7137 -0.6830
vn -0.9793 -0.1294 -0.1560
vn -0.6526 0.6516 -0.3868
vn -0.5155 0.8237 -0.2361
vn -0.5179 0.8223 -0.2357
vn -0.0798 0.8373 -0.5409
vn 0.2035 0.8510 -0.4841
vn -0.4050 0.9058 -0.1250
vn -0.5279 0.8433 -0.1006
vn 0.1794 0.8037 -0.5674
vn 0.2601 0.7996 -0.5413
vn -0.3494 0.9361 0.0417
vn -0.6041 0.7920 0.0880
vn 0.2636 0.8085 -0.5262
vn 0.0155 0.7938 -0.6080
vn -0.6179 0.7823 0.0792
vn -0.5873 0.8061 0.0731
vn 0.0866 0.8985 -0.4304
vn -0.0168 0.8973 -0.4411
vn -0.5565 0.8251 0.0972
vn -0.4814 0.8712 0.0968
vn -0.4262 0.8805 0.2074
vn -0.2844 0.9358 0.2084
vn 0.0741 0.9557 -0.2849
vn 0.2991 0.9294 -0.2162
vn 0.2902 0.8905 -0.3503
vn 0.2790 0.8928 -0.3536
vt 0.000000 0.504187
vt 0.157508 0.504187
vt 0.000000 1.000000
vt 0.157508 1.000000
vt 0.000000 0.000000
vt 0.157508 0.000000
vt 0.295026 0.000000
vt 0.295026 0.504187
vt 0.295026 1.000000
vt 0.470176 0.000000
vt 0.470176 0.504187
vt 0.470176 1.000000
vt 0.626263 0.000000
vt 0.626263 0.504187
vt 0.626263 1.000000
vt 0.786316 0.000000
vt 0.786316 0.504187
vt 0.786316 1.000000
vt 0.900113 0.000000
vt 0.900113 0.504187
vt 1.000000 0.504187
vt 1.000000 0.000000
vt 0.900113 1.000000
vt 1.000000 1.000000
s 0
usemtl Material.002
f 962/961/1121 961/962/1121 963/963/1121
f 961/962/1122 964/964/1122 963/963/1122
f 966/965/1123 965/966/1123 962/961/1123
f 965/966/1124 961/962/1124 962/961/1124
f 965/966/1125 967/967/1125 961/962/1125
f 967/967/1126 968/968/1126 961/962/1126
f 961/962/1127 968/968/1127 964/964/1127
f 968/968/1128 969/969/1128 964/964/1128
f 967/967/1129 970/970/1129 968/968/1129
f 970/970/1130 971/971/1130 968/968/1130
f 968/968/1131 971/971/1131 969/969/1131
f 971/971/1132 972/972/1132 969/969/1132
f 970/970/1133 973/973/1133 971/971/1133
f 973/973/1134 974/974/1134 971/971/1134
f 971/971/1135 974/974/1135 972/972/1135
f 974/974/1136 975/975/1136 972/972/1136
f 973/973/1137 976/976/1137 974/974/1137
f 976/976/1138 977/977/1138 974/974/1138
f 974/974/1139 977/977/1139 975/975/1139
f 977/977/1140 978/978/1140 975/975/1140
f 976/976/1141 979/979/1141 977/977/1141
f 979/979/1142 980/980/1142 977/977/1142
f 981/981/1143 980/980/1143 982/982/1143
f 980/980/1144 979/979/1144 982/982/1144
f 977/977/1145 980/980/1145 978/978/1145
f 980/980/1146 983/983/1146 978/978/1146
f 984/984/1147 983/983/1147 981/981/1147
f 983/983/1148 980/980/1148 981/981/1148
o Plane_21
v -0.680799 -1.204661 0.573862
v -2.583253 -2.895783 1.363358
v -2.702999 -3.340383 -0.897377
v -1.428382 -2.488086 -1.974363
v 0.168699 -1.843145 3.372873
v -0.702195 -4.219853 3.936959
v 2.648661 -0.868907 2.531980
v 1.798812 -0.222800 -0.267846
v 1.104218 -2.659663 -2.692779
v 5.321388 -0.831926 1.729245
v 4.451577 0.248735 -1.117031
v 3.776946 -2.622683 -3.495514
v 7.755865 -1.944785 1.136354
v 6.838699 0.166653 -1.820103
v 6.112662 -1.585773 -4.318196
v 10.198230 -1.910992 0.402807
v 9.493110 0.040139 -2.568280
v 8.544889 -1.331346 -5.075326
v 11.988890 -2.275564 0.043694
v 11.096290 -0.534177 -2.848022
v 12.626680 -1.601847 -3.335521
v 13.085140 -3.488674 -0.269152
v 10.584710 -2.592937 -4.646188
v 11.488060 -4.133615 -5.616388
vn -0.6848 0.7211 -0.1055
vn -0.6483 0.7393 -0.1822
vn -0.6356 0.3909 0.6657
vn -0.5421 0.7685 0.3398
vn -0.2632 0.9202 0.2898
vn -0.2646 0.9190 0.2924
vn -0.4373 0.8482 -0.2989
vn -0.1444 0.7184 -0.6805
vn 0.0496 0.9764 0.2103
vn -0.0476 0.9289 0.3672
vn -0.3257 0.7119 -0.6221
vn -0.2263 0.6523 -0.7234
vn 0.4467 0.8732 0.1950
vn 0.1852 0.8260 0.5324
vn -0.1934 0.6524 -0.7328
vn -0.4861 0.7755 -0.4028
vn 0.1516 0.8260 0.5429
vn 0.1835 0.8411 0.5088
vn -0.1149 0.8286 -0.5479
vn -0.2185 0.8885 -0.4034
vn 0.2667 0.8334 0.4840
vn 0.3701 0.8419 0.3927
vn 0.6084 0.7133 0.3479
vn 0.7525 0.6405 0.1534
vn 0.2033 0.8246 -0.5280
vn 0.4683 0.5124 -0.7198
vn 0.2018 0.6039 -0.7711
vn 0.1889 0.6189 -0.7624
vt 0.000000 0.504187
vt 0.157508 0.504187
vt 0.000000 1.000000
vt 0.157508 1.000000
vt 0.000000 0.000000
vt 0.157508 0.000000
vt 0.295026 0.000000
vt 0.295026 0.504187
vt 0.295026 1.000000
vt 0.470176 0.000000
vt 0.470176 0.504187
vt 0.470176 1.000000
vt 0.626263 0.000000
vt 0.626263 0.504187
vt 0.626263 1.000000
vt 0.786316 0.000000
vt 0.786316 0.504187
vt 0.786316 1.000000
vt 0.900113 0.000000
vt 0.900113 0.504187
vt 1.000000 0.504187
vt 1.000000 0.000000
vt 0.900113 1.000000
vt 1.000000 1.000000
s 0
usemtl Material.002
f 986/985/1149 985/986/1149 987/987/1149
f 985/986/1150 988/988/1150 987/987/1150
f 990/989/1151 989/990/1151 986/985/1151
f 989/990/1152 985/986/1152 986/985/1152
f 989/990/1153 991/991/1153 985/986/1153
f 991/991/1154 992/992/1154 985/986/1154
f 985/986/1155 992/992/1155 988/988/1155
f 992/992/1156 993/993/1156 988/988/1156
f 991/991/1157 994/994/1157 992/992/1157
f 994/994/1158 995/995/1158 992/992/1158
f 992/992/1159 995/995/1159 993/993/1159
f 995/995/1160 996/996/1160 993/993/1160
f 994/994/1161 997/997/1161 995/995/1161
f 997/997/1162 998/998/1162 995/995/1162
f 995/995/1163 998/998/1163 996/996/1163
f 998/998/1164 999/999/1164 996/996/1164
f 997/997/1165 1000/1000/1165 998/998/1165
f 1000/1000/1166 1001/1001/1166 998/998/1166
f 998/998/1167 1001/1001/1167 999/999/1167
f 1001/1001/1168 1002/1002/1168 999/999/1168
f 1000/1000/1169 1003/1003/1169 1001/1001/1169
f 1003/1003/1170 1004/1004/1170 1001/1001/1170
f 1005/1005/1171 1004/1004/1171 1006/1006/1171
f 1004/1004/1172 1003/1003/1172 1006/1006/1172
f 1001/1001/1173 1004/1004/1173 1002/1002/1173
f 1004/1004/1174 1007/1007/1174 1002/1002/1174
f 1008/1008/1175 1007/1007/1175 1005/1005/1175
f 1007/1007/1176 1004/1004/1176 1005/1005/1176
o Plane_211
v 2.241035 -0.773740 -12.135970
v 1.446733 -1.859924 -13.193940
v 2.834323 -2.145484 -13.628590
v 3.707490 -1.598066 -13.007070
v 0.634770 -1.183829 -11.161520
v 0.145052 -2.710356 -11.613540
v 1.553051 -0.558089 -9.752398
v 3.159766 -0.143104 -10.727210
v 4.557949 -1.708268 -11.545690
v 2.478297 -0.534337 -8.217260
v 4.110734 0.159756 -9.211888
v 5.483195 -1.684515 -10.010550
v 3.235020 -1.249112 -6.796937
v 4.928470 0.107036 -7.838582
v 6.367166 -1.018523 -8.688286
v 4.080519 -1.227407 -5.394114
v 5.816851 0.025777 -6.306150
v 7.225723 -0.855108 -7.295526
v 4.589221 -1.461567 -4.337142
v 6.246301 -0.343098 -5.353189
v 6.793425 -1.028848 -4.478614
v 4.958514 -2.240731 -3.704873
v 7.283653 -1.665411 -5.957954
v 8.031234 -2.654968 -5.550428
vn -0.0676 0.7211 -0.6896
vn 0.0157 0.7393 -0.6732
vn -0.8026 0.3909 -0.4507
vn -0.4637 0.7685 -0.4409
vn -0.3460 0.9202 -0.1831
vn -0.3489 0.9190 -0.1838
vn 0.1811 0.8482 -0.4978
vn 0.6235 0.7184 -0.3087
vn -0.1914 0.9764 0.1002
vn -0.3675 0.9289 0.0450
vn 0.5219 0.7119 -0.4698
vn 0.6446 0.6523 -0.3986
vn -0.0782 0.8732 0.4811
vn -0.4699 0.8260 0.3115
vn 0.6619 0.6524 -0.3691
vn 0.2696 0.7755 -0.5708
vn -0.4883 0.8260 0.2815
vn -0.4474 0.8411 0.3040
vn 0.5023 0.8286 -0.2472
vn 0.3366 0.8885 -0.3118
vn -0.4027 0.8334 0.3785
vn -0.2887 0.8419 0.4560
vn -0.1861 0.7133 0.6757
vn 0.0380 0.6405 0.7670
vn 0.5619 0.8246 0.0660
vn 0.8135 0.5124 0.2752
vn 0.7970 0.6039 0.0043
vn 0.7854 0.6189 -0.0061
vt 0.000000 0.504187
vt 0.157508 0.504187
vt 0.000000 1.000000
vt 0.157508 1.000000
vt 0.000000 0.000000
vt 0.157508 0.000000
vt 0.295026 0.000000
vt 0.295026 0.504187
vt 0.295026 1.000000
vt 0.470176 0.000000
vt 0.470176 0.504187
vt 0.470176 1.000000
vt 0.626263 0.000000
vt 0.626263 0.504187
vt 0.626263 1.000000
vt 0.786316 0.000000
vt 0.786316 0.504187
vt 0.786316 1.000000
vt 0.900113 0.000000
vt 0.900113 0.504187
vt 1.000000 0.504187
vt 1.000000 0.000000
vt 0.900113 1.000000
vt 1.000000 1.000000
s 0
usemtl Material.002
f 1010/1009/1177 1009/1010/1177 1011/1011/1177
f 1009/1010/1178 1012/1012/1178 1011/1011/1178
f 1014/1013/1179 1013/1014/1179 1010/1009/1179
f 1013/1014/1180 1009/1010/1180 1010/1009/1180
f 1013/1014/1181 1015/1015/1181 1009/1010/1181
f 1015/1015/1182 1016/1016/1182 1009/1010/1182
f 1009/1010/1183 1016/1016/1183 1012/1012/1183
f 1016/1016/1184 1017/1017/1184 1012/1012/1184
f 1015/1015/1185 1018/1018/1185 1016/1016/1185
f 1018/1018/1186 1019/1019/1186 1016/1016/1186
f 1016/1016/1187 1019/1019/1187 1017/1017/1187
f 1019/1019/1188 1020/1020/1188 1017/1017/1188
f 1018/1018/1189 1021/1021/1189 1019/1019/1189
f 1021/1021/1190 1022/1022/1190 1019/1019/1190
f 1019/1019/1191 1022/1022/1191 1020/1020/1191
f 1022/1022/1192 1023/1023/1192 1020/1020/1192
f 1021/1021/1193 1024/1024/1193 1022/1022/1193
f 1024/1024/1194 1025/1025/1194 1022/1022/1194
f 1022/1022/1195 1025/1025/1195 1023/1023/1195
f 1025/1025/1196 1026/1026/1196 1023/1023/1196
f 1024/1024/1197 1027/1027/1197 1025/1025/1197
f 1027/1027/1198 1028/1028/1198 1025/1025/1198
f 1029/1029/1199 1028/1028/1199 1030/1030/1199
f 1028/1028/1200 1027/1027/1200 1030/1030/1200
f 1025/1025/1201 1028/1028/1201 1026/1026/1201
f 1028/1028/1202 1031/1031/1202 1026/1026/1202
f 1032/1032/1203 1031/1031/1203 1029/1029/1203
f 1031/1031/1204 1028/1028/1204 1029/1029/1204
o Plane_212
v -11.355360 -1.336869 20.046000
v -10.643740 -3.213574 17.873800
v -8.654435 -3.706964 19.408239
v -8.669970 -2.761137 21.259991
v -14.325530 -2.045419 18.736389
v -14.170340 -4.682948 17.595409
v -15.411610 -0.964269 21.431820
v -12.440500 -0.247259 22.741720
v -9.897205 -2.951543 23.911131
v -16.669241 -0.923230 24.261881
v -13.644590 0.276022 25.588579
v -11.154830 -2.910504 26.741199
v -17.931141 -2.158215 26.739639
v -14.779520 0.184933 28.106190
v -12.151910 -1.759804 29.302050
v -19.080379 -2.120713 29.325781
v -16.069811 0.044536 30.881371
v -13.273960 -1.477457 31.896721
v -20.073351 -2.525292 31.092600
v -16.993980 -0.592806 32.432991
v -17.690651 -1.777644 34.073620
v -20.602989 -3.871530 32.241520
v -15.110570 -2.877495 33.303070
v -14.947430 -4.587248 34.765121
vn 0.5264 0.7211 -0.4505
vn 0.5607 0.7393 -0.3729
vn -0.0906 0.3909 -0.9160
vn 0.0956 0.7685 -0.6326
vn -0.0482 0.9202 -0.3885
vn -0.0493 0.9190 -0.3913
vn 0.5117 0.8482 -0.1368
vn 0.6102 0.7184 0.3341
vn -0.1918 0.9764 -0.0994
vn -0.2475 0.9289 -0.2754
vn 0.6841 0.7119 0.1585
vn 0.6961 0.6523 0.2999
vn -0.4390 0.8732 0.2116
vn -0.5245 0.8260 -0.2066
vn 0.6818 0.6524 0.3310
vn 0.6223 0.7755 -0.1062
vn -0.5105 0.8260 -0.2389
vn -0.5055 0.8411 -0.1925
vn 0.4904 0.8286 0.2699
vn 0.4484 0.8885 0.0972
vn -0.5409 0.8334 -0.1132
vn -0.5391 0.8419 0.0247
vn -0.6604 0.7133 0.2347
vn -0.6068 0.6405 0.4707
vn 0.2679 0.8246 0.4983
vn 0.2407 0.5123 0.8244
vn 0.4532 0.6039 0.6556
vn 0.4550 0.6189 0.6402
vt 0.000000 0.504187
vt 0.157508 0.504187
vt 0.000000 1.000000
vt 0.157508 1.000000
vt 0.000000 0.000000
vt 0.157508 0.000000
vt 0.295026 0.000000
vt 0.295026 0.504187
vt 0.295026 1.000000
vt 0.470176 0.000000
vt 0.470176 0.504187
vt 0.470176 1.000000
vt 0.626263 0.000000
vt 0.626263 0.504187
vt 0.626263 1.000000
vt 0.786316 0.000000
vt 0.786316 0.504187
vt 0.786316 1.000000
vt 0.900113 0.000000
vt 0.900113 0.504187
vt 1.000000 0.504187
vt 1.000000 0.000000
vt 0.900113 1.000000
vt 1.000000 1.000000
s 0
usemtl Material.002
f 1034/1033/1205 1033/1034/1205 1035/1035/1205
f 1033/1034/1206 1036/1036/1206 1035/1035/1206
f 1038/1037/1207 1037/1038/1207 1034/1033/1207
f 1037/1038/1208 1033/1034/1208 1034/1033/1208
f 1037/1038/1209 1039/1039/1209 1033/1034/1209
f 1039/1039/1210 1040/1040/1210 1033/1034/1210
f 1033/1034/1211 1040/1040/1211 1036/1036/1211
f 1040/1040/1212 1041/1041/1212 1036/1036/1212
f 1039/1039/1213 1042/1042/1213 1040/1040/1213
f 1042/1042/1214 1043/1043/1214 1040/1040/1214
f 1040/1040/1215 1043/1043/1215 1041/1041/1215
f 1043/1043/1216 1044/1044/1216 1041/1041/1216
f 1042/1042/1217 1045/1045/1217 1043/1043/1217
f 1045/1045/1218 1046/1046/1218 1043/1043/1218
f 1043/1043/1219 1046/1046/1219 1044/1044/1219
f 1046/1046/1220 1047/1047/1220 1044/1044/1220
f 1045/1045/1221 1048/1048/1221 1046/1046/1221
f 1048/1048/1222 1049/1049/1222 1046/1046/1222
f 1046/1046/1223 1049/1049/1223 1047/1047/1223
f 1049/1049/1224 1050/1050/1224 1047/1047/1224
f 1048/1048/1225 1051/1051/1225 1049/1049/1225
f 1051/1051/1226 1052/1052/1226 1049/1049/1226
f 1053/1053/1227 1052/1052/1227 1054/1054/1227
f 1052/1052/1228 1051/1051/1228 1054/1054/1228
f 1049/1049/1229 1052/1052/1229 1050/1050/1229
f 1052/1052/1230 1055/1055/1230 1050/1050/1230
f 1056/1056/1231 1055/1055/1231 1053/1053/1231
f 1055/1055/1232 1052/1052/1232 1053/1053/1232
o Plane_213
v -27.524509 -0.568080 -1.292772
v -28.985359 -1.365558 -2.662267
v -27.030411 -1.575217 -3.673142
v -25.566139 -1.173302 -2.974934
v -29.664280 -0.869168 0.580050
v -30.512581 -1.989947 0.034245
v -27.926769 -0.409749 2.440614
v -25.786421 -0.105067 0.567155
v -23.916071 -1.254212 -1.018718
v -26.145920 -0.392310 4.487228
v -23.972401 0.117294 2.577493
v -22.135210 -1.236773 1.027897
v -24.646330 -0.917099 6.406750
v -22.394150 0.078587 4.410965
v -20.471569 -0.747800 2.767955
v -23.018970 -0.901164 8.276966
v -20.668970 0.018927 6.463187
v -18.827370 -0.627821 4.619752
v -21.984159 -1.073084 9.719666
v -19.779510 -0.251903 7.771554
v -18.735121 -0.755381 8.932287
v -21.268250 -1.645147 10.565680
v -18.391190 -1.222746 6.598664
v -17.170111 -1.949281 7.010691
vn -0.1132 0.9064 -0.4070
vn -0.0605 0.9147 -0.3996
vn -0.7098 0.6587 -0.2495
vn -0.3119 0.9272 -0.2073
vn -0.1923 0.9794 -0.0623
vn -0.1940 0.9790 -0.0624
vn 0.0505 0.9570 -0.2855
vn 0.3427 0.9051 -0.2517
vn -0.0846 0.9943 0.0651
vn -0.1816 0.9818 0.0553
vn 0.2661 0.9021 -0.3399
vn 0.3667 0.8712 -0.3265
vn 0.0033 0.9652 0.2613
vn -0.2280 0.9493 0.2163
vn 0.3810 0.8712 -0.3096
vn 0.0971 0.9301 -0.3542
vn -0.2410 0.9493 0.2016
vn -0.2137 0.9546 0.2074
vn 0.2514 0.9503 -0.1837
vn 0.1471 0.9700 -0.1934
vn -0.1835 0.9520 0.2451
vn -0.1131 0.9549 0.2745
vn -0.0409 0.9027 0.4283
vn 0.1113 0.8644 0.4903
vn 0.3153 0.9488 -0.0179
vn 0.6235 0.7759 0.0958
vn 0.5316 0.8422 -0.0903
vn 0.5156 0.8516 -0.0946
vt 0.000000 0.504187
vt 0.157508 0.504187
vt 0.000000 1.000000
vt 0.157508 1.000000
vt 0.000000 0.000000
vt 0.157508 0.000000
vt 0.295026 0.000000
vt 0.295026 0.504187
vt 0.295026 1.000000
vt 0.470176 0.000000
vt 0.470176 0.504187
vt 0.470176 1.000000
vt 0.626263 0.000000
vt 0.626263 0.504187
vt 0.626263 1.000000
vt 0.786316 0.000000
vt 0.786316 0.504187
vt 0.786316 1.000000
vt 0.900113 0.000000
vt 0.900113 0.504187
vt 1.000000 0.504187
vt 1.000000 0.000000
vt 0.900113 1.000000
vt 1.000000 1.000000
s 0
usemtl Material.002
f 1058/1057/1233 1057/1058/1233 1059/1059/1233
f 1057/1058/1234 1060/1060/1234 1059/1059/1234
f 1062/1061/1235 1061/1062/1235 1058/1057/1235
f 1061/1062/1236 1057/1058/1236 1058/1057/1236
f 1061/1062/1237 1063/1063/1237 1057/1058/1237
f 1063/1063/1238 1064/1064/1238 1057/1058/1238
f 1057/1058/1239 1064/1064/1239 1060/1060/1239
f 1064/1064/1240 1065/1065/1240 1060/1060/1240
f 1063/1063/1241 1066/1066/1241 1064/1064/1241
f 1066/1066/1242 1067/1067/1242 1064/1064/1242
f 1064/1064/1243 1067/1067/1243 1065/1065/1243
f 1067/1067/1244 1068/1068/1244 1065/1065/1244
f 1066/1066/1245 1069/1069/1245 1067/1067/1245
f 1069/1069/1246 1070/1070/1246 1067/1067/1246
f 1067/1067/1247 1070/1070/1247 1068/1068/1247
f 1070/1070/1248 1071/1071/1248 1068/1068/1248
f 1069/1069/1249 1072/1072/1249 1070/1070/1249
f 1072/1072/1250 1073/1073/1250 1070/1070/1250
f 1070/1070/1251 1073/1073/1251 1071/1071/1251
f 1073/1073/1252 1074/1074/1252 1071/1071/1252
f 1072/1072/1253 1075/1075/1253 1073/1073/1253
f 1075/1075/1254 1076/1076/1254 1073/1073/1254
f 1077/1077/1255 1076/1076/1255 1078/1078/1255
f 1076/1076/1256 1075/1075/1256 1078/1078/1256
f 1073/1073/1257 1076/1076/1257 1074/1074/1257
f 1076/1076/1258 1079/1079/1258 1074/1074/1258
f 1080/1080/1259 1079/1079/1259 1077/1077/1259
f 1079/1079/1260 1076/1076/1260 1077/1077/1260
o Plane_22
v -0.435605 -1.203346 0.480787
v -1.824872 -2.780087 2.119797
v -3.002833 -3.237969 0.189595
v -2.339625 -2.466853 -1.384091
v 1.589858 -1.862084 2.584911
v 0.977037 -4.182100 3.568461
v 3.433831 -1.033326 0.656343
v 1.408017 -0.366965 -1.448597
v -0.443013 -2.783911 -3.190183
v 5.424320 -1.150619 -1.296455
v 3.378543 -0.049703 -3.447844
v 1.547476 -2.901202 -5.142981
v 7.250811 -2.400961 -2.914241
v 5.157680 -0.269268 -5.175810
v 3.275207 -2.001776 -6.990557
v 9.069738 -2.508145 -4.698726
v 7.150111 -0.548297 -7.066319
v 5.083998 -1.888325 -8.798624
v 10.469200 -2.973845 -5.835811
v 8.411484 -1.212390 -8.039047
v 9.489889 -2.366960 -9.145250
v 11.238700 -4.248178 -6.580955
v 7.030780 -3.256182 -9.323643
v 7.309216 -4.852945 -10.549960
vn -0.6224 0.7566 0.2003
vn -0.6250 0.7721 0.1150
vn -0.2346 0.4313 0.8712
vn -0.2869 0.8002 0.5267
vn -0.0569 0.9359 0.3478
vn -0.0570 0.9347 0.3508
vn -0.4880 0.8682 -0.0900
vn -0.4125 0.7190 -0.5594
vn 0.1851 0.9741 0.1302
vn 0.1702 0.9334 0.3158
vn -0.5459 0.7231 -0.4233
vn -0.5078 0.6572 -0.5570
vn 0.5244 0.8491 -0.0642
vn 0.4483 0.8193 0.3574
vn -0.4831 0.6554 -0.5806
vn -0.5827 0.7974 -0.1568
vn 0.4234 0.8213 0.3823
vn 0.4364 0.8343 0.3368
vn -0.3198 0.8287 -0.4594
vn -0.3415 0.8955 -0.2854
vn 0.4981 0.8219 0.2765
vn 0.5474 0.8238 0.1474
vn 0.7315 0.6819 0.0014
vn 0.7650 0.5995 -0.2352
vn -0.0295 0.8073 -0.5894
vn 0.1016 0.4793 -0.8718
vn -0.1537 0.5849 -0.7964
vn -0.1604 0.6007 -0.7833
vt 0.000000 0.504187
vt 0.157508 0.504187
vt 0.000000 1.000000
vt 0.157508 1.000000
vt 0.000000 0.000000
vt 0.157508 0.000000
vt 0.295026 0.000000
vt 0.295026 0.504187
vt 0.295026 1.000000
vt 0.470176 0.000000
vt 0.470176 0.504187
vt 0.470176 1.000000
vt 0.626263 0.000000
vt 0.626263 0.504187
vt 0.626263 1.000000
vt 0.786316 0.000000
vt 0.786316 0.504187
vt 0.786316 1.000000
vt 0.900113 0.000000
vt 0.900113 0.504187
vt 1.000000 0.504187
vt 1.000000 0.000000
vt 0.900113 1.000000
vt 1.000000 1.000000
s 0
usemtl Material.002
f 1082/1081/1261 1081/1082/1261 1083/1083/1261
f 1081/1082/1262 1084/1084/1262 1083/1083/1262
f 1086/1085/1263 1085/1086/1263 1082/1081/1263
f 1085/1086/1264 1081/1082/1264 1082/1081/1264
f 1085/1086/1265 1087/1087/1265 1081/1082/1265
f 1087/1087/1266 1088/1088/1266 1081/1082/1266
f 1081/1082/1267 1088/1088/1267 1084/1084/1267
f 1088/1088/1268 1089/1089/1268 1084/1084/1268
f 1087/1087/1269 1090/1090/1269 1088/1088/1269
f 1090/1090/1270 1091/1091/1270 1088/1088/1270
f 1088/1088/1271 1091/1091/1271 1089/1089/1271
f 1091/1091/1272 1092/1092/1272 1089/1089/1272
f 1090/1090/1273 1093/1093/1273 1091/1091/1273
f 1093/1093/1274 1094/1094/1274 1091/1091/1274
f 1091/1091/1275 1094/1094/1275 1092/1092/1275
f 1094/1094/1276 1095/1095/1276 1092/1092/1276
f 1093/1093/1277 1096/1096/1277 1094/1094/1277
f 1096/1096/1278 1097/1097/1278 1094/1094/1278
f 1094/1094/1279 1097/1097/1279 1095/1095/1279
f 1097/1097/1280 1098/1098/1280 1095/1095/1280
f 1096/1096/1281 1099/1099/1281 1097/1097/1281
f 1099/1099/1282 1100/1100/1282 1097/1097/1282
f 1101/1101/1283 1100/1100/1283 1102/1102/1283
f 1100/1100/1284 1099/1099/1284 1102/1102/1284
f 1097/1097/1285 1100/1100/1285 1098/1098/1285
f 1100/1100/1286 1103/1103/1286 1098/1098/1286
f 1104/1104/1287 1103/1103/1287 1101/1101/1287
f 1103/1103/1288 1100/1100/1288 1101/1101/1288
o Plane_221
v 2.338007 -0.772895 -11.998240
v 1.096875 -1.785614 -12.601560
v 2.110228 -2.079705 -13.642000
v 3.195051 -1.584428 -13.480030
v 1.351447 -1.195994 -10.402770
v 0.641842 -2.686108 -10.627390
v 2.845183 -0.663694 -9.562644
v 3.832194 -0.235699 -11.158460
v 4.620965 -1.788070 -12.587640
v 4.377335 -0.739029 -8.635214
v 5.390068 -0.031927 -10.250850
v 6.153117 -1.863405 -11.660210
v 5.674911 -1.542107 -7.756457
v 6.748657 -0.172950 -9.419110
v 7.577940 -1.285716 -10.879510
v 7.075006 -1.610950 -6.908963
v 8.242361 -0.352167 -8.480549
v 8.991095 -1.212849 -10.042080
v 8.005457 -1.910064 -6.219332
v 9.048548 -0.778705 -7.850659
v 9.908638 -1.520269 -7.355879
v 8.591679 -2.728549 -5.859243
v 9.627895 -2.091404 -8.914394
v 10.435280 -3.116983 -8.936502
vn -0.3485 0.7566 -0.5532
vn -0.2664 0.7721 -0.5769
vn -0.9021 0.4313 -0.0112
vn -0.5814 0.8002 -0.1473
vn -0.3510 0.9359 0.0311
vn -0.3539 0.9347 0.0318
vn -0.0339 0.8682 -0.4951
vn 0.4396 0.7190 -0.5383
vn -0.0802 0.9741 0.2116
vn -0.2638 0.9334 0.2432
vn 0.2747 0.7231 -0.6338
vn 0.4137 0.6572 -0.6300
vn 0.1922 0.8491 0.4921
vn -0.2351 0.8193 0.5229
vn 0.4427 0.6554 -0.6120
vn 0.0073 0.7974 -0.6034
vn -0.2653 0.8213 0.5050
vn -0.2180 0.8343 0.5063
vn 0.3657 0.8287 -0.4238
vn 0.1918 0.8955 -0.4016
vn -0.1443 0.8219 0.5511
vn -0.0070 0.8238 0.5668
vn 0.1801 0.6819 0.7090
vn 0.4176 0.5995 0.6828
vn 0.5637 0.8073 -0.1747
vn 0.8697 0.4793 -0.1178
vn 0.7334 0.5849 -0.3464
vn 0.7190 0.6007 -0.3496
vt 0.000000 0.504187
vt 0.157508 0.504187
vt 0.000000 1.000000
vt 0.157508 1.000000
vt 0.000000 0.000000
vt 0.157508 0.000000
vt 0.295026 0.000000
vt 0.295026 0.504187
vt 0.295026 1.000000
vt 0.470176 0.000000
vt 0.470176 0.504187
vt 0.470176 1.000000
vt 0.626263 0.000000
vt 0.626263 0.504187
vt 0.626263 1.000000
vt 0.786316 0.000000
vt 0.786316 0.504187
vt 0.786316 1.000000
vt 0.900113 0.000000
vt 0.900113 0.504187
vt 1.000000 0.504187
vt 1.000000 0.000000
vt 0.900113 1.000000
vt 1.000000 1.000000
s 0
usemtl Material.002
f 1106/1105/1289 1105/1106/1289 1107/1107/1289
f 1105/1106/1290 1108/1108/1290 1107/1107/1290
f 1110/1109/1291 1109/1110/1291 1106/1105/1291
f 1109/1110/1292 1105/1106/1292 1106/1105/1292
f 1109/1110/1293 1111/1111/1293 1105/1106/1293
f 1111/1111/1294 1112/1112/1294 1105/1106/1294
f 1105/1106/1295 1112/1112/1295 1108/1108/1295
f 1112/1112/1296 1113/1113/1296 1108/1108/1296
f 1111/1111/1297 1114/1114/1297 1112/1112/1297
f 1114/1114/1298 1115/1115/1298 1112/1112/1298
f 1112/1112/1299 1115/1115/1299 1113/1113/1299
f 1115/1115/1300 1116/1116/1300 1113/1113/1300
f 1114/1114/1301 1117/1117/1301 1115/1115/1301
f 1117/1117/1302 1118/1118/1302 1115/1115/1302
f 1115/1115/1303 1118/1118/1303 1116/1116/1303
f 1118/1118/1304 1119/1119/1304 1116/1116/1304
f 1117/1117/1305 1120/1120/1305 1118/1118/1305
f 1120/1120/1306 1121/1121/1306 1118/1118/1306
f 1118/1118/1307 1121/1121/1307 1119/1119/1307
f 1121/1121/1308 1122/1122/1308 1119/1119/1308
f 1120/1120/1309 1123/1123/1309 1121/1121/1309
f 1123/1123/1310 1124/1124/1310 1121/1121/1310
f 1125/1125/1311 1124/1124/1311 1126/1126/1311
f 1124/1124/1312 1123/1123/1312 1126/1126/1312
f 1121/1121/1313 1124/1124/1313 1122/1122/1313
f 1124/1124/1314 1127/1127/1314 1122/1122/1314
f 1128/1128/1315 1127/1127/1315 1125/1125/1315
f 1127/1127/1316 1124/1124/1316 1125/1125/1316
o Plane_222
v -11.454370 -1.335409 20.319691
v -11.828920 -3.085181 17.964920
v -9.352380 -3.593312 18.369671
v -8.507639 -2.737573 20.066120
v -14.690310 -2.066437 20.502420
v -15.074820 -4.641051 19.275230
v -14.400950 -1.146732 23.449310
v -11.164080 -0.407245 23.266880
v -8.359439 -3.089425 22.968731
v -14.197190 -1.276896 26.537050
v -10.906780 -0.055166 26.371410
v -8.155672 -3.219590 26.056459
v -14.156750 -2.664451 29.244440
v -10.739360 -0.298826 29.118641
v -7.850405 -2.221459 28.846939
v -13.970550 -2.783397 32.066040
v -10.589420 -0.608477 32.162960
v -7.637021 -2.095560 31.677071
v -14.025810 -3.300206 34.066341
v -10.683130 -1.345448 33.928150
v -10.532150 -2.626720 35.635891
v -13.955260 -4.714382 35.252941
v -8.603293 -3.613526 33.695278
v -7.772594 -5.385518 34.816639
vn 0.2537 0.7566 -0.6026
vn 0.3202 0.7721 -0.5489
vn -0.5078 0.4313 -0.7457
vn -0.2124 0.8002 -0.5608
vn -0.2267 0.9359 -0.2698
vn -0.2289 0.9347 -0.2718
vn 0.3863 0.8682 -0.3115
vn 0.6931 0.7190 0.0518
vn -0.2194 0.9741 0.0555
vn -0.3504 0.9334 -0.0768
vn 0.6768 0.7231 -0.1381
vn 0.7534 0.6572 -0.0220
vn -0.2931 0.8491 0.4395
vn -0.5632 0.8193 0.1070
vn 0.7552 0.6554 0.0121
vn 0.4987 0.7974 -0.3398
vn -0.5659 0.8213 0.0720
vn -0.5399 0.8343 0.1115
vn 0.5568 0.8287 0.0569
vn 0.4390 0.8955 -0.0729
vn -0.5343 0.8219 0.1976
vn -0.4686 0.8238 0.3191
vn -0.4778 0.6819 0.5538
vn -0.3203 0.5995 0.7335
vn 0.4662 0.8073 0.3618
vn 0.5949 0.4793 0.6453
vn 0.7042 0.5849 0.4025
vn 0.6986 0.6007 0.3889
vt 0.000000 0.504187
vt 0.157508 0.504187
vt 0.000000 1.000000
vt 0.157508 1.000000
vt 0.000000 0.000000
vt 0.157508 0.000000
vt 0.295026 0.000000
vt 0.295026 0.504187
vt 0.295026 1.000000
vt 0.470176 0.000000
vt 0.470176 0.504187
vt 0.470176 1.000000
vt 0.626263 0.000000
vt 0.626263 0.504187
vt 0.626263 1.000000
vt 0.786316 0.000000
vt 0.786316 0.504187
vt 0.786316 1.000000
vt 0.900113 0.000000
vt 0.900113 0.504187
vt 1.000000 0.504187
vt 1.000000 0.000000
vt 0.900113 1.000000
vt 1.000000 1.000000
s 0
usemtl Material.002
f 1130/1129/1317 1129/1130/1317 1131/1131/1317
f 1129/1130/1318 1132/1132/1318 1131/1131/1318
f 1134/1133/1319 1133/1134/1319 1130/1129/1319
f 1133/1134/1320 1129/1130/1320 1130/1129/1320
f 1133/1134/1321 1135/1135/1321 1129/1130/1321
f 1135/1135/1322 1136/1136/1322 1129/1130/1322
f 1129/1130/1323 1136/1136/1323 1132/1132/1323
f 1136/1136/1324 1137/1137/1324 1132/1132/1324
f 1135/1135/1325 1138/1138/1325 1136/1136/1325
f 1138/1138/1326 1139/1139/1326 1136/1136/1326
f 1136/1136/1327 1139/1139/1327 1137/1137/1327
f 1139/1139/1328 1140/1140/1328 1137/1137/1328
f 1138/1138/1329 1141/1141/1329 1139/1139/1329
f 1141/1141/1330 1142/1142/1330 1139/1139/1330
f 1139/1139/1331 1142/1142/1331 1140/1140/1331
f 1142/1142/1332 1143/1143/1332 1140/1140/1332
f 1141/1141/1333 1144/1144/1333 1142/1142/1333
f 1144/1144/1334 1145/1145/1334 1142/1142/1334
f 1142/1142/1335 1145/1145/1335 1143/1143/1335
f 1145/1145/1336 1146/1146/1336 1143/1143/1336
f 1144/1144/1337 1147/1147/1337 1145/1145/1337
f 1147/1147/1338 1148/1148/1338 1145/1145/1338
f 1149/1149/1339 1148/1148/1339 1150/1150/1339
f 1148/1148/1340 1147/1147/1340 1150/1150/1340
f 1145/1145/1341 1148/1148/1341 1146/1146/1341
f 1148/1148/1342 1151/1151/1342 1146/1146/1342
f 1152/1152/1343 1151/1151/1343 1149/1149/1343
f 1151/1151/1344 1148/1148/1344 1149/1149/1344
o Plane_223
v -27.343920 -0.567460 -1.112795
v -29.351999 -1.311000 -1.687644
v -28.113400 -1.526922 -3.503752
v -26.453779 -1.163289 -3.546005
v -28.397421 -0.878099 1.523758
v -29.514050 -1.972143 1.374469
v -25.950830 -0.487284 2.385564
v -24.896749 -0.173050 -0.251625
v -24.094629 -1.312803 -2.588547
v -23.424141 -0.542596 3.367479
v -22.336889 -0.023440 0.694013
v -21.567930 -1.368114 -1.606632
v -21.259880 -1.132216 4.338178
v -20.093981 -0.126979 1.578663
v -19.239620 -0.943974 -0.815395
v -18.950960 -1.182761 5.235461
v -17.621691 -0.258561 2.587227
v -16.913870 -0.890474 0.063469
v -17.383480 -1.402370 6.020225
v -16.255079 -0.571726 3.315427
v -14.843460 -1.116183 3.828110
v -16.415359 -2.003304 6.403732
v -15.669600 -1.535511 1.578084
v -14.471720 -2.288493 1.333969
vn -0.2594 0.9223 -0.2866
vn -0.2112 0.9287 -0.3047
vn -0.7030 0.7019 0.1143
vn -0.3407 0.9398 -0.0254
vn -0.1735 0.9837 0.0466
vn -0.1751 0.9834 0.0472
vn -0.0640 0.9636 -0.2594
vn 0.2077 0.9054 -0.3703
vn -0.0210 0.9937 0.1100
vn -0.1113 0.9831 0.1457
vn 0.0980 0.9073 -0.4089
vn 0.1926 0.8739 -0.4464
vn 0.1501 0.9573 0.2469
vn -0.0792 0.9469 0.3115
vn 0.2134 0.8729 -0.4388
vn -0.0554 0.9387 -0.3401
vn -0.0974 0.9477 0.3041
vn -0.0705 0.9523 0.2970
vn 0.1596 0.9503 -0.2673
vn 0.0629 0.9721 -0.2258
vn -0.0262 0.9479 0.3176
vn 0.0508 0.9486 0.3125
vn 0.1892 0.8871 0.4210
vn 0.3595 0.8394 0.4077
vn 0.2973 0.9425 -0.1526
vn 0.6328 0.7476 -0.2015
vn 0.4559 0.8297 -0.3220
vn 0.4395 0.8401 -0.3179
vt 0.000000 0.504187
vt 0.157508 0.504187
vt 0.000000 1.000000
vt 0.157508 1.000000
vt 0.000000 0.000000
vt 0.157508 0.000000
vt 0.295026 0.000000
vt 0.295026 0.504187
vt 0.295026 1.000000
vt 0.470176 0.000000
vt 0.470176 0.504187
vt 0.470176 1.000000
vt 0.626263 0.000000
vt 0.626263 0.504187
vt 0.626263 1.000000
vt 0.786316 0.000000
vt 0.786316 0.504187
vt 0.786316 1.000000
vt 0.900113 0.000000
vt 0.900113 0.504187
vt 1.000000 0.504187
vt 1.000000 0.000000
vt 0.900113 1.000000
vt 1.000000 1.000000
s 0
usemtl Material.002
f 1154/1153/1345 1153/1154/1345 1155/1155/1345
f 1153/1154/1346 1156/1156/1346 1155/1155/1346
f 1158/1157/1347 1157/1158/1347 1154/1153/1347
f 1157/1158/1348 1153/1154/1348 1154/1153/1348
f 1157/1158/1349 1159/1159/1349 1153/1154/1349
f 1159/1159/1350 1160/1160/1350 1153/1154/1350
f 1153/1154/1351 1160/1160/1351 1156/1156/1351
f 1160/1160/1352 1161/1161/1352 1156/1156/1352
f 1159/1159/1353 1162/1162/1353 1160/1160/1353
f 1162/1162/1354 1163/1163/1354 1160/1160/1354
f 1160/1160/1355 1163/1163/1355 1161/1161/1355
f 1163/1163/1356 1164/1164/1356 1161/1161/1356
f 1162/1162/1357 1165/1165/1357 1163/1163/1357
f 1165/1165/1358 1166/1166/1358 1163/1163/1358
f 1163/1163/1359 1166/1166/1359 1164/1164/1359
f 1166/1166/1360 1167/1167/1360 1164/1164/1360
f 1165/1165/1361 1168/1168/1361 1166/1166/1361
f 1168/1168/1362 1169/1169/1362 1166/1166/1362
f 1166/1166/1363 1169/1169/1363 1167/1167/1363
f 1169/1169/1364 1170/1170/1364 1167/1167/1364
f 1168/1168/1365 1171/1171/1365 1169/1169/1365
f 1171/1171/1366 1172/1172/1366 1169/1169/1366
f 1173/1173/1367 1172/1172/1367 1174/1174/1367
f 1172/1172/1368 1171/1171/1368 1174/1174/1368
f 1169/1169/1369 1172/1172/1369 1170/1170/1369
f 1172/1172/1370 1175/1175/1370 1170/1170/1370
f 1176/1176/1371 1175/1175/1371 1173/1173/1371
f 1175/1175/1372 1172/1172/1372 1173/1173/1372
o Plane_23
v 0.987181 -0.951053 0.082251
v -0.808599 -1.879973 -0.791084
v 0.720330 -2.080299 -2.498278
v 2.325565 -1.581742 -2.317080
v -0.333976 -1.176749 2.614783
v -1.197383 -2.323414 2.262117
v 1.952271 -0.519813 3.812481
v 3.273271 -0.290718 1.279586
v 4.635293 -1.435956 -1.064745
v 4.407340 -0.267726 5.115694
v 5.719434 0.155226 2.562077
v 7.090363 -1.183869 0.238467
v 6.618690 -0.554224 6.331706
v 7.909660 0.328558 3.728937
v 9.257656 -0.511352 1.351969
v 8.862156 -0.323865 7.522593
v 10.323760 0.505306 5.048087
v 11.496600 -0.182568 2.532336
v 10.406140 -0.330818 8.498605
v 11.692380 0.387431 5.936559
v 13.186190 0.042335 6.597845
v 11.478880 -0.779748 8.971116
v 12.720670 -0.574689 4.185510
v 14.138420 -1.184740 4.039252
vn -0.2849 0.8886 -0.3594
vn -0.2375 0.8987 -0.3687
vn -0.7968 0.6041 -0.0137
vn -0.4047 0.9051 -0.1305
vn -0.2535 0.9662 -0.0461
vn -0.2551 0.9658 -0.0457
vn -0.1105 0.9443 -0.3099
vn 0.1411 0.9194 -0.3672
vn -0.1172 0.9927 0.0287
vn -0.2071 0.9768 0.0554
vn 0.0514 0.9088 -0.4141
vn 0.1379 0.8912 -0.4322
vn 0.0295 0.9836 0.1781
vn -0.1961 0.9541 0.2263
vn 0.1548 0.8927 -0.4232
vn -0.0919 0.9214 -0.3777
vn -0.2132 0.9525 0.2173
vn -0.1859 0.9595 0.2117
vn 0.0873 0.9538 -0.2875
vn -0.0021 0.9643 -0.2647
vn -0.1450 0.9608 0.2363
vn -0.0701 0.9691 0.2365
vn 0.0548 0.9306 0.3618
vn 0.2188 0.9055 0.3637
vn 0.1954 0.9654 -0.1729
vn 0.5023 0.8477 -0.1708
vn 0.3518 0.8883 -0.2951
vn 0.3367 0.8946 -0.2938
vt 0.000000 0.504187
vt 0.157508 0.504187
vt 0.000000 1.000000
vt 0.157508 1.000000
vt 0.000000 0.000000
vt 0.157508 0.000000
vt 0.295026 0.000000
vt 0.295026 0.504187
vt 0.295026 1.000000
vt 0.470176 0.000000
vt 0.470176 0.504187
vt 0.470176 1.000000
vt 0.626263 0.000000
vt 0.626263 0.504187
vt 0.626263 1.000000
vt 0.786316 0.000000
vt 0.786316 0.504187
vt 0.786316 1.000000
vt 0.900113 0.000000
vt 0.900113 0.504187
vt 1.000000 0.504187
vt 1.000000 0.000000
vt 0.900113 1.000000
vt 1.000000 1.000000
s 0
usemtl Material.002
f 1178/1177/1373 1177/1178/1373 1179/1179/1373
f 1177/1178/1374 1180/1180/1374 1179/1179/1374
f 1182/1181/1375 1181/1182/1375 1178/1177/1375
f 1181/1182/1376 1177/1178/1376 1178/1177/1376
f 1181/1182/1377 1183/1183/1377 1177/1178/1377
f 1183/1183/1378 1184/1184/1378 1177/1178/1378
f 1177/1178/1379 1184/1184/1379 1180/1180/1379
f 1184/1184/1380 1185/1185/1380 1180/1180/1380
f 1183/1183/1381 1186/1186/1381 1184/1184/1381
f 1186/1186/1382 1187/1187/1382 1184/1184/1382
f 1184/1184/1383 1187/1187/1383 1185/1185/1383
f 1187/1187/1384 1188/1188/1384 1185/1185/1384
f 1186/1186/1385 1189/1189/1385 1187/1187/1385
f 1189/1189/1386 1190/1190/1386 1187/1187/1386
f 1187/1187/1387 1190/1190/1387 1188/1188/1387
f 1190/1190/1388 1191/1191/1388 1188/1188/1388
f 1189/1189/1389 1192/1192/1389 1190/1190/1389
f 1192/1192/1390 1193/1193/1390 1190/1190/1390
f 1190/1190/1391 1193/1193/1391 1191/1191/1391
f 1193/1193/1392 1194/1194/1392 1191/1191/1392
f 1192/1192/1393 1195/1195/1393 1193/1193/1393
f 1195/1195/1394 1196/1196/1394 1193/1193/1394
f 1197/1197/1395 1196/1196/1395 1198/1198/1395
f 1196/1196/1396 1195/1195/1396 1198/1198/1396
f 1193/1193/1397 1196/1196/1397 1194/1194/1397
f 1196/1196/1398 1199/1199/1398 1194/1194/1398
f 1200/1200/1399 1199/1199/1399 1197/1197/1399
f 1199/1199/1400 1196/1196/1400 1197/1197/1400
o Plane_231
v 2.812635 -0.610851 -11.176450
v 3.069968 -1.207483 -12.432930
v 4.375773 -1.336150 -11.753570
v 4.518746 -1.015934 -10.725900
v 1.026390 -0.755813 -11.595050
v 1.108282 -1.492299 -12.188460
v 0.645366 -0.333872 -9.981716
v 2.431813 -0.186727 -9.563264
v 4.107467 -0.922298 -9.089248
v 0.225583 -0.171960 -8.246528
v 2.023505 0.099696 -7.836917
v 3.687684 -0.760386 -7.354058
v -0.178768 -0.355974 -6.676876
v 1.646372 0.211024 -6.288239
v 3.340099 -0.328439 -5.828149
v -0.562369 -0.208018 -5.091244
v 1.210147 0.324547 -4.576002
v 2.962324 -0.117265 -4.247007
v -0.923700 -0.212483 -3.975073
v 0.875349 0.248837 -3.582888
v 0.701852 0.027187 -2.548074
v -1.046814 -0.500825 -3.232323
v 2.128689 -0.369119 -3.222014
v 2.445543 -0.760946 -2.363168
vn 0.2775 0.8886 -0.3651
vn 0.2983 0.8987 -0.3215
vn -0.1843 0.6042 -0.7753
vn 0.0260 0.9051 -0.4244
vn -0.0182 0.9662 -0.2570
vn -0.0190 0.9658 -0.2584
vn 0.2728 0.9443 -0.1839
vn 0.3907 0.9194 0.0456
vn -0.0568 0.9927 -0.1064
vn -0.1050 0.9768 -0.1869
vn 0.4139 0.9088 -0.0529
vn 0.4529 0.8912 0.0264
vn -0.1652 0.9836 0.0728
vn -0.2679 0.9541 -0.1338
vn 0.4483 0.8927 0.0450
vn 0.3431 0.9214 -0.1827
vn -0.2634 0.9525 -0.1526
vn -0.2512 0.9595 -0.1276
vn 0.3002 0.9538 0.0132
vn 0.2559 0.9643 -0.0677
vn -0.2649 0.9608 -0.0819
vn -0.2465 0.9691 -0.0092
vn -0.3369 0.9306 0.1429
vn -0.2980 0.9055 0.3021
vn 0.2159 0.9654 0.1464
vn 0.2901 0.8477 0.4442
vn 0.3731 0.8883 0.2676
vn 0.3681 0.8946 0.2533
vt 0.000000 0.504187
vt 0.157508 0.504187
vt 0.000000 1.000000
vt 0.157508 1.000000
vt 0.000000 0.000000
vt 0.157508 0.000000
vt 0.295026 0.000000
vt 0.295026 0.504187
vt 0.295026 1.000000
vt 0.470176 0.000000
vt 0.470176 0.504187
vt 0.470176 1.000000
vt 0.626263 0.000000
vt 0.626263 0.504187
vt 0.626263 1.000000
vt 0.786316 0.000000
vt 0.786316 0.504187
vt 0.786316 1.000000
vt 0.900113 0.000000
vt 0.900113 0.504187
vt 1.000000 0.504187
vt 1.000000 0.000000
vt 0.900113 1.000000
vt 1.000000 1.000000
s 0
usemtl Material.002
f 1202/1201/1401 1201/1202/1401 1203/1203/1401
f 1201/1202/1402 1204/1204/1402 1203/1203/1402
f 1206/1205/1403 1205/1206/1403 1202/1201/1403
f 1205/1206/1404 1201/1202/1404 1202/1201/1404
f 1205/1206/1405 1207/1207/1405 1201/1202/1405
f 1207/1207/1406 1208/1208/1406 1201/1202/1406
f 1201/1202/1407 1208/1208/1407 1204/1204/1407
f 1208/1208/1408 1209/1209/1408 1204/1204/1408
f 1207/1207/1409 1210/1210/1409 1208/1208/1409
f 1210/1210/1410 1211/1211/1410 1208/1208/1410
f 1208/1208/1411 1211/1211/1411 1209/1209/1411
f 1211/1211/1412 1212/1212/1412 1209/1209/1412
f 1210/1210/1413 1213/1213/1413 1211/1211/1413
f 1213/1213/1414 1214/1214/1414 1211/1211/1414
f 1211/1211/1415 1214/1214/1415 1212/1212/1415
f 1214/1214/1416 1215/1215/1416 1212/1212/1416
f 1213/1213/1417 1216/1216/1417 1214/1214/1417
f 1216/1216/1418 1217/1217/1418 1214/1214/1418
f 1214/1214/1419 1217/1217/1419 1215/1215/1419
f 1217/1217/1420 1218/1218/1420 1215/1215/1420
f 1216/1216/1421 1219/1219/1421 1217/1217/1421
f 1219/1219/1422 1220/1220/1422 1217/1217/1422
f 1221/1221/1423 1220/1220/1423 1222/1222/1423
f 1220/1220/1424 1219/1219/1424 1222/1222/1424
f 1217/1217/1425 1220/1220/1425 1218/1218/1425
f 1220/1220/1426 1223/1223/1426 1218/1218/1426
f 1224/1224/1427 1223/1223/1427 1221/1221/1427
f 1223/1223/1428 1220/1220/1428 1221/1221/1428
o Plane_232
v -12.148080 -1.055431 21.805401
v -10.114140 -2.086289 20.925730
v -9.783229 -2.308599 23.447359
v -11.096820 -1.755331 24.667299
v -13.323910 -1.305893 18.861670
v -12.402580 -2.578393 18.390091
v -15.985600 -0.576865 19.919510
v -14.809350 -0.322629 22.863380
v -13.821480 -1.593547 25.705391
v -18.858210 -0.297115 21.043119
v -17.658079 0.172251 23.994480
v -16.694090 -1.313795 26.828991
v -21.481140 -0.615054 22.024679
v -20.224369 0.364606 24.993820
v -19.198879 -0.567477 27.847630
v -24.106159 -0.359414 23.051451
v -23.080750 0.560750 26.071421
v -21.811769 -0.202611 28.878201
v -26.044371 -0.367129 23.644930
v -24.818460 0.429939 26.580641
v -26.455509 0.046972 27.359541
v -27.217991 -0.865325 24.206011
v -24.088520 -0.637764 28.712641
v -24.990900 -1.314762 30.011641
vn 0.4583 0.8886 0.0182
vn 0.4344 0.8987 0.0602
vn 0.5297 0.6041 -0.5953
vn 0.3627 0.9051 -0.2219
vn 0.2002 0.9662 -0.1622
vn 0.2009 0.9658 -0.1637
vn 0.3070 0.9443 0.1182
vn 0.1865 0.9194 0.3463
vn 0.0546 0.9927 -0.1075
vn 0.0930 0.9768 -0.1931
vn 0.2805 0.9088 0.3089
vn 0.2379 0.8912 0.3863
vn -0.1543 0.9836 -0.0937
vn -0.0438 0.9541 -0.2962
vn 0.2200 0.8927 0.3932
vn 0.3463 0.9214 0.1765
vn -0.0259 0.9525 -0.3033
vn -0.0394 0.9595 -0.2790
vn 0.1612 0.9538 0.2536
vn 0.2021 0.9643 0.1709
vn -0.0847 0.9608 -0.2640
vn -0.1337 0.9691 -0.2073
vn -0.3101 0.9306 -0.1942
vn -0.4184 0.9055 -0.0711
vn 0.0038 0.9654 0.2608
vn -0.1978 0.8477 0.4922
vn -0.0055 0.8883 0.4592
vn 0.0033 0.8946 0.4469
vt 0.000000 0.504187
vt 0.157508 0.504187
vt 0.000000 1.000000
vt 0.157508 1.000000
vt 0.000000 0.000000
vt 0.157508 0.000000
vt 0.295026 0.000000
vt 0.295026 0.504187
vt 0.295026 1.000000
vt 0.470176 0.000000
vt 0.470176 0.504187
vt 0.470176 1.000000
vt 0.626263 0.000000
vt 0.626263 0.504187
vt 0.626263 1.000000
vt 0.786316 0.000000
vt 0.786316 0.504187
vt 0.786316 1.000000
vt 0.900113 0.000000
vt 0.900113 0.504187
vt 1.000000 0.504187
vt 1.000000 0.000000
vt 0.900113 1.000000
vt 1.000000 1.000000
s 0
usemtl Material.002
f 1226/1225/1429 1225/1226/1429 1227/1227/1429
f 1225/1226/1430 1228/1228/1430 1227/1227/1430
f 1230/1229/1431 1229/1230/1431 1226/1225/1431
f 1229/1230/1432 1225/1226/1432 1226/1225/1432
f 1229/1230/1433 1231/1231/1433 1225/1226/1433
f 1231/1231/1434 1232/1232/1434 1225/1226/1434
f 1225/1226/1435 1232/1232/1435 1228/1228/1435
f 1232/1232/1436 1233/1233/1436 1228/1228/1436
f 1231/1231/1437 1234/1234/1437 1232/1232/1437
f 1234/1234/1438 1235/1235/1438 1232/1232/1438
f 1232/1232/1439 1235/1235/1439 1233/1233/1439
f 1235/1235/1440 1236/1236/1440 1233/1233/1440
f 1234/1234/1441 1237/1237/1441 1235/1235/1441
f 1237/1237/1442 1238/1238/1442 1235/1235/1442
f 1235/1235/1443 1238/1238/1443 1236/1236/1443
f 1238/1238/1444 1239/1239/1444 1236/1236/1444
f 1237/1237/1445 1240/1240/1445 1238/1238/1445
f 1240/1240/1446 1241/1241/1446 1238/1238/1446
f 1238/1238/1447 1241/1241/1447 1239/1239/1447
f 1241/1241/1448 1242/1242/1448 1239/1239/1448
f 1240/1240/1449 1243/1243/1449 1241/1241/1449
f 1243/1243/1450 1244/1244/1450 1241/1241/1450
f 1245/1245/1451 1244/1244/1451 1246/1246/1451
f 1244/1244/1452 1243/1243/1452 1246/1246/1452
f 1241/1241/1453 1244/1244/1453 1242/1242/1453
f 1244/1244/1454 1247/1247/1454 1242/1242/1454
f 1248/1248/1455 1247/1247/1455 1245/1245/1455
f 1247/1247/1456 1244/1244/1456 1245/1245/1456
o Plane_233
v -26.421419 -0.448487 -0.011789
v -26.366400 -0.886535 -1.952271
v -24.242020 -0.981002 -1.280978
v -23.760111 -0.745899 0.213687
v -29.193840 -0.554918 -0.168693
v -29.226950 -1.095647 -1.074766
v -29.339930 -0.245128 2.336132
v -26.567240 -0.137094 2.492751
v -23.945200 -0.677151 2.761182
v -29.511930 -0.126252 5.032752
v -26.724449 0.073198 5.173188
v -24.117201 -0.558275 5.457802
v -29.704220 -0.261356 7.478552
v -26.881651 0.154935 7.580602
v -24.236300 -0.241139 7.823544
v -29.861389 -0.152726 9.942749
v -27.084160 0.238284 10.247310
v -24.385969 -0.086095 10.279520
v -30.108150 -0.156005 11.701240
v -27.323549 0.182698 11.815410
v -27.311560 0.019961 13.403490
v -30.097429 -0.367706 12.840740
v -25.360680 -0.271007 12.025610
v -24.663700 -0.558687 13.223120
vn 0.1113 0.9701 -0.2158
vn 0.1251 0.9731 -0.1934
vn -0.2134 0.8423 -0.4949
vn -0.0249 0.9750 -0.2208
vn -0.0310 0.9917 -0.1245
vn -0.0316 0.9916 -0.1251
vn 0.1200 0.9860 -0.1156
vn 0.2029 0.9791 -0.0117
vn -0.0363 0.9983 -0.0463
vn -0.0670 0.9944 -0.0819
vn 0.2076 0.9761 -0.0644
vn 0.2381 0.9708 -0.0276
vn -0.0738 0.9961 0.0492
vn -0.1443 0.9886 -0.0430
vn 0.2372 0.9713 -0.0175
vn 0.1580 0.9797 -0.1234
vn -0.1438 0.9882 -0.0527
vn -0.1349 0.9900 -0.0412
vn 0.1498 0.9885 -0.0195
vn 0.1198 0.9913 -0.0553
vn -0.1375 0.9903 -0.0175
vn -0.1214 0.9925 0.0166
vn -0.1573 0.9823 0.1018
vn -0.1261 0.9751 0.1823
vn 0.1186 0.9915 0.0532
vn 0.1985 0.9569 0.2121
vn 0.2192 0.9700 0.1055
vn 0.2142 0.9719 0.0980
vt 0.000000 0.504187
vt 0.157508 0.504187
vt 0.000000 1.000000
vt 0.157508 1.000000
vt 0.000000 0.000000
vt 0.157508 0.000000
vt 0.295026 0.000000
vt 0.295026 0.504187
vt 0.295026 1.000000
vt 0.470176 0.000000
vt 0.470176 0.504187
vt 0.470176 1.000000
vt 0.626263 0.000000
vt 0.626263 0.504187
vt 0.626263 1.000000
vt 0.786316 0.000000
vt 0.786316 0.504187
vt 0.786316 1.000000
vt 0.900113 0.000000
vt 0.900113 0.504187
vt 1.000000 0.504187
vt 1.000000 0.000000
vt 0.900113 1.000000
vt 1.000000 1.000000
s 0
usemtl Material.002
f 1250/1249/1457 1249/1250/1457 1251/1251/1457
f 1249/1250/1458 1252/1252/1458 1251/1251/1458
f 1254/1253/1459 1253/1254/1459 1250/1249/1459
f 1253/1254/1460 1249/1250/1460 1250/1249/1460
f 1253/1254/1461 1255/1255/1461 1249/1250/1461
f 1255/1255/1462 1256/1256/1462 1249/1250/1462
f 1249/1250/1463 1256/1256/1463 1252/1252/1463
f 1256/1256/1464 1257/1257/1464 1252/1252/1464
f 1255/1255/1465 1258/1258/1465 1256/1256/1465
f 1258/1258/1466 1259/1259/1466 1256/1256/1466
f 1256/1256/1467 1259/1259/1467 1257/1257/1467
f 1259/1259/1468 1260/1260/1468 1257/1257/1468
f 1258/1258/1469 1261/1261/1469 1259/1259/1469
f 1261/1261/1470 1262/1262/1470 1259/1259/1470
f 1259/1259/1471 1262/1262/1471 1260/1260/1471
f 1262/1262/1472 1263/1263/1472 1260/1260/1472
f 1261/1261/1473 1264/1264/1473 1262/1262/1473
f 1264/1264/1474 1265/1265/1474 1262/1262/1474
f 1262/1262/1475 1265/1265/1475 1263/1263/1475
f 1265/1265/1476 1266/1266/1476 1263/1263/1476
f 1264/1264/1477 1267/1267/1477 1265/1265/1477
f 1267/1267/1478 1268/1268/1478 1265/1265/1478
f 1269/1269/1479 1268/1268/1479 1270/1270/1479
f 1268/1268/1480 1267/1267/1480 1270/1270/1480
f 1265/1265/1481 1268/1268/1481 1266/1266/1481
f 1268/1268/1482 1271/1271/1482 1266/1266/1482
f 1272/1272/1483 1271/1271/1483 1269/1269/1483
f 1271/1271/1484 1268/1268/1484 1269/1269/1484
o Plane_24
v 0.010551 -1.304231 0.959268
v -0.100777 -3.259661 -0.848060
v 2.111136 -3.527387 -0.249148
v 2.721119 -2.450125 1.157402
v -2.882596 -2.070319 1.040431
v -3.054410 -4.568863 0.367266
v -2.861409 -0.754876 3.505308
v 0.032275 0.018786 3.423036
v 2.661657 -2.273276 3.788906
v -2.891511 -0.348677 6.266345
v 0.032759 0.856800 6.120879
v 2.631555 -1.867078 6.549943
v -2.998986 -1.125283 8.893509
v -0.002164 1.104475 8.598144
v 2.675394 -0.507464 8.864481
v -3.026494 -0.754095 11.416570
v -0.071468 1.342225 11.347750
v 2.663415 0.082967 11.355460
v -3.199497 -0.882160 13.266440
v -0.254990 0.978665 13.024780
v -0.196428 0.135461 14.758350
v -3.171957 -1.933042 14.557240
v 1.705129 -0.969837 13.332810
v 2.431758 -2.312849 14.674210
vn 0.2715 0.6449 -0.7144
vn 0.3329 0.6734 -0.6601
vn -0.4638 0.2601 -0.8469
vn -0.1978 0.6714 -0.7142
vn -0.2398 0.8573 -0.4555
vn -0.2418 0.8558 -0.4574
vn 0.3767 0.8147 -0.4408
vn 0.6595 0.7509 -0.0356
vn -0.2594 0.9551 -0.1433
vn -0.3781 0.8841 -0.2746
vn 0.6580 0.7191 -0.2235
vn 0.7277 0.6797 -0.0921
vn -0.3582 0.8992 0.2512
vn -0.6002 0.7950 -0.0879
vn 0.7269 0.6843 -0.0582
vn 0.4935 0.7458 -0.4475
vn -0.6002 0.7904 -0.1228
vn -0.5778 0.8117 -0.0848
vn 0.5192 0.8525 -0.0606
vn 0.4095 0.8881 -0.2085
vn -0.5786 0.8156 0.0024
vn -0.5226 0.8433 0.1256
vn -0.5449 0.7467 0.3816
vn -0.3988 0.7070 0.5841
vn 0.4059 0.8830 0.2358
vn 0.5243 0.6197 0.5840
vn 0.6482 0.6843 0.3340
vn 0.6430 0.6970 0.3173
vt 0.000000 0.504187
vt 0.157508 0.504187
vt 0.000000 1.000000
vt 0.157508 1.000000
vt 0.000000 0.000000
vt 0.157508 0.000000
vt 0.295026 0.000000
vt 0.295026 0.504187
vt 0.295026 1.000000
vt 0.470176 0.000000
vt 0.470176 0.504187
vt 0.470176 1.000000
vt 0.626263 0.000000
vt 0.626263 0.504187
vt 0.626263 1.000000
vt 0.786316 0.000000
vt 0.786316 0.504187
vt 0.786316 1.000000
vt 0.900113 0.000000
vt 0.900113 0.504187
vt 1.000000 0.504187
vt 1.000000 0.000000
vt 0.900113 1.000000
vt 1.000000 1.000000
s 0
usemtl Material.002
f 1274/1273/1485 1273/1274/1485 1275/1275/1485
f 1273/1274/1486 1276/1276/1486 1275/1275/1486
f 1278/1277/1487 1277/1278/1487 1274/1273/1487
f 1277/1278/1488 1273/1274/1488 1274/1273/1488
f 1277/1278/1489 1279/1279/1489 1273/1274/1489
f 1279/1279/1490 1280/1280/1490 1273/1274/1490
f 1273/1274/1491 1280/1280/1491 1276/1276/1491
f 1280/1280/1492 1281/1281/1492 1276/1276/1492
f 1279/1279/1493 1282/1282/1493 1280/1280/1493
f 1282/1282/1494 1283/1283/1494 1280/1280/1494
f 1280/1280/1495 1283/1283/1495 1281/1281/1495
f 1283/1283/1496 1284/1284/1496 1281/1281/1496
f 1282/1282/1497 1285/1285/1497 1283/1283/1497
f 1285/1285/1498 1286/1286/1498 1283/1283/1498
f 1283/1283/1499 1286/1286/1499 1284/1284/1499
f 1286/1286/1500 1287/1287/1500 1284/1284/1500
f 1285/1285/1501 1288/1288/1501 1286/1286/1501
f 1288/1288/1502 1289/1289/1502 1286/1286/1502
f 1286/1286/1503 1289/1289/1503 1287/1287/1503
f 1289/1289/1504 1290/1290/1504 1287/1287/1504
f 1288/1288/1505 1291/1291/1505 1289/1289/1505
f 1291/1291/1506 1292/1292/1506 1289/1289/1506
f 1293/1293/1507 1292/1292/1507 1294/1294/1507
f 1292/1292/1508 1291/1291/1508 1294/1294/1508
f 1289/1289/1509 1292/1292/1509 1290/1290/1509
f 1292/1292/1510 1295/1295/1510 1290/1290/1510
f 1296/1296/1511 1295/1295/1511 1293/1293/1511
f 1295/1295/1512 1292/1292/1512 1293/1293/1512
o Plane_241
v 2.111362 -0.837693 -11.644410
v 3.218176 -2.093638 -12.001590
v 3.197886 -2.265594 -10.529890
v 2.419879 -1.573684 -9.926286
v 1.599977 -1.329740 -13.431640
v 1.991461 -2.934520 -13.645790
v 0.069665 -0.484849 -13.025800
v 0.581826 0.012063 -11.238410
v 0.773041 -1.460097 -9.544081
v -1.653093 -0.223954 -12.604690
v -1.096739 0.550308 -10.808340
v -0.949717 -1.199201 -9.122972
v -3.304878 -0.722756 -12.253050
v -2.643698 0.709387 -10.435430
v -2.382877 -0.325939 -8.726984
v -4.879151 -0.484347 -11.868240
v -4.365589 0.862090 -10.040540
v -3.934711 0.053286 -8.337620
v -6.057730 -0.566602 -11.681200
v -5.438299 0.628580 -9.887573
v -6.507624 0.087003 -9.574974
v -6.856501 -1.241568 -11.458430
v -5.317709 -0.622915 -8.618885
v -6.036598 -1.485513 -7.953077
vn 0.7595 0.6449 0.0858
vn 0.7221 0.6734 0.1588
vn 0.7054 0.2601 -0.6593
vn 0.6428 0.6714 -0.3688
vn 0.3818 0.8573 -0.3453
vn 0.3831 0.8558 -0.3477
vn 0.5205 0.8147 0.2555
vn 0.1980 0.7509 0.6301
vn 0.0745 0.9551 -0.2869
vn 0.1722 0.8841 -0.4344
vn 0.3797 0.7191 0.5820
vn 0.2697 0.6797 0.6821
vn -0.3322 0.8992 -0.2847
vn -0.0637 0.7950 -0.6032
vn 0.2366 0.6843 0.6897
vn 0.5559 0.7458 0.3671
vn -0.0299 0.7904 -0.6119
vn -0.0612 0.8117 -0.5808
vn 0.1875 0.8525 0.4880
vn 0.3036 0.8881 0.3450
vn -0.1458 0.8156 -0.5599
vn -0.2513 0.8433 -0.4751
vn -0.5048 0.7467 -0.4332
vn -0.6647 0.7070 -0.2415
vn -0.1278 0.8830 0.4517
vn -0.4358 0.6197 0.6527
vn -0.1628 0.6843 0.7108
vn -0.1479 0.6970 0.7016
vt 0.000000 0.504187
vt 0.157508 0.504187
vt 0.000000 1.000000
vt 0.157508 1.000000
vt 0.000000 0.000000
vt 0.157508 0.000000
vt 0.295026 0.000000
vt 0.295026 0.504187
vt 0.295026 1.000000
vt 0.470176 0.000000
vt 0.470176 0.504187
vt 0.470176 1.000000
vt 0.626263 0.000000
vt 0.626263 0.504187
vt 0.626263 1.000000
vt 0.786316 0.000000
vt 0.786316 0.504187
vt 0.786316 1.000000
vt 0.900113 0.000000
vt 0.900113 0.504187
vt 1.000000 0.504187
vt 1.000000 0.000000
vt 0.900113 1.000000
vt 1.000000 1.000000
s 0
usemtl Material.002
f 1298/1297/1513 1297/1298/1513 1299/1299/1513
f 1297/1298/1514 1300/1300/1514 1299/1299/1514
f 1302/1301/1515 1301/1302/1515 1298/1297/1515
f 1301/1302/1516 1297/1298/1516 1298/1297/1516
f 1301/1302/1517 1303/1303/1517 1297/1298/1517
f 1303/1303/1518 1304/1304/1518 1297/1298/1518
f 1297/1298/1519 1304/1304/1519 1300/1300/1519
f 1304/1304/1520 1305/1305/1520 1300/1300/1520
f 1303/1303/1521 1306/1306/1521 1304/1304/1521
f 1306/1306/1522 1307/1307/1522 1304/1304/1522
f 1304/1304/1523 1307/1307/1523 1305/1305/1523
f 1307/1307/1524 1308/1308/1524 1305/1305/1524
f 1306/1306/1525 1309/1309/1525 1307/1307/1525
f 1309/1309/1526 1310/1310/1526 1307/1307/1526
f 1307/1307/1527 1310/1310/1527 1308/1308/1527
f 1310/1310/1528 1311/1311/1528 1308/1308/1528
f 1309/1309/1529 1312/1312/1529 1310/1310/1529
f 1312/1312/1530 1313/1313/1530 1310/1310/1530
f 1310/1310/1531 1313/1313/1531 1311/1311/1531
f 1313/1313/1532 1314/1314/1532 1311/1311/1532
f 1312/1312/1533 1315/1315/1533 1313/1313/1533
f 1315/1315/1534 1316/1316/1534 1313/1313/1534
f 1317/1317/1535 1316/1316/1535 1318/1318/1535
f 1316/1316/1536 1315/1315/1536 1318/1318/1536
f 1313/1313/1537 1316/1316/1537 1314/1314/1537
f 1316/1316/1538 1319/1319/1538 1314/1314/1538
f 1320/1320/1539 1319/1319/1539 1317/1317/1539
f 1319/1319/1540 1316/1316/1540 1317/1317/1540
o Plane_242
v -12.179790 -1.447366 20.349091
v -10.578170 -3.617384 21.562660
v -12.682140 -3.914490 22.991060
v -14.307140 -2.719010 22.487061
v -10.155430 -2.297523 17.855440
v -9.464606 -5.070256 18.197750
v -12.245260 -0.837723 16.090389
v -14.269070 0.020840 18.585291
v -16.478870 -2.522754 20.533600
v -14.547240 -0.386949 14.067950
v -16.539989 0.950818 16.634300
v -18.780849 -2.071978 18.511160
v -16.680590 -1.248778 12.077220
v -18.599649 1.225674 14.813060
v -20.760530 -0.563159 16.873911
v -18.784161 -0.836856 10.229100
v -20.863661 1.489514 12.765890
v -22.848330 0.092065 15.062070
v -20.215919 -0.978975 8.745452
v -22.142340 1.086057 11.398420
v -23.643709 0.150320 10.193780
v -21.322201 -2.145180 7.834971
v -23.819370 -1.076273 12.825300
v -25.473909 -2.566667 12.466590
vn 0.3649 0.6449 0.6716
vn 0.2836 0.6734 0.6827
vn 0.9446 0.2601 0.2003
vn 0.6706 0.6714 0.3155
vn 0.5017 0.8573 0.1150
vn 0.5045 0.8558 0.1147
vn 0.0888 0.8147 0.5730
vn -0.4029 0.7509 0.5233
vn 0.2778 0.9551 -0.1033
vn 0.4547 0.8841 -0.1078
vn -0.2594 0.7191 0.6447
vn -0.4045 0.6797 0.6119
vn 0.0430 0.8992 -0.4354
vn 0.4579 0.7950 -0.3979
vn -0.4296 0.6843 0.5892
vn 0.0177 0.7458 0.6659
vn 0.4843 0.7904 -0.3751
vn 0.4409 0.8117 -0.3830
vn -0.2925 0.8525 0.4333
vn -0.1088 0.8881 0.4465
vn 0.3753 0.8156 -0.4403
vn 0.2454 0.8433 -0.4782
vn 0.0657 0.7467 -0.6619
vn -0.1830 0.7070 -0.6832
vn -0.4434 0.8830 0.1541
vn -0.7846 0.6197 0.0169
vn -0.6758 0.6843 0.2739
vn -0.6598 0.6970 0.2808
vt 0.000000 0.504187
vt 0.157508 0.504187
vt 0.000000 1.000000
vt 0.157508 1.000000
vt 0.000000 0.000000
vt 0.157508 0.000000
vt 0.295026 0.000000
vt 0.295026 0.504187
vt 0.295026 1.000000
vt 0.470176 0.000000
vt 0.470176 0.504187
vt 0.470176 1.000000
vt 0.626263 0.000000
vt 0.626263 0.504187
vt 0.626263 1.000000
vt 0.786316 0.000000
vt 0.786316 0.504187
vt 0.786316 1.000000
vt 0.900113 0.000000
vt 0.900113 0.504187
vt 1.000000 0.504187
vt 1.000000 0.000000
vt 0.900113 1.000000
vt 1.000000 1.000000
s 0
usemtl Material.002
f 1322/1321/1541 1321/1322/1541 1323/1323/1541
f 1321/1322/1542 1324/1324/1542 1323/1323/1542
f 1326/1325/1543 1325/1326/1543 1322/1321/1543
f 1325/1326/1544 1321/1322/1544 1322/1321/1544
f 1325/1326/1545 1327/1327/1545 1321/1322/1545
f 1327/1327/1546 1328/1328/1546 1321/1322/1546
f 1321/1322/1547 1328/1328/1547 1324/1324/1547
f 1328/1328/1548 1329/1329/1548 1324/1324/1548
f 1327/1327/1549 1330/1330/1549 1328/1328/1549
f 1330/1330/1550 1331/1331/1550 1328/1328/1550
f 1328/1328/1551 1331/1331/1551 1329/1329/1551
f 1331/1331/1552 1332/1332/1552 1329/1329/1552
f 1330/1330/1553 1333/1333/1553 1331/1331/1553
f 1333/1333/1554 1334/1334/1554 1331/1331/1554
f 1331/1331/1555 1334/1334/1555 1332/1332/1555
f 1334/1334/1556 1335/1335/1556 1332/1332/1556
f 1333/1333/1557 1336/1336/1557 1334/1334/1557
f 1336/1336/1558 1337/1337/1558 1334/1334/1558
f 1334/1334/1559 1337/1337/1559 1335/1335/1559
f 1337/1337/1560 1338/1338/1560 1335/1335/1560
f 1336/1336/1561 1339/1339/1561 1337/1337/1561
f 1339/1339/1562 1340/1340/1562 1337/1337/1562
f 1341/1341/1563 1340/1340/1563 1342/1342/1563
f 1340/1340/1564 1339/1339/1564 1342/1342/1564
f 1337/1337/1565 1340/1340/1565 1338/1338/1565
f 1340/1340/1566 1343/1343/1566 1338/1338/1566
f 1344/1344/1567 1343/1343/1567 1341/1341/1567
f 1343/1343/1568 1340/1340/1568 1341/1341/1568
o Plane_243
v -27.589270 -0.615034 -0.526029
v -26.032640 -1.537151 -1.347984
v -25.677990 -1.663402 0.851339
v -26.679979 -1.155401 1.954677
v -28.819071 -0.976296 -3.056708
v -28.291439 -2.154528 -3.478338
v -30.994320 -0.355976 -2.051449
v -29.763321 0.008858 0.479262
v -29.035130 -1.072004 2.955173
v -33.452480 -0.164426 -0.973101
v -32.153252 0.404038 1.559417
v -31.493290 -0.880454 4.033521
v -35.823002 -0.530648 -0.016879
v -34.361938 0.520834 2.519924
v -33.526291 -0.239304 4.998680
v -38.069290 -0.355607 0.968526
v -36.825661 0.632949 3.558967
v -35.737930 0.039124 5.985002
v -39.777401 -0.415999 1.555607
v -38.384861 0.461506 4.067554
v -39.897251 0.063878 4.813243
v -40.909950 -0.911560 2.096607
v -37.873280 -0.457344 5.927387
v -38.770859 -1.090666 7.107992
vn 0.4975 0.8669 -0.0305
vn 0.4696 0.8826 0.0201
vn 0.5260 0.4854 -0.6984
vn 0.3627 0.8816 -0.3021
vn 0.1719 0.9601 -0.2206
vn 0.1726 0.9596 -0.2223
vn 0.3134 0.9453 0.0910
vn 0.1806 0.9198 0.3484
vn 0.0120 0.9889 -0.1484
vn 0.0502 0.9687 -0.2432
vn 0.2898 0.9055 0.3100
vn 0.2425 0.8860 0.3953
vn -0.1976 0.9733 -0.1171
vn -0.0955 0.9378 -0.3337
vn 0.2218 0.8883 0.4020
vn 0.3646 0.9176 0.1585
vn -0.0776 0.9360 -0.3433
vn -0.0906 0.9442 -0.3168
vn 0.1467 0.9585 0.2445
vn 0.1900 0.9699 0.1522
vn -0.1352 0.9456 -0.2960
vn -0.1812 0.9554 -0.2333
vn -0.3411 0.9180 -0.2024
vn -0.4299 0.8997 -0.0759
vn -0.0254 0.9683 0.2484
vn -0.2110 0.8521 0.4790
vn -0.0237 0.8883 0.4586
vn -0.0152 0.8948 0.4463
vt 0.000000 0.504187
vt 0.157508 0.504187
vt 0.000000 1.000000
vt 0.157508 1.000000
vt 0.000000 0.000000
vt 0.157508 0.000000
vt 0.295026 0.000000
vt 0.295026 0.504187
vt 0.295026 1.000000
vt 0.470176 0.000000
vt 0.470176 0.504187
vt 0.470176 1.000000
vt 0.626263 0.000000
vt 0.626263 0.504187
vt 0.626263 1.000000
vt 0.786316 0.000000
vt 0.786316 0.504187
vt 0.786316 1.000000
vt 0.900113 0.000000
vt 0.900113 0.504187
vt 1.000000 0.504187
vt 1.000000 0.000000
vt 0.900113 1.000000
vt 1.000000 1.000000
s 0
usemtl Material.002
f 1346/1345/1569 1345/1346/1569 1347/1347/1569
f 1345/1346/1570 1348/1348/1570 1347/1347/1570
f 1350/1349/1571 1349/1350/1571 1346/1345/1571
f 1349/1350/1572 1345/1346/1572 1346/1345/1572
f 1349/1350/1573 1351/1351/1573 1345/1346/1573
f 1351/1351/1574 1352/1352/1574 1345/1346/1574
f 1345/1346/1575 1352/1352/1575 1348/1348/1575
f 1352/1352/1576 1353/1353/1576 1348/1348/1576
f 1351/1351/1577 1354/1354/1577 1352/1352/1577
f 1354/1354/1578 1355/1355/1578 1352/1352/1578
f 1352/1352/1579 1355/1355/1579 1353/1353/1579
f 1355/1355/1580 1356/1356/1580 1353/1353/1580
f 1354/1354/1581 1357/1357/1581 1355/1355/1581
f 1357/1357/1582 1358/1358/1582 1355/1355/1582
f 1355/1355/1583 1358/1358/1583 1356/1356/1583
f 1358/1358/1584 1359/1359/1584 1356/1356/1584
f 1357/1357/1585 1360/1360/1585 1358/1358/1585
f 1360/1360/1586 1361/1361/1586 1358/1358/1586
f 1358/1358/1587 1361/1361/1587 1359/1359/1587
f 1361/1361/1588 1362/1362/1588 1359/1359/1588
f 1360/1360/1589 1363/1363/1589 1361/1361/1589
f 1363/1363/1590 1364/1364/1590 1361/1361/1590
f 1365/1365/1591 1364/1364/1591 1366/1366/1591
f 1364/1364/1592 1363/1363/1592 1366/1366/1592
f 1361/1361/1593 1364/1364/1593 1362/1362/1593
f 1364/1364/1594 1367/1367/1594 1362/1362/1594
f 1368/1368/1595 1367/1367/1595 1365/1365/1595
f 1367/1367/1596 1364/1364/1596 1365/1365/1596
o Plane_25
v -0.331370 -0.006712 0.934013
v -0.819034 -2.229351 -0.453283
v 1.476670 -2.227541 -0.682791
v 2.398737 -0.895210 0.258292
v -2.884396 -0.968963 2.166859
v -2.957486 -3.548844 1.913345
v -2.165292 0.722411 4.271284
v 0.386859 1.691979 3.036297
v 3.249419 -0.303768 2.684434
v -1.271402 1.562569 6.778139
v 1.230847 2.949290 5.421140
v 4.143309 0.536390 5.191290
v -0.343223 1.211355 9.333876
v 2.040659 3.587578 7.687459
v 4.824623 2.248859 7.143421
v 0.473622 1.979099 11.624660
v 2.916011 4.257133 10.218690
v 5.616131 3.228401 9.372260
v 0.982744 2.136456 13.409150
v 3.384897 4.154223 11.876350
v 4.160200 3.606888 13.555340
v 1.599947 1.311377 14.716660
v 5.562367 2.436088 11.675730
v 6.883080 1.385130 12.808090
vn -0.0841 0.5408 -0.8369
vn -0.0117 0.5823 -0.8129
vn -0.7623 0.0846 -0.6416
vn -0.5223 0.5310 -0.6672
vn -0.4940 0.7523 -0.4358
vn -0.4964 0.7503 -0.4367
vn 0.0879 0.7599 -0.6441
vn 0.5013 0.7837 -0.3668
vn -0.4147 0.8970 -0.1528
vn -0.5618 0.7971 -0.2214
vn 0.4377 0.7222 -0.5356
vn 0.5537 0.7098 -0.4353
vn -0.3598 0.8978 0.2540
vn -0.6902 0.7223 0.0432
vn 0.5644 0.7197 -0.4044
vn 0.2028 0.7000 -0.6848
vn -0.7019 0.7122 0.0116
vn -0.6705 0.7410 0.0359
vn 0.3493 0.8689 -0.3506
vn 0.1908 0.8719 -0.4510
vn -0.6410 0.7588 0.1160
vn -0.5492 0.8100 0.2056
vn -0.4670 0.7543 0.4615
vn -0.2550 0.7588 0.5992
vn 0.3450 0.9378 -0.0394
vn 0.6116 0.7436 0.2701
vn 0.6299 0.7766 -0.0139
vn 0.6175 0.7860 -0.0289
vt 0.000000 0.504187
vt 0.157508 0.504187
vt 0.000000 1.000000
vt 0.157508 1.000000
vt 0.000000 0.000000
vt 0.157508 0.000000
vt 0.295026 0.000000
vt 0.295026 0.504187
vt 0.295026 1.000000
vt 0.470176 0.000000
vt 0.470176 0.504187
vt 0.470176 1.000000
vt 0.626263 0.000000
vt 0.626263 0.504187
vt 0.626263 1.000000
vt 0.786316 0.000000
vt 0.786316 0.504187
vt 0.786316 1.000000
vt 0.900113 0.000000
vt 0.900113 0.504187
vt 1.000000 0.504187
vt 1.000000 0.000000
vt 0.900113 1.000000
vt 1.000000 1.000000
s 0
usemtl Material.002
f 1370/1369/1597 1369/1370/1597 1371/1371/1597
f 1369/1370/1598 1372/1372/1598 1371/1371/1598
f 1374/1373/1599 1373/1374/1599 1370/1369/1599
f 1373/1374/1600 1369/1370/1600 1370/1369/1600
f 1373/1374/1601 1375/1375/1601 1369/1370/1601
f 1375/1375/1602 1376/1376/1602 1369/1370/1602
f 1369/1370/1603 1376/1376/1603 1372/1372/1603
f 1376/1376/1604 1377/1377/1604 1372/1372/1604
f 1375/1375/1605 1378/1378/1605 1376/1376/1605
f 1378/1378/1606 1379/1379/1606 1376/1376/1606
f 1376/1376/1607 1379/1379/1607 1377/1377/1607
f 1379/1379/1608 1380/1380/1608 1377/1377/1608
f 1378/1378/1609 1381/1381/1609 1379/1379/1609
f 1381/1381/1610 1382/1382/1610 1379/1379/1610
f 1379/1379/1611 1382/1382/1611 1380/1380/1611
f 1382/1382/1612 1383/1383/1612 1380/1380/1612
f 1381/1381/1613 1384/1384/1613 1382/1382/1613
f 1384/1384/1614 1385/1385/1614 1382/1382/1614
f 1382/1382/1615 1385/1385/1615 1383/1383/1615
f 1385/1385/1616 1386/1386/1616 1383/1383/1616
f 1384/1384/1617 1387/1387/1617 1385/1385/1617
f 1387/1387/1618 1388/1388/1618 1385/1385/1618
f 1389/1389/1619 1388/1388/1619 1390/1390/1619
f 1388/1388/1620 1387/1387/1620 1390/1390/1620
f 1385/1385/1621 1388/1388/1621 1386/1386/1621
f 1388/1388/1622 1391/1391/1622 1386/1386/1622
f 1392/1392/1623 1391/1391/1623 1389/1389/1623
f 1391/1391/1624 1388/1388/1624 1389/1389/1624
o Plane_251
v 2.072608 -0.004314 -11.861180
v 2.858120 -1.431884 -12.385610
v 3.366634 -1.430722 -10.993750
v 2.927964 -0.574984 -10.270110
v 0.898808 -0.622354 -13.253320
v 1.044906 -2.279375 -13.339180
v -0.296045 0.463991 -12.470640
v 0.878947 1.086731 -11.079390
v 1.553893 -0.195109 -9.354310
v -1.713453 1.003613 -11.515100
v -0.470492 1.894285 -10.174340
v 0.136485 0.344513 -8.398770
v -3.155813 0.778034 -10.530440
v -1.751628 2.304248 -9.309429
v -0.969629 1.444408 -7.663867
v -4.451054 1.271146 -9.657261
v -3.187156 2.734295 -8.361541
v -2.230360 2.073555 -6.816319
v -5.480285 1.372214 -9.056205
v -4.143884 2.668196 -7.805724
v -5.065072 2.316652 -7.055851
v -6.195518 0.842277 -8.463882
v -3.672183 1.564662 -6.482824
v -4.166362 0.889647 -5.480668
vn 0.7899 0.5408 -0.2890
vn 0.7846 0.5823 -0.2130
vn 0.4325 0.0846 -0.8976
vn 0.5168 0.5310 -0.6715
vn 0.2997 0.7523 -0.5867
vn 0.2999 0.7503 -0.5891
vn 0.6457 0.7599 -0.0746
vn 0.4797 0.7837 0.3946
vn 0.0451 0.8970 -0.4396
vn 0.0751 0.7971 -0.5992
vn 0.6274 0.7222 0.2911
vn 0.5591 0.7098 0.4284
vn -0.3353 0.8978 -0.2855
vn -0.2130 0.7223 -0.6579
vn 0.5317 0.7197 0.4464
vn 0.7137 0.7000 0.0266
vn -0.1853 0.7122 -0.6771
vn -0.2010 0.7410 -0.6407
vn 0.4263 0.8689 0.2514
vn 0.4842 0.8719 0.0730
vn -0.2713 0.7588 -0.5922
vn -0.3354 0.8100 -0.4810
vn -0.5629 0.7543 -0.3379
vn -0.6438 0.7588 -0.0984
vn 0.1237 0.9378 0.3244
vn -0.1099 0.7436 0.6595
vn 0.1697 0.7766 0.6067
vn 0.1812 0.7860 0.5911
vt 0.000000 0.504187
vt 0.157508 0.504187
vt 0.000000 1.000000
vt 0.157508 1.000000
vt 0.000000 0.000000
vt 0.157508 0.000000
vt 0.295026 0.000000
vt 0.295026 0.504187
vt 0.295026 1.000000
vt 0.470176 0.000000
vt 0.470176 0.504187
vt 0.470176 1.000000
vt 0.626263 0.000000
vt 0.626263 0.504187
vt 0.626263 1.000000
vt 0.786316 0.000000
vt 0.786316 0.504187
vt 0.786316 1.000000
vt 0.900113 0.000000
vt 0.900113 0.504187
vt 1.000000 0.504187
vt 1.000000 0.000000
vt 0.900113 1.000000
vt 1.000000 1.000000
s 0
usemtl Material.002
f 1394/1393/1625 1393/1394/1625 1395/1395/1625
f 1393/1394/1626 1396/1396/1626 1395/1395/1626
f 1398/1397/1627 1397/1398/1627 1394/1393/1627
f 1397/1398/1628 1393/1394/1628 1394/1393/1628
f 1397/1398/1629 1399/1399/1629 1393/1394/1629
f 1399/1399/1630 1400/1400/1630 1393/1394/1630
f 1393/1394/1631 1400/1400/1631 1396/1396/1631
f 1400/1400/1632 1401/1401/1632 1396/1396/1632
f 1399/1399/1633 1402/1402/1633 1400/1400/1633
f 1402/1402/1634 1403/1403/1634 1400/1400/1634
f 1400/1400/1635 1403/1403/1635 1401/1401/1635
f 1403/1403/1636 1404/1404/1636 1401/1401/1636
f 1402/1402/1637 1405/1405/1637 1403/1403/1637
f 1405/1405/1638 1406/1406/1638 1403/1403/1638
f 1403/1403/1639 1406/1406/1639 1404/1404/1639
f 1406/1406/1640 1407/1407/1640 1404/1404/1640
f 1405/1405/1641 1408/1408/1641 1406/1406/1641
f 1408/1408/1642 1409/1409/1642 1406/1406/1642
f 1406/1406/1643 1409/1409/1643 1407/1407/1643
f 1409/1409/1644 1410/1410/1644 1407/1407/1644
f 1408/1408/1645 1411/1411/1645 1409/1409/1645
f 1411/1411/1646 1412/1412/1646 1409/1409/1646
f 1413/1413/1647 1412/1412/1647 1414/1414/1647
f 1412/1412/1648 1411/1411/1648 1414/1414/1648
f 1409/1409/1649 1412/1412/1649 1410/1410/1649
f 1412/1412/1650 1415/1415/1650 1410/1410/1650
f 1416/1416/1651 1415/1415/1651 1413/1413/1651
f 1415/1415/1652 1412/1412/1652 1413/1413/1652
o Plane_252
v -11.911220 -0.007457 20.079590
v -10.390900 -2.474008 20.672609
v -11.858260 -2.472000 22.770741
v -13.317250 -0.993458 22.866070
v -11.102160 -1.075304 17.039160
v -10.835930 -3.938300 17.161020
v -13.393440 0.801680 16.122210
v -14.200060 1.877649 19.163450
v -15.974460 -0.337112 21.827160
v -16.149830 1.734037 15.061280
v -16.817671 3.272937 18.148769
v -18.730850 0.595245 20.766220
v -18.972170 1.344282 13.993850
v -19.310801 3.981270 17.191059
v -20.866619 2.495641 19.927629
v -21.490990 2.196279 13.024360
v -22.074301 4.724305 16.096901
v -23.314970 3.582679 18.981621
v -23.361111 2.370904 12.162100
v -23.808580 4.610101 15.292510
v -25.782450 4.002701 14.730590
v -24.907970 1.455281 11.735810
v -25.214741 2.703418 17.270229
v -27.123051 1.537128 17.562719
vn 0.6895 0.5408 0.4817
vn 0.6241 0.5823 0.5210
vn 0.9835 0.0846 -0.1599
vn 0.8465 0.5310 0.0387
vn 0.6525 0.7523 -0.0906
vn 0.6547 0.7503 -0.0918
vn 0.4312 0.7599 0.4865
vn -0.0485 0.7837 0.6193
vn 0.3862 0.8970 -0.2149
vn 0.5341 0.7971 -0.2818
vn 0.1210 0.7222 0.6810
vn -0.0308 0.7098 0.7037
vn 0.0418 0.8978 -0.4384
vn 0.4171 0.7223 -0.5516
vn -0.0612 0.7197 0.6916
vn 0.3872 0.7000 0.6001
vn 0.4487 0.7122 -0.5399
vn 0.4098 0.7410 -0.5319
vn 0.0383 0.8689 0.4935
vn 0.2176 0.8719 0.4387
vn 0.3298 0.7588 -0.5617
vn 0.2020 0.8100 -0.5505
vn -0.0457 0.7543 -0.6549
vn -0.2882 0.7588 -0.5840
vn -0.1950 0.9378 0.2873
vn -0.6035 0.7436 0.2878
vn -0.4000 0.7766 0.4867
vn -0.3806 0.7860 0.4872
vt 0.000000 0.504187
vt 0.157508 0.504187
vt 0.000000 1.000000
vt 0.157508 1.000000
vt 0.000000 0.000000
vt 0.157508 0.000000
vt 0.295026 0.000000
vt 0.295026 0.504187
vt 0.295026 1.000000
vt 0.470176 0.000000
vt 0.470176 0.504187
vt 0.470176 1.000000
vt 0.626263 0.000000
vt 0.626263 0.504187
vt 0.626263 1.000000
vt 0.786316 0.000000
vt 0.786316 0.504187
vt 0.786316 1.000000
vt 0.900113 0.000000
vt 0.900113 0.504187
vt 1.000000 0.504187
vt 1.000000 0.000000
vt 0.900113 1.000000
vt 1.000000 1.000000
s 0
usemtl Material.002
f 1418/1417/1653 1417/1418/1653 1419/1419/1653
f 1417/1418/1654 1420/1420/1654 1419/1419/1654
f 1422/1421/1655 1421/1422/1655 1418/1417/1655
f 1421/1422/1656 1417/1418/1656 1418/1417/1656
f 1421/1422/1657 1423/1423/1657 1417/1418/1657
f 1423/1423/1658 1424/1424/1658 1417/1418/1658
f 1417/1418/1659 1424/1424/1659 1420/1420/1659
f 1424/1424/1660 1425/1425/1660 1420/1420/1660
f 1423/1423/1661 1426/1426/1661 1424/1424/1661
f 1426/1426/1662 1427/1427/1662 1424/1424/1662
f 1424/1424/1663 1427/1427/1663 1425/1425/1663
f 1427/1427/1664 1428/1428/1664 1425/1425/1664
f 1426/1426/1665 1429/1429/1665 1427/1427/1665
f 1429/1429/1666 1430/1430/1666 1427/1427/1666
f 1427/1427/1667 1430/1430/1667 1428/1428/1667
f 1430/1430/1668 1431/1431/1668 1428/1428/1668
f 1429/1429/1669 1432/1432/1669 1430/1430/1669
f 1432/1432/1670 1433/1433/1670 1430/1430/1670
f 1430/1430/1671 1433/1433/1671 1431/1431/1671
f 1433/1433/1672 1434/1434/1672 1431/1431/1672
f 1432/1432/1673 1435/1435/1673 1433/1433/1673
f 1435/1435/1674 1436/1436/1674 1433/1433/1674
f 1437/1437/1675 1436/1436/1675 1438/1438/1675
f 1436/1436/1676 1435/1435/1676 1438/1438/1676
f 1433/1433/1677 1436/1436/1677 1434/1434/1677
f 1436/1436/1678 1439/1439/1678 1434/1434/1678
f 1440/1440/1679 1439/1439/1679 1437/1437/1679
f 1439/1439/1680 1436/1436/1680 1437/1437/1680
o Plane_253
v -27.703739 -0.003166 -0.839059
v -26.669849 -1.051290 -1.826323
v -25.547729 -1.050437 0.115686
v -26.012440 -0.422153 1.309224
v -29.817730 -0.456932 -2.607486
v -29.622391 -1.673520 -2.773701
v -31.394329 0.340664 -1.128172
v -29.278780 0.797881 0.638623
v -27.821400 -0.143248 3.033866
v -33.257500 0.736855 0.667052
v -31.053829 1.390788 2.340806
v -29.684570 0.252943 4.829090
v -35.150249 0.571235 2.512218
v -32.737549 1.691784 3.965275
v -31.141371 1.060488 6.213974
v -36.852829 0.933278 4.152711
v -34.629730 2.007524 5.753830
v -32.799210 1.522407 7.807228
v -38.230011 1.007483 5.317946
v -35.910660 1.958996 6.832663
v -37.087849 1.700889 8.191499
v -39.141369 0.618402 6.388043
v -34.861462 1.148778 8.681487
v -35.336090 0.653181 10.304750
vn 0.5213 0.7983 -0.3016
vn 0.5077 0.8280 -0.2382
vn 0.2678 0.1725 -0.9479
vn 0.2839 0.7908 -0.5423
vn 0.1150 0.9204 -0.3737
vn 0.1151 0.9195 -0.3758
vn 0.3674 0.9236 -0.1091
vn 0.3124 0.9334 0.1767
vn -0.0166 0.9726 -0.2318
vn -0.0169 0.9386 -0.3445
vn 0.4071 0.9069 0.1086
vn 0.3847 0.9011 0.2004
vn -0.1995 0.9728 -0.1174
vn -0.1970 0.9070 -0.3723
vn 0.3668 0.9057 0.2123
vn 0.4395 0.8962 -0.0603
vn -0.1841 0.9022 -0.3901
vn -0.1850 0.9155 -0.3573
vn 0.2493 0.9639 0.0936
vn 0.2628 0.9648 -0.0063
vn -0.2181 0.9232 -0.3166
vn -0.2336 0.9435 -0.2350
vn -0.3631 0.9213 -0.1395
vn -0.3842 0.9232 0.0084
vn 0.0906 0.9843 0.1518
vn 0.0034 0.9166 0.3998
vn 0.1581 0.9305 0.3303
vn 0.1618 0.9343 0.3176
vt 0.000000 0.504187
vt 0.157508 0.504187
vt 0.000000 1.000000
vt 0.157508 1.000000
vt 0.000000 0.000000
vt 0.157508 0.000000
vt 0.295026 0.000000
vt 0.295026 0.504187
vt 0.295026 1.000000
vt 0.470176 0.000000
vt 0.470176 0.504187
vt 0.470176 1.000000
vt 0.626263 0.000000
vt 0.626263 0.504187
vt 0.626263 1.000000
vt 0.786316 0.000000
vt 0.786316 0.504187
vt 0.786316 1.000000
vt 0.900113 0.000000
vt 0.900113 0.504187
vt 1.000000 0.504187
vt 1.000000 0.000000
vt 0.900113 1.000000
vt 1.000000 1.000000
s 0
usemtl Material.002
f 1442/1441/1681 1441/1442/1681 1443/1443/1681
f 1441/1442/1682 1444/1444/1682 1443/1443/1682
f 1446/1445/1683 1445/1446/1683 1442/1441/1683
f 1445/1446/1684 1441/1442/1684 1442/1441/1684
f 1445/1446/1685 1447/1447/1685 1441/1442/1685
f 1447/1447/1686 1448/1448/1686 1441/1442/1686
f 1441/1442/1687 1448/1448/1687 1444/1444/1687
f 1448/1448/1688 1449/1449/1688 1444/1444/1688
f 1447/1447/1689 1450/1450/1689 1448/1448/1689
f 1450/1450/1690 1451/1451/1690 1448/1448/1690
f 1448/1448/1691 1451/1451/1691 1449/1449/1691
f 1451/1451/1692 1452/1452/1692 1449/1449/1692
f 1450/1450/1693 1453/1453/1693 1451/1451/1693
f 1453/1453/1694 1454/1454/1694 1451/1451/1694
f 1451/1451/1695 1454/1454/1695 1452/1452/1695
f 1454/1454/1696 1455/1455/1696 1452/1452/1696
f 1453/1453/1697 1456/1456/1697 1454/1454/1697
f 1456/1456/1698 1457/1457/1698 1454/1454/1698
f 1454/1454/1699 1457/1457/1699 1455/1455/1699
f 1457/1457/1700 1458/1458/1700 1455/1455/1700
f 1456/1456/1701 1459/1459/1701 1457/1457/1701
f 1459/1459/1702 1460/1460/1702 1457/1457/1702
f 1461/1461/1703 1460/1460/1703 1462/1462/1703
f 1460/1460/1704 1459/1459/1704 1462/1462/1704
f 1457/1457/1705 1460/1460/1705 1458/1458/1705
f 1460/1460/1706 1463/1463/1706 1458/1458/1706
f 1464/1464/1707 1463/1463/1707 1461/1461/1707
f 1463/1463/1708 1460/1460/1708 1461/1461/1708
o Plane_26
v -0.722618 1.149778 0.307003
v -0.170470 -0.426616 -0.922663
v -1.641924 0.781670 -2.211077
v -2.391024 2.147504 -1.688901
v 0.882839 0.065827 2.374494
v 1.089500 -0.774324 1.800364
v 0.148470 2.011265 3.985604
v -1.456630 3.095488 1.917964
v -3.179114 4.052043 -0.055461
v -0.687758 4.046928 5.702221
v -2.272485 5.146664 3.626112
v -4.015343 6.087707 1.661157
v -1.486696 5.820140 7.254340
v -3.023095 6.956666 5.158142
v -4.713490 7.937653 3.171378
v -2.250850 7.680349 8.823000
v -3.840220 8.950218 6.876443
v -5.467299 9.805737 4.735739
v -2.739975 8.942092 10.036861
v -4.278640 10.055619 7.966826
v -4.894069 11.234459 8.857092
v -3.206650 9.764878 10.660991
v -5.583837 10.766409 6.488123
v -6.480514 11.846559 6.597593
vn -0.7593 -0.5442 0.3568
vn -0.7552 -0.5503 0.3562
vn -0.8378 -0.4332 0.3323
vn -0.7815 -0.5302 0.3288
vn -0.7740 -0.5508 0.3123
vn -0.7742 -0.5506 0.3123
vn -0.7492 -0.5666 0.3430
vn -0.7255 -0.5957 0.3445
vn -0.7676 -0.5671 0.2985
vn -0.7759 -0.5564 0.2975
vn -0.7300 -0.5849 0.3537
vn -0.7211 -0.5952 0.3546
vn -0.7641 -0.5840 0.2739
vn -0.7845 -0.5566 0.2732
vn -0.7203 -0.5973 0.3528
vn -0.7437 -0.5682 0.3522
vn -0.7854 -0.5545 0.2750
vn -0.7829 -0.5580 0.2752
vn -0.7352 -0.5896 0.3344
vn -0.7436 -0.5794 0.3336
vn -0.7810 -0.5629 0.2704
vn -0.7750 -0.5721 0.2683
vn -0.7719 -0.5871 0.2438
vn -0.7576 -0.6086 0.2358
vn -0.7328 -0.6025 0.3162
vn -0.6995 -0.6453 0.3072
vn -0.7097 -0.6226 0.3297
vn -0.7115 -0.6205 0.3298
vt 0.000000 0.504187
vt 0.157508 0.504187
vt 0.000000 1.000000
vt 0.157508 1.000000
vt 0.000000 0.000000
vt 0.157508 0.000000
vt 0.295026 0.000000
vt 0.295026 0.504187
vt 0.295026 1.000000
vt 0.470176 0.000000
vt 0.470176 0.504187
vt 0.470176 1.000000
vt 0.626263 0.000000
vt 0.626263 0.504187
vt 0.626263 1.000000
vt 0.786316 0.000000
vt 0.786316 0.504187
vt 0.786316 1.000000
vt 0.900113 0.000000
vt 0.900113 0.504187
vt 1.000000 0.504187
vt 1.000000 0.000000
vt 0.900113 1.000000
vt 1.000000 1.000000
s 0
usemtl Material.002
f 1466/1465/1709 1465/1466/1709 1467/1467/1709
f 1465/1466/1710 1468/1468/1710 1467/1467/1710
f 1470/1469/1711 1469/1470/1711 1466/1465/1711
f 1469/1470/1712 1465/1466/1712 1466/1465/1712
f 1469/1470/1713 1471/1471/1713 1465/1466/1713
f 1471/1471/1714 1472/1472/1714 1465/1466/1714
f 1465/1466/1715 1472/1472/1715 1468/1468/1715
f 1472/1472/1716 1473/1473/1716 1468/1468/1716
f 1471/1471/1717 1474/1474/1717 1472/1472/1717
f 1474/1474/1718 1475/1475/1718 1472/1472/1718
f 1472/1472/1719 1475/1475/1719 1473/1473/1719
f 1475/1475/1720 1476/1476/1720 1473/1473/1720
f 1474/1474/1721 1477/1477/1721 1475/1475/1721
f 1477/1477/1722 1478/1478/1722 1475/1475/1722
f 1475/1475/1723 1478/1478/1723 1476/1476/1723
f 1478/1478/1724 1479/1479/1724 1476/1476/1724
f 1477/1477/1725 1480/1480/1725 1478/1478/1725
f 1480/1480/1726 1481/1481/1726 1478/1478/1726
f 1478/1478/1727 1481/1481/1727 1479/1479/1727
f 1481/1481/1728 1482/1482/1728 1479/1479/1728
f 1480/1480/1729 1483/1483/1729 1481/1481/1729
f 1483/1483/1730 1484/1484/1730 1481/1481/1730
f 1485/1485/1731 1484/1484/1731 1486/1486/1731
f 1484/1484/1732 1483/1483/1732 1486/1486/1732
f 1481/1481/1733 1484/1484/1733 1482/1482/1733
f 1484/1484/1734 1487/1487/1734 1482/1482/1734
f 1488/1488/1735 1487/1487/1735 1485/1485/1735
f 1487/1487/1736 1484/1484/1736 1485/1485/1736
o Plane_261
v 2.400417 0.738483 -12.204510
v 3.253494 -0.274013 -12.056840
v 3.820760 0.502053 -13.177650
v 3.376521 1.379309 -13.560570
v 1.369743 0.042277 -10.876210
v 1.759897 -0.497341 -10.839080
v 0.250297 1.291805 -11.076490
v 1.281121 1.988186 -12.404590
v 2.234623 2.602567 -13.790720
v -0.951023 2.599283 -11.323350
v 0.088316 3.305627 -12.640120
v 1.033303 3.910046 -14.037570
v -2.044049 3.738192 -11.573200
v -0.984512 4.468167 -12.863100
v -0.017597 5.098241 -14.231390
v -3.141826 4.932979 -11.798780
v -2.183837 5.748598 -13.097800
v -1.111052 6.298085 -14.451220
v -3.975027 5.743379 -11.909750
v -2.932131 6.458584 -13.196899
v -3.584109 7.215734 -13.437999
v -4.437714 6.271843 -12.100700
v -2.219978 6.915113 -14.244569
v -2.430935 7.608875 -14.785059
vn -0.5339 -0.5442 -0.6471
vn -0.5323 -0.5503 -0.6432
vn -0.5297 -0.4332 -0.7292
vn -0.5124 -0.5302 -0.6755
vn -0.4945 -0.5508 -0.6724
vn -0.4945 -0.5506 -0.6725
vn -0.5181 -0.5666 -0.6407
vn -0.5137 -0.5957 -0.6174
vn -0.4796 -0.5671 -0.6696
vn -0.4806 -0.5564 -0.6778
vn -0.5237 -0.5849 -0.6194
vn -0.5223 -0.5952 -0.6107
vn -0.4549 -0.5840 -0.6723
vn -0.4593 -0.5566 -0.6923
vn -0.5204 -0.5973 -0.6103
vn -0.5257 -0.5682 -0.6331
vn -0.4612 -0.5545 -0.6927
vn -0.4607 -0.5580 -0.6902
vn -0.5063 -0.5896 -0.6293
vn -0.5076 -0.5794 -0.6376
vn -0.4557 -0.5629 -0.6895
vn -0.4522 -0.5721 -0.6843
vn -0.4276 -0.5871 -0.6873
vn -0.4163 -0.6086 -0.6755
vn -0.4881 -0.6025 -0.6315
vn -0.4711 -0.6453 -0.6014
vn -0.4954 -0.6226 -0.6058
vn -0.4959 -0.6205 -0.6075
vt 0.000000 0.504187
vt 0.157508 0.504187
vt 0.000000 1.000000
vt 0.157508 1.000000
vt 0.000000 0.000000
vt 0.157508 0.000000
vt 0.295026 0.000000
vt 0.295026 0.504187
vt 0.295026 1.000000
vt 0.470176 0.000000
vt 0.470176 0.504187
vt 0.470176 1.000000
vt 0.626263 0.000000
vt 0.626263 0.504187
vt 0.626263 1.000000
vt 0.786316 0.000000
vt 0.786316 0.504187
vt 0.786316 1.000000
vt 0.900113 0.000000
vt 0.900113 0.504187
vt 1.000000 0.504187
vt 1.000000 0.000000
vt 0.900113 1.000000
vt 1.000000 1.000000
s 0
usemtl Material.002
f 1490/1489/1737 1489/1490/1737 1491/1491/1737
f 1489/1490/1738 1492/1492/1738 1491/1491/1738
f 1494/1493/1739 1493/1494/1739 1490/1489/1739
f 1493/1494/1740 1489/1490/1740 1490/1489/1740
f 1493/1494/1741 1495/1495/1741 1489/1490/1741
f 1495/1495/1742 1496/1496/1742 1489/1490/1742
f 1489/1490/1743 1496/1496/1743 1492/1492/1743
f 1496/1496/1744 1497/1497/1744 1492/1492/1744
f 1495/1495/1745 1498/1498/1745 1496/1496/1745
f 1498/1498/1746 1499/1499/1746 1496/1496/1746
f 1496/1496/1747 1499/1499/1747 1497/1497/1747
f 1499/1499/1748 1500/1500/1748 1497/1497/1748
f 1498/1498/1749 1501/1501/1749 1499/1499/1749
f 1501/1501/1750 1502/1502/1750 1499/1499/1750
f 1499/1499/1751 1502/1502/1751 1500/1500/1751
f 1502/1502/1752 1503/1503/1752 1500/1500/1752
f 1501/1501/1753 1504/1504/1753 1502/1502/1753
f 1504/1504/1754 1505/1505/1754 1502/1502/1754
f 1502/1502/1755 1505/1505/1755 1503/1503/1755
f 1505/1505/1756 1506/1506/1756 1503/1503/1756
f 1504/1504/1757 1507/1507/1757 1505/1505/1757
f 1507/1507/1758 1508/1508/1758 1505/1505/1758
f 1509/1509/1759 1508/1508/1759 1510/1510/1759
f 1508/1508/1760 1507/1507/1760 1510/1510/1760
f 1505/1505/1761 1508/1508/1761 1506/1506/1761
f 1508/1508/1762 1511/1511/1762 1506/1506/1762
f 1512/1512/1763 1511/1511/1763 1509/1509/1763
f 1511/1511/1764 1508/1508/1764 1509/1509/1764
o Plane_262
v -11.100510 1.275946 20.203831
v -10.464970 -0.473442 21.557970
v -8.316286 0.867442 21.251490
v -8.213924 2.383162 20.243330
v -14.001820 0.073043 20.059570
v -13.668090 -0.859307 20.648781
v -14.826580 2.231974 18.276171
v -11.925410 3.435179 18.420830
v -9.018629 4.496706 18.398560
v -15.666470 4.491032 16.330721
v -12.772910 5.711450 16.498659
v -9.858517 6.755764 16.453110
v -16.394890 6.458835 14.535641
v -13.519370 7.720084 14.758780
v -10.624570 8.808722 14.773171
v -17.162380 8.523183 12.757871
v -14.374500 9.932407 12.828201
v -11.395930 10.881809 13.007221
v -17.830200 9.923389 11.468211
v -14.975070 11.159119 11.670521
v -15.279190 12.467319 10.508611
v -18.017929 10.836469 10.624001
v -12.786490 11.947909 11.641611
v -12.230040 13.146589 10.807761
vn 0.2243 -0.5442 -0.8084
vn 0.2221 -0.5503 -0.8049
vn 0.2940 -0.4332 -0.8520
vn 0.2600 -0.5302 -0.8070
vn 0.2677 -0.5508 -0.7906
vn 0.2678 -0.5506 -0.7907
vn 0.2282 -0.5666 -0.7918
vn 0.2116 -0.5957 -0.7748
vn 0.2739 -0.5671 -0.7768
vn 0.2801 -0.5564 -0.7823
vn 0.2076 -0.5849 -0.7841
vn 0.2011 -0.5952 -0.7780
vn 0.2903 -0.5840 -0.7580
vn 0.3041 -0.5566 -0.7731
vn 0.2019 -0.5973 -0.7762
vn 0.2176 -0.5682 -0.7936
vn 0.3034 -0.5545 -0.7749
vn 0.3016 -0.5580 -0.7731
vn 0.2256 -0.5896 -0.7756
vn 0.2317 -0.5794 -0.7814
vn 0.3039 -0.5629 -0.7686
vn 0.3017 -0.5721 -0.7627
vn 0.3182 -0.5871 -0.7443
vn 0.3150 -0.6086 -0.7283
vn 0.2378 -0.6025 -0.7618
vn 0.2229 -0.6453 -0.7307
vn 0.2126 -0.6226 -0.7531
vn 0.2137 -0.6205 -0.7545
vt 0.000000 0.504187
vt 0.157508 0.504187
vt 0.000000 1.000000
vt 0.157508 1.000000
vt 0.000000 0.000000
vt 0.157508 0.000000
vt 0.295026 0.000000
vt 0.295026 0.504187
vt 0.295026 1.000000
vt 0.470176 0.000000
vt 0.470176 0.504187
vt 0.470176 1.000000
vt 0.626263 0.000000
vt 0.626263 0.504187
vt 0.626263 1.000000
vt 0.786316 0.000000
vt 0.786316 0.504187
vt 0.786316 1.000000
vt 0.900113 0.000000
vt 0.900113 0.504187
vt 1.000000 0.504187
vt 1.000000 0.000000
vt 0.900113 1.000000
vt 1.000000 1.000000
s 0
usemtl Material.002
f 1514/1513/1765 1513/1514/1765 1515/1515/1765
f 1513/1514/1766 1516/1516/1766 1515/1515/1766
f 1518/1517/1767 1517/1518/1767 1514/1513/1767
f 1517/1518/1768 1513/1514/1768 1514/1513/1768
f 1517/1518/1769 1519/1519/1769 1513/1514/1769
f 1519/1519/1770 1520/1520/1770 1513/1514/1770
f 1513/1514/1771 1520/1520/1771 1516/1516/1771
f 1520/1520/1772 1521/1521/1772 1516/1516/1772
f 1519/1519/1773 1522/1522/1773 1520/1520/1773
f 1522/1522/1774 1523/1523/1774 1520/1520/1774
f 1520/1520/1775 1523/1523/1775 1521/1521/1775
f 1523/1523/1776 1524/1524/1776 1521/1521/1776
f 1522/1522/1777 1525/1525/1777 1523/1523/1777
f 1525/1525/1778 1526/1526/1778 1523/1523/1778
f 1523/1523/1779 1526/1526/1779 1524/1524/1779
f 1526/1526/1780 1527/1527/1780 1524/1524/1780
f 1525/1525/1781 1528/1528/1781 1526/1526/1781
f 1528/1528/1782 1529/1529/1782 1526/1526/1782
f 1526/1526/1783 1529/1529/1783 1527/1527/1783
f 1529/1529/1784 1530/1530/1784 1527/1527/1784
f 1528/1528/1785 1531/1531/1785 1529/1529/1785
f 1531/1531/1786 1532/1532/1786 1529/1529/1786
f 1533/1533/1787 1532/1532/1787 1534/1534/1787
f 1532/1532/1788 1531/1531/1788 1534/1534/1788
f 1529/1529/1789 1532/1532/1789 1530/1530/1789
f 1532/1532/1790 1535/1535/1790 1530/1530/1790
f 1536/1536/1791 1535/1535/1791 1533/1533/1791
f 1535/1535/1792 1532/1532/1792 1533/1533/1792
o Plane_263
v -27.304831 0.542197 -1.436623
v -25.994440 -0.201180 -1.439586
v -25.441879 0.368609 -3.258857
v -26.204300 1.012691 -3.713532
v -28.493959 0.031041 0.813168
v -27.902611 -0.365147 0.766480
v -30.215219 0.948446 0.807355
v -29.025810 1.459730 -1.442179
v -27.966841 1.910810 -3.758003
v -32.070709 1.908399 0.753525
v -30.865641 2.426998 -1.481348
v -29.822340 2.870763 -3.811832
v -33.765541 2.744588 0.666898
v -32.523338 3.280537 -1.533200
v -31.439711 3.743137 -3.825932
v -35.461109 3.621802 0.617708
v -34.372681 4.220631 -1.569430
v -33.127331 4.624065 -3.867678
v -36.732281 4.216798 0.670179
v -35.514160 4.741903 -1.521455
v -36.549191 5.297804 -1.710389
v -37.471989 4.604798 0.506520
v -34.726479 5.077087 -3.269588
v -35.182331 5.586450 -4.020180
vn -0.4552 -0.8009 -0.3891
vn -0.4511 -0.8054 -0.3845
vn -0.5105 -0.7038 -0.4939
vn -0.4492 -0.7902 -0.4170
vn -0.4281 -0.8057 -0.4093
vn -0.4282 -0.8056 -0.4095
vn -0.4344 -0.8172 -0.3788
vn -0.4175 -0.8369 -0.3539
vn -0.4112 -0.8175 -0.4032
vn -0.4170 -0.8098 -0.4127
vn -0.4286 -0.8297 -0.3576
vn -0.4227 -0.8366 -0.3485
vn -0.3885 -0.8292 -0.4019
vn -0.4038 -0.8100 -0.4253
vn -0.4206 -0.8379 -0.3478
vn -0.4381 -0.8183 -0.3722
vn -0.4059 -0.8085 -0.4261
vn -0.4040 -0.8110 -0.4231
vn -0.4162 -0.8329 -0.3648
vn -0.4219 -0.8260 -0.3736
vn -0.3987 -0.8145 -0.4214
vn -0.3923 -0.8210 -0.4148
vn -0.3708 -0.8312 -0.4142
vn -0.3549 -0.8451 -0.3997
vn -0.3995 -0.8413 -0.3642
vn -0.3702 -0.8672 -0.3331
vn -0.3942 -0.8538 -0.3400
vn -0.3955 -0.8525 -0.3417
vt 0.000000 0.504187
vt 0.157508 0.504187
vt 0.000000 1.000000
vt 0.157508 1.000000
vt 0.000000 0.000000
vt 0.157508 0.000000
vt 0.295026 0.000000
vt 0.295026 0.504187
vt 0.295026 1.000000
vt 0.470176 0.000000
vt 0.470176 0.504187
vt 0.470176 1.000000
vt 0.626263 0.000000
vt 0.626263 0.504187
vt 0.626263 1.000000
vt 0.786316 0.000000
vt 0.786316 0.504187
vt 0.786316 1.000000
vt 0.900113 0.000000
vt 0.900113 0.504187
vt 1.000000 0.504187
vt 1.000000 0.000000
vt 0.900113 1.000000
vt 1.000000 1.000000
s 0
usemtl Material.002
f 1538/1537/1793 1537/1538/1793 1539/1539/1793
f 1537/1538/1794 1540/1540/1794 1539/1539/1794
f 1542/1541/1795 1541/1542/1795 1538/1537/1795
f 1541/1542/1796 1537/1538/1796 1538/1537/1796
f 1541/1542/1797 1543/1543/1797 1537/1538/1797
f 1543/1543/1798 1544/1544/1798 1537/1538/1798
f 1537/1538/1799 1544/1544/1799 1540/1540/1799
f 1544/1544/1800 1545/1545/1800 1540/1540/1800
f 1543/1543/1801 1546/1546/1801 1544/1544/1801
f 1546/1546/1802 1547/1547/1802 1544/1544/1802
f 1544/1544/1803 1547/1547/1803 1545/1545/1803
f 1547/1547/1804 1548/1548/1804 1545/1545/1804
f 1546/1546/1805 1549/1549/1805 1547/1547/1805
f 1549/1549/1806 1550/1550/1806 1547/1547/1806
f 1547/1547/1807 1550/1550/1807 1548/1548/1807
f 1550/1550/1808 1551/1551/1808 1548/1548/1808
f 1549/1549/1809 1552/1552/1809 1550/1550/1809
f 1552/1552/1810 1553/1553/1810 1550/1550/1810
f 1550/1550/1811 1553/1553/1811 1551/1551/1811
f 1553/1553/1812 1554/1554/1812 1551/1551/1812
f 1552/1552/1813 1555/1555/1813 1553/1553/1813
f 1555/1555/1814 1556/1556/1814 1553/1553/1814
f 1557/1557/1815 1556/1556/1815 1558/1558/1815
f 1556/1556/1816 1555/1555/1816 1558/1558/1816
f 1553/1553/1817 1556/1556/1817 1554/1554/1817
f 1556/1556/1818 1559/1559/1818 1554/1554/1818
f 1560/1560/1819 1559/1559/1819 1557/1557/1819
f 1559/1559/1820 1556/1556/1820 1557/1557/1820
o Plane_3
v 0.030608 0.601486 -1.186585
v -0.389161 -1.236346 0.697213
v -2.547777 -1.133305 -0.110679
v -2.815530 -0.044915 -1.612235
v 2.726547 -0.678296 -0.946072
v 2.369511 -3.124553 -0.162654
v 3.176291 0.477615 -3.449680
v 0.481129 1.764994 -3.689439
v -2.482671 -0.030997 -4.229225
v 3.534854 0.714705 -6.207296
v 0.884022 2.435189 -6.404055
v -2.124107 0.206093 -6.986842
v 3.737509 -0.216002 -8.778166
v 1.191826 2.531820 -8.872926
v -1.702154 1.417983 -9.344984
v 4.065168 0.000652 -11.298100
v 1.556461 2.597070 -11.608700
v -1.351988 1.854534 -11.843090
v 4.380726 -0.261096 -13.114760
v 1.822759 2.111975 -13.243340
v 1.768481 1.196478 -14.939980
v 4.277594 -1.361052 -14.360050
v -0.427883 0.535622 -13.671510
v -1.264483 -0.727672 -15.026210
vn -0.2117 0.7227 0.6579
vn -0.2615 0.7587 0.5966
vn 0.4241 0.2195 0.8786
vn 0.2524 0.6639 0.7039
vn 0.3517 0.8243 0.4437
vn 0.3532 0.8225 0.4459
vn -0.2580 0.8930 0.3687
vn -0.5093 0.8585 -0.0602
vn 0.4177 0.8990 0.1316
vn 0.5086 0.8153 0.2768
vn -0.5309 0.8377 0.1280
vn -0.5943 0.8042 -0.0081
vn 0.5403 0.8040 -0.2485
vn 0.7265 0.6771 0.1171
vn -0.5896 0.8066 -0.0419
vn -0.3857 0.8469 0.3662
vn 0.7224 0.6745 0.1519
vn 0.7080 0.6974 0.1110
vn -0.3555 0.9343 -0.0251
vn -0.2552 0.9579 0.1316
vn 0.7175 0.6962 0.0243
vn 0.6792 0.7264 -0.1049
vn 0.7066 0.6131 -0.3534
vn 0.5750 0.5890 -0.5679
vn -0.2117 0.9270 -0.3096
vn -0.3443 0.6702 -0.6575
vn -0.4766 0.7702 -0.4239
vn -0.4707 0.7827 -0.4073
vt 0.000000 0.504187
vt 0.157508 0.504187
vt 0.000000 1.000000
vt 0.157508 1.000000
vt 0.000000 0.000000
vt 0.157508 0.000000
vt 0.295026 0.000000
vt 0.295026 0.504187
vt 0.295026 1.000000
vt 0.470176 0.000000
vt 0.470176 0.504187
vt 0.470176 1.000000
vt 0.626263 0.000000
vt 0.626263 0.504187
vt 0.626263 1.000000
vt 0.786316 0.000000
vt 0.786316 0.504187
vt 0.786316 1.000000
vt 0.900113 0.000000
vt 0.900113 0.504187
vt 1.000000 0.504187
vt 1.000000 0.000000
vt 0.900113 1.000000
vt 1.000000 1.000000
s 0
usemtl Material.002
f 1562/1561/1821 1561/1562/1821 1563/1563/1821
f 1561/1562/1822 1564/1564/1822 1563/1563/1822
f 1566/1565/1823 1565/1566/1823 1562/1561/1823
f 1565/1566/1824 1561/1562/1824 1562/1561/1824
f 1565/1566/1825 1567/1567/1825 1561/1562/1825
f 1567/1567/1826 1568/1568/1826 1561/1562/1826
f 1561/1562/1827 1568/1568/1827 1564/1564/1827
f 1568/1568/1828 1569/1569/1828 1564/1564/1828
f 1567/1567/1829 1570/1570/1829 1568/1568/1829
f 1570/1570/1830 1571/1571/1830 1568/1568/1830
f 1568/1568/1831 1571/1571/1831 1569/1569/1831
f 1571/1571/1832 1572/1572/1832 1569/1569/1832
f 1570/1570/1833 1573/1573/1833 1571/1571/1833
f 1573/1573/1834 1574/1574/1834 1571/1571/1834
f 1571/1571/1835 1574/1574/1835 1572/1572/1835
f 1574/1574/1836 1575/1575/1836 1572/1572/1836
f 1573/1573/1837 1576/1576/1837 1574/1574/1837
f 1576/1576/1838 1577/1577/1838 1574/1574/1838
f 1574/1574/1839 1577/1577/1839 1575/1575/1839
f 1577/1577/1840 1578/1578/1840 1575/1575/1840
f 1576/1576/1841 1579/1579/1841 1577/1577/1841
f 1579/1579/1842 1580/1580/1842 1577/1577/1842
f 1581/1581/1843 1580/1580/1843 1582/1582/1843
f 1580/1580/1844 1579/1579/1844 1582/1582/1844
f 1577/1577/1845 1580/1580/1845 1578/1578/1845
f 1580/1580/1846 1583/1583/1846 1578/1578/1846
f 1584/1584/1847 1583/1583/1847 1581/1581/1847
f 1583/1583/1848 1580/1580/1848 1581/1581/1848
o Plane_31
v 3.449742 0.386323 -11.973770
v 2.210742 -0.794091 -11.934860
v 2.369553 -0.727909 -13.406690
v 3.261193 -0.028852 -13.812490
v 3.729559 -0.435663 -10.258000
v 3.185227 -2.006860 -10.355350
v 5.358991 0.306763 -10.376990
v 5.078828 1.133628 -12.092160
v 4.942553 -0.019912 -14.022270
v 7.131945 0.459042 -10.593180
v 6.832088 1.564084 -12.273910
v 6.715507 0.132367 -14.238460
v 8.763865 -0.138739 -10.876630
v 8.417294 1.626149 -12.475690
v 8.250000 0.910747 -14.351570
v 10.384010 0.000415 -11.074180
v 10.177620 1.668059 -12.684620
v 9.860143 1.191138 -14.531640
v 11.564630 -0.167702 -11.167240
v 11.237150 1.356489 -12.779330
v 12.284180 0.768477 -13.083380
v 12.323040 -0.874189 -11.429780
v 11.145030 0.344019 -14.247920
v 11.854670 -0.467378 -14.984280
vn -0.6899 0.7227 -0.0419
vn -0.6428 0.7587 -0.1054
vn -0.7460 0.2195 0.6288
vn -0.6194 0.6639 0.4191
vn -0.3426 0.8243 0.4508
vn -0.3444 0.8225 0.4527
vn -0.4212 0.8930 -0.1585
vn -0.0680 0.8585 -0.5083
vn -0.0239 0.8990 0.4373
vn -0.1420 0.8153 0.5614
vn -0.2557 0.8377 -0.4826
vn -0.1395 0.8042 -0.5778
vn 0.3747 0.8040 0.4617
vn 0.0668 0.6771 0.7329
vn -0.1056 0.8066 -0.5816
vn -0.4504 0.8468 -0.2828
vn 0.0320 0.6745 0.7376
vn 0.0681 0.6974 0.7134
vn -0.0639 0.9343 -0.3506
vn -0.1908 0.9579 -0.2145
vn 0.1544 0.6962 0.7011
vn 0.2701 0.7264 0.6319
vn 0.5176 0.6131 0.5968
vn 0.6927 0.5890 0.4162
vn 0.2474 0.9270 -0.2819
vn 0.5515 0.6702 -0.4966
vn 0.2925 0.7702 -0.5668
vn 0.2778 0.7827 -0.5570
vt 0.000000 0.504187
vt 0.157508 0.504187
vt 0.000000 1.000000
vt 0.157508 1.000000
vt 0.000000 0.000000
vt 0.157508 0.000000
vt 0.295026 0.000000
vt 0.295026 0.504187
vt 0.295026 1.000000
vt 0.470176 0.000000
vt 0.470176 0.504187
vt 0.470176 1.000000
vt 0.626263 0.000000
vt 0.626263 0.504187
vt 0.626263 1.000000
vt 0.786316 0.000000
vt 0.786316 0.504187
vt 0.786316 1.000000
vt 0.900113 0.000000
vt 0.900113 0.504187
vt 1.000000 0.504187
vt 1.000000 0.000000
vt 0.900113 1.000000
vt 1.000000 1.000000
s 0
usemtl Material.002
f 1586/1585/1849 1585/1586/1849 1587/1587/1849
f 1585/1586/1850 1588/1588/1850 1587/1587/1850
f 1590/1589/1851 1589/1590/1851 1586/1585/1851
f 1589/1590/1852 1585/1586/1852 1586/1585/1852
f 1589/1590/1853 1591/1591/1853 1585/1586/1853
f 1591/1591/1854 1592/1592/1854 1585/1586/1854
f 1585/1586/1855 1592/1592/1855 1588/1588/1855
f 1592/1592/1856 1593/1593/1856 1588/1588/1856
f 1591/1591/1857 1594/1594/1857 1592/1592/1857
f 1594/1594/1858 1595/1595/1858 1592/1592/1858
f 1592/1592/1859 1595/1595/1859 1593/1593/1859
f 1595/1595/1860 1596/1596/1860 1593/1593/1860
f 1594/1594/1861 1597/1597/1861 1595/1595/1861
f 1597/1597/1862 1598/1598/1862 1595/1595/1862
f 1595/1595/1863 1598/1598/1863 1596/1596/1863
f 1598/1598/1864 1599/1599/1864 1596/1596/1864
f 1597/1597/1865 1600/1600/1865 1598/1598/1865
f 1600/1600/1866 1601/1601/1866 1598/1598/1866
f 1598/1598/1867 1601/1601/1867 1599/1599/1867
f 1601/1601/1868 1602/1602/1868 1599/1599/1868
f 1600/1600/1869 1603/1603/1869 1601/1601/1869
f 1603/1603/1870 1604/1604/1870 1601/1601/1870
f 1605/1605/1871 1604/1604/1871 1606/1606/1871
f 1604/1604/1872 1603/1603/1872 1606/1606/1872
f 1601/1601/1873 1604/1604/1873 1602/1602/1873
f 1604/1604/1874 1607/1607/1874 1602/1602/1874
f 1608/1608/1875 1607/1607/1875 1605/1605/1875
f 1607/1607/1876 1604/1604/1876 1605/1605/1876
o Plane_32
v -10.388290 0.667484 21.918100
v -11.670120 -1.372032 20.202230
v -9.428813 -1.257681 18.969851
v -7.971398 -0.049852 19.830601
v -12.540730 -0.752740 24.013100
v -12.941830 -3.467450 23.145950
v -10.758940 0.530020 26.202520
v -8.607701 1.958676 24.107630
v -6.009638 -0.034408 22.003660
v -8.697424 0.793128 28.498920
v -6.614435 2.702417 26.410240
v -3.948118 0.228700 24.300060
v -6.680302 -0.239716 30.529039
v -4.759214 2.809652 28.455070
v -2.268654 1.573582 26.360870
v -4.796465 0.000714 32.627510
v -2.720469 2.882063 30.740789
v -0.419472 2.058041 28.462500
v -3.495768 -0.289759 34.207119
v -1.537335 2.343733 32.147270
v -0.070140 1.327768 33.328800
v -2.373108 -1.510425 35.021049
v 0.450953 0.594392 30.562780
v 2.196228 -0.807537 30.838551
vn -0.3610 0.7227 -0.5894
vn -0.2820 0.7587 -0.5872
vn -0.9428 0.2195 -0.2510
vn -0.6984 0.6639 -0.2674
vn -0.5658 0.8243 -0.0225
vn -0.5684 0.8224 -0.0228
vn -0.1115 0.8930 -0.4360
vn 0.3776 0.8585 -0.3470
vn -0.3721 0.8990 0.2310
vn -0.5414 0.8153 0.2053
vn 0.2490 0.8377 -0.4861
vn 0.3936 0.8042 -0.4454
vn -0.1637 0.8040 0.5717
vn -0.5623 0.6771 0.4747
vn 0.4161 0.8066 -0.4198
vn -0.0264 0.8468 -0.5312
vn -0.5861 0.6745 0.4489
vn -0.5457 0.6974 0.4646
vn 0.2508 0.9343 -0.2533
vn 0.0665 0.9579 -0.2793
vn -0.4861 0.6962 0.5283
vn -0.3631 0.7264 0.5835
vn -0.1925 0.6131 0.7662
vn 0.0559 0.5890 0.8062
vn 0.3728 0.9270 0.0412
vn 0.7231 0.6702 0.1674
vn 0.6321 0.7702 -0.0851
vn 0.6157 0.7827 -0.0915
vt 0.000000 0.504187
vt 0.157508 0.504187
vt 0.000000 1.000000
vt 0.157508 1.000000
vt 0.000000 0.000000
vt 0.157508 0.000000
vt 0.295026 0.000000
vt 0.295026 0.504187
vt 0.295026 1.000000
vt 0.470176 0.000000
vt 0.470176 0.504187
vt 0.470176 1.000000
vt 0.626263 0.000000
vt 0.626263 0.504187
vt 0.626263 1.000000
vt 0.786316 0.000000
vt 0.786316 0.504187
vt 0.786316 1.000000
vt 0.900113 0.000000
vt 0.900113 0.504187
vt 1.000000 0.504187
vt 1.000000 0.000000
vt 0.900113 1.000000
vt 1.000000 1.000000
s 0
usemtl Material.002
f 1610/1609/1877 1609/1610/1877 1611/1611/1877
f 1609/1610/1878 1612/1612/1878 1611/1611/1878
f 1614/1613/1879 1613/1614/1879 1610/1609/1879
f 1613/1614/1880 1609/1610/1880 1610/1609/1880
f 1613/1614/1881 1615/1615/1881 1609/1610/1881
f 1615/1615/1882 1616/1616/1882 1609/1610/1882
f 1609/1610/1883 1616/1616/1883 1612/1612/1883
f 1616/1616/1884 1617/1617/1884 1612/1612/1884
f 1615/1615/1885 1618/1618/1885 1616/1616/1885
f 1618/1618/1886 1619/1619/1886 1616/1616/1886
f 1616/1616/1887 1619/1619/1887 1617/1617/1887
f 1619/1619/1888 1620/1620/1888 1617/1617/1888
f 1618/1618/1889 1621/1621/1889 1619/1619/1889
f 1621/1621/1890 1622/1622/1890 1619/1619/1890
f 1619/1619/1891 1622/1622/1891 1620/1620/1891
f 1622/1622/1892 1623/1623/1892 1620/1620/1892
f 1621/1621/1893 1624/1624/1893 1622/1622/1893
f 1624/1624/1894 1625/1625/1894 1622/1622/1894
f 1622/1622/1895 1625/1625/1895 1623/1623/1895
f 1625/1625/1896 1626/1626/1896 1623/1623/1896
f 1624/1624/1897 1627/1627/1897 1625/1625/1897
f 1627/1627/1898 1628/1628/1898 1625/1625/1898
f 1629/1629/1899 1628/1628/1899 1630/1630/1899
f 1628/1628/1900 1627/1627/1900 1630/1630/1900
f 1625/1625/1901 1628/1628/1901 1626/1626/1901
f 1628/1628/1902 1631/1631/1902 1626/1626/1902
f 1632/1632/1903 1631/1631/1903 1629/1629/1903
f 1631/1631/1904 1628/1628/1904 1629/1629/1904
o Plane_33
v -25.680140 0.283640 -1.367069
v -27.517071 -0.583022 -0.985030
v -27.665251 -0.534431 -3.220773
v -26.442120 -0.021182 -4.058936
v -24.814251 -0.319863 1.117637
v -25.651211 -1.473439 1.114861
v -22.416210 0.225227 0.514094
v -23.282459 0.832313 -1.969621
v -23.990410 -0.014618 -4.811410
v -19.829630 0.337030 -0.271887
v -20.716221 1.148354 -2.699120
v -21.403820 0.097185 -5.597391
v -17.470881 -0.101861 -1.121256
v -18.405769 1.193922 -3.414510
v -19.145781 0.668673 -6.167337
v -15.107240 0.000306 -1.839493
v -15.836100 1.224692 -4.186370
v -16.792471 0.874537 -6.856896
v -13.371490 -0.123126 -2.286987
v -14.281330 0.995937 -4.604657
v -12.799930 0.564218 -5.331772
v -12.309520 -0.641830 -2.876743
v -14.802750 0.252580 -6.769960
v -13.937390 -0.343147 -8.053316
vn -0.4181 0.9071 0.0474
vn -0.3844 0.9231 0.0043
vn -0.5822 0.4207 0.6957
vn -0.3447 0.8776 0.3333
vn -0.1449 0.9487 0.2809
vn -0.1459 0.9481 0.2826
vn -0.2333 0.9714 -0.0439
vn -0.0840 0.9605 -0.2653
vn 0.0273 0.9732 0.2283
vn -0.0241 0.9455 0.3248
vn -0.1851 0.9535 -0.2380
vn -0.1347 0.9413 -0.3094
vn 0.2549 0.9413 0.2215
vn 0.1219 0.8846 0.4501
vn -0.1159 0.9422 -0.3142
vn -0.2699 0.9566 -0.1100
vn 0.1010 0.8832 0.4579
vn 0.1185 0.8950 0.4301
vn -0.0630 0.9833 -0.1707
vn -0.1128 0.9896 -0.0894
vn 0.1703 0.8943 0.4137
vn 0.2277 0.9089 0.3494
vn 0.4113 0.8480 0.3344
vn 0.5171 0.8325 0.1990
vn 0.1001 0.9813 -0.1645
vn 0.2917 0.8809 -0.3727
vn 0.1111 0.9279 -0.3558
vn 0.1026 0.9330 -0.3450
vt 0.000000 0.504187
vt 0.157508 0.504187
vt 0.000000 1.000000
vt 0.157508 1.000000
vt 0.000000 0.000000
vt 0.157508 0.000000
vt 0.295026 0.000000
vt 0.295026 0.504187
vt 0.295026 1.000000
vt 0.470176 0.000000
vt 0.470176 0.504187
vt 0.470176 1.000000
vt 0.626263 0.000000
vt 0.626263 0.504187
vt 0.626263 1.000000
vt 0.786316 0.000000
vt 0.786316 0.504187
vt 0.786316 1.000000
vt 0.900113 0.000000
vt 0.900113 0.504187
vt 1.000000 0.504187
vt 1.000000 0.000000
vt 0.900113 1.000000
vt 1.000000 1.000000
s 0
usemtl Material.002
f 1634/1633/1905 1633/1634/1905 1635/1635/1905
f 1633/1634/1906 1636/1636/1906 1635/1635/1906
f 1638/1637/1907 1637/1638/1907 1634/1633/1907
f 1637/1638/1908 1633/1634/1908 1634/1633/1908
f 1637/1638/1909 1639/1639/1909 1633/1634/1909
f 1639/1639/1910 1640/1640/1910 1633/1634/1910
f 1633/1634/1911 1640/1640/1911 1636/1636/1911
f 1640/1640/1912 1641/1641/1912 1636/1636/1912
f 1639/1639/1913 1642/1642/1913 1640/1640/1913
f 1642/1642/1914 1643/1643/1914 1640/1640/1914
f 1640/1640/1915 1643/1643/1915 1641/1641/1915
f 1643/1643/1916 1644/1644/1916 1641/1641/1916
f 1642/1642/1917 1645/1645/1917 1643/1643/1917
f 1645/1645/1918 1646/1646/1918 1643/1643/1918
f 1643/1643/1919 1646/1646/1919 1644/1644/1919
f 1646/1646/1920 1647/1647/1920 1644/1644/1920
f 1645/1645/1921 1648/1648/1921 1646/1646/1921
f 1648/1648/1922 1649/1649/1922 1646/1646/1922
f 1646/1646/1923 1649/1649/1923 1647/1647/1923
f 1649/1649/1924 1650/1650/1924 1647/1647/1924
f 1648/1648/1925 1651/1651/1925 1649/1649/1925
f 1651/1651/1926 1652/1652/1926 1649/1649/1926
f 1653/1653/1927 1652/1652/1927 1654/1654/1927
f 1652/1652/1928 1651/1651/1928 1654/1654/1928
f 1649/1649/1929 1652/1652/1929 1650/1650/1929
f 1652/1652/1930 1655/1655/1930 1650/1650/1930
f 1656/1656/1931 1655/1655/1931 1653/1653/1931
f 1655/1655/1932 1652/1652/1932 1653/1653/1932
o Plane_8
v -0.683600 -0.246877 -1.280986
v 0.257976 -1.566491 0.834335
v -1.890968 -1.245800 1.610304
v -3.090830 -0.449892 0.411214
v 1.489667 -1.910295 -2.494956
v 1.746225 -4.047425 -1.048495
v 0.158479 -1.377074 -4.892886
v -2.013711 0.293678 -3.680903
v -4.583914 -1.019024 -1.687932
v -1.409157 -1.763850 -7.169319
v -3.519948 0.324972 -6.070651
v -6.151550 -1.405801 -3.964365
v -2.968073 -3.210885 -8.899210
v -4.933222 -0.130383 -8.069328
v -7.406718 -0.784609 -6.254831
v -4.400594 -3.564326 -10.979440
v -6.481669 -0.679450 -10.288000
v -8.808065 -0.925785 -8.392590
v -5.373803 -4.235925 -12.418240
v -7.370361 -1.521114 -11.504600
v -8.539297 -2.733031 -12.445090
v -6.278712 -5.526631 -12.953500
v -9.334125 -2.726385 -9.947495
v -10.859210 -4.066227 -10.047330
vn 0.2793 0.8656 0.4157
vn 0.2013 0.8968 0.3939
vn 0.9011 0.3120 0.3011
vn 0.6564 0.7358 0.1668
vn 0.5572 0.8206 -0.1269
vn 0.5598 0.8190 -0.1258
vn 0.0522 0.9800 0.1918
vn -0.4208 0.9056 0.0538
vn 0.3987 0.8185 -0.4136
vn 0.5633 0.7507 -0.3452
vn -0.3117 0.9270 0.2086
vn -0.4496 0.8787 0.1603
vn 0.2373 0.6291 -0.7402
vn 0.6197 0.5470 -0.5628
vn -0.4686 0.8735 0.1323
vn -0.0448 0.9577 0.2843
vn 0.6399 0.5522 -0.5345
vn 0.6019 0.5686 -0.5608
vn -0.2827 0.9584 -0.0399
vn -0.1035 0.9946 0.0022
vn 0.5512 0.5484 -0.6288
vn 0.4366 0.5585 -0.7053
vn 0.2918 0.3947 -0.8713
vn 0.0509 0.3519 -0.9346
vn -0.3647 0.8689 -0.3347
vn -0.6950 0.5754 -0.4312
vn -0.6384 0.7419 -0.2051
vn -0.6229 0.7562 -0.2002
vt 0.000000 0.504187
vt 0.157508 0.504187
vt 0.000000 1.000000
vt 0.157508 1.000000
vt 0.000000 0.000000
vt 0.157508 0.000000
vt 0.295026 0.000000
vt 0.295026 0.504187
vt 0.295026 1.000000
vt 0.470176 0.000000
vt 0.470176 0.504187
vt 0.470176 1.000000
vt 0.626263 0.000000
vt 0.626263 0.504187
vt 0.626263 1.000000
vt 0.786316 0.000000
vt 0.786316 0.504187
vt 0.786316 1.000000
vt 0.900113 0.000000
vt 0.900113 0.504187
vt 1.000000 0.504187
vt 1.000000 0.000000
vt 0.900113 1.000000
vt 1.000000 1.000000
s 0
usemtl Material.002
f 1658/1657/1933 1657/1658/1933 1659/1659/1933
f 1657/1658/1934 1660/1660/1934 1659/1659/1934
f 1662/1661/1935 1661/1662/1935 1658/1657/1935
f 1661/1662/1936 1657/1658/1936 1658/1657/1936
f 1661/1662/1937 1663/1663/1937 1657/1658/1937
f 1663/1663/1938 1664/1664/1938 1657/1658/1938
f 1657/1658/1939 1664/1664/1939 1660/1660/1939
f 1664/1664/1940 1665/1665/1940 1660/1660/1940
f 1663/1663/1941 1666/1666/1941 1664/1664/1941
f 1666/1666/1942 1667/1667/1942 1664/1664/1942
f 1664/1664/1943 1667/1667/1943 1665/1665/1943
f 1667/1667/1944 1668/1668/1944 1665/1665/1944
f 1666/1666/1945 1669/1669/1945 1667/1667/1945
f 1669/1669/1946 1670/1670/1946 1667/1667/1946
f 1667/1667/1947 1670/1670/1947 1668/1668/1947
f 1670/1670/1948 1671/1671/1948 1668/1668/1948
f 1669/1669/1949 1672/1672/1949 1670/1670/1949
f 1672/1672/1950 1673/1673/1950 1670/1670/1950
f 1670/1670/1951 1673/1673/1951 1671/1671/1951
f 1673/1673/1952 1674/1674/1952 1671/1671/1952
f 1672/1672/1953 1675/1675/1953 1673/1673/1953
f 1675/1675/1954 1676/1676/1954 1673/1673/1954
f 1677/1677/1955 1676/1676/1955 1678/1678/1955
f 1676/1676/1956 1675/1675/1956 1678/1678/1956
f 1673/1673/1957 1676/1676/1957 1674/1674/1957
f 1676/1676/1958 1679/1679/1958 1674/1674/1958
f 1680/1680/1959 1679/1679/1959 1677/1677/1959
f 1679/1679/1960 1676/1676/1960 1677/1677/1960
o Plane_81
v 3.394706 -0.158569 -12.433200
v 2.228513 -1.006139 -11.510360
v 1.403361 -0.800163 -12.723850
v 1.958314 -0.288962 -13.661440
v 4.496264 -1.226959 -11.274340
v 3.637122 -2.599608 -10.884280
v 5.776234 -0.884478 -12.484620
v 4.676085 0.188623 -13.643130
v 3.026587 -0.654508 -14.924860
v 6.942941 -1.132900 -13.822670
v 5.923079 0.208722 -14.961020
v 4.193293 -0.902929 -16.262911
v 7.770969 -2.062310 -15.068230
v 6.941551 -0.083747 -16.158779
v 5.418508 -0.503947 -17.408779
v 8.837116 -2.289320 -16.290951
v 8.075374 -0.436405 -17.475691
v 6.525419 -0.594622 -18.621269
v 9.577332 -2.720679 -17.125710
v 8.690790 -0.976994 -18.222450
v 9.089765 -1.755391 -19.099609
v 9.766221 -3.549682 -17.774019
v 7.409105 -1.751123 -19.196289
v 7.228272 -2.611685 -20.161131
vn -0.3334 0.8656 0.3736
vn -0.3317 0.8968 0.2927
vn -0.0682 0.3120 0.9476
vn 0.0012 0.7358 0.6772
vn 0.2611 0.8206 0.5084
vn 0.2607 0.8190 0.5111
vn -0.1729 0.9800 0.0981
vn -0.1565 0.9056 -0.3943
vn 0.4996 0.8185 0.2837
vn 0.4741 0.7507 0.4600
vn -0.2794 0.9270 -0.2502
vn -0.2668 0.8787 -0.3958
vn 0.7759 0.6291 0.0464
vn 0.6989 0.5470 0.4608
vn -0.2444 0.8735 -0.4211
vn -0.2865 0.9577 0.0271
vn 0.6765 0.5522 0.4873
vn 0.6925 0.5686 0.4440
vn -0.0315 0.9584 -0.2838
vn -0.0278 0.9946 -0.0998
vn 0.7459 0.5484 0.3781
vn 0.7916 0.5585 0.2481
vn 0.9164 0.3947 0.0666
vn 0.9180 0.3519 -0.1826
vn 0.2338 0.8689 -0.4363
vn 0.2453 0.5754 -0.7802
vn 0.0404 0.7419 -0.6693
vn 0.0395 0.7562 -0.6531
vt 0.000000 0.504187
vt 0.157508 0.504187
vt 0.000000 1.000000
vt 0.157508 1.000000
vt 0.000000 0.000000
vt 0.157508 0.000000
vt 0.295026 0.000000
vt 0.295026 0.504187
vt 0.295026 1.000000
vt 0.470176 0.000000
vt 0.470176 0.504187
vt 0.470176 1.000000
vt 0.626263 0.000000
vt 0.626263 0.504187
vt 0.626263 1.000000
vt 0.786316 0.000000
vt 0.786316 0.504187
vt 0.786316 1.000000
vt 0.900113 0.000000
vt 0.900113 0.504187
vt 1.000000 0.504187
vt 1.000000 0.000000
vt 0.900113 1.000000
vt 1.000000 1.000000
s 0
usemtl Material.002
f 1682/1681/1961 1681/1682/1961 1683/1683/1961
f 1681/1682/1962 1684/1684/1962 1683/1683/1962
f 1686/1685/1963 1685/1686/1963 1682/1681/1963
f 1685/1686/1964 1681/1682/1964 1682/1681/1964
f 1685/1686/1965 1687/1687/1965 1681/1682/1965
f 1687/1687/1966 1688/1688/1966 1681/1682/1966
f 1681/1682/1967 1688/1688/1967 1684/1684/1967
f 1688/1688/1968 1689/1689/1968 1684/1684/1968
f 1687/1687/1969 1690/1690/1969 1688/1688/1969
f 1690/1690/1970 1691/1691/1970 1688/1688/1970
f 1688/1688/1971 1691/1691/1971 1689/1689/1971
f 1691/1691/1972 1692/1692/1972 1689/1689/1972
f 1690/1690/1973 1693/1693/1973 1691/1691/1973
f 1693/1693/1974 1694/1694/1974 1691/1691/1974
f 1691/1691/1975 1694/1694/1975 1692/1692/1975
f 1694/1694/1976 1695/1695/1976 1692/1692/1976
f 1693/1693/1977 1696/1696/1977 1694/1694/1977
f 1696/1696/1978 1697/1697/1978 1694/1694/1978
f 1694/1694/1979 1697/1697/1979 1695/1695/1979
f 1697/1697/1980 1698/1698/1980 1695/1695/1980
f 1696/1696/1981 1699/1699/1981 1697/1697/1981
f 1699/1699/1982 1700/1700/1982 1697/1697/1982
f 1701/1701/1983 1700/1700/1983 1702/1702/1983
f 1700/1700/1984 1699/1699/1984 1702/1702/1984
f 1697/1697/1985 1700/1700/1985 1698/1698/1985
f 1700/1700/1986 1703/1703/1986 1698/1698/1986
f 1704/1704/1987 1703/1703/1987 1701/1701/1987
f 1703/1703/1988 1700/1700/1988 1701/1701/1988
o Plane_82
v -9.792244 -0.273978 21.385290
v -12.253610 -1.738407 20.647690
v -11.352310 -1.382522 18.277821
v -9.475250 -0.499271 18.135309
v -10.342500 -2.119939 24.092449
v -11.745450 -4.491598 23.262119
v -7.361474 -1.528202 24.706551
v -6.810325 0.325898 22.001740
v -6.628586 -1.130859 18.397039
v -4.311676 -1.957424 25.033770
v -3.709570 0.360626 22.462601
v -3.578789 -1.560081 18.724260
v -1.728168 -3.563257 24.973009
v -1.005191 -0.144700 22.718830
v -0.743194 -0.870720 19.324619
v 1.058766 -3.955484 25.272030
v 1.982114 -0.754022 23.020420
v 2.069612 -1.027389 19.691490
v 2.973638 -4.700784 25.493670
v 3.648837 -1.688051 23.152460
v 5.285886 -3.032963 22.848930
v 4.078657 -6.133132 25.119230
v 3.758766 -3.025587 20.373430
v 4.945905 -4.512465 19.162090
vn -0.4973 0.8656 -0.0591
vn -0.4299 0.8968 -0.1041
vn -0.8157 0.3120 0.4871
vn -0.5543 0.7358 0.3890
vn -0.2670 0.8206 0.5053
vn -0.2695 0.8190 0.5065
vn -0.1795 0.9800 -0.0854
vn 0.2335 0.9056 -0.3542
vn 0.0538 0.8185 0.5720
vn -0.1053 0.7507 0.6522
vn 0.0450 0.9270 -0.3724
vn 0.1715 0.8787 -0.4455
vn 0.4066 0.6291 0.6624
vn 0.0229 0.5470 0.8368
vn 0.2051 0.8735 -0.4416
vn -0.1864 0.9577 -0.2192
vn -0.0117 0.5522 0.8336
vn 0.0330 0.5686 0.8220
vn 0.2145 0.9584 -0.1884
vn 0.0658 0.9946 -0.0799
vn 0.1176 0.5484 0.8279
vn 0.2503 0.5585 0.7909
vn 0.4706 0.3947 0.7892
vn 0.6757 0.3519 0.6478
vn 0.4916 0.8689 -0.0584
vn 0.7800 0.5754 -0.2461
vn 0.5716 0.7419 -0.3504
vn 0.5579 0.7562 -0.3419
vt 0.000000 0.504187
vt 0.157508 0.504187
vt 0.000000 1.000000
vt 0.157508 1.000000
vt 0.000000 0.000000
vt 0.157508 0.000000
vt 0.295026 0.000000
vt 0.295026 0.504187
vt 0.295026 1.000000
vt 0.470176 0.000000
vt 0.470176 0.504187
vt 0.470176 1.000000
vt 0.626263 0.000000
vt 0.626263 0.504187
vt 0.626263 1.000000
vt 0.786316 0.000000
vt 0.786316 0.504187
vt 0.786316 1.000000
vt 0.900113 0.000000
vt 0.900113 0.504187
vt 1.000000 0.504187
vt 1.000000 0.000000
vt 0.900113 1.000000
vt 1.000000 1.000000
s 0
usemtl Material.002
f 1706/1705/1989 1705/1706/1989 1707/1707/1989
f 1705/1706/1990 1708/1708/1990 1707/1707/1990
f 1710/1709/1991 1709/1710/1991 1706/1705/1991
f 1709/1710/1992 1705/1706/1992 1706/1705/1992
f 1709/1710/1993 1711/1711/1993 1705/1706/1993
f 1711/1711/1994 1712/1712/1994 1705/1706/1994
f 1705/1706/1995 1712/1712/1995 1708/1708/1995
f 1712/1712/1996 1713/1713/1996 1708/1708/1996
f 1711/1711/1997 1714/1714/1997 1712/1712/1997
f 1714/1714/1998 1715/1715/1998 1712/1712/1998
f 1712/1712/1999 1715/1715/1999 1713/1713/1999
f 1715/1715/2000 1716/1716/2000 1713/1713/2000
f 1714/1714/2001 1717/1717/2001 1715/1715/2001
f 1717/1717/2002 1718/1718/2002 1715/1715/2002
f 1715/1715/2003 1718/1718/2003 1716/1716/2003
f 1718/1718/2004 1719/1719/2004 1716/1716/2004
f 1717/1717/2005 1720/1720/2005 1718/1718/2005
f 1720/1720/2006 1721/1721/2006 1718/1718/2006
f 1718/1718/2007 1721/1721/2007 1719/1719/2007
f 1721/1721/2008 1722/1722/2008 1719/1719/2008
f 1720/1720/2009 1723/1723/2009 1721/1721/2009
f 1723/1723/2010 1724/1724/2010 1721/1721/2010
f 1725/1725/2011 1724/1724/2011 1726/1726/2011
f 1724/1724/2012 1723/1723/2012 1726/1726/2012
f 1721/1721/2013 1724/1724/2013 1722/1722/2013
f 1724/1724/2014 1727/1727/2014 1722/1722/2014
f 1728/1728/2015 1727/1727/2015 1725/1725/2015
f 1727/1727/2016 1724/1724/2016 1725/1725/2016
o Plane_83
v -25.882351 -0.116420 -2.037598
v -27.379560 -0.738708 -0.356826
v -28.927071 -0.587480 -1.950110
v -28.344959 -0.212156 -3.493016
v -23.937059 -0.900834 -0.598060
v -25.115860 -1.908635 0.208135
v -22.345409 -0.649384 -2.737112
v -24.288500 0.138488 -4.176491
v -27.082800 -0.480539 -5.655920
v -20.956020 -0.831776 -5.037017
v -22.774160 0.153245 -6.467350
v -25.693420 -0.662930 -7.955826
v -20.047350 -1.514149 -7.110462
v -21.569071 -0.061485 -8.519338
v -24.166550 -0.369997 -9.984519
v -18.777719 -1.680821 -9.212137
v -20.223181 -0.320407 -10.779130
v -22.833469 -0.436571 -12.081600
v -17.892521 -1.997525 -10.650180
v -19.501020 -0.717308 -12.053360
v -19.135630 -1.288809 -13.465370
v -17.780479 -2.606180 -11.666100
v -21.666451 -1.285675 -13.169960
v -22.188379 -1.917501 -14.561050
vn -0.1424 0.9628 0.2297
vn -0.1452 0.9726 0.1818
vn 0.0841 0.5606 0.8238
vn 0.0711 0.9131 0.4014
vn 0.1932 0.9474 0.2551
vn 0.1935 0.9468 0.2570
vn -0.0755 0.9952 0.0623
vn -0.1161 0.9751 -0.1887
vn 0.3036 0.9466 0.1083
vn 0.3247 0.9197 0.2206
vn -0.1635 0.9813 -0.1018
vn -0.1768 0.9670 -0.1835
vn 0.5107 0.8578 -0.0585
vn 0.5469 0.8029 0.2372
vn -0.1681 0.9653 -0.1997
vn -0.1391 0.9895 0.0382
vn 0.5319 0.8068 0.2573
vn 0.5299 0.8185 0.2218
vn -0.0401 0.9897 -0.1373
vn -0.0217 0.9987 -0.0455
vn 0.5689 0.8039 0.1732
vn 0.5796 0.8113 0.0758
vn 0.7448 0.6630 -0.0756
vn 0.7369 0.6126 -0.2858
vn 0.0833 0.9639 -0.2530
vn 0.0741 0.8233 -0.5628
vn -0.0454 0.9159 -0.3989
vn -0.0437 0.9221 -0.3845
vt 0.000000 0.504187
vt 0.157508 0.504187
vt 0.000000 1.000000
vt 0.157508 1.000000
vt 0.000000 0.000000
vt 0.157508 0.000000
vt 0.295026 0.000000
vt 0.295026 0.504187
vt 0.295026 1.000000
vt 0.470176 0.000000
vt 0.470176 0.504187
vt 0.470176 1.000000
vt 0.626263 0.000000
vt 0.626263 0.504187
vt 0.626263 1.000000
vt 0.786316 0.000000
vt 0.786316 0.504187
vt 0.786316 1.000000
vt 0.900113 0.000000
vt 0.900113 0.504187
vt 1.000000 0.504187
vt 1.000000 0.000000
vt 0.900113 1.000000
vt 1.000000 1.000000
s 0
usemtl Material.002
f 1730/1729/2017 1729/1730/2017 1731/1731/2017
f 1729/1730/2018 1732/1732/2018 1731/1731/2018
f 1734/1733/2019 1733/1734/2019 1730/1729/2019
f 1733/1734/2020 1729/1730/2020 1730/1729/2020
f 1733/1734/2021 1735/1735/2021 1729/1730/2021
f 1735/1735/2022 1736/1736/2022 1729/1730/2022
f 1729/1730/2023 1736/1736/2023 1732/1732/2023
f 1736/1736/2024 1737/1737/2024 1732/1732/2024
f 1735/1735/2025 1738/1738/2025 1736/1736/2025
f 1738/1738/2026 1739/1739/2026 1736/1736/2026
f 1736/1736/2027 1739/1739/2027 1737/1737/2027
f 1739/1739/2028 1740/1740/2028 1737/1737/2028
f 1738/1738/2029 1741/1741/2029 1739/1739/2029
f 1741/1741/2030 1742/1742/2030 1739/1739/2030
f 1739/1739/2031 1742/1742/2031 1740/1740/2031
f 1742/1742/2032 1743/1743/2032 1740/1740/2032
f 1741/1741/2033 1744/1744/2033 1742/1742/2033
f 1744/1744/2034 1745/1745/2034 1742/1742/2034
f 1742/1742/2035 1745/1745/2035 1743/1743/2035
f 1745/1745/2036 1746/1746/2036 1743/1743/2036
f 1744/1744/2037 1747/1747/2037 1745/1745/2037
f 1747/1747/2038 1748/1748/2038 1745/1745/2038
f 1749/1749/2039 1748/1748/2039 1750/1750/2039
f 1748/1748/2040 1747/1747/2040 1750/1750/2040
f 1745/1745/2041 1748/1748/2041 1746/1746/2041
f 1748/1748/2042 1751/1751/2042 1746/1746/2042
f 1752/1752/2043 1751/1751/2043 1749/1749/2043
f 1751/1751/2044 1748/1748/2044 1749/1749/2044
o Plane1
v 2.791337 0.574259 -11.288650
v 2.653171 -1.057896 -11.785640
v 4.132648 -0.975328 -11.799770
v 4.609684 0.054495 -11.399420
v 1.114203 0.054495 -10.504490
v 1.176582 -1.585190 -10.218170
v 1.370456 1.491749 -9.460923
v 3.046916 2.015625 -10.247710
v 4.967293 0.873733 -9.959965
v 1.741313 2.480454 -8.012399
v 3.379332 3.238715 -8.949327
v 5.338149 1.862437 -8.511440
v 2.173162 2.743536 -6.325643
v 3.720002 4.057765 -7.618710
v 5.579835 3.285035 -7.567438
v 2.512053 3.647022 -5.001967
v 4.083465 4.944266 -6.126669
v 5.899211 4.307527 -6.319992
v 2.710627 4.072032 -3.901635
v 4.274212 5.185050 -5.061648
v 4.674757 5.171044 -3.889538
v 3.045323 3.815544 -2.919072
v 5.737586 4.204245 -4.766850
v 6.540804 3.815544 -3.813997
vn -0.0255 0.2932 -0.9557
vn 0.0416 0.3452 -0.9376
vn -0.6942 -0.1494 -0.7042
vn -0.4779 0.2926 -0.8282
vn -0.4864 0.5685 -0.6635
vn -0.4885 0.5661 -0.6640
vn 0.1129 0.5685 -0.8149
vn 0.4928 0.6979 -0.5196
vn -0.4454 0.7885 -0.4241
vn -0.5787 0.6623 -0.4758
vn 0.4508 0.5892 -0.6705
vn 0.5562 0.6132 -0.5609
vn -0.4337 0.9006 -0.0294
vn -0.7299 0.6495 -0.2130
vn 0.5630 0.6317 -0.5330
vn 0.2345 0.5095 -0.8279
vn -0.7376 0.6305 -0.2415
vn -0.7106 0.6672 -0.2233
vn 0.3355 0.7717 -0.5403
vn 0.1885 0.7353 -0.6510
vn -0.6907 0.7077 -0.1487
vn -0.6118 0.7880 -0.0686
vn -0.5540 0.8084 0.1990
vn -0.3583 0.8662 0.3482
vn 0.2947 0.9194 -0.2606
vn 0.5377 0.8357 0.1115
vn 0.5838 0.7943 -0.1681
vn 0.5726 0.7984 -0.1861
vt 0.000000 0.504187
vt 0.157508 0.504187
vt 0.000000 1.000000
vt 0.157508 1.000000
vt 0.000000 0.000000
vt 0.157508 0.000000
vt 0.295026 0.000000
vt 0.295026 0.504187
vt 0.295026 1.000000
vt 0.470176 0.000000
vt 0.470176 0.504187
vt 0.470176 1.000000
vt 0.626263 0.000000
vt 0.626263 0.504187
vt 0.626263 1.000000
vt 0.786316 0.000000
vt 0.786316 0.504187
vt 0.786316 1.000000
vt 0.900113 0.000000
vt 0.900113 0.504187
vt 1.000000 0.504187
vt 1.000000 0.000000
vt 0.900113 1.000000
vt 1.000000 1.000000
s 0
usemtl Material.002
f 1754/1753/2045 1753/1754/2045 1755/1755/2045
f 1753/1754/2046 1756/1756/2046 1755/1755/2046
f 1758/1757/2047 1757/1758/2047 1754/1753/2047
f 1757/1758/2048 1753/1754/2048 1754/1753/2048
f 1757/1758/2049 1759/1759/2049 1753/1754/2049
f 1759/1759/2050 1760/1760/2050 1753/1754/2050
f 1753/1754/2051 1760/1760/2051 1756/1756/2051
f 1760/1760/2052 1761/1761/2052 1756/1756/2052
f 1759/1759/2053 1762/1762/2053 1760/1760/2053
f 1762/1762/2054 1763/1763/2054 1760/1760/2054
f 1760/1760/2055 1763/1763/2055 1761/1761/2055
f 1763/1763/2056 1764/1764/2056 1761/1761/2056
f 1762/1762/2057 1765/1765/2057 1763/1763/2057
f 1765/1765/2058 1766/1766/2058 1763/1763/2058
f 1763/1763/2059 1766/1766/2059 1764/1764/2059
f 1766/1766/2060 1767/1767/2060 1764/1764/2060
f 1765/1765/2061 1768/1768/2061 1766/1766/2061
f 1768/1768/2062 1769/1769/2062 1766/1766/2062
f 1766/1766/2063 1769/1769/2063 1767/1767/2063
f 1769/1769/2064 1770/1770/2064 1767/1767/2064
f 1768/1768/2065 1771/1771/2065 1769/1769/2065
f 1771/1771/2066 1772/1772/2066 1769/1769/2066
f 1773/1773/2067 1772/1772/2067 1774/1774/2067
f 1772/1772/2068 1771/1771/2068 1774/1774/2068
f 1769/1769/2069 1772/1772/2069 1770/1770/2069
f 1772/1772/2070 1775/1775/2070 1770/1770/2070
f 1776/1776/2071 1775/1775/2071 1773/1773/2071
f 1775/1775/2072 1772/1772/2072 1773/1773/2072
o Plane2
v -12.010290 0.992200 21.664150
v -11.443370 -1.827832 20.976450
v -9.958527 -1.685171 23.057350
v -10.053100 0.094153 24.129210
v -14.781160 0.094153 20.065769
v -15.124820 -2.738889 20.437580
v -16.005119 2.577436 21.461861
v -13.231180 3.482588 23.056681
v -11.737260 1.509629 26.060780
v -17.688999 4.285718 23.421160
v -14.740530 5.595838 24.812901
v -13.421140 3.217911 28.020081
v -19.649830 4.740269 25.702709
v -16.287350 7.010991 26.612730
v -14.518530 5.675873 29.296961
v -21.188580 6.301312 27.493139
v -18.040180 8.542686 28.604650
v -15.968670 7.442528 30.984289
v -22.550011 7.035643 28.863750
v -19.359360 8.958712 29.929220
v -20.622459 8.934512 31.656891
v -23.609909 6.592484 30.310511
v -18.327900 7.264077 32.293201
v -18.881849 6.592484 34.373951
vn 0.7686 0.2932 -0.5686
vn 0.7922 0.3452 -0.5032
vn 0.1793 -0.1494 -0.9724
vn 0.4049 0.2926 -0.8663
vn 0.2650 0.5685 -0.7788
vn 0.2642 0.5661 -0.7808
vn 0.7325 0.5685 -0.3745
vn 0.7083 0.6979 0.1061
vn 0.0923 0.7885 -0.6081
vn 0.0583 0.6623 -0.7469
vn 0.8078 0.5892 -0.0147
vn 0.7784 0.6132 0.1344
vn -0.2244 0.9006 -0.3723
vn -0.2437 0.6495 -0.7202
vn 0.7594 0.6317 0.1560
vn 0.8129 0.5095 -0.2822
vn -0.2247 0.6305 -0.7429
vn -0.2242 0.6672 -0.7103
vn 0.6350 0.7717 -0.0346
vn 0.6415 0.7353 -0.2185
vn -0.2739 0.7077 -0.6512
vn -0.2944 0.7880 -0.5407
vn -0.4805 0.8084 -0.3400
vn -0.4907 0.8662 -0.0941
vn 0.3824 0.9194 0.0921
vn 0.2167 0.8357 0.5046
vn 0.4723 0.7943 0.3821
vn 0.4807 0.7984 0.3626
vt 0.000000 0.504187
vt 0.157508 0.504187
vt 0.000000 1.000000
vt 0.157508 1.000000
vt 0.000000 0.000000
vt 0.157508 0.000000
vt 0.295026 0.000000
vt 0.295026 0.504187
vt 0.295026 1.000000
vt 0.470176 0.000000
vt 0.470176 0.504187
vt 0.470176 1.000000
vt 0.626263 0.000000
vt 0.626263 0.504187
vt 0.626263 1.000000
vt 0.786316 0.000000
vt 0.786316 0.504187
vt 0.786316 1.000000
vt 0.900113 0.000000
vt 0.900113 0.504187
vt 1.000000 0.504187
vt 1.000000 0.000000
vt 0.900113 1.000000
vt 1.000000 1.000000
s 0
usemtl Material.002
f 1778/1777/2073 1777/1778/2073 1779/1779/2073
f 1777/1778/2074 1780/1780/2074 1779/1779/2074
f 1782/1781/2075 1781/1782/2075 1778/1777/2075
f 1781/1782/2076 1777/1778/2076 1778/1777/2076
f 1781/1782/2077 1783/1783/2077 1777/1778/2077
f 1783/1783/2078 1784/1784/2078 1777/1778/2078
f 1777/1778/2079 1784/1784/2079 1780/1780/2079
f 1784/1784/2080 1785/1785/2080 1780/1780/2080
f 1783/1783/2081 1786/1786/2081 1784/1784/2081
f 1786/1786/2082 1787/1787/2082 1784/1784/2082
f 1784/1784/2083 1787/1787/2083 1785/1785/2083
f 1787/1787/2084 1788/1788/2084 1785/1785/2084
f 1786/1786/2085 1789/1789/2085 1787/1787/2085
f 1789/1789/2086 1790/1790/2086 1787/1787/2086
f 1787/1787/2087 1790/1790/2087 1788/1788/2087
f 1790/1790/2088 1791/1791/2088 1788/1788/2088
f 1789/1789/2089 1792/1792/2089 1790/1790/2089
f 1792/1792/2090 1793/1793/2090 1790/1790/2090
f 1790/1790/2091 1793/1793/2091 1791/1791/2091
f 1793/1793/2092 1794/1794/2092 1791/1791/2092
f 1792/1792/2093 1795/1795/2093 1793/1793/2093
f 1795/1795/2094 1796/1796/2094 1793/1793/2094
f 1797/1797/2095 1796/1796/2095 1798/1798/2095
f 1796/1796/2096 1795/1795/2096 1798/1798/2096
f 1793/1793/2097 1796/1796/2097 1794/1794/2097
f 1796/1796/2098 1799/1799/2098 1794/1794/2098
f 1800/1800/2099 1799/1799/2099 1797/1797/2099
f 1799/1799/2100 1796/1796/2100 1797/1797/2100
o Plane3
v -26.482510 0.421623 -0.173493
v -26.818470 -0.776707 -0.878270
v -24.616560 -0.716086 -1.286270
v -23.800680 0.040011 -0.814185
v -28.777710 0.040011 1.434156
v -28.609831 -1.163848 1.844688
v -28.122749 1.095246 2.922901
v -25.829250 1.479876 1.311501
v -22.891090 0.641497 1.238237
v -27.191040 1.821154 4.985382
v -24.994110 2.377871 3.160206
v -21.959379 1.367406 3.300718
v -26.106091 2.014308 7.387068
v -24.138241 2.979218 5.054806
v -21.352180 2.411880 4.644836
v -25.254681 2.677650 9.271782
v -23.206169 3.630090 7.184093
v -20.549801 3.162594 6.421011
v -24.670870 2.989693 10.860230
v -22.643259 3.806872 8.721949
v -21.739571 3.796590 10.364590
v -23.914930 2.801379 12.237510
v -20.384550 3.086763 8.778719
v -18.937910 2.801379 9.989172
vn -0.1682 0.5343 -0.8284
vn -0.1028 0.6042 -0.7901
vn -0.7777 -0.2973 -0.5539
vn -0.5429 0.5336 -0.6485
vn -0.4147 0.8185 -0.3977
vn -0.4170 0.8168 -0.3986
vn -0.0207 0.8185 -0.5742
vn 0.2462 0.8952 -0.3715
vn -0.2946 0.9353 -0.1961
vn -0.4188 0.8767 -0.2367
vn 0.2250 0.8326 -0.5061
vn 0.3025 0.8480 -0.4351
vn -0.2267 0.9737 0.0241
vn -0.4908 0.8696 -0.0543
vn 0.3051 0.8593 -0.4106
vn 0.0648 0.7736 -0.6304
vn -0.5075 0.8586 -0.0729
vn -0.4721 0.8793 -0.0621
vn 0.1384 0.9286 -0.3444
vn 0.0441 0.9129 -0.4058
vn -0.4355 0.9000 -0.0167
vn -0.3537 0.9351 0.0220
vn -0.2893 0.9429 0.1650
vn -0.1579 0.9630 0.2183
vn 0.1267 0.9791 -0.1589
vn 0.3035 0.9528 0.0094
vn 0.3126 0.9376 -0.1526
vn 0.3035 0.9391 -0.1611
vt 0.000000 0.504187
vt 0.157508 0.504187
vt 0.000000 1.000000
vt 0.157508 1.000000
vt 0.000000 0.000000
vt 0.157508 0.000000
vt 0.295026 0.000000
vt 0.295026 0.504187
vt 0.295026 1.000000
vt 0.470176 0.000000
vt 0.470176 0.504187
vt 0.470176 1.000000
vt 0.626263 0.000000
vt 0.626263 0.504187
vt 0.626263 1.000000
vt 0.786316 0.000000
vt 0.786316 0.504187
vt 0.786316 1.000000
vt 0.900113 0.000000
vt 0.900113 0.504187
vt 1.000000 0.504187
vt 1.000000 0.000000
vt 0.900113 1.000000
vt 1.000000 1.000000
s 0
usemtl Material.002
f 1802/1801/2101 1801/1802/2101 1803/1803/2101
f 1801/1802/2102 1804/1804/2102 1803/1803/2102
f 1806/1805/2103 1805/1806/2103 1802/1801/2103
f 1805/1806/2104 1801/1802/2104 1802/1801/2104
f 1805/1806/2105 1807/1807/2105 1801/1802/2105
f 1807/1807/2106 1808/1808/2106 1801/1802/2106
f 1801/1802/2107 1808/1808/2107 1804/1804/2107
f 1808/1808/2108 1809/1809/2108 1804/1804/2108
f 1807/1807/2109 1810/1810/2109 1808/1808/2109
f 1810/1810/2110 1811/1811/2110 1808/1808/2110
f 1808/1808/2111 1811/1811/2111 1809/1809/2111
f 1811/1811/2112 1812/1812/2112 1809/1809/2112
f 1810/1810/2113 1813/1813/2113 1811/1811/2113
f 1813/1813/2114 1814/1814/2114 1811/1811/2114
f 1811/1811/2115 1814/1814/2115 1812/1812/2115
f 1814/1814/2116 1815/1815/2116 1812/1812/2116
f 1813/1813/2117 1816/1816/2117 1814/1814/2117
f 1816/1816/2118 1817/1817/2118 1814/1814/2118
f 1814/1814/2119 1817/1817/2119 1815/1815/2119
f 1817/1817/2120 1818/1818/2120 1815/1815/2120
f 1816/1816/2121 1819/1819/2121 1817/1817/2121
f 1819/1819/2122 1820/1820/2122 1817/1817/2122
f 1821/1821/2123 1820/1820/2123 1822/1822/2123
f 1820/1820/2124 1819/1819/2124 1822/1822/2124
f 1817/1817/2125 1820/1820/2125 1818/1818/2125
f 1820/1820/2126 1823/1823/2126 1818/1818/2126
f 1824/1824/2127 1823/1823/2127 1821/1821/2127
f 1823/1823/2128 1820/1820/2128 1821/1821/2128
