# Blender 4.2.1 LTS
# www.blender.org
mtllib Raccoon.mtl
o Raccoon
v 0.071722 0.002259 -0.091625
v 0.075465 0.002472 -0.092147
v 0.072280 0.005486 -0.091308
v 0.080826 0.005440 -0.088469
v 0.082239 0.002095 -0.090320
v 0.079597 0.001671 -0.087748
v -0.250743 0.055235 0.132583
v -0.251575 0.046673 0.145247
v -0.250148 0.048312 0.129757
v -0.242424 0.041776 0.139964
v -0.246214 0.057366 0.142152
v 0.081051 0.002396 -0.075791
v 0.083470 0.003126 -0.078655
v 0.080701 0.002603 -0.078192
v 0.073775 0.005337 -0.090210
v 0.082677 0.005473 -0.083021
v 0.084637 0.002560 -0.085114
v 0.082408 0.002237 -0.082636
v 0.080642 0.005578 -0.078353
v 0.080792 0.005308 -0.075760
v 0.079760 0.005279 -0.089787
v 0.072972 0.001996 -0.090221
v 0.082110 0.005742 -0.084661
v 0.078797 0.001642 -0.089340
v 0.080987 0.002056 -0.083907
v 0.200465 0.168448 -0.137551
v 0.199538 0.164821 -0.136608
v 0.203822 0.166339 -0.135345
v 0.195750 0.171450 -0.137895
v 0.200930 0.171937 -0.137274
v 0.194626 0.167634 -0.137972
v 0.204032 0.168558 -0.135445
v -0.067219 0.001374 0.005215
v -0.064301 0.002040 0.004519
v -0.067364 0.005159 0.004900
v -0.067179 0.004815 0.007772
v -0.066875 0.001111 0.007775
v -0.062516 0.003030 -0.004140
v -0.059555 0.003695 -0.004762
v -0.062607 0.006814 -0.004363
v -0.062237 0.002334 -0.010448
v -0.058259 0.002975 -0.011790
v -0.061010 0.007022 -0.011275
v -0.064557 0.001808 -0.016259
v -0.060804 0.002384 -0.017351
v -0.063505 0.006433 -0.016750
v -0.060704 0.002564 -0.009094
v -0.070877 0.002258 -0.017136
v -0.068145 0.002863 -0.019233
v -0.072220 0.002593 -0.018630
v -0.063705 0.001845 -0.014559
v -0.062421 0.006470 -0.001487
v -0.062139 0.002766 -0.001525
v -0.060413 0.006680 -0.009521
v -0.070005 0.006507 -0.017135
v -0.062361 0.006638 -0.015347
v -0.071617 0.006696 -0.018295
v 0.076557 0.001094 -0.067571
v 0.078981 0.001824 -0.070426
v 0.076213 0.001301 -0.069962
v 0.076154 0.004277 -0.070124
v 0.076303 0.004007 -0.067531
v 0.252340 0.138965 -0.145689
v 0.237116 0.141790 -0.145416
v 0.251741 0.132729 -0.145343
v 0.248462 0.142728 -0.143450
v 0.115211 0.002259 -0.016301
v 0.115214 0.005485 -0.016943
v 0.117534 0.002472 -0.019282
v 0.117029 0.005440 -0.025764
v 0.115790 0.001671 -0.025060
v 0.119338 0.002095 -0.026062
v -0.240191 0.055235 0.150859
v -0.237447 0.048312 0.151756
v 0.106162 0.002396 -0.032297
v 0.108066 0.002603 -0.030794
v 0.109852 0.003126 -0.032960
v 0.115012 0.005336 -0.018786
v 0.113237 0.005472 -0.030090
v 0.112769 0.002236 -0.030050
v 0.116029 0.002560 -0.030741
v 0.108177 0.005578 -0.030662
v 0.106005 0.005308 -0.032089
v 0.117638 0.005279 -0.024181
v 0.114619 0.001996 -0.018086
v 0.114373 0.005742 -0.028779
v 0.116769 0.001642 -0.023571
v 0.113159 0.002056 -0.028184
v 0.219355 0.168447 -0.104833
v 0.219123 0.166339 -0.108843
v 0.218075 0.164821 -0.104501
v 0.217295 0.171450 -0.100578
v 0.219348 0.171937 -0.105374
v 0.216800 0.167633 -0.099566
v 0.219315 0.168558 -0.108975
v -0.038126 0.001374 0.055606
v -0.037925 0.005159 0.055888
v -0.036064 0.002040 0.053426
v -0.040321 0.004815 0.054292
v -0.040171 0.001111 0.054027
v -0.027673 0.003030 0.056210
v -0.027525 0.006814 0.056400
v -0.025654 0.003695 0.053957
v -0.022071 0.002334 0.059122
v -0.020741 0.007022 0.058473
v -0.018919 0.002975 0.056348
v -0.018198 0.001808 0.064037
v -0.017246 0.006433 0.063371
v -0.015376 0.002384 0.061333
v -0.022476 0.002564 0.057118
v -0.020598 0.002258 0.069949
v -0.019976 0.002593 0.071858
v -0.017417 0.002863 0.068632
v -0.019244 0.001845 0.062449
v -0.029922 0.006470 0.054801
v -0.029749 0.002766 0.054576
v -0.021961 0.006680 0.057079
v -0.020163 0.006507 0.069193
v -0.017890 0.006638 0.061679
v -0.019964 0.006696 0.071169
v 0.096797 0.001094 -0.032515
v 0.098695 0.001301 -0.031022
v 0.100481 0.001824 -0.033187
v 0.098806 0.004277 -0.030889
v 0.096635 0.004007 -0.032316
v 0.244492 0.141790 -0.132642
v 0.080754 -0.000057 -0.073925
v 0.079294 -0.000057 -0.077778
v 0.069214 -0.000057 -0.072771
v 0.070396 -0.000057 -0.068632
v 0.058073 -0.000057 -0.073298
v 0.064663 -0.000057 -0.078106
v 0.081764 -0.000057 -0.080502
v 0.078980 -0.000057 -0.084855
v 0.044267 -0.000057 -0.065106
v 0.040721 -0.000057 -0.072668
v 0.053787 -0.000057 -0.082228
v 0.053021 -0.000057 -0.060306
v 0.067759 -0.000057 -0.064469
v 0.060608 -0.000057 -0.061681
v 0.075035 -0.000057 -0.069734
v 0.076107 -0.000057 -0.066260
v 0.061745 -0.000057 -0.081805
v 0.078529 -0.000057 -0.085843
v 0.075550 -0.000057 -0.089658
v 0.071778 -0.000057 -0.088801
v 0.068759 -0.000057 -0.092354
v 0.063654 0.010883 -0.083730
v 0.074216 0.006994 -0.089852
v 0.080323 0.005977 -0.073856
v 0.067012 0.012385 -0.066655
v 0.060511 0.039457 -0.071233
v 0.061532 0.038103 -0.058776
v 0.062492 0.059363 -0.053616
v 0.067588 0.061638 -0.075882
v 0.062596 0.017516 -0.063650
v 0.044645 0.020770 -0.052678
v 0.038566 0.039612 -0.047475
v 0.061054 0.017888 -0.071768
v 0.062651 0.014771 -0.073520
v 0.049514 0.040333 -0.078727
v 0.047869 0.066805 -0.086772
v 0.018370 0.067443 -0.067725
v 0.028412 0.041552 -0.064183
v 0.041465 0.010690 -0.063021
v 0.049356 0.010207 -0.057627
v -0.108370 0.253611 0.035831
v -0.133729 0.194994 0.038333
v -0.129859 0.209709 0.004065
v -0.119454 0.244151 0.004993
v 0.019023 0.136618 -0.080617
v 0.024623 0.179477 -0.077722
v 0.005365 0.193219 -0.061564
v 0.010588 0.133387 -0.051662
v -0.067373 0.260227 -0.031645
v -0.049380 0.279800 -0.003304
v -0.052437 0.094466 0.004347
v -0.052996 0.089765 -0.019723
v -0.080068 0.053211 -0.000605
v -0.080506 0.055584 0.014969
v -0.079098 0.099400 -0.027366
v -0.097634 0.058379 -0.004613
v -0.098476 0.105692 0.037731
v -0.103551 0.063943 0.031384
v -0.120759 0.068681 0.026442
v -0.126884 0.109140 0.031413
v -0.125595 0.108426 0.006449
v -0.119371 0.066387 0.010395
v -0.069197 0.213150 -0.043942
v -0.132132 0.028781 0.020205
v -0.112479 0.028781 0.008011
v -0.127533 0.186272 0.054463
v -0.138511 0.201908 0.063676
v -0.148745 0.182144 0.069013
v -0.131221 0.155687 0.055367
v -0.140914 0.214605 0.081357
v -0.154305 0.191215 0.089088
v 0.081726 0.088762 -0.081424
v 0.068117 0.083451 -0.053943
v 0.056724 0.096456 -0.093115
v 0.091971 0.121806 -0.085259
v 0.063749 0.131222 -0.101750
v 0.030545 0.062016 -0.037913
v 0.032536 0.086803 -0.037832
v 0.030614 0.039811 -0.053625
v 0.037891 0.021042 -0.058674
v 0.014476 0.288768 -0.008358
v -0.034170 0.283164 -0.015106
v 0.000695 0.281136 -0.033602
v -0.023598 0.290764 0.013625
v -0.042868 0.291081 0.024750
v -0.045158 0.208016 -0.043603
v -0.044842 0.257672 -0.036891
v -0.005462 0.105042 -0.016873
v -0.041955 0.110341 0.002666
v -0.034296 0.102333 0.019801
v 0.004156 0.091866 -0.002400
v 0.054054 0.017406 -0.078382
v 0.056261 0.011761 -0.081824
v 0.039029 0.010943 -0.069847
v 0.035819 0.022035 -0.065514
v 0.043704 0.265587 -0.056405
v 0.061637 0.271514 -0.035586
v -0.215844 0.087705 0.102905
v -0.212433 0.092219 0.122648
v -0.228880 0.072769 0.132144
v -0.234139 0.066755 0.114443
v -0.208522 0.037798 0.120390
v -0.226020 0.046422 0.103796
v -0.012973 0.250980 -0.052050
v -0.014530 0.141784 -0.040844
v -0.036869 0.143739 -0.025997
v 0.077255 0.007620 -0.090486
v -0.112918 0.189386 0.065193
v -0.120379 0.128710 0.069501
v -0.015456 0.202341 -0.052888
v 0.072899 0.102059 -0.051870
v 0.078815 0.098342 -0.045504
v 0.103530 0.104422 -0.059773
v 0.028383 0.107097 -0.031994
v 0.035566 0.094658 -0.020534
v -0.071043 0.156274 -0.042181
v -0.138352 0.156124 0.008718
v -0.100402 0.153580 0.044241
v 0.016022 0.098934 -0.051462
v 0.018778 0.065248 -0.047968
v 0.022000 0.099291 -0.074833
v 0.066686 0.199484 -0.093453
v 0.067828 0.166173 -0.100787
v 0.094505 0.163501 -0.097619
v 0.082505 0.212972 -0.090952
v 0.092823 0.253265 -0.053592
v 0.083480 0.246990 -0.072138
v 0.118292 0.228955 -0.090752
v 0.130133 0.238597 -0.075132
v -0.091295 0.145701 0.052709
v -0.137425 0.153868 0.039291
v -0.122990 0.201534 0.049995
v 0.067579 0.012200 -0.078271
v 0.069807 0.011621 -0.073044
v 0.083355 0.007532 -0.081380
v 0.081614 0.008448 -0.086109
v 0.080079 0.007715 -0.078867
v 0.068539 0.006235 -0.091594
v 0.080562 0.008527 -0.087078
v -0.101502 0.028769 0.013364
v -0.102469 0.028780 0.025846
v -0.130871 0.028780 0.031048
v -0.120445 0.028780 0.037479
v -0.198197 0.060215 0.086479
v -0.144013 0.087875 0.083146
v -0.160821 0.101277 0.066517
v -0.174683 0.084346 0.073185
v -0.156072 0.067040 0.090108
v -0.181106 0.133483 0.083736
v -0.196883 0.108655 0.092520
v -0.181904 0.138543 0.105022
v -0.195985 0.111668 0.113152
v 0.018950 0.235573 -0.065943
v -0.099263 0.261302 0.057310
v -0.119170 0.247538 0.068803
v -0.122189 0.238457 0.051600
v -0.105896 0.201933 0.061139
v -0.182297 0.052419 0.105249
v 0.226416 0.122157 -0.130722
v 0.212254 0.124778 -0.134671
v 0.211255 0.122309 -0.131669
v 0.217310 0.120730 -0.125464
v 0.191265 0.133724 -0.129533
v 0.198737 0.129845 -0.130949
v 0.201788 0.131278 -0.128699
v 0.195433 0.134460 -0.126750
v 0.192462 0.171272 -0.140089
v 0.192179 0.178228 -0.141601
v 0.159324 0.158623 -0.142449
v 0.191122 0.167223 -0.139541
v 0.201522 0.173513 -0.138910
v 0.201744 0.177691 -0.137720
v 0.230218 0.125547 -0.132917
v 0.218092 0.127408 -0.138392
v 0.216647 0.126041 -0.134437
v 0.228288 0.124217 -0.131803
v 0.199598 0.162982 -0.135174
v 0.195739 0.127601 -0.127682
v 0.201980 0.125379 -0.116614
v 0.178876 0.134564 -0.127079
v 0.188669 0.128987 -0.108929
v 0.197384 0.133446 -0.128242
v 0.195419 0.134768 -0.132079
v 0.202143 0.132807 -0.116708
v 0.211872 0.129219 -0.122325
v 0.212761 0.127531 -0.132102
v 0.221601 0.125930 -0.127942
v 0.201478 0.137749 -0.126270
v 0.214113 0.132039 -0.127771
v 0.217327 0.132274 -0.125474
v 0.207724 0.139424 -0.119930
v 0.213656 0.129857 -0.127648
v 0.216470 0.129270 -0.124980
v 0.236467 0.126416 -0.136525
v 0.229030 0.131537 -0.146366
v 0.237680 0.132047 -0.146039
v 0.243761 0.127360 -0.140736
v 0.224960 0.124786 -0.129881
v 0.227171 0.129218 -0.131158
v 0.216764 0.134590 -0.139529
v 0.223416 0.133834 -0.128990
v 0.221806 0.130844 -0.128060
v 0.217904 0.132061 -0.134030
v 0.215961 0.128627 -0.134325
v 0.225623 0.126517 -0.130264
v 0.205400 0.131811 -0.118588
v 0.200651 0.134347 -0.125656
v 0.196871 0.136725 -0.113664
v 0.191201 0.141534 -0.121342
v 0.204725 0.142082 -0.132546
v 0.191272 0.146344 -0.121776
v 0.198173 0.148259 -0.114415
v 0.212997 0.142262 -0.122974
v 0.155400 0.230809 -0.089720
v 0.143647 0.219820 -0.104338
v 0.169740 0.216434 -0.118670
v 0.184435 0.224255 -0.106484
v 0.208385 0.166477 -0.134801
v 0.213228 0.165672 -0.133646
v 0.211703 0.172367 -0.134386
v 0.206959 0.170306 -0.136261
v 0.187460 0.148768 -0.134634
v 0.224092 0.167402 -0.129380
v 0.218270 0.184302 -0.126019
v 0.185189 0.209791 -0.127354
v 0.201342 0.211970 -0.116245
v 0.202964 0.142871 -0.137153
v 0.164764 0.214745 -0.122685
v 0.146599 0.210108 -0.117182
v 0.174784 0.211786 -0.127530
v 0.174045 0.204844 -0.131123
v 0.177911 0.202013 -0.133925
v 0.149998 0.188739 -0.135719
v 0.151251 0.181803 -0.137728
v 0.145091 0.163220 -0.144443
v 0.182956 0.189949 -0.141816
v 0.130013 0.192101 -0.121345
v 0.143528 0.197781 -0.127092
v 0.163652 0.215697 -0.137062
v 0.151422 0.211462 -0.142167
v 0.154219 0.194830 -0.131638
v 0.169041 0.203789 -0.127532
v 0.147692 0.209908 -0.144803
v 0.145017 0.215143 -0.142123
v 0.170347 0.218534 -0.134757
v 0.162272 0.226798 -0.135746
v 0.169206 0.214967 -0.137230
v 0.149904 0.219618 -0.135957
v 0.156949 0.227072 -0.142203
v 0.158996 0.227844 -0.141690
v 0.164095 0.224543 -0.145779
v 0.160636 0.222723 -0.143536
v 0.158311 0.223119 -0.145802
v 0.157194 0.224339 -0.146867
v 0.162811 0.226931 -0.143346
v 0.156276 0.226013 -0.145437
v 0.224362 0.151115 -0.139155
v 0.235500 0.154729 -0.135967
v 0.231359 0.146619 -0.142728
v 0.242935 0.148474 -0.140259
v 0.033096 0.211627 -0.079177
v 0.075758 0.005331 -0.065760
v 0.067706 0.007993 -0.063770
v 0.060494 0.008649 -0.060954
v -0.115849 0.005446 0.033180
v -0.124560 0.004967 0.025769
v -0.126202 0.005089 0.016511
v -0.101393 0.016783 0.013185
v -0.099416 0.014901 0.026830
v -0.079592 -0.000349 -0.003258
v -0.082663 -0.000327 -0.007191
v -0.110258 0.001491 0.008080
v -0.102647 0.000233 0.013223
v -0.072187 -0.000353 -0.015591
v -0.075418 -0.000353 -0.019355
v -0.061396 -0.000353 -0.006740
v -0.064382 -0.000353 -0.011399
v -0.074683 -0.000344 0.002449
v -0.073324 -0.000353 0.007115
v -0.062405 -0.000353 0.000619
v -0.063978 -0.000353 -0.003555
v -0.064888 -0.000353 -0.012502
v -0.068081 -0.000353 -0.016563
v -0.068441 -0.000353 0.005580
v -0.075426 -0.000353 0.013226
v -0.067318 -0.000353 0.009294
v -0.099931 0.001705 0.023154
v -0.112151 0.016242 0.006092
v -0.099290 0.013549 -0.001382
v -0.067729 0.007807 0.004848
v -0.080716 0.013988 0.010498
v -0.067716 0.006500 0.009813
v -0.059690 0.009299 -0.007758
v -0.077709 0.013262 0.003480
v -0.063227 0.009532 -0.004931
v -0.062664 0.010565 -0.013852
v -0.080140 0.013886 -0.002306
v -0.084718 0.013073 -0.007947
v -0.066219 0.009411 -0.017471
v -0.075672 0.007650 -0.018546
v -0.069530 0.008615 -0.016755
v -0.061533 0.010465 -0.012824
v -0.062899 0.007321 0.000654
v -0.092685 0.014806 0.007728
v 0.201616 0.190424 -0.136814
v 0.135466 0.140530 -0.112778
v 0.124801 0.155630 -0.131385
v 0.112872 0.131517 -0.096915
v 0.124281 0.115516 -0.071754
v 0.153758 0.126599 -0.088773
v 0.169785 0.137699 -0.127257
v 0.180484 0.128196 -0.104203
v -0.165645 0.157814 0.075129
v -0.168104 0.164879 0.097055
v -0.144585 0.125036 0.058452
v -0.132196 0.108292 0.076323
v 0.110682 0.161162 -0.108798
v 0.108601 0.200718 -0.104894
v 0.075793 0.006359 -0.070218
v 0.104398 -0.000057 -0.032973
v 0.097628 -0.000057 -0.023556
v 0.107005 -0.000057 -0.029782
v 0.094634 -0.000057 -0.026649
v 0.092514 -0.000057 -0.013644
v 0.099973 -0.000057 -0.016948
v 0.110599 -0.000057 -0.030559
v 0.112976 -0.000057 -0.025971
v 0.078517 -0.000057 -0.005784
v 0.083292 -0.000057 0.001067
v 0.098105 -0.000057 -0.005468
v 0.078737 -0.000057 -0.015765
v 0.089711 -0.000057 -0.026447
v 0.083721 -0.000057 -0.021648
v 0.097909 -0.000057 -0.030116
v 0.095436 -0.000057 -0.032781
v 0.101718 -0.000057 -0.012571
v 0.113606 -0.000057 -0.025087
v 0.115421 -0.000057 -0.020600
v 0.112793 -0.000057 -0.017762
v 0.114360 -0.000057 -0.013371
v 0.114921 0.006994 -0.019347
v 0.104339 0.010883 -0.013262
v 0.104122 0.005977 -0.032635
v 0.091231 0.012385 -0.024707
v 0.091945 0.039457 -0.016788
v 0.099510 0.061638 -0.020593
v 0.077679 0.059363 -0.027312
v 0.081668 0.038103 -0.023901
v 0.086420 0.017516 -0.022385
v 0.060397 0.039612 -0.009663
v 0.067943 0.020770 -0.012325
v 0.092679 0.017888 -0.016991
v 0.094995 0.014771 -0.017498
v 0.092936 0.040333 -0.003518
v 0.069790 0.041552 0.007485
v 0.067836 0.067443 0.017953
v 0.099081 0.066805 0.001929
v 0.074584 0.010207 -0.013931
v 0.075311 0.010690 -0.004400
v -0.085215 0.253611 0.075935
v -0.064051 0.244151 0.100954
v -0.068449 0.209709 0.110429
v -0.100062 0.194994 0.096647
v 0.079328 0.136618 0.023834
v 0.050035 0.133387 0.016661
v 0.055999 0.193219 0.026135
v 0.079620 0.179477 0.017537
v -0.021829 0.279800 0.044416
v -0.006281 0.260227 0.074169
v -0.029983 0.094466 0.043238
v -0.053217 0.055584 0.062235
v -0.039510 0.053211 0.069643
v -0.009417 0.089765 0.055757
v -0.044822 0.058379 0.086860
v -0.015849 0.099400 0.082183
v -0.081914 0.105692 0.066417
v -0.078955 0.063943 0.073986
v -0.083279 0.068681 0.091360
v -0.090647 0.109140 0.094178
v -0.068383 0.108426 0.105544
v -0.068688 0.066387 0.098181
v 0.003456 0.213150 0.081898
v -0.063177 0.028780 0.093404
v -0.083564 0.028780 0.104327
v -0.110933 0.186272 0.083215
v -0.113560 0.155687 0.085957
v -0.134139 0.182144 0.094311
v -0.124400 0.201908 0.088116
v 0.111378 0.088762 -0.030066
v 0.080774 0.083451 -0.032021
v 0.109002 0.096456 -0.002567
v 0.119992 0.131222 -0.004334
v 0.119822 0.121805 -0.037020
v 0.049032 0.086803 -0.009262
v 0.048106 0.062016 -0.007497
v 0.061747 0.039811 0.000299
v 0.069758 0.021042 -0.003478
v 0.029448 0.281136 0.016199
v -0.004003 0.283164 0.037145
v 0.015183 0.208016 0.060909
v 0.009528 0.257672 0.057280
v 0.011881 0.105042 0.013167
v -0.023286 0.110341 0.035001
v 0.094908 0.017405 -0.007622
v 0.098992 0.011761 -0.007811
v 0.080003 0.010943 0.001122
v 0.074646 0.022035 0.001737
v 0.070701 0.265587 -0.009647
v -0.197040 0.087705 0.135474
v -0.216179 0.066755 0.145549
v -0.202900 0.046422 0.143841
v 0.038590 0.250980 0.037260
v 0.004079 0.143739 0.044928
v 0.028106 0.141784 0.033005
v 0.116991 0.007620 -0.021662
v 0.038074 0.202341 0.039829
v 0.081370 0.102059 -0.037197
v 0.041899 0.107097 -0.008583
v -0.076725 0.156124 0.115457
v 0.001008 0.156274 0.082616
v -0.088514 0.153580 0.064830
v 0.052578 0.098934 0.011855
v 0.075807 0.099291 0.018363
v 0.050931 0.065248 0.007722
v 0.114276 0.199484 -0.011026
v 0.120019 0.212972 -0.025975
v 0.131793 0.163501 -0.033035
v 0.121198 0.166173 -0.008348
v 0.104213 0.246990 -0.036227
v 0.137739 0.228955 -0.057069
v -0.102740 0.153868 0.099368
v -0.104792 0.201534 0.081515
v 0.101574 0.012200 -0.019390
v 0.098161 0.011621 -0.023933
v 0.112154 0.007532 -0.031498
v 0.115380 0.008448 -0.027625
v 0.108340 0.007715 -0.029917
v 0.113592 0.006235 -0.013560
v 0.115693 0.008527 -0.026230
v -0.073618 0.028780 0.075818
v -0.062325 0.028768 0.081221
v -0.092324 0.028780 0.097814
v -0.092680 0.028780 0.085568
v -0.173991 0.060215 0.128405
v -0.150721 0.084346 0.114687
v -0.138016 0.101277 0.106017
v -0.178566 0.108655 0.124246
v -0.163071 0.133483 0.114975
v 0.066583 0.235573 0.016560
v -0.105781 0.238457 0.080019
v 0.219655 0.122309 -0.117118
v 0.222755 0.124778 -0.116482
v 0.207811 0.133724 -0.100875
v 0.207485 0.134460 -0.105875
v 0.212350 0.131278 -0.110405
v 0.212773 0.129845 -0.106638
v 0.217551 0.171272 -0.096633
v 0.216406 0.167223 -0.095747
v 0.203026 0.158623 -0.066754
v 0.218719 0.178228 -0.095633
v 0.221060 0.173513 -0.105069
v 0.220141 0.177691 -0.105856
v 0.224749 0.126041 -0.120404
v 0.228897 0.127408 -0.119678
v 0.216863 0.162981 -0.105271
v 0.208445 0.127601 -0.105675
v 0.199492 0.134564 -0.091373
v 0.212093 0.134768 -0.103200
v 0.209753 0.133446 -0.106819
v 0.220784 0.127531 -0.118206
v 0.210092 0.137749 -0.111351
v 0.217709 0.132039 -0.121543
v 0.217374 0.129857 -0.121208
v 0.241271 0.131537 -0.125164
v 0.245313 0.132047 -0.132818
v 0.229218 0.134590 -0.117959
v 0.225025 0.132061 -0.121696
v 0.224309 0.128627 -0.119866
v 0.209146 0.134347 -0.110941
v 0.200686 0.141534 -0.104915
v 0.217150 0.142082 -0.111025
v 0.201096 0.146344 -0.104759
v 0.187641 0.216434 -0.087665
v 0.166676 0.218140 -0.075021
v 0.220934 0.166477 -0.113067
v 0.221484 0.170306 -0.111102
v 0.222233 0.172367 -0.116148
v 0.222354 0.165672 -0.117838
v 0.210326 0.148768 -0.095029
v 0.202886 0.209791 -0.096702
v 0.220260 0.142871 -0.107196
v 0.188631 0.214745 -0.081348
v 0.174782 0.210108 -0.068368
v 0.197836 0.211786 -0.087603
v 0.200578 0.204843 -0.085166
v 0.204937 0.202013 -0.087113
v 0.192535 0.188739 -0.062043
v 0.194901 0.181803 -0.062124
v 0.214294 0.189949 -0.087537
v 0.197637 0.163219 -0.053432
v 0.181829 0.197780 -0.060753
v 0.170095 0.192101 -0.051922
v 0.200525 0.215697 -0.073196
v 0.194966 0.203789 -0.082628
v 0.191111 0.194830 -0.067740
v 0.198831 0.211462 -0.060052
v 0.199249 0.209908 -0.055504
v 0.195590 0.215143 -0.054528
v 0.201876 0.218534 -0.080147
v 0.198695 0.226798 -0.072659
v 0.203447 0.214967 -0.077922
v 0.192694 0.219618 -0.061843
v 0.202204 0.227844 -0.066850
v 0.201625 0.227072 -0.064821
v 0.204624 0.222723 -0.067347
v 0.208295 0.224543 -0.069221
v 0.205424 0.223119 -0.064201
v 0.205788 0.224339 -0.062701
v 0.205547 0.226931 -0.069326
v 0.204090 0.226013 -0.062621
v 0.232692 0.151115 -0.124726
v 0.239285 0.146619 -0.128999
v 0.085117 0.211627 0.010926
v 0.094828 0.005331 -0.032729
v 0.089079 0.007993 -0.026751
v 0.083035 0.008649 -0.021912
v -0.086659 0.005446 0.083737
v -0.084596 0.004966 0.094988
v -0.077400 0.005089 0.101038
v -0.062115 0.016783 0.081216
v -0.072943 0.014901 0.072682
v -0.036974 -0.000349 0.070557
v -0.062775 0.000233 0.082283
v -0.062127 0.001491 0.091446
v -0.035104 -0.000327 0.075183
v -0.022591 -0.000353 0.070310
v -0.020947 -0.000353 0.074991
v -0.024861 -0.000353 0.056541
v -0.022320 -0.000353 0.061456
v -0.039462 -0.000344 0.063452
v -0.042824 -0.000353 0.059943
v -0.031738 -0.000353 0.053734
v -0.028910 -0.000353 0.057184
v -0.021617 -0.000353 0.062445
v -0.019697 -0.000353 0.067241
v -0.039053 -0.000353 0.056481
v -0.049167 -0.000353 0.058708
v -0.041708 -0.000353 0.053652
v -0.070018 0.001705 0.074966
v -0.061351 0.016242 0.094079
v -0.048448 0.013549 0.086679
v -0.049450 0.013988 0.064653
v -0.038063 0.007807 0.056231
v -0.042356 0.006500 0.053737
v -0.023126 0.009299 0.055572
v -0.041868 0.013262 0.065558
v -0.027344 0.009532 0.057221
v -0.019336 0.010564 0.061194
v -0.017979 0.009411 0.066083
v -0.035477 0.013073 0.077341
v -0.038073 0.013886 0.070556
v -0.021775 0.007650 0.074807
v -0.020255 0.008615 0.068592
v -0.019661 0.010465 0.059700
v -0.032016 0.007321 0.054144
v -0.053035 0.014806 0.076403
v 0.219292 0.190424 -0.106198
v 0.165402 0.140530 -0.060928
v 0.176183 0.155630 -0.042389
v 0.140367 0.131517 -0.049292
v 0.195100 0.137699 -0.083410
v -0.147886 0.157814 0.105889
v -0.122914 0.125036 0.095989
v 0.145141 0.200718 -0.041605
v 0.149562 0.161162 -0.041456
v 0.098707 0.006359 -0.030530
vn -0.1437 0.1216 -0.9821
vn 0.7022 -0.0940 0.7058
vn -0.9943 -0.0461 -0.0965
vn -0.5278 -0.8382 -0.1373
vn -0.8234 0.4938 0.2797
vn 0.1669 -0.9799 -0.1088
vn 0.4826 0.6678 -0.5667
vn 0.7421 0.0180 0.6700
vn 0.6571 0.7527 0.0403
vn 0.6061 0.5655 -0.5593
vn 0.6223 -0.1518 0.7679
vn 0.7617 0.6278 -0.1606
vn 0.7550 0.0601 0.6529
vn 0.1187 -0.9921 -0.0417
vn 0.0268 -0.9780 -0.2071
vn 0.1340 -0.9909 -0.0087
vn -0.2677 -0.0475 -0.9623
vn -0.2994 -0.1029 -0.9486
vn -0.1544 -0.0567 -0.9864
vn 0.3708 -0.3213 -0.8714
vn 0.1128 0.0638 -0.9916
vn 0.0719 -0.0011 -0.9974
vn 0.5085 -0.0867 -0.8567
vn 0.1072 -0.2757 -0.9552
vn 0.5085 0.0006 -0.8611
vn -0.2117 -0.0890 -0.9733
vn 0.7739 0.0642 0.6300
vn 0.7153 0.6978 0.0375
vn 0.1918 -0.9733 -0.1259
vn -0.1920 -0.0623 -0.9794
vn -0.3058 -0.0873 -0.9481
vn -0.2735 -0.0399 -0.9610
vn 0.1562 -0.9877 -0.0089
vn 0.0284 -0.9696 -0.2430
vn 0.1380 -0.9893 -0.0478
vn 0.7731 0.0523 0.6321
vn 0.8060 0.5689 -0.1637
vn 0.6215 -0.1279 0.7729
vn 0.6301 0.5074 -0.5878
vn 0.7167 0.6965 0.0368
vn 0.7392 0.0175 0.6733
vn 0.5091 0.6097 -0.6075
vn 0.1923 -0.9733 -0.1257
vn 0.6988 -0.0791 0.7110
vn -0.1523 0.1025 -0.9830
vn 0.6571 0.7527 0.0404
vn 0.7539 0.0566 0.6546
vn -0.0277 -0.0527 -0.9982
vn 0.0927 0.5779 -0.8108
vn 0.7787 0.1216 0.6155
vn -0.2601 -0.0940 -0.9610
vn -0.4136 -0.0461 0.9093
vn -0.1450 -0.8382 0.5258
vn -0.6540 0.4938 0.5732
vn 0.1777 -0.9799 -0.0902
vn 0.7321 0.6678 -0.1346
vn -0.2092 0.0180 -0.9777
vn 0.2936 0.7527 -0.5893
vn 0.7874 0.5655 -0.2452
vn -0.3538 -0.1518 -0.9229
vn 0.5199 0.6278 -0.5793
vn -0.1879 0.0601 -0.9803
vn 0.0954 -0.9921 -0.0819
vn 0.1927 -0.9780 0.0804
vn 0.0746 -0.9909 -0.1117
vn 0.6995 -0.0475 0.7130
vn 0.6718 -0.1029 0.7336
vn 0.7770 -0.0567 0.6269
vn 0.9400 -0.3214 0.1146
vn 0.9151 0.0637 0.3981
vn 0.8998 -0.0011 0.4364
vn 0.9962 -0.0867 -0.0121
vn 0.8808 -0.2758 0.3848
vn 1.0000 0.0006 -0.0098
vn 0.7370 -0.0891 0.6699
vn -0.1586 0.0642 -0.9852
vn 0.3252 0.6978 -0.6382
vn 0.2050 -0.9733 -0.1032
vn 0.7522 -0.0623 0.6560
vn 0.6681 -0.0873 0.7389
vn 0.6955 -0.0399 0.7174
vn 0.0859 -0.9877 -0.1308
vn 0.2247 -0.9696 0.0969
vn 0.1103 -0.9893 -0.0956
vn -0.1609 0.0523 -0.9856
vn 0.5448 0.5689 -0.6161
vn -0.3586 -0.1279 -0.9247
vn 0.8241 0.5074 -0.2518
vn 0.3265 0.6965 -0.6390
vn -0.2135 0.0175 -0.9768
vn 0.7807 0.6097 -0.1371
vn 0.2049 -0.9733 -0.1037
vn -0.2663 -0.0791 -0.9606
vn 0.7751 0.1025 0.6234
vn 0.1777 -0.9799 -0.0901
vn -0.1899 0.0566 -0.9802
vn 0.7771 -0.0567 0.6269
vn 0.8506 -0.0527 0.5231
vn 0.7486 0.5779 0.3251
vn -0.0000 -1.0000 -0.0000
vn 0.5714 0.0445 0.8195
vn 0.4902 -0.0396 0.8707
vn 0.5170 0.0600 0.8539
vn 0.5703 -0.0752 0.8180
vn 0.4848 0.0246 0.8743
vn 0.4550 -0.0177 0.8903
vn 0.4549 0.0223 0.8903
vn 0.4713 -0.0119 0.8819
vn 0.9396 -0.3233 -0.1121
vn 0.9724 -0.0956 0.2128
vn 0.9961 -0.0245 -0.0843
vn 0.9462 -0.2621 0.1898
vn 0.4898 -0.1768 0.8537
vn 0.4333 -0.1073 0.8948
vn 0.5107 -0.0719 0.8568
vn 0.4237 -0.1879 0.8861
vn 0.8480 0.5119 -0.1376
vn 0.6856 0.7024 -0.1915
vn 0.7726 0.5620 -0.2955
vn 0.7221 0.6836 -0.1058
vn -0.5566 -0.2730 -0.7847
vn -0.5203 -0.3106 -0.7955
vn -0.5254 -0.2771 -0.8045
vn -0.5503 -0.3190 -0.7717
vn -0.4463 -0.3718 0.8140
vn -0.5515 -0.2951 0.7802
vn -0.4611 -0.2833 0.8409
vn -0.5364 -0.3873 0.7499
vn -0.8960 0.3962 0.2005
vn -0.9573 0.2888 0.0159
vn -0.9146 0.3986 0.0679
vn -0.9288 0.2738 0.2498
vn -0.9545 0.1424 -0.2622
vn -0.7033 -0.1754 -0.6890
vn -0.5811 0.1302 -0.8033
vn -0.9478 -0.1308 -0.2907
vn -0.4607 0.8813 -0.1048
vn -0.4611 0.8396 -0.2871
vn -0.3822 0.9130 -0.1427
vn -0.5208 0.8204 -0.2360
vn 0.8191 -0.5663 0.0916
vn 0.8251 -0.5547 0.1077
vn 0.8224 -0.5617 0.0906
vn 0.8199 -0.5622 0.1087
vn 0.0676 -0.5012 -0.8627
vn 0.0495 -0.5015 -0.8638
vn 0.0649 -0.5063 -0.8599
vn 0.0529 -0.4933 -0.8682
vn 0.5454 -0.1904 0.8162
vn 0.5340 -0.1586 0.8305
vn 0.5500 -0.1739 0.8169
vn 0.5230 -0.1899 0.8309
vn -0.3134 -0.1624 0.9356
vn -0.2293 -0.1190 0.9661
vn -0.2322 -0.1532 0.9605
vn -0.3016 -0.1074 0.9474
vn -0.9875 -0.1506 -0.0467
vn -0.9878 -0.1415 -0.0652
vn -0.9885 -0.1439 -0.0469
vn -0.9863 -0.1520 -0.0636
vn -0.6144 0.2061 -0.7616
vn -0.6060 0.2229 -0.7636
vn -0.6128 0.2219 -0.7584
vn -0.6046 0.2034 -0.7702
vn -0.5809 -0.0550 -0.8121
vn -0.5268 -0.0427 -0.8489
vn -0.5729 -0.0194 -0.8194
vn -0.5248 -0.0975 -0.8457
vn -0.6003 0.0488 -0.7983
vn -0.5532 0.0621 -0.8308
vn -0.5741 0.0772 -0.8151
vn -0.5710 0.0446 -0.8198
vn -0.8628 0.3477 -0.3670
vn -0.8475 0.3546 -0.3949
vn -0.8521 0.3633 -0.3767
vn -0.8565 0.3382 -0.3900
vn 0.8575 -0.3750 0.3521
vn 0.9555 -0.2205 0.1962
vn 0.8884 -0.4305 0.1594
vn 0.8925 -0.2030 0.4028
vn 0.3308 -0.2899 -0.8981
vn 0.4308 -0.2347 -0.8714
vn 0.3581 -0.2164 -0.9082
vn 0.4061 -0.2967 -0.8643
vn 0.4047 -0.0821 0.9108
vn 0.4383 -0.0381 0.8980
vn 0.4334 -0.0891 0.8968
vn 0.4094 -0.0358 0.9117
vn 0.5383 -0.2143 -0.8151
vn 0.3968 -0.3079 -0.8647
vn 0.5135 -0.3299 -0.7922
vn 0.4204 -0.2398 -0.8751
vn -0.5640 -0.4113 0.7160
vn -0.6205 -0.3883 0.6813
vn -0.5707 -0.3845 0.7255
vn -0.6125 -0.4180 0.6710
vn -0.0897 0.9659 -0.2430
vn -0.0765 0.9652 -0.2500
vn -0.0667 0.9704 -0.2322
vn -0.0803 0.9705 -0.2272
vn -0.1763 0.9268 -0.3317
vn -0.3120 0.9406 -0.1340
vn -0.3974 0.8796 -0.2614
vn 0.0425 0.1336 -0.9901
vn -0.1918 0.2550 -0.9477
vn -0.2106 0.1323 -0.9686
vn 0.0669 0.2497 -0.9660
vn -0.3715 -0.7961 -0.4778
vn -0.3836 -0.8905 -0.2447
vn -0.2904 -0.9101 -0.2956
vn -0.4544 -0.7880 -0.4154
vn 0.5369 0.5822 -0.6106
vn 0.5098 0.6050 -0.6116
vn 0.5280 0.5830 -0.6176
vn 0.5243 0.6053 -0.5989
vn -0.8787 -0.3715 0.2999
vn -0.8917 -0.4000 0.2120
vn -0.9078 -0.3550 0.2234
vn -0.8598 -0.4193 0.2914
vn -0.4973 -0.5399 0.6791
vn -0.5941 -0.4771 0.6476
vn -0.5158 -0.4770 0.7117
vn -0.5696 -0.5431 0.6170
vn 0.1440 0.9227 -0.3576
vn 0.1240 0.9211 -0.3690
vn 0.1326 0.9173 -0.3754
vn 0.1347 0.9257 -0.3534
vn -0.7580 0.6520 -0.0181
vn -0.7620 0.6475 0.0064
vn -0.7669 0.6416 -0.0142
vn -0.7532 0.6578 0.0002
vn -0.2443 -0.9416 -0.2318
vn -0.3736 -0.8834 -0.2829
vn -0.2808 -0.9403 -0.1925
vn -0.3017 -0.8901 -0.3417
vn -0.2453 0.5844 -0.7735
vn -0.3078 0.6893 -0.6558
vn -0.3478 0.5989 -0.7213
vn -0.1919 0.6828 -0.7049
vn -0.4522 -0.5630 -0.6918
vn -0.5048 -0.5166 -0.6915
vn -0.4928 -0.5575 -0.6681
vn -0.4573 -0.5381 -0.7081
vn -0.4582 -0.0759 -0.8856
vn -0.4944 0.0160 -0.8691
vn -0.4934 -0.0665 -0.8673
vn -0.4445 0.0021 -0.8958
vn 0.6046 -0.1301 -0.7858
vn 0.6836 -0.1038 -0.7225
vn 0.6023 -0.0960 -0.7925
vn 0.6475 -0.1329 -0.7504
vn -0.2927 0.0314 -0.9557
vn -0.4046 0.1250 -0.9059
vn -0.4229 0.0372 -0.9054
vn -0.2730 0.1306 -0.9531
vn -0.0743 -0.8392 -0.5387
vn -0.0524 -0.8828 -0.4669
vn 0.0043 -0.8618 -0.5072
vn -0.0987 -0.8424 -0.5298
vn -0.2428 -0.9189 -0.3110
vn -0.2918 -0.7338 -0.6136
vn -0.3437 -0.7359 -0.5833
vn -0.1489 -0.9079 -0.3918
vn -0.4650 -0.7102 -0.5286
vn -0.3054 -0.5720 -0.7613
vn -0.4785 -0.5596 -0.6767
vn -0.2619 -0.6855 -0.6793
vn -0.5991 -0.1213 -0.7914
vn -0.5986 -0.1222 -0.7917
vn -0.5985 -0.1215 -0.7918
vn -0.5992 -0.1226 -0.7912
vn 0.5706 -0.0880 0.8165
vn 0.4581 -0.2110 0.8635
vn 0.5304 -0.0932 0.8426
vn 0.5244 -0.2604 0.8107
vn 0.2162 -0.1762 -0.9603
vn 0.3245 -0.2812 -0.9031
vn 0.3538 -0.2116 -0.9111
vn 0.1768 -0.2715 -0.9461
vn -0.6213 0.0305 -0.7830
vn -0.6031 -0.0051 -0.7976
vn -0.6030 0.0263 -0.7973
vn -0.6204 -0.0041 -0.7843
vn 0.8356 -0.5425 0.0865
vn 0.9355 -0.3010 -0.1847
vn 0.7086 -0.5186 -0.4785
vn 0.9587 -0.2826 0.0329
vn -0.4297 0.8472 -0.3123
vn -0.0956 0.6696 -0.7366
vn -0.0344 0.8324 -0.5531
vn -0.5441 0.6650 -0.5116
vn -0.9631 -0.1045 -0.2480
vn -0.9921 0.1206 0.0339
vn -0.9967 -0.0803 0.0117
vn -0.9675 0.0552 -0.2467
vn -0.4702 -0.1408 -0.8712
vn -0.5426 -0.0176 -0.8398
vn -0.5401 -0.1242 -0.8324
vn -0.4685 -0.0488 -0.8821
vn -0.4377 -0.1717 -0.8826
vn -0.4702 -0.1221 -0.8741
vn -0.4365 -0.1328 -0.8899
vn 0.3570 -0.2037 -0.9116
vn 0.0075 -0.0312 -0.9995
vn -0.0439 -0.2692 -0.9621
vn 0.4151 -0.0416 -0.9088
vn -0.0281 0.2140 -0.9764
vn 0.1325 0.1639 -0.9775
vn 0.1365 0.2175 -0.9665
vn 0.0354 0.1419 -0.9892
vn 0.2617 0.8665 -0.4250
vn 0.2293 0.8661 -0.4441
vn 0.2413 0.8586 -0.4523
vn 0.2435 0.8749 -0.4187
vn 0.1401 0.9143 -0.3800
vn 0.1080 0.8073 -0.5802
vn 0.2434 0.8749 -0.4187
vn 0.0216 0.8434 -0.5369
vn -0.6318 -0.7712 -0.0780
vn -0.6208 -0.7817 -0.0597
vn -0.6291 -0.7732 -0.0802
vn -0.6242 -0.7794 -0.0540
vn -0.1322 0.0349 0.9906
vn -0.5770 -0.3598 0.7332
vn -0.7558 0.0831 0.6495
vn -0.1317 -0.1790 0.9750
vn -0.9863 0.1599 0.0417
vn -0.9934 0.0876 -0.0746
vn -0.9872 0.1525 -0.0460
vn -0.9952 0.0903 0.0368
vn -0.9657 -0.2562 -0.0425
vn -0.9728 -0.2314 0.0124
vn -0.9659 -0.2588 0.0102
vn -0.9741 -0.2218 -0.0439
vn -0.2104 -0.7885 -0.5780
vn -0.2897 -0.7336 -0.6147
vn -0.2503 -0.7929 -0.5555
vn -0.2417 -0.7293 -0.6401
vn -0.1313 -0.2019 0.9706
vn -0.2311 -0.1402 0.9628
vn -0.1323 -0.1387 0.9815
vn -0.2373 -0.2225 0.9456
vn 0.3984 0.9149 0.0649
vn 0.4058 0.9111 -0.0720
vn 0.4692 0.8831 0.0088
vn 0.2577 0.9662 -0.0028
vn 0.3241 0.9439 0.0636
vn 0.2570 0.9664 -0.0025
vn 0.2966 0.9520 0.0753
vn 0.0199 0.9350 -0.3541
vn 0.1583 0.9278 -0.3378
vn 0.0460 0.9630 -0.2655
vn 0.0902 0.9121 -0.4000
vn -0.0356 -0.1351 -0.9902
vn 0.6060 -0.0312 -0.7949
vn -0.1808 -0.0570 -0.9819
vn 0.2614 -0.1598 -0.9519
vn 0.9633 0.2648 0.0449
vn 0.8316 0.5553 0.0097
vn 0.9683 0.2481 -0.0301
vn 0.9174 0.3878 0.0898
vn 0.9740 0.0671 0.2163
vn 0.9617 0.0826 0.2615
vn 0.9740 0.0843 0.2103
vn 0.9682 0.0664 0.2412
vn 0.8733 -0.3574 -0.3309
vn 0.8606 -0.4813 -0.1668
vn 0.9581 -0.2376 -0.1600
vn 0.8194 -0.4818 -0.3105
vn 0.1741 0.5589 -0.8108
vn 0.5928 0.0165 -0.8052
vn 0.2053 0.9674 -0.1482
vn 0.2745 0.1329 -0.9523
vn 0.9343 -0.2925 0.2037
vn 0.8771 -0.2120 0.4309
vn 0.9658 -0.2316 -0.1167
vn 0.8881 -0.2494 0.3861
vn 0.5690 -0.6653 -0.4835
vn 0.5746 -0.5422 -0.6131
vn 0.4874 -0.6704 -0.5595
vn 0.6035 -0.6106 -0.5128
vn 0.1447 0.1235 -0.9817
vn 0.0924 0.0818 -0.9924
vn 0.1912 0.0634 -0.9795
vn 0.1002 0.1227 -0.9874
vn 0.8706 -0.1382 0.4722
vn 0.9234 -0.2445 0.2958
vn 0.8296 -0.1687 0.5323
vn 0.9165 -0.1646 0.3645
vn 0.5133 -0.7589 -0.4007
vn 0.4693 -0.8550 -0.2206
vn 0.6258 -0.7193 -0.3017
vn 0.4603 -0.8118 -0.3593
vn 0.1705 -0.1430 -0.9749
vn 0.1287 -0.1546 -0.9795
vn 0.1828 -0.1677 -0.9687
vn 0.1446 -0.1378 -0.9799
vn 0.5898 0.4263 -0.6858
vn 0.7110 0.3384 -0.6164
vn 0.6375 0.5095 -0.5779
vn 0.6171 0.3664 -0.6964
vn 0.9678 -0.2174 -0.1265
vn 0.9703 -0.0527 0.2360
vn 0.9600 -0.1106 -0.2573
vn 0.9771 -0.1949 0.0852
vn 0.6779 -0.5937 -0.4336
vn 0.6549 -0.3138 -0.6875
vn 0.5533 -0.6453 -0.5267
vn 0.7355 -0.4877 -0.4704
vn 0.6492 -0.3039 -0.6973
vn 0.5311 -0.3221 -0.7837
vn 0.6692 -0.3391 -0.6612
vn 0.5909 -0.2938 -0.7513
vn 0.9374 -0.0143 -0.3478
vn 0.9418 -0.0440 -0.3333
vn 0.9449 -0.0021 -0.3274
vn 0.9362 -0.0287 -0.3502
vn -0.9311 -0.3641 -0.0212
vn -0.8909 -0.4397 0.1133
vn -0.9086 -0.4167 -0.0275
vn -0.9297 -0.3418 0.1376
vn -0.9235 -0.3596 0.1334
vn -0.9130 -0.3880 0.1265
vn 0.6771 0.1232 -0.7255
vn 0.5647 0.0347 -0.8246
vn 0.6851 0.0353 -0.7276
vn 0.5657 0.0997 -0.8185
vn 0.4143 -0.2278 0.8812
vn 0.4171 -0.2321 0.8787
vn 0.4134 -0.2324 0.8804
vn 0.4181 -0.2258 0.8799
vn -0.6501 -0.4402 0.6193
vn -0.5421 -0.4865 0.6852
vn -0.6416 -0.4838 0.5953
vn -0.5618 -0.4199 0.7128
vn -0.5934 -0.1294 -0.7944
vn -0.5664 -0.1598 -0.8085
vn -0.5679 -0.1247 -0.8136
vn -0.5968 -0.1731 -0.7835
vn 0.9823 0.0293 -0.1852
vn 0.9949 0.0689 -0.0740
vn 0.9789 0.0936 -0.1817
vn 0.9965 0.0270 -0.0787
vn 0.7906 -0.6016 0.1139
vn 0.7673 -0.6385 0.0600
vn 0.7787 -0.6166 0.1159
vn 0.7841 -0.6176 0.0613
vn -0.9491 0.2898 -0.1235
vn -0.9601 0.2562 0.1116
vn -0.9659 0.2313 -0.1166
vn -0.9324 0.3447 0.1084
vn -0.2289 0.1687 0.9587
vn -0.4875 0.3711 0.7903
vn -0.1998 0.2598 0.9448
vn -0.5115 0.2253 0.8292
vn 0.0406 -0.5224 -0.8517
vn 0.3749 -0.5164 -0.7699
vn 0.0807 -0.4250 -0.9016
vn 0.3256 -0.6680 -0.6692
vn 0.5470 -0.1192 0.8286
vn 0.5404 -0.1039 0.8350
vn 0.5487 -0.1136 0.8282
vn 0.5397 -0.1147 0.8340
vn -0.7285 0.0662 -0.6819
vn -0.7795 0.1780 -0.6005
vn -0.7510 0.0451 -0.6588
vn -0.7077 0.2139 -0.6733
vn -0.5675 0.1223 -0.8143
vn -0.6386 0.1411 -0.7565
vn -0.6016 0.0882 -0.7939
vn -0.5830 0.1818 -0.7919
vn 0.3874 -0.4860 -0.7834
vn 0.2508 -0.5254 -0.8130
vn 0.3136 -0.5590 -0.7676
vn 0.3216 -0.4623 -0.8264
vn -0.5364 0.1096 -0.8368
vn -0.5932 0.0941 -0.7995
vn -0.5730 0.0754 -0.8161
vn -0.5607 0.1374 -0.8166
vn -0.8576 0.4922 -0.1491
vn -0.8889 0.4573 -0.0281
vn -0.8939 0.4275 -0.1351
vn -0.8497 0.5258 -0.0398
vn -0.0953 0.5505 -0.8294
vn -0.2665 0.4846 -0.8332
vn -0.1785 0.4287 -0.8856
vn -0.2095 0.5776 -0.7890
vn -0.5846 0.8102 -0.0423
vn -0.8063 0.5697 -0.1592
vn -0.6470 0.7153 -0.2640
vn -0.7112 0.7011 0.0505
vn -0.5061 0.8575 -0.0925
vn -0.5121 0.8315 -0.2155
vn -0.4664 0.8769 -0.1162
vn -0.5455 0.8138 -0.2006
vn -0.8450 0.3482 -0.4059
vn -0.7317 -0.0138 0.6815
vn -0.7720 0.0443 -0.6340
vn -0.7782 0.3587 0.5155
vn -0.5235 -0.2577 0.8122
vn -0.7857 -0.4241 0.4503
vn -0.7734 -0.2856 0.5659
vn -0.5091 -0.3349 0.7929
vn 0.1802 -0.8449 -0.5036
vn 0.0877 -0.8431 -0.5306
vn 0.1350 -0.8693 -0.4754
vn 0.1307 -0.8166 -0.5622
vn -0.0684 -0.9266 -0.3698
vn 0.3381 -0.7790 -0.5282
vn 0.0315 -0.7771 -0.6286
vn 0.0061 -0.9677 -0.2521
vn 0.2729 0.7469 -0.6063
vn 0.1561 0.7235 -0.6725
vn 0.2119 0.6684 -0.7130
vn 0.2298 0.7991 -0.5556
vn 0.2110 -0.1994 -0.9569
vn 0.1416 -0.1953 -0.9705
vn 0.1469 -0.2044 -0.9678
vn 0.1371 -0.1774 -0.9745
vn 0.0582 0.2705 -0.9610
vn 0.3606 -0.1841 -0.9144
vn 0.3767 0.2351 -0.8960
vn 0.1650 -0.7630 -0.6249
vn -0.0677 -0.9351 -0.3480
vn 0.0021 -0.9454 -0.3260
vn 0.0561 -0.6877 -0.7238
vn 0.4163 -0.0985 -0.9039
vn -0.1342 -0.6121 -0.7793
vn 0.0998 -0.6098 -0.7862
vn 0.3767 0.2220 -0.8993
vn -0.4166 -0.6293 -0.6561
vn -0.3804 -0.5616 -0.7348
vn -0.4050 -0.5367 -0.7402
vn -0.3889 -0.6439 -0.6589
vn -0.3085 -0.9494 0.0596
vn -0.3014 -0.9532 -0.0215
vn -0.3244 -0.9459 -0.0070
vn -0.2766 -0.9607 0.0255
vn -0.3015 -0.9532 -0.0215
vn -0.3828 -0.9207 -0.0763
vn -0.3806 -0.9243 0.0290
vn -0.3214 -0.9399 -0.1153
vn 0.1483 -0.7385 -0.6577
vn 0.2667 -0.9069 -0.3262
vn 0.2636 -0.7406 -0.6180
vn 0.1020 -0.9921 -0.0724
vn 0.2105 -0.9760 -0.0568
vn -0.4899 -0.8704 -0.0490
vn -0.1319 -0.8915 0.4335
vn 0.0288 -0.9404 -0.3388
vn 0.3594 0.8898 -0.2811
vn 0.4126 0.9020 -0.1273
vn 0.3170 0.9468 -0.0559
vn 0.2764 0.9523 -0.1296
vn 0.2625 0.9452 -0.1941
vn 0.2414 0.9597 -0.1437
vn 0.2814 0.9496 -0.1383
vn 0.3029 0.8045 -0.5109
vn 0.3051 0.8047 -0.5093
vn 0.3040 0.8061 -0.5078
vn 0.3034 0.8040 -0.5114
vn 0.6568 -0.1792 -0.7324
vn 0.5705 -0.2892 -0.7687
vn 0.6236 -0.2969 -0.7232
vn 0.5813 -0.1669 -0.7964
vn 0.0058 0.6816 -0.7317
vn 0.1108 0.7633 -0.6365
vn 0.0799 0.7882 -0.6103
vn 0.0511 0.6763 -0.7349
vn -0.1025 -0.9120 -0.3971
vn 0.0452 -0.9111 -0.4098
vn -0.0011 -0.8874 -0.4610
vn -0.0242 -0.9616 -0.2733
vn 0.0683 -0.7075 -0.7034
vn -0.1025 -0.9120 -0.3972
vn 0.0698 -0.8623 -0.5015
vn -0.1910 -0.8338 -0.5179
vn -0.2038 -0.4167 -0.8859
vn -0.4142 -0.5270 -0.7421
vn -0.2908 -0.6430 -0.7085
vn -0.1955 -0.0188 -0.9805
vn 0.2530 0.4189 -0.8721
vn 0.3153 0.6157 -0.7222
vn 0.2739 0.6286 -0.7279
vn 0.3159 0.4432 -0.8389
vn -0.6808 -0.2413 0.6915
vn -0.1132 0.5096 0.8529
vn -0.2436 -0.1774 0.9535
vn -0.3893 0.4753 0.7890
vn -0.6090 0.6651 0.4321
vn -0.6606 0.5232 0.5384
vn -0.7011 0.5270 0.4803
vn -0.1596 -0.9090 -0.3850
vn -0.2921 -0.9564 -0.0040
vn 0.4446 -0.7752 -0.4487
vn -0.1595 -0.9090 -0.3849
vn -0.3613 -0.9216 -0.1422
vn -0.2921 -0.9564 -0.0041
vn -0.0276 0.9118 0.4096
vn 0.0608 0.9376 0.3424
vn 0.0062 0.8934 0.4492
vn 0.0326 0.9541 0.2978
vn 0.1169 -0.2567 -0.9594
vn -0.0062 -0.8934 -0.4493
vn 0.3081 -0.3162 -0.8973
vn -0.0896 -0.8362 -0.5411
vn -0.2972 -0.9446 -0.1393
vn -0.3080 -0.9441 0.1173
vn -0.2163 -0.9762 0.0135
vn -0.3392 -0.9346 -0.1075
vn -0.1934 -0.1286 -0.9727
vn -0.1307 -0.0286 -0.9910
vn -0.1589 -0.0224 -0.9870
vn -0.1761 -0.1333 -0.9753
vn 0.5070 0.8382 -0.2008
vn 0.7718 0.6069 -0.1899
vn 0.6118 0.7899 0.0429
vn 0.6702 0.6602 -0.3391
vn -0.1731 -0.9705 0.1679
vn -0.1507 -0.9132 0.3787
vn -0.0590 -0.9512 0.3027
vn -0.2471 -0.9410 0.2313
vn 0.3760 0.7479 -0.5470
vn 0.3734 0.7376 -0.5627
vn 0.3821 0.7418 -0.5511
vn 0.3666 0.7446 -0.5579
vn -0.4530 -0.0733 -0.8885
vn -0.4474 -0.0524 -0.8928
vn -0.4595 -0.0729 -0.8852
vn -0.4406 -0.0546 -0.8960
vn -0.1191 0.8373 -0.5337
vn -0.1199 0.8950 -0.4297
vn -0.1665 0.8478 -0.5035
vn -0.0749 0.8779 -0.4730
vn 0.4199 -0.2568 -0.8705
vn 0.5545 -0.1468 -0.8191
vn 0.4166 -0.1045 -0.9031
vn 0.5425 -0.2864 -0.7897
vn 0.1756 -0.2928 -0.9399
vn 0.3739 -0.0174 -0.9273
vn 0.2228 -0.0569 -0.9732
vn 0.4277 -0.1784 -0.8861
vn 0.1407 -0.1573 -0.9775
vn 0.1890 -0.2324 -0.9541
vn 0.0863 -0.1113 -0.9900
vn 0.0901 0.4743 -0.8757
vn 0.2661 -0.5873 -0.7644
vn 0.4098 -0.5525 -0.7258
vn 0.1219 -0.2029 -0.9716
vn 0.7192 0.0876 -0.6893
vn 0.3101 0.2871 -0.9063
vn 0.3680 -0.0190 -0.9296
vn 0.4631 0.3237 -0.8251
vn 0.3969 -0.0821 -0.9142
vn 0.4167 0.2284 -0.8799
vn 0.3448 0.0584 -0.9369
vn 0.5245 0.2072 -0.8258
vn 0.3130 -0.3016 -0.9006
vn 0.1631 -0.2836 -0.9450
vn 0.2059 -0.4713 -0.8576
vn 0.1953 -0.2033 -0.9594
vn 0.0340 0.8220 -0.5684
vn 0.2657 0.7968 -0.5427
vn 0.1583 0.8997 -0.4067
vn 0.1545 0.7362 -0.6589
vn -0.2708 -0.3171 -0.9089
vn -0.1720 -0.7806 -0.6010
vn -0.2024 -0.4609 -0.8641
vn -0.5099 -0.0625 -0.8579
vn -0.2674 0.9608 -0.0730
vn -0.2438 0.7458 -0.6199
vn -0.0569 0.9435 -0.3265
vn -0.3647 0.7005 -0.6135
vn 0.1878 0.9619 -0.1989
vn 0.0989 0.8675 -0.4876
vn 0.1808 0.9096 -0.3742
vn 0.0515 0.8961 -0.4408
vn -0.2704 0.4651 -0.8430
vn 0.1232 0.5706 -0.8119
vn -0.0467 0.6698 -0.7411
vn 0.1011 0.4487 -0.8879
vn -0.0025 0.2778 -0.9606
vn -0.2498 0.4871 -0.8369
vn -0.0651 0.2668 -0.9616
vn -0.2020 0.5356 -0.8199
vn -0.2499 0.4871 -0.8368
vn -0.2165 0.3945 -0.8930
vn -0.1596 0.3819 -0.9103
vn -0.2588 0.4506 -0.8544
vn -0.5453 0.6035 -0.5817
vn -0.5130 0.6179 -0.5958
vn -0.5231 0.6176 -0.5873
vn -0.5131 0.6118 -0.6020
vn -0.4940 0.3885 -0.7778
vn -0.5636 0.1343 -0.8150
vn -0.4801 0.3133 -0.8193
vn -0.7782 0.0409 -0.6266
vn 0.4688 -0.4128 -0.7809
vn 0.4673 -0.4154 -0.7804
vn 0.4691 -0.4147 -0.7797
vn 0.4668 -0.4141 -0.7814
vn -0.8881 -0.2596 -0.3794
vn -0.8835 -0.2610 -0.3891
vn -0.8869 -0.2565 -0.3842
vn -0.8836 -0.2626 -0.3876
vn -0.1677 0.6264 -0.7613
vn -0.4555 0.7947 -0.4013
vn -0.3214 0.6707 -0.6685
vn -0.4180 0.8447 -0.3343
vn 0.6823 0.6942 0.2293
vn 0.4696 0.6917 0.5487
vn 0.4458 0.7742 0.4492
vn 0.5987 0.6423 0.4785
vn -0.3300 -0.6763 -0.6586
vn -0.0970 -0.5477 -0.8311
vn -0.3768 -0.6038 -0.7025
vn -0.1081 -0.6505 -0.7518
vn 0.8775 0.1433 -0.4577
vn 0.8733 0.0560 -0.4840
vn 0.8938 0.1273 -0.4299
vn 0.8481 0.0905 -0.5221
vn -0.4622 0.7840 0.4144
vn -0.4077 0.8341 0.3716
vn -0.4121 0.7817 0.4681
vn -0.4660 0.7911 0.3962
vn 0.6328 -0.3353 -0.6979
vn 0.7970 -0.1627 -0.5816
vn 0.6259 -0.2490 -0.7391
vn 0.8166 -0.2043 -0.5398
vn -0.1126 -0.6945 -0.7106
vn -0.0949 -0.6963 -0.7115
vn -0.0997 -0.6918 -0.7152
vn -0.1131 -0.6991 -0.7060
vn 0.6995 0.0167 -0.7145
vn 0.1074 -0.8464 -0.5216
vn 0.2221 -0.8959 -0.3847
vn 0.1442 -0.5727 -0.8070
vn 0.6235 -0.5437 -0.5618
vn 0.3897 -0.3769 -0.8403
vn 0.3125 -0.4462 -0.8386
vn 0.6290 -0.4994 -0.5957
vn 0.8077 0.1387 -0.5730
vn 0.8816 0.4721 0.0017
vn 0.8044 0.5769 -0.1419
vn 0.8795 0.0467 -0.4735
vn -0.4784 0.8145 0.3283
vn 0.0169 0.7364 0.6763
vn -0.3835 0.6411 0.6648
vn -0.0962 0.8947 0.4362
vn -0.8374 0.3970 0.3756
vn -0.9630 0.2674 -0.0340
vn -0.7745 0.6088 0.1720
vn -0.9812 0.1673 0.0960
vn -0.2882 0.9261 -0.2435
vn 0.0184 0.8929 -0.4498
vn -0.0364 0.9519 -0.3043
vn -0.1119 0.7385 -0.6648
vn 0.4741 -0.4779 -0.7395
vn 0.5459 -0.5260 -0.6521
vn 0.6128 -0.3769 -0.6946
vn 0.4755 -0.5055 -0.7199
vn 0.1095 0.7376 -0.6663
vn 0.0952 0.6763 -0.7305
vn 0.1329 0.6849 -0.7164
vn 0.0847 0.7331 -0.6749
vn 0.3873 0.8058 0.4479
vn 0.7042 0.6556 -0.2727
vn 0.7100 0.7014 0.0627
vn 0.2468 0.9685 0.0345
vn -0.6909 0.7226 0.0231
vn -0.7500 0.6587 -0.0598
vn -0.7048 0.7044 -0.0842
vn -0.7061 0.7066 0.0469
vn 0.2457 0.5018 -0.8293
vn 0.0778 0.5140 -0.8543
vn 0.1173 0.4288 -0.8958
vn 0.2106 0.5933 -0.7769
vn 0.6315 0.3904 0.6699
vn 0.3563 0.1562 0.9212
vn 0.4269 0.4585 0.7795
vn 0.5031 0.0029 0.8642
vn -0.4495 -0.3748 -0.8108
vn -0.3355 -0.2555 -0.9067
vn -0.3995 -0.1897 -0.8969
vn -0.3791 -0.4997 -0.7788
vn 0.0146 0.6359 -0.7717
vn 0.0679 0.6182 -0.7831
vn 0.0510 0.6687 -0.7417
vn 0.0369 0.5949 -0.8030
vn -0.3843 -0.8202 -0.4238
vn -0.3886 -0.9141 -0.1159
vn -0.3418 -0.9285 -0.1449
vn -0.4414 -0.7860 -0.4329
vn 0.0255 -0.4577 -0.8887
vn -0.0723 -0.7051 -0.7054
vn 0.0892 -0.5401 -0.8369
vn -0.2753 -0.6407 -0.7167
vn 0.1198 -0.0559 -0.9912
vn -0.0389 -0.3684 -0.9288
vn 0.1217 -0.3136 -0.9417
vn -0.2579 -0.0189 -0.9660
vn 0.4807 -0.5014 -0.7194
vn 0.5982 -0.3840 -0.7034
vn 0.5117 -0.3782 -0.7714
vn 0.5737 -0.5244 -0.6292
vn -0.9178 0.3943 -0.0471
vn -0.8283 0.3956 -0.3967
vn -0.8490 0.5140 -0.1223
vn -0.8975 0.2913 -0.3312
vn -0.7722 0.0443 -0.6339
vn -0.6249 0.0212 -0.7805
vn -0.6599 0.0469 -0.7499
vn -0.6614 -0.0226 -0.7497
vn -0.1172 0.4832 -0.8676
vn -0.1907 0.4367 -0.8792
vn -0.1596 0.4161 -0.8952
vn -0.1677 0.4808 -0.8606
vn -0.2252 0.3660 -0.9030
vn -0.2210 0.4222 -0.8792
vn -0.2583 0.3459 -0.9020
vn -0.2058 0.4064 -0.8902
vn 0.1193 0.0134 -0.9928
vn 0.4122 -0.2819 -0.8664
vn 0.4957 -0.0339 -0.8678
vn 0.0844 -0.2879 -0.9539
vn -0.4190 0.1815 -0.8896
vn -0.3732 0.0564 -0.9260
vn -0.3239 0.1928 -0.9262
vn -0.4506 0.0785 -0.8893
vn -0.5872 0.1186 -0.8007
vn -0.5811 0.1029 -0.8073
vn -0.5697 0.1133 -0.8140
vn -0.5928 0.1076 -0.7981
vn 0.2153 -0.0765 0.9735
vn 0.2090 -0.0833 0.9744
vn 0.2091 -0.0770 0.9748
vn 0.2131 -0.0832 0.9735
vn 0.5588 -0.0130 0.8292
vn 0.4846 -0.1036 0.8686
vn 0.4872 0.0103 0.8732
vn 0.5349 -0.1160 0.8369
vn -0.4247 0.0889 -0.9009
vn -0.4833 0.0206 -0.8752
vn -0.4264 -0.0013 -0.9045
vn -0.4650 0.0987 -0.8798
vn 0.4766 0.8729 0.1041
vn 0.4716 0.8400 0.2683
vn 0.3831 0.9219 0.0573
vn 0.5280 0.8100 0.2552
vn -0.0637 0.7891 -0.6110
vn 0.0254 0.8835 -0.4678
vn -0.0339 0.8511 -0.5240
vn 0.0348 0.8697 -0.4923
vn -0.5544 0.1440 -0.8197
vn -0.5999 0.0751 -0.7965
vn -0.5584 0.0801 -0.8257
vn -0.5743 0.1477 -0.8052
vn 0.7904 0.4186 0.4472
vn 0.3719 0.1882 0.9090
vn 0.3461 0.5527 0.7581
vn 0.6272 0.0866 0.7740
vn -0.6086 0.2954 -0.7365
vn -0.4567 0.2093 -0.8646
vn -0.5546 0.3434 -0.7580
vn -0.4795 0.1933 -0.8560
vn 0.0586 0.9491 -0.3095
vn 0.0842 0.9531 -0.2907
vn 0.0765 0.9553 -0.2856
vn 0.0687 0.9455 -0.3183
vn -0.4435 -0.0803 -0.8927
vn -0.4918 0.0046 -0.8707
vn -0.5115 -0.0684 -0.8565
vn -0.4449 0.0016 -0.8956
vn 0.5217 -0.0107 0.8531
vn 0.5245 -0.0067 0.8514
vn 0.5245 -0.0115 0.8513
vn 0.5226 -0.0066 0.8526
vn 0.3621 -0.0783 0.9289
vn 0.3569 -0.0730 0.9313
vn 0.3623 -0.0728 0.9292
vn 0.3563 -0.0785 0.9311
vn -0.6177 -0.2585 0.7427
vn -0.4989 -0.3115 0.8088
vn -0.6032 -0.3217 0.7298
vn -0.5081 -0.2518 0.8237
vn -0.9440 -0.2864 0.1636
vn -0.9598 -0.2577 0.1116
vn -0.9504 -0.2636 0.1651
vn -0.9543 -0.2775 0.1110
vn 0.9898 0.0112 -0.1418
vn 0.9728 0.2193 0.0752
vn 0.9721 0.2059 -0.1124
vn 0.9970 0.0079 0.0773
vn -0.0153 -0.9998 0.0139
vn -0.1096 -0.9907 -0.0801
vn -0.0481 -0.9983 0.0319
vn -0.0963 -0.9903 -0.0997
vn -0.0015 -1.0000 0.0013
vn -0.0316 -0.9991 0.0271
vn -0.1966 -0.9501 -0.2422
vn -0.0002 -1.0000 0.0003
vn -0.0153 -0.9998 0.0140
vn -0.0002 -1.0000 0.0001
vn 0.0047 -1.0000 -0.0033
vn -0.0178 -0.9998 0.0103
vn -0.0192 -0.9998 0.0037
vn -0.0007 -1.0000 0.0003
vn -0.0036 -1.0000 -0.0028
vn -0.0002 -1.0000 0.0002
vn -0.0012 -1.0000 0.0010
vn -0.0971 -0.9947 -0.0334
vn 0.0101 -0.9895 0.1439
vn -0.0213 -0.9881 0.1523
vn -0.5189 -0.1349 -0.8441
vn -0.4938 -0.2125 -0.8432
vn -0.4911 -0.1779 -0.8528
vn -0.5221 -0.1793 -0.8338
vn -0.2994 -0.0593 -0.9523
vn -0.3932 0.0142 -0.9193
vn -0.4165 -0.0451 -0.9080
vn -0.2992 0.0703 -0.9516
vn 0.3655 0.9004 0.2362
vn 0.5417 0.6021 0.5865
vn 0.4565 0.7486 0.4808
vn 0.4956 0.8402 0.2200
vn 0.8244 -0.5081 -0.2492
vn 0.7881 -0.5924 -0.1670
vn 0.8840 -0.4378 -0.1640
vn 0.7702 -0.5937 -0.2328
vn 0.9739 0.0396 0.2234
vn 0.9345 0.0771 0.3474
vn 0.9783 0.0806 0.1907
vn 0.9507 0.0318 0.3084
vn 0.9900 0.1372 0.0335
vn 0.9447 0.3271 -0.0215
vn 0.9896 0.1356 -0.0473
vn 0.9698 0.2366 0.0598
vn -0.1919 -0.0711 -0.9788
vn -0.5344 -0.0903 -0.8404
vn -0.1686 -0.0881 -0.9817
vn -0.2962 -0.0597 -0.9533
vn 0.3430 -0.2644 0.9013
vn 0.4722 -0.2536 0.8443
vn 0.1544 -0.8200 0.5512
vn 0.4232 -0.1336 0.8961
vn 0.5286 -0.0039 0.8489
vn 0.5677 0.0641 0.8208
vn 0.5688 -0.0138 0.8224
vn 0.5372 0.0557 0.8416
vn -0.4875 -0.0838 -0.8691
vn -0.5109 -0.0486 -0.8583
vn -0.5158 -0.0795 -0.8530
vn -0.4888 -0.0427 -0.8714
vn -0.0119 0.9560 -0.2930
vn 0.0850 0.9741 -0.2094
vn 0.0605 0.9799 -0.1903
vn 0.0213 0.9463 -0.3225
vn -0.6195 -0.0512 -0.7833
vn -0.5762 0.0640 -0.8148
vn -0.6156 0.0599 -0.7858
vn -0.5990 -0.0803 -0.7967
vn -0.3626 0.4142 -0.8349
vn -0.0377 0.9279 -0.3708
vn -0.2450 0.7623 -0.5991
vn -0.0057 0.8883 -0.4593
vn 0.2821 0.9523 0.1166
vn 0.1940 0.9807 0.0243
vn 0.2219 0.9750 0.0119
vn 0.2499 0.9595 0.1300
vn 0.3826 0.9213 0.0687
vn 0.4045 0.8582 0.3159
vn 0.2542 0.9671 0.0089
vn 0.4751 0.8274 0.2996
vn -0.4715 0.0407 -0.8809
vn -0.4900 0.0143 -0.8716
vn -0.4719 0.0082 -0.8816
vn -0.4861 0.0396 -0.8730
vn 0.5500 -0.0088 0.8351
vn 0.5319 -0.0360 0.8460
vn 0.5322 -0.0037 0.8466
vn 0.5463 -0.0349 0.8369
vn 0.4643 -0.0401 0.8848
vn 0.4334 -0.1155 0.8938
vn 0.4359 -0.0428 0.8990
vn 0.4568 -0.0724 0.8866
vn 0.9388 -0.0125 -0.3443
vn 0.9435 -0.0385 -0.3292
vn 0.9464 -0.0018 -0.3230
vn 0.9376 -0.0251 -0.3467
vn 0.6481 -0.2648 -0.7140
vn 0.5299 -0.2798 -0.8006
vn 0.6714 -0.2955 -0.6797
vn 0.5881 -0.2560 -0.7672
vn 0.7106 -0.5362 -0.4555
vn 0.6588 -0.2788 -0.6987
vn 0.5825 -0.5897 -0.5594
vn 0.7586 -0.4337 -0.4863
vn 0.9748 -0.1853 -0.1239
vn 0.9721 -0.0450 0.2302
vn 0.9626 -0.0945 -0.2538
vn 0.9827 -0.1647 0.0849
vn 0.5990 0.3746 -0.7077
vn 0.7190 0.2952 -0.6292
vn 0.6573 0.4533 -0.6020
vn 0.6230 0.3200 -0.7138
vn 0.1591 -0.1215 -0.9798
vn 0.1174 -0.1313 -0.9844
vn 0.1716 -0.1427 -0.9748
vn 0.1331 -0.1170 -0.9842
vn 0.5554 -0.7077 -0.4367
vn 0.5222 -0.8171 -0.2441
vn 0.6734 -0.6649 -0.3231
vn 0.5045 -0.7668 -0.3967
vn 0.5399 0.1411 -0.8298
vn 0.4383 0.0175 -0.8986
vn 0.5497 0.0175 -0.8352
vn 0.4337 0.1474 -0.8889
vn 0.8677 -0.1170 0.4832
vn 0.9275 -0.2091 0.3099
vn 0.8276 -0.1428 0.5429
vn 0.9156 -0.1399 0.3770
vn 0.1281 0.1037 -0.9863
vn 0.0780 0.0696 -0.9945
vn 0.1724 0.0549 -0.9835
vn 0.0856 0.1028 -0.9910
vn 0.6023 -0.6082 -0.5171
vn 0.5930 -0.4858 -0.6421
vn 0.5143 -0.6130 -0.5998
vn 0.6322 -0.5529 -0.5428
vn 0.9435 -0.2514 0.2160
vn 0.8796 -0.1807 0.4401
vn 0.9738 -0.1998 -0.1087
vn 0.8928 -0.2130 0.3968
vn 0.1698 0.4979 -0.8504
vn 0.5853 0.0141 -0.8107
vn 0.2356 0.9567 -0.1710
vn 0.2617 0.1137 -0.9584
vn 0.8907 -0.3065 -0.3358
vn 0.8934 -0.4157 -0.1704
vn 0.9686 -0.1913 -0.1586
vn 0.8483 -0.4221 -0.3199
vn 0.9790 0.0622 0.1939
vn 0.9719 0.0716 0.2243
vn 0.9791 0.0725 0.1898
vn 0.9756 0.0619 0.2107
vn 0.9729 0.2289 0.0335
vn 0.8734 0.4870 0.0016
vn 0.9759 0.2148 -0.0375
vn 0.9394 0.3341 0.0771
vn -0.0931 -0.1302 -0.9871
vn 0.5922 -0.0332 -0.8051
vn -0.2414 -0.0629 -0.9684
vn 0.2212 -0.1509 -0.9635
vn -0.0221 0.9924 -0.1209
vn -0.0251 0.9922 -0.1225
vn -0.0234 0.9920 -0.1239
vn -0.0233 0.9925 -0.1201
vn 0.0835 0.9942 -0.0671
vn 0.1184 0.9913 0.0571
vn 0.0693 0.9976 -0.0048
vn 0.2416 0.9704 0.0031
vn -0.4733 -0.1218 -0.8724
vn -0.5405 0.0248 -0.8410
vn -0.5363 -0.1293 -0.8341
vn -0.4571 0.0044 -0.8894
vn -0.1181 -0.9771 0.1771
vn -0.1045 -0.9770 0.1861
vn -0.1109 -0.9782 0.1753
vn -0.1089 -0.9755 0.1911
vn -0.1951 -0.9796 0.0491
vn -0.1988 -0.9798 0.0223
vn -0.2080 -0.9778 0.0240
vn -0.1891 -0.9811 0.0399
vn 0.0856 0.9752 -0.2042
vn 0.0943 0.9747 -0.2028
vn 0.0888 0.9760 -0.1990
vn 0.0895 0.9736 -0.2100
vn 0.2751 0.9570 0.0922
vn 0.0641 0.9978 0.0176
vn 0.1087 0.9775 -0.1809
vn 0.1477 0.9824 0.1141
vn 0.4913 0.0276 0.8706
vn 0.5103 0.0607 0.8578
vn 0.5111 0.0289 0.8591
vn 0.4979 0.0524 0.8657
vn 0.6197 0.1386 0.7725
vn 0.4940 -0.0336 0.8688
vn 0.5254 0.1281 0.8412
vn 0.6232 -0.0837 0.7775
vn -0.6007 -0.1626 -0.7828
vn -0.6008 -0.1624 -0.7827
vn -0.6005 -0.1629 -0.7829
vn -0.6151 0.0469 0.7870
vn -0.6452 0.0264 0.7636
vn -0.6410 0.0490 0.7659
vn -0.6230 0.0301 0.7816
vn -0.6247 0.7769 -0.0784
vn -0.6196 0.7756 0.1205
vn -0.6787 0.7329 -0.0474
vn -0.5246 0.8493 0.0592
vn 0.0250 0.0013 -0.9997
vn 0.1168 -0.0681 -0.9908
vn 0.0529 0.0232 -0.9983
vn 0.0987 -0.1227 -0.9875
vn 0.3784 0.0695 -0.9230
vn 0.2505 0.1796 -0.9513
vn 0.2566 0.0711 -0.9639
vn 0.3745 0.2784 -0.8844
vn 0.5866 0.2230 -0.7785
vn 0.3785 0.0695 -0.9230
vn 0.5594 0.0644 -0.8264
vn 0.4537 0.3306 -0.8276
vn -0.1176 -0.8030 -0.5842
vn -0.1466 -0.7392 -0.6574
vn -0.1659 -0.7770 -0.6072
vn -0.0863 -0.7972 -0.5975
vn -0.0048 -0.8665 -0.4992
vn 0.0059 -0.8426 -0.5385
vn -0.0306 -0.8497 -0.5264
vn 0.0243 -0.8565 -0.5156
vn -0.3129 -0.9205 -0.2342
vn -0.0593 -0.9627 -0.2638
vn -0.1043 -0.9356 -0.3373
vn -0.3219 -0.9398 -0.1151
vn 0.0726 -0.8264 -0.5584
vn 0.0897 -0.8034 -0.5887
vn 0.0547 -0.8132 -0.5795
vn 0.1083 -0.8159 -0.5680
vn -0.4187 0.0738 -0.9051
vn -0.4393 0.1176 -0.8906
vn -0.4510 0.0771 -0.8892
vn -0.4130 0.1150 -0.9034
vn -0.0142 -0.7069 -0.7072
vn 0.3745 -0.7000 -0.6080
vn 0.1641 -0.5938 -0.7877
vn 0.1803 -0.8449 -0.5036
vn -0.5767 0.1165 -0.8086
vn -0.5732 0.1167 -0.8111
vn -0.5748 0.1189 -0.8096
vn -0.5754 0.1146 -0.8098
vn -0.7552 0.6525 -0.0624
vn -0.7761 0.6280 -0.0579
vn -0.7469 0.6646 -0.0229
vn -0.8553 0.4574 -0.2433
vn -0.8891 0.3970 -0.2277
vn -0.5371 0.0820 -0.8395
vn -0.5584 0.0621 -0.8273
vn -0.5516 0.0956 -0.8286
vn 0.4215 -0.4974 -0.7582
vn 0.3623 -0.5120 -0.7789
vn 0.3881 -0.5229 -0.7589
vn 0.3875 -0.4860 -0.7834
vn 0.1741 -0.4012 -0.8993
vn 0.5985 -0.3342 -0.7281
vn 0.4334 -0.2754 -0.8581
vn 0.4216 -0.4974 -0.7582
vn -0.4856 0.1246 -0.8652
vn -0.4904 0.1238 -0.8626
vn -0.4884 0.1221 -0.8640
vn -0.4880 0.1259 -0.8637
vn -0.7915 0.4442 -0.4199
vn -0.8593 0.3328 -0.3883
vn -0.8229 0.5073 -0.2558
vn -0.3257 -0.1892 -0.9263
vn -0.5476 -0.2860 -0.7863
vn -0.3355 -0.2889 -0.8967
vn -0.5557 -0.1703 -0.8137
vn 0.0231 -0.5798 -0.8144
vn -0.3382 -0.6578 -0.6731
vn -0.1186 -0.8025 -0.5847
vn -0.3883 0.0059 -0.9215
vn -0.1770 0.2270 -0.9577
vn -0.0869 0.1895 -0.9780
vn -0.1337 0.2597 -0.9564
vn -0.1267 0.0890 -0.9879
vn -0.6158 -0.7870 -0.0380
vn -0.4915 -0.8707 0.0178
vn -0.5456 -0.8299 -0.1168
vn -0.5749 -0.8127 0.0947
vn 0.0858 0.5607 -0.8236
vn 0.0976 0.5533 -0.8273
vn 0.0947 0.5680 -0.8176
vn 0.0895 0.5480 -0.8317
vn -0.3567 -0.8759 0.3248
vn -0.5102 -0.8187 0.2633
vn -0.4329 -0.8130 0.3894
vn -0.4277 -0.8800 0.2068
vn -0.5710 -0.0279 -0.8205
vn -0.4465 0.0646 -0.8925
vn -0.5626 0.0518 -0.8251
vn -0.4693 0.0051 -0.8830
vn 0.3731 0.6431 -0.6687
vn 0.5851 0.5639 -0.5829
vn 0.5535 0.6942 -0.4601
vn 0.4334 0.5241 -0.7331
vn 0.1646 0.5421 -0.8240
vn 0.1944 0.5926 -0.7817
vn 0.1139 0.5768 -0.8089
vn 0.2008 0.5622 -0.8023
vn -0.3850 -0.2407 -0.8909
vn -0.5671 -0.3421 -0.7492
vn -0.3136 -0.3731 -0.8732
vn -0.5764 -0.1999 -0.7924
vn -0.2087 0.4779 -0.8533
vn -0.2166 0.4956 -0.8411
vn -0.2299 0.4761 -0.8488
vn -0.1981 0.4924 -0.8475
vn -0.3843 0.0355 -0.9225
vn -0.3753 0.0246 -0.9266
vn -0.3713 0.0349 -0.9278
vn -0.3871 0.0289 -0.9216
vn -0.4449 -0.1812 -0.8771
vn -0.4401 -0.1838 -0.8789
vn -0.4396 -0.1817 -0.8796
vn -0.4457 -0.1839 -0.8761
vn -0.1227 -0.0602 -0.9906
vn -0.0602 -0.0554 -0.9966
vn -0.1272 -0.0564 -0.9903
vn -0.1035 -0.0627 -0.9927
vn 0.9838 0.1726 0.0475
vn 0.9188 0.3945 -0.0120
vn 0.9849 0.1688 -0.0393
vn 0.9533 0.2925 0.0750
vn 0.9625 0.0374 0.2686
vn 0.9211 0.0749 0.3822
vn 0.9680 0.0810 0.2376
vn 0.9374 0.0285 0.3470
vn 0.7794 -0.5785 -0.2404
vn 0.7318 -0.6618 -0.1626
vn 0.8398 -0.5170 -0.1656
vn 0.7181 -0.6598 -0.2215
vn 0.3538 0.9108 0.2128
vn 0.5985 0.5038 0.6229
vn 0.3673 0.5505 0.7497
vn 0.6058 0.7742 0.1833
vn -0.2309 -0.0461 -0.9719
vn -0.3422 0.0559 -0.9379
vn -0.3897 -0.0235 -0.9206
vn -0.2302 0.0913 -0.9689
vn -0.8788 -0.2409 0.4120
vn -0.9031 -0.2958 0.3114
vn -0.9205 -0.2237 0.3203
vn -0.8627 -0.3034 0.4045
vn 0.4886 -0.1818 0.8534
vn 0.3068 0.2095 0.9284
vn 0.5340 0.1275 0.8358
vn 0.2281 -0.3278 0.9168
vn 0.2629 -0.1547 0.9523
vn 0.1778 -0.0796 0.9809
vn 0.2756 -0.0764 0.9582
vn 0.1751 -0.1897 0.9661
vn -0.4974 0.3016 -0.8134
vn -0.5691 0.1510 -0.8083
vn -0.5401 0.1659 -0.8251
vn -0.5593 0.2612 -0.7868
vn -0.5693 0.1467 -0.8090
vn -0.5866 0.1154 -0.8017
vn -0.5705 0.1206 -0.8124
vn -0.5839 0.1494 -0.7980
vn 0.2909 0.1311 0.9477
vn 0.5427 -0.0476 0.8386
vn 0.4029 -0.0885 0.9109
vn 0.5348 0.1762 0.8264
vn -0.5852 -0.0200 -0.8107
vn -0.5238 0.1154 -0.8440
vn -0.6424 0.0994 -0.7599
vn -0.5273 0.0005 -0.8497
vn 0.0337 0.0658 -0.9973
vn -0.2202 0.2607 -0.9400
vn -0.3981 0.0356 -0.9166
vn 0.0231 0.2310 -0.9727
vn -0.2256 0.3662 -0.9028
vn -0.2190 0.2606 -0.9403
vn -0.2014 0.2959 -0.9338
vn -0.2966 0.2669 -0.9169
vn -0.2425 -0.3985 -0.8845
vn 0.6917 0.0859 -0.7171
vn 0.0461 0.0664 -0.9967
vn 0.0692 -0.7068 -0.7040
vn -0.8702 -0.2922 0.3967
vn -0.6769 -0.1025 0.7289
vn -0.7321 -0.3225 0.6000
vn -0.8131 -0.1249 0.5686
vn -0.9445 -0.1506 -0.2919
vn -0.9619 -0.1151 -0.2478
vn -0.9569 -0.1524 -0.2471
vn -0.9494 -0.1207 -0.2900
vn 0.3808 -0.1984 0.9031
vn 0.3917 -0.1794 0.9024
vn 0.3884 -0.2000 0.8995
vn 0.3837 -0.1819 0.9054
vn 0.3982 -0.3041 -0.8654
vn 0.3094 -0.3425 -0.8871
vn 0.3735 -0.3686 -0.8513
vn 0.3304 -0.2908 -0.8979
vn 0.8973 -0.2348 0.3737
vn 0.8827 -0.2697 0.3850
vn 0.8891 -0.2297 0.3959
vn 0.8962 -0.2695 0.3525
vn -0.2247 -0.9073 -0.3553
vn -0.1317 -0.9365 -0.3250
vn -0.1727 -0.9033 -0.3926
vn -0.2005 -0.9350 -0.2924
vn -0.1227 -0.4072 -0.9051
vn -0.2694 -0.3202 -0.9082
vn -0.1660 -0.5285 -0.8326
vn -0.2434 -0.2380 -0.9403
vn -0.8471 0.0079 -0.5314
vn -0.5045 0.2954 -0.8113
vn -0.7869 0.2658 -0.5570
vn -0.5964 0.0477 -0.8012
vn -0.4343 -0.3626 -0.8246
vn -0.6446 -0.7310 -0.2239
vn -0.0974 -0.7994 -0.5929
vn -0.8473 -0.2503 -0.4684
vn -0.0288 0.8602 -0.5092
vn -0.0240 0.8083 -0.5883
vn 0.0177 0.8447 -0.5349
vn -0.0708 0.8238 -0.5624
vn -0.2608 0.5024 -0.8244
vn -0.3179 0.6045 -0.7304
vn -0.3820 0.5153 -0.7671
vn -0.2097 0.5842 -0.7841
vn -0.5965 0.4402 -0.6711
vn -0.4894 0.2958 -0.8204
vn -0.4130 0.4275 -0.8042
vn -0.5924 0.2914 -0.7511
vn 0.5987 -0.1138 0.7928
vn 0.4379 -0.3658 0.8212
vn 0.5769 -0.0856 0.8124
vn 0.8119 0.0404 0.5824
vn 0.6354 0.0599 0.7699
vn -0.4240 0.0445 -0.9046
vn -0.5090 -0.0396 -0.8599
vn -0.4232 -0.0752 -0.9029
vn -0.4809 0.0600 -0.8747
vn -0.5147 0.0246 -0.8570
vn -0.5436 -0.0177 -0.8392
vn -0.5281 -0.0119 -0.8491
vn -0.5435 0.0223 -0.8391
vn 0.5669 -0.3233 -0.7577
vn 0.3019 -0.0956 -0.9485
vn 0.3087 -0.2621 -0.9143
vn 0.5711 -0.0245 -0.8205
vn -0.4945 -0.1768 -0.8510
vn -0.5583 -0.1073 -0.8227
vn -0.5555 -0.1879 -0.8100
vn -0.4867 -0.0719 -0.8706
vn 0.5432 0.5119 -0.6655
vn 0.5086 0.7024 -0.4980
vn 0.4527 0.6836 -0.5725
vn 0.6422 0.5620 -0.5213
vn 0.4013 -0.2730 0.8743
vn 0.4287 -0.3106 0.8483
vn 0.3932 -0.3190 0.8624
vn 0.4340 -0.2771 0.8572
vn -0.9281 -0.3718 -0.0205
vn -0.9514 -0.2951 0.0875
vn -0.9176 -0.3873 0.0896
vn -0.9588 -0.2833 -0.0211
vn -0.6217 0.3962 0.6757
vn -0.4924 0.2888 0.8211
vn -0.6807 0.2738 0.6794
vn -0.5161 0.3986 0.7582
vn -0.2502 0.1424 0.9577
vn 0.2450 -0.1754 0.9535
vn -0.2222 -0.1308 0.9662
vn 0.4052 0.1302 0.9049
vn -0.1396 0.8813 0.4514
vn 0.0180 0.8396 0.5429
vn -0.0560 0.8204 0.5690
vn -0.0675 0.9130 0.4023
vn 0.3303 -0.5663 -0.7552
vn 0.3192 -0.5547 -0.7684
vn 0.3158 -0.5622 -0.7644
vn 0.3327 -0.5617 -0.7575
vn 0.7809 -0.5012 0.3728
vn 0.7728 -0.5015 0.3890
vn 0.7784 -0.4933 0.3883
vn 0.7772 -0.5063 0.3737
vn -0.4342 -0.1904 -0.8805
vn -0.4522 -0.1586 -0.8777
vn -0.4581 -0.1899 -0.8684
vn -0.4325 -0.1739 -0.8847
vn -0.9670 -0.1624 -0.1964
vn -0.9513 -0.1190 -0.2844
vn -0.9713 -0.1074 -0.2124
vn -0.9479 -0.1532 -0.2792
vn -0.4533 -0.1506 0.8785
vn -0.4374 -0.1415 0.8881
vn -0.4381 -0.1520 0.8860
vn -0.4536 -0.1439 0.8795
vn 0.3524 0.2061 0.9129
vn 0.3583 0.2229 0.9066
vn 0.3647 0.2034 0.9086
vn 0.3504 0.2219 0.9099
vn 0.4128 -0.0550 0.9092
vn 0.4718 -0.0427 0.8807
vn 0.4700 -0.0975 0.8773
vn 0.4232 -0.0194 0.9058
vn 0.3911 0.0488 0.9190
vn 0.4429 0.0621 0.8944
vn 0.4245 0.0446 0.9043
vn 0.4189 0.0772 0.9048
vn -0.1136 0.3477 0.9307
vn -0.0817 0.3546 0.9314
vn -0.0905 0.3382 0.9367
vn -0.0998 0.3633 0.9263
vn 0.1238 -0.3750 -0.9187
vn 0.3078 -0.2205 -0.9255
vn 0.0975 -0.2030 -0.9743
vn 0.3062 -0.4305 -0.8491
vn 0.9432 -0.2899 0.1626
vn 0.9701 -0.2347 0.0626
vn 0.9516 -0.2967 0.0805
vn 0.9656 -0.2164 0.1440
vn -0.5864 -0.0821 -0.8058
vn -0.5586 -0.0381 -0.8286
vn -0.5848 -0.0358 -0.8104
vn -0.5599 -0.0891 -0.8237
vn 0.9750 -0.2143 -0.0586
vn 0.9473 -0.3079 0.0887
vn 0.9680 -0.2398 0.0735
vn 0.9428 -0.3299 -0.0486
vn -0.9021 -0.4113 0.1305
vn -0.9003 -0.3883 0.1967
vn -0.8873 -0.4179 0.1949
vn -0.9137 -0.3845 0.1315
vn 0.1656 0.9659 0.1992
vn 0.1677 0.9704 0.1739
vn 0.1783 0.9652 0.1913
vn 0.1566 0.9705 0.1831
vn 0.1991 0.9268 0.3185
vn -0.0399 0.9406 0.3372
vn 0.0277 0.8796 0.4749
vn 0.8787 0.1336 0.4583
vn 0.7249 0.2550 0.6400
vn 0.8700 0.2497 0.4250
vn 0.7335 0.1323 0.6667
vn 0.2281 -0.7960 0.5606
vn 0.0201 -0.8905 0.4546
vn 0.1326 -0.7880 0.6012
vn 0.1108 -0.9101 0.3993
vn 0.7972 0.5822 -0.1597
vn 0.7845 0.6050 -0.1357
vn 0.7808 0.6053 -0.1546
vn 0.7988 0.5830 -0.1485
vn -0.6990 -0.3715 0.6110
vn -0.6294 -0.4000 0.6662
vn -0.6822 -0.4193 0.5989
vn -0.6474 -0.3550 0.6744
vn -0.8367 -0.5399 0.0912
vn -0.8579 -0.4771 0.1907
vn -0.8191 -0.5431 0.1848
vn -0.8742 -0.4770 0.0908
vn 0.3817 0.9227 0.0541
vn 0.3815 0.9211 0.0771
vn 0.3734 0.9257 0.0601
vn 0.3914 0.9173 0.0728
vn -0.3633 0.6520 0.6655
vn -0.3865 0.6475 0.6568
vn -0.3768 0.6578 0.6521
vn -0.3712 0.6416 0.6713
vn 0.0786 -0.9416 0.3274
vn 0.0582 -0.8834 0.4650
vn 0.1451 -0.8901 0.4321
vn 0.0263 -0.9403 0.3394
vn 0.5473 0.5844 0.5992
vn 0.4141 0.6893 0.5945
vn 0.5145 0.6828 0.5187
vn 0.4508 0.5989 0.6619
vn 0.3731 -0.5630 0.7375
vn 0.3465 -0.5166 0.7830
vn 0.3846 -0.5381 0.7500
vn 0.3322 -0.5575 0.7608
vn 0.5379 -0.0759 0.8396
vn 0.5055 0.0160 0.8627
vn 0.5535 0.0021 0.8328
vn 0.5044 -0.0665 0.8609
vn 0.9828 -0.1301 -0.1307
vn 0.9675 -0.1038 -0.2307
vn 0.9736 -0.1329 -0.1856
vn 0.9875 -0.0960 -0.1253
vn 0.6813 0.0314 0.7314
vn 0.5822 0.1250 0.8034
vn 0.6889 0.1306 0.7130
vn 0.5727 0.0372 0.8189
vn 0.4294 -0.8392 0.3337
vn 0.3781 -0.8828 0.2788
vn 0.4095 -0.8424 0.3503
vn 0.4414 -0.8618 0.2499
vn 0.1479 -0.9189 0.3657
vn 0.3855 -0.7338 0.5595
vn 0.2649 -0.9079 0.3248
vn 0.3333 -0.7359 0.5893
vn 0.2252 -0.7102 0.6670
vn 0.5066 -0.5720 0.6451
vn 0.4574 -0.6855 0.5665
vn 0.3468 -0.5596 0.7527
vn 0.3858 -0.1213 0.9145
vn 0.3863 -0.1223 0.9142
vn 0.3856 -0.1226 0.9145
vn 0.3865 -0.1215 0.9143
vn -0.4218 -0.0880 -0.9024
vn -0.5187 -0.2110 -0.8285
vn -0.4399 -0.2604 -0.8595
vn -0.4645 -0.0932 -0.8807
vn 0.9397 -0.1762 0.2930
vn 0.9444 -0.2812 0.1705
vn 0.9077 -0.2715 0.3199
vn 0.9659 -0.2116 0.1491
vn 0.3674 0.0305 0.9296
vn 0.3892 -0.0051 0.9211
vn 0.3690 -0.0041 0.9294
vn 0.3890 0.0263 0.9209
vn 0.3429 -0.5425 -0.7669
vn 0.6277 -0.3010 -0.7179
vn 0.4508 -0.2826 -0.8467
vn 0.7687 -0.5186 -0.3744
vn 0.0556 0.8472 0.5283
vn 0.5901 0.6696 0.4511
vn 0.1710 0.6650 0.7270
vn 0.4618 0.8324 0.3063
vn -0.2668 -0.1045 0.9581
vn -0.5254 0.1206 0.8423
vn -0.2701 0.0552 0.9612
vn -0.5085 -0.0803 0.8573
vn 0.5194 -0.1408 0.8429
vn 0.4560 -0.0176 0.8898
vn 0.5297 -0.0488 0.8468
vn 0.4508 -0.1242 0.8839
vn 0.5455 -0.1717 0.8203
vn 0.5194 -0.1408 0.8428
vn 0.5219 -0.1221 0.8442
vn 0.5524 -0.1328 0.8229
vn 0.9680 -0.2037 0.1466
vn 0.8693 -0.0312 0.4933
vn 0.9946 -0.0416 0.0949
vn 0.8112 -0.2692 0.5191
vn 0.8316 0.2140 0.5126
vn 0.9128 0.1639 0.3740
vn 0.8744 0.1419 0.4640
vn 0.9053 0.2175 0.3650
vn 0.4989 0.8665 -0.0141
vn 0.5123 0.8586 0.0172
vn 0.4993 0.8661 0.0235
vn 0.4843 0.8749 -0.0015
vn 0.3991 0.9143 0.0687
vn 0.5564 0.8073 0.1966
vn 0.4758 0.8434 0.2498
vn -0.2483 -0.7712 0.5861
vn -0.2587 -0.7817 0.5675
vn -0.2653 -0.7794 0.5676
vn -0.2451 -0.7732 0.5849
vn -0.9240 0.0349 -0.3808
vn -0.9235 -0.3597 0.1331
vn -0.9102 -0.1790 -0.3734
vn -0.9404 0.0831 0.3298
vn -0.5292 0.1599 0.8333
vn -0.4321 0.0876 0.8976
vn -0.5295 0.0903 0.8435
vn -0.4538 0.1525 0.8780
vn -0.4460 -0.2562 0.8576
vn -0.4971 -0.2314 0.8362
vn -0.4490 -0.2218 0.8656
vn -0.4917 -0.2588 0.8314
vn 0.3954 -0.7885 0.4712
vn 0.3875 -0.7336 0.5583
vn 0.4335 -0.7293 0.5294
vn 0.3560 -0.7929 0.4945
vn -0.9062 -0.2019 -0.3716
vn -0.9493 -0.1402 -0.2812
vn -0.9376 -0.2225 -0.2673
vn -0.9161 -0.1387 -0.3762
vn 0.1430 0.9149 -0.3775
vn 0.2270 0.8831 -0.4107
vn 0.2653 0.9111 -0.3154
vn 0.1313 0.9662 -0.2218
vn 0.1069 0.9439 -0.3125
vn 0.1306 0.9664 -0.2213
vn 0.0830 0.9520 -0.2945
vn 0.3166 0.9350 0.1599
vn 0.3717 0.9278 0.0318
vn 0.3915 0.9121 0.1219
vn 0.2530 0.9630 0.0929
vn 0.8397 -0.1351 0.5259
vn 0.9914 -0.0312 -0.1273
vn 0.9551 -0.1598 0.2495
vn 0.7599 -0.0570 0.6475
vn 0.4428 0.2648 -0.8566
vn 0.4073 0.5553 -0.7250
vn 0.3810 0.3878 -0.8393
vn 0.5102 0.2481 -0.8235
vn 0.2997 0.0671 -0.9517
vn 0.2544 0.0826 -0.9636
vn 0.2752 0.0664 -0.9591
vn 0.3049 0.0843 -0.9487
vn 0.7233 -0.3574 -0.5909
vn 0.5747 -0.4813 -0.6619
vn 0.6786 -0.4818 -0.5544
vn 0.6176 -0.2376 -0.7498
vn 0.7892 0.5589 0.2546
vn 0.9937 0.0165 -0.1108
vn 0.9620 0.1329 0.2384
vn 0.2310 0.9674 -0.1036
vn 0.2907 -0.2925 -0.9110
vn 0.0654 -0.2120 -0.9751
vn 0.1097 -0.2494 -0.9622
vn 0.5840 -0.2316 -0.7780
vn 0.7032 -0.6653 -0.2510
vn 0.8182 -0.5422 -0.1911
vn 0.7458 -0.6106 -0.2662
vn 0.7282 -0.6704 -0.1424
vn 0.9226 0.1235 0.3655
vn 0.9056 0.0818 0.4161
vn 0.9052 0.1227 0.4069
vn 0.9439 0.0634 0.3241
vn 0.0263 -0.1382 -0.9901
vn 0.2055 -0.2445 -0.9476
vn 0.1426 -0.1646 -0.9760
vn -0.0462 -0.1687 -0.9846
vn 0.6037 -0.7589 -0.2442
vn 0.4257 -0.8550 -0.2962
vn 0.5413 -0.8118 -0.2189
vn 0.5742 -0.7193 -0.3911
vn 0.9296 -0.1430 0.3398
vn 0.9127 -0.1546 0.3783
vn 0.9209 -0.1378 0.3647
vn 0.9304 -0.1677 0.3260
vn 0.8889 0.4263 -0.1679
vn 0.8893 0.3384 -0.3076
vn 0.9116 0.3664 -0.1862
vn 0.8192 0.5095 -0.2632
vn 0.5935 -0.2174 -0.7749
vn 0.2807 -0.0527 -0.9583
vn 0.4147 -0.1949 -0.8888
vn 0.7028 -0.1106 -0.7027
vn 0.7145 -0.5937 -0.3703
vn 0.9228 -0.3138 -0.2235
vn 0.7751 -0.4877 -0.4017
vn 0.7328 -0.6453 -0.2159
vn 0.9285 -0.3039 -0.2136
vn 0.9443 -0.3221 -0.0681
vn 0.9461 -0.2938 -0.1361
vn 0.9072 -0.3391 -0.2489
vn 0.7699 -0.0143 -0.6379
vn 0.7595 -0.0440 -0.6490
vn 0.7714 -0.0287 -0.6357
vn 0.7560 -0.0021 -0.6546
vn -0.4472 -0.3641 0.8170
vn -0.5436 -0.4397 0.7149
vn -0.5840 -0.3418 0.7363
vn -0.4305 -0.4167 0.8007
vn -0.5773 -0.3596 0.7331
vn -0.5660 -0.3880 0.7274
vn 0.9669 0.1232 -0.2237
vn 0.9964 0.0347 -0.0767
vn 0.9917 0.0997 -0.0807
vn 0.9727 0.0353 -0.2296
vn -0.5560 -0.2278 -0.7994
vn -0.5524 -0.2321 -0.8006
vn -0.5529 -0.2258 -0.8021
vn -0.5557 -0.2324 -0.7982
vn -0.8614 -0.4402 0.2534
vn -0.8644 -0.4865 0.1269
vn -0.8982 -0.4199 0.1301
vn -0.8363 -0.4838 0.2580
vn 0.3913 -0.1294 0.9111
vn 0.4169 -0.1598 0.8948
vn 0.3801 -0.1731 0.9086
vn 0.4206 -0.1247 0.8986
vn 0.6515 0.0293 -0.7581
vn 0.5616 0.0689 -0.8246
vn 0.5664 0.0270 -0.8237
vn 0.6468 0.0936 -0.7569
vn 0.2967 -0.6016 -0.7417
vn 0.3316 -0.6385 -0.6945
vn 0.3389 -0.6176 -0.7097
vn 0.2890 -0.6166 -0.7323
vn -0.3676 0.2898 0.8837
vn -0.5767 0.2562 0.7757
vn -0.5601 0.3447 0.7533
vn -0.3819 0.2313 0.8948
vn -0.9447 0.1687 -0.2811
vn -0.9282 0.3712 0.0270
vn -0.9739 0.2253 0.0284
vn -0.9181 0.2598 -0.2993
vn 0.7579 -0.5224 0.3907
vn 0.8542 -0.5164 0.0603
vn 0.7423 -0.6680 0.0526
vn 0.8211 -0.4250 0.3810
vn -0.4441 -0.1192 -0.8880
vn -0.4529 -0.1039 -0.8855
vn -0.4524 -0.1147 -0.8844
vn -0.4429 -0.1136 -0.8893
vn 0.2263 0.0662 0.9718
vn 0.1303 0.1780 0.9754
vn 0.2293 0.2139 0.9496
vn 0.1950 0.0451 0.9798
vn 0.4215 0.1223 0.8986
vn 0.3358 0.1411 0.9313
vn 0.3943 0.1818 0.9008
vn 0.3867 0.0882 0.9180
vn 0.8721 -0.4860 0.0562
vn 0.8295 -0.5254 0.1894
vn 0.8765 -0.4623 0.1347
vn 0.8215 -0.5590 0.1122
vn 0.4565 0.1096 0.8829
vn 0.3958 0.0941 0.9135
vn 0.4268 0.1374 0.8938
vn 0.4202 0.0754 0.9043
vn -0.2997 0.4922 0.8173
vn -0.4201 0.4573 0.7838
vn -0.3903 0.5258 0.7557
vn -0.3299 0.4275 0.8417
vn 0.6706 0.5505 0.4972
vn 0.5883 0.4846 0.6474
vn 0.5785 0.5776 0.5759
vn 0.6777 0.4287 0.5974
vn -0.2557 0.8102 0.5274
vn -0.2653 0.5697 0.7779
vn -0.3993 0.7011 0.5907
vn -0.0948 0.7153 0.6924
vn -0.1730 0.8575 0.4846
vn -0.0695 0.8315 0.5512
vn -0.0990 0.8138 0.5727
vn -0.1325 0.8769 0.4621
vn -0.0710 0.3482 0.9347
vn -0.9561 -0.0137 0.2929
vn -0.8355 0.3587 0.4162
vn 0.1631 0.0443 0.9856
vn -0.9651 -0.2577 0.0472
vn -0.7828 -0.4241 0.4553
vn -0.9412 -0.3349 0.0444
vn -0.8768 -0.2856 0.3869
vn 0.5263 -0.8449 0.0957
vn 0.5034 -0.8431 0.1893
vn 0.5522 -0.8166 0.1679
vn 0.4793 -0.8693 0.1208
vn 0.2861 -0.9266 0.2441
vn 0.6264 -0.7790 -0.0287
vn 0.2213 -0.9677 0.1208
vn 0.5601 -0.7771 0.2871
vn 0.6615 0.7469 0.0669
vn 0.6604 0.7235 0.2010
vn 0.5961 0.7991 0.0788
vn 0.7234 0.6684 0.1730
vn 0.9342 -0.1994 0.2958
vn 0.9112 -0.1953 0.3626
vn 0.9125 -0.1774 0.3685
vn 0.9116 -0.2044 0.3566
vn 0.8613 0.2705 0.4301
vn 0.9722 -0.1841 0.1448
vn 0.9643 0.2351 0.1217
vn 0.6237 -0.7630 0.1695
vn 0.2675 -0.9351 0.2326
vn 0.6549 -0.6877 0.3134
vn 0.2834 -0.9454 0.1612
vn 0.9909 -0.0986 0.0914
vn 0.6078 -0.6121 0.5059
vn 0.9672 0.2220 0.1234
vn 0.7308 -0.6098 0.3066
vn 0.3599 -0.6293 0.6888
vn 0.4462 -0.5616 0.6968
vn 0.3762 -0.6439 0.6663
vn 0.4386 -0.5367 0.7209
vn -0.2058 -0.9493 0.2374
vn -0.1321 -0.9532 0.2718
vn -0.1604 -0.9607 0.2268
vn -0.1561 -0.9459 0.2845
vn -0.1254 -0.9207 0.3697
vn -0.0608 -0.9399 0.3360
vn -0.2154 -0.9243 0.3151
vn 0.6437 -0.7385 0.2004
vn 0.4158 -0.9069 -0.0679
vn 0.1137 -0.9921 -0.0521
vn 0.6670 -0.7406 0.0807
vn 0.1545 -0.9759 -0.1538
vn -0.2026 -0.8704 0.4488
vn 0.3078 -0.9404 0.1444
vn -0.4414 -0.8915 -0.1025
vn 0.4231 0.8899 -0.1707
vn 0.2069 0.9468 -0.2465
vn 0.3165 0.9020 -0.2937
vn 0.2505 0.9523 -0.1746
vn 0.2994 0.9452 -0.1303
vn 0.2605 0.9496 -0.1745
vn 0.2452 0.9597 -0.1372
vn 0.5939 0.8045 -0.0068
vn 0.5936 0.8047 -0.0096
vn 0.5946 0.8040 -0.0071
vn 0.5917 0.8061 -0.0093
vn 0.9627 -0.1792 -0.2026
vn 0.9509 -0.2892 -0.1097
vn 0.9803 -0.1669 -0.1053
vn 0.9381 -0.2969 -0.1784
vn 0.6366 0.6816 0.3608
vn 0.6066 0.7633 0.2223
vn 0.6620 0.6763 0.3232
vn 0.5685 0.7881 0.2360
vn 0.2927 -0.9120 0.2873
vn 0.3775 -0.9111 0.1658
vn 0.2246 -0.9616 0.1576
vn 0.3987 -0.8874 0.2314
vn 0.6433 -0.7075 0.2926
vn 0.2927 -0.9120 0.2874
vn 0.3530 -0.8338 0.4244
vn 0.4692 -0.8623 0.1903
vn 0.6653 -0.4168 0.6194
vn 0.4356 -0.5271 0.7297
vn 0.7514 -0.0188 0.6596
vn 0.4681 -0.6430 0.6061
vn 0.8817 0.4189 0.2169
vn 0.7831 0.6157 0.0880
vn 0.8845 0.4432 0.1459
vn 0.7673 0.6286 0.1267
vn -0.9393 -0.2413 0.2439
vn -0.7953 0.5096 -0.3284
vn -0.8779 0.4753 -0.0573
vn -0.9476 -0.1774 -0.2658
vn -0.6787 0.6652 0.3113
vn -0.7966 0.5232 0.3028
vn -0.6109 0.7752 0.1607
vn -0.6787 0.6651 0.3114
vn -0.7665 0.5270 0.3670
vn -0.7966 0.5232 0.3029
vn 0.2536 -0.9090 0.3306
vn -0.1425 -0.9564 0.2550
vn -0.0575 -0.9216 0.3840
vn -0.3686 0.9118 -0.1809
vn -0.2661 0.9376 -0.2238
vn -0.2416 0.9541 -0.1772
vn -0.3860 0.8934 -0.2300
vn 0.8893 -0.2568 0.3784
vn 0.3860 -0.8934 0.2300
vn 0.4238 -0.8362 0.3482
vn 0.9311 -0.3162 0.1818
vn -0.0280 -0.9446 0.3270
vn -0.2556 -0.9441 0.2081
vn -0.0765 -0.9346 0.3475
vn -0.1198 -0.9762 0.1806
vn 0.7457 -0.1286 0.6538
vn 0.7929 -0.0286 0.6087
vn 0.7566 -0.1333 0.6402
vn 0.7753 -0.0224 0.6312
vn 0.4274 0.8382 -0.3387
vn 0.5503 0.6069 -0.5734
vn 0.6288 0.6602 -0.4108
vn 0.2688 0.7899 -0.5513
vn -0.2320 -0.9705 0.0660
vn -0.4033 -0.9132 -0.0589
vn -0.3238 -0.9410 0.0984
vn -0.2917 -0.9512 -0.1002
vn 0.6617 0.7479 -0.0521
vn 0.6740 0.7376 -0.0420
vn 0.6664 0.7446 -0.0385
vn 0.6683 0.7418 -0.0553
vn 0.5430 -0.0733 0.8366
vn 0.5495 -0.0524 0.8338
vn 0.5557 -0.0546 0.8296
vn 0.5368 -0.0729 0.8405
vn 0.4122 0.8222 0.3924
vn 0.2722 0.9041 0.3294
vn 0.3722 0.8779 0.3014
vn 0.3393 0.8254 0.4512
vn 0.9638 -0.2568 0.0716
vn 0.9866 -0.1468 -0.0707
vn 0.9552 -0.2864 -0.0750
vn 0.9904 -0.1045 0.0907
vn 0.9018 -0.2928 0.3179
vn 0.9900 -0.0174 0.1398
vn 0.9813 -0.1784 0.0727
vn 0.9542 -0.0569 0.2937
vn 0.9169 -0.1573 0.3669
vn 0.9005 -0.1114 0.4203
vn 0.9208 -0.2324 0.3134
vn 0.8034 0.4743 0.3599
vn 0.7950 -0.5873 0.1517
vn 0.9024 -0.2029 0.3802
vn 0.8335 -0.5525 0.0080
vn 0.9565 0.0875 -0.2782
vn 0.9400 0.2871 0.1846
vn 0.9461 0.3237 0.0115
vn 0.9891 -0.0190 0.1461
vn 0.9902 -0.0821 0.1134
vn 0.9704 0.2284 0.0791
vn 0.9774 0.2072 -0.0414
vn 0.9837 0.0584 0.1698
vn 0.9364 -0.3016 0.1792
vn 0.8999 -0.2836 0.3312
vn 0.9286 -0.2033 0.3106
vn 0.8457 -0.4713 0.2505
vn 0.5093 0.8220 0.2548
vn 0.6028 0.7968 0.0412
vn 0.6479 0.7362 0.1956
vn 0.4314 0.8997 0.0663
vn 0.6518 -0.3171 0.6889
vn 0.4344 -0.7806 0.4494
vn 0.4880 -0.0625 0.8706
vn 0.6471 -0.4609 0.6073
vn -0.0705 0.9608 0.2680
vn 0.3660 0.7843 0.5010
vn 0.2847 0.7654 0.5772
vn 0.2111 0.9520 0.2216
vn 0.2662 0.9619 -0.0632
vn 0.4717 0.8675 0.1581
vn 0.4075 0.8961 0.1758
vn 0.4145 0.9096 0.0305
vn 0.5948 0.4651 0.6556
vn 0.7647 0.5706 0.2993
vn 0.8195 0.4487 0.3564
vn 0.6184 0.6698 0.4110
vn 0.8307 0.2778 0.4825
vn 0.5998 0.4871 0.6348
vn 0.6090 0.5357 0.5849
vn 0.8002 0.2668 0.5371
vn 0.6651 0.3945 0.6340
vn 0.6105 0.4506 0.6513
vn 0.7086 0.3819 0.5934
vn -0.4142 0.2951 0.8610
vn 0.2175 0.6635 0.7158
vn 0.2648 0.6118 0.7454
vn 0.0499 0.6664 0.7439
vn 0.4266 0.3885 0.8167
vn 0.4240 0.1343 0.8956
vn 0.1536 0.0410 0.9873
vn 0.4695 0.3133 0.8255
vn 0.9107 -0.4128 -0.0156
vn 0.9095 -0.4155 -0.0145
vn 0.9101 -0.4141 -0.0135
vn 0.9098 -0.4147 -0.0163
vn -0.1154 -0.2596 0.9588
vn -0.1048 -0.2610 0.9596
vn -0.1062 -0.2626 0.9591
vn -0.1107 -0.2565 0.9602
vn 0.5754 0.6264 0.5259
vn 0.1198 0.7947 0.5951
vn 0.0805 0.8447 0.5291
vn 0.4182 0.6707 0.6126
vn 0.1425 0.6942 -0.7055
vn -0.2404 0.6917 -0.6810
vn -0.1151 0.6423 -0.7577
vn -0.1662 0.7742 -0.6107
vn 0.4053 -0.6763 0.6150
vn 0.6713 -0.5477 0.4995
vn 0.5970 -0.6505 0.4695
vn 0.4199 -0.6038 0.6775
vn 0.8351 0.1433 -0.5311
vn 0.8558 0.0560 -0.5143
vn 0.8762 0.0905 -0.4734
vn 0.8193 0.1273 -0.5591
vn -0.5900 0.7840 0.1931
vn -0.5257 0.8341 0.1673
vn -0.5761 0.7911 0.2055
vn -0.6115 0.7817 0.1228
vn 0.9208 -0.3353 -0.1991
vn 0.9022 -0.1627 -0.3995
vn 0.8758 -0.2043 -0.4373
vn 0.9530 -0.2490 -0.1725
vn 0.5591 -0.6945 0.4528
vn 0.5687 -0.6963 0.4379
vn 0.5549 -0.6991 0.4509
vn 0.5696 -0.6918 0.4439
vn 0.9685 0.0167 -0.2485
vn 0.5054 -0.8464 0.1678
vn 0.7710 -0.5727 0.2786
vn 0.4442 -0.8959 -0.0000
vn 0.7983 -0.5437 -0.2591
vn 0.9226 -0.3769 0.0826
vn 0.8304 -0.4994 -0.2469
vn 0.8825 -0.4462 0.1487
vn 0.9001 0.1387 -0.4130
vn 0.4393 0.4721 -0.7643
vn 0.8498 0.0467 -0.5250
vn 0.5251 0.5769 -0.6257
vn -0.5236 0.8144 0.2501
vn -0.5773 0.7364 -0.3528
vn -0.4259 0.8947 -0.1348
vn -0.7675 0.6411 -0.0003
vn -0.7440 0.3970 0.5375
vn -0.4520 0.2674 0.8510
vn -0.5738 0.1673 0.8017
vn -0.5362 0.6088 0.5847
vn 0.0667 0.9261 0.3713
vn 0.3987 0.8929 0.2090
vn 0.5198 0.7386 0.4293
vn 0.2453 0.9519 0.1837
vn 0.8775 -0.4779 -0.0409
vn 0.8377 -0.5260 -0.1467
vn 0.8612 -0.5055 -0.0519
vn 0.9079 -0.3769 -0.1834
vn 0.6318 0.7376 0.2383
vn 0.6802 0.6763 0.2828
vn 0.6268 0.7331 0.2641
vn 0.6869 0.6849 0.2431
vn -0.1942 0.8058 -0.5594
vn 0.5882 0.6556 -0.4735
vn 0.0935 0.9685 -0.2310
vn 0.3007 0.7014 -0.6463
vn -0.3654 0.7226 0.5867
vn -0.3232 0.6587 0.6795
vn -0.3937 0.7065 0.5881
vn -0.2795 0.7044 0.6525
vn 0.8411 0.5018 0.2019
vn 0.7787 0.5140 0.3597
vn 0.7781 0.5933 0.2061
vn 0.8344 0.4288 0.3463
vn -0.2644 0.3904 -0.8819
vn -0.6196 0.1562 -0.7692
vn -0.4969 0.0029 -0.8678
vn -0.4616 0.4585 -0.7594
vn 0.4774 -0.3748 0.7947
vn 0.6175 -0.2555 0.7439
vn 0.4850 -0.4997 0.7177
vn 0.5770 -0.1897 0.7944
vn 0.6756 0.6359 0.3732
vn 0.7121 0.6182 0.3327
vn 0.7138 0.5949 0.3696
vn 0.6679 0.6687 0.3267
vn 0.1749 -0.8202 0.5447
vn -0.0939 -0.9141 0.3945
vn 0.1542 -0.7860 0.5987
vn -0.0454 -0.9285 0.3684
vn 0.7824 -0.4577 0.4222
vn 0.5747 -0.7051 0.4153
vn 0.4831 -0.6407 0.5968
vn 0.7694 -0.5401 0.3412
vn 0.9183 -0.0559 0.3919
vn 0.7850 -0.3684 0.4981
vn 0.7076 -0.0189 0.7063
vn 0.8764 -0.3136 0.3654
vn 0.8634 -0.5014 -0.0566
vn 0.9082 -0.3840 -0.1664
vn 0.8318 -0.5244 -0.1822
vn 0.9240 -0.3782 -0.0575
vn -0.4181 0.3943 0.8184
vn -0.0706 0.3956 0.9157
vn -0.1619 0.2913 0.9428
vn -0.3186 0.5140 0.7965
vn 0.1629 0.0443 0.9856
vn 0.3635 0.0211 0.9314
vn 0.3186 -0.0226 0.9476
vn 0.3195 0.0469 0.9464
vn 0.6928 0.4832 0.5353
vn 0.6661 0.4367 0.6047
vn 0.6615 0.4808 0.5755
vn 0.6955 0.4161 0.5858
vn 0.6694 0.3660 0.6465
vn 0.6509 0.4222 0.6310
vn 0.6681 0.4064 0.6233
vn 0.6520 0.3459 0.6747
vn 0.9194 0.0134 0.3931
vn 0.9564 -0.2819 0.0762
vn 0.8683 -0.2879 0.4038
vn 0.9994 -0.0339 0.0046
vn 0.5609 0.1815 0.8077
vn 0.6154 0.0564 0.7862
vn 0.5449 0.0785 0.8348
vn 0.6402 0.1928 0.7436
vn 0.3998 0.1185 0.9089
vn 0.4086 0.1029 0.9069
vn 0.3948 0.1076 0.9125
vn 0.4201 0.1133 0.9004
vn -0.7354 -0.0765 -0.6733
vn -0.7393 -0.0833 -0.6682
vn -0.7365 -0.0832 -0.6713
vn -0.7397 -0.0770 -0.6686
vn -0.4387 -0.0130 -0.8985
vn -0.5099 -0.1036 -0.8540
vn -0.4573 -0.1160 -0.8817
vn -0.5126 0.0103 -0.8586
vn 0.5679 0.0889 0.8183
vn 0.5163 0.0206 0.8562
vn 0.5294 0.0987 0.8426
vn 0.5701 -0.0013 0.8216
vn 0.1482 0.8730 -0.4648
vn 0.0034 0.8400 -0.5426
vn 0.0430 0.8100 -0.5849
vn 0.1419 0.9219 -0.3604
vn 0.4973 0.7891 0.3607
vn 0.4178 0.8835 0.2119
vn 0.4438 0.8697 0.2160
vn 0.4368 0.8511 0.2913
vn 0.4327 0.1440 0.8900
vn 0.3898 0.0751 0.9178
vn 0.4102 0.1477 0.9000
vn 0.4358 0.0801 0.8965
vn 0.0080 0.4186 -0.9081
vn -0.6012 0.1882 -0.7766
vn -0.3567 0.0866 -0.9302
vn -0.4835 0.5527 -0.6788
vn 0.3335 0.2954 0.8953
vn 0.5205 0.2093 0.8278
vn 0.5016 0.1933 0.8432
vn 0.3791 0.3433 0.8593
vn 0.2973 0.9491 0.1040
vn 0.2938 0.9531 0.0724
vn 0.3100 0.9455 0.0996
vn 0.2856 0.9553 0.0765
vn 0.5514 -0.0803 0.8304
vn 0.5081 0.0046 0.8613
vn 0.5532 0.0016 0.8331
vn 0.4860 -0.0684 0.8713
vn -0.4780 -0.0107 -0.8783
vn -0.4751 -0.0067 -0.8799
vn -0.4771 -0.0066 -0.8789
vn -0.4750 -0.0115 -0.8799
vn -0.6234 -0.0783 -0.7780
vn -0.6281 -0.0730 -0.7747
vn -0.6282 -0.0785 -0.7741
vn -0.6236 -0.0728 -0.7783
vn -0.9521 -0.2585 0.1636
vn -0.9498 -0.3115 0.0277
vn -0.9674 -0.2518 0.0282
vn -0.9337 -0.3217 0.1575
vn -0.6137 -0.2864 0.7357
vn -0.5765 -0.2577 0.7754
vn -0.5732 -0.2775 0.7710
vn -0.6181 -0.2636 0.7405
vn 0.6177 0.0112 -0.7863
vn 0.4213 0.2193 -0.8800
vn 0.4316 0.0079 -0.9020
vn 0.5834 0.2059 -0.7856
vn -0.0197 -0.9998 0.0063
vn 0.0146 -0.9907 0.1350
vn 0.0382 -0.9903 0.1333
vn -0.0517 -0.9983 0.0257
vn -0.0019 -1.0000 0.0007
vn 0.1114 -0.9501 0.2914
vn -0.0393 -0.9991 0.0138
vn -0.0004 -1.0000 -0.0000
vn 0.0052 -1.0000 -0.0025
vn -0.0179 -0.9998 0.0102
vn -0.0128 -0.9998 0.0148
vn -0.0006 -1.0000 0.0005
vn 0.0006 -1.0000 0.0046
vn -0.0014 -1.0000 0.0006
vn -0.0196 -0.9947 0.1008
vn -0.1195 -0.9895 -0.0807
vn -0.1425 -0.9881 -0.0577
vn 0.4716 -0.1349 0.8714
vn 0.4833 -0.2125 0.8493
vn 0.4610 -0.1793 0.8691
vn 0.4930 -0.1779 0.8517
vn 0.6750 -0.0593 0.7354
vn 0.5996 0.0142 0.8002
vn 0.6745 0.0703 0.7349
vn 0.5781 -0.0451 0.8147
vn -0.0218 0.9004 -0.4346
vn -0.2371 0.6021 -0.7624
vn 0.0572 0.8402 -0.5392
vn -0.1882 0.7486 -0.6358
vn 0.6280 -0.5081 -0.5894
vn 0.5387 -0.5924 -0.5990
vn 0.5868 -0.5937 -0.5506
vn 0.5840 -0.4378 -0.6835
vn 0.2935 0.0396 -0.9552
vn 0.1664 0.0772 -0.9830
vn 0.2083 0.0318 -0.9776
vn 0.3240 0.0806 -0.9426
vn 0.4659 0.1372 -0.8741
vn 0.4910 0.3271 -0.8074
vn 0.4331 0.2366 -0.8697
vn 0.5358 0.1356 -0.8334
vn 0.7518 -0.0711 0.6556
vn 0.4606 -0.0903 0.8830
vn 0.6775 -0.0597 0.7331
vn 0.7659 -0.0881 0.6369
vn -0.6091 -0.2644 -0.7477
vn -0.4951 -0.2536 -0.8310
vn -0.5645 -0.1336 -0.8146
vn -0.4001 -0.8200 -0.4093
vn -0.4709 -0.0039 -0.8822
vn -0.4270 0.0641 -0.9020
vn -0.4603 0.0557 -0.8860
vn -0.4278 -0.0138 -0.9038
vn 0.5089 -0.0838 0.8567
vn 0.4878 -0.0486 0.8716
vn 0.5102 -0.0427 0.8590
vn 0.4808 -0.0795 0.8732
vn 0.2478 0.9560 0.1568
vn 0.2238 0.9741 0.0310
vn 0.2899 0.9463 0.1428
vn 0.1951 0.9799 0.0428
vn 0.3686 -0.0512 0.9282
vn 0.4176 0.0640 0.9064
vn 0.3904 -0.0803 0.9171
vn 0.3727 0.0599 0.9260
vn 0.5417 0.4142 0.7314
vn 0.3023 0.9279 0.2181
vn 0.3949 0.8883 0.2345
vn 0.3963 0.7623 0.5117
vn 0.0401 0.9523 -0.3026
vn 0.0760 0.9807 -0.1802
vn 0.0124 0.9595 -0.2814
vn 0.1006 0.9750 -0.1981
vn 0.1318 0.9213 -0.3657
vn -0.0713 0.8582 -0.5083
vn -0.0219 0.8274 -0.5612
vn 0.1194 0.9671 -0.2246
vn 0.5272 0.0407 0.8488
vn 0.5098 0.0143 0.8602
vn 0.5130 0.0396 0.8575
vn 0.5276 0.0082 0.8495
vn -0.4482 -0.0088 -0.8939
vn -0.4668 -0.0360 -0.8836
vn -0.4516 -0.0349 -0.8915
vn -0.4671 -0.0037 -0.8842
vn -0.5341 -0.0401 -0.8445
vn -0.5573 -0.1155 -0.8222
vn -0.5395 -0.0724 -0.8389
vn -0.5606 -0.0428 -0.8270
vn 0.7675 -0.0125 -0.6409
vn 0.7568 -0.0385 -0.6525
vn 0.7691 -0.0251 -0.6386
vn 0.7529 -0.0018 -0.6581
vn 0.9424 -0.2648 -0.2043
vn 0.9583 -0.2798 -0.0586
vn 0.9585 -0.2560 -0.1257
vn 0.9243 -0.2955 -0.2416
vn 0.7498 -0.5362 -0.3877
vn 0.9345 -0.2788 -0.2212
vn 0.8004 -0.4337 -0.4139
vn 0.7757 -0.5897 -0.2248
vn 0.5947 -0.1853 -0.7823
vn 0.2867 -0.0449 -0.9570
vn 0.4178 -0.1647 -0.8935
vn 0.7011 -0.0945 -0.7067
vn 0.9124 0.3746 -0.1649
vn 0.9044 0.2952 -0.3081
vn 0.9297 0.3200 -0.1826
vn 0.8500 0.4533 -0.2682
vn 0.9280 -0.1215 0.3521
vn 0.9112 -0.1313 0.3905
vn 0.9189 -0.1170 0.3768
vn 0.9300 -0.1426 0.3388
vn 0.6559 -0.7077 -0.2627
vn 0.4725 -0.8171 -0.3302
vn 0.5958 -0.7669 -0.2386
vn 0.6166 -0.6649 -0.4216
vn 0.9886 0.1411 -0.0527
vn 0.9974 0.0175 0.0697
vn 0.9867 0.1474 0.0689
vn 0.9981 0.0175 -0.0585
vn 0.0154 -0.1170 -0.9930
vn 0.1954 -0.2091 -0.9582
vn 0.1313 -0.1399 -0.9814
vn -0.0564 -0.1428 -0.9881
vn 0.9182 0.1037 0.3823
vn 0.9003 0.0696 0.4297
vn 0.9010 0.1028 0.4214
vn 0.9379 0.0549 0.3424
vn 0.7490 -0.6082 -0.2630
vn 0.8526 -0.4858 -0.1925
vn 0.7862 -0.5529 -0.2761
vn 0.7766 -0.6130 -0.1455
vn 0.2847 -0.2514 -0.9251
vn 0.0586 -0.1807 -0.9818
vn 0.1028 -0.2130 -0.9716
vn 0.5810 -0.1998 -0.7890
vn 0.8214 0.4979 0.2781
vn 0.9947 0.0141 -0.1016
vn 0.9609 0.1137 0.2526
vn 0.2659 0.9567 -0.1185
vn 0.7362 -0.3065 -0.6034
vn 0.5943 -0.4157 -0.6885
vn 0.7011 -0.4221 -0.5747
vn 0.6217 -0.1913 -0.7596
vn 0.3216 0.0622 -0.9448
vn 0.2916 0.0716 -0.9538
vn 0.3053 0.0619 -0.9502
vn 0.3252 0.0725 -0.9429
vn 0.4574 0.2289 -0.8593
vn 0.4353 0.4870 -0.7572
vn 0.4029 0.3341 -0.8521
vn 0.5205 0.2148 -0.8264
vn 0.8083 -0.1302 0.5742
vn 0.9934 -0.0332 -0.1102
vn 0.9450 -0.1509 0.2902
vn 0.7180 -0.0629 0.6932
vn 0.0937 0.9924 0.0796
vn 0.0935 0.9922 0.0830
vn 0.0924 0.9925 0.0802
vn 0.0956 0.9920 0.0823
vn 0.0998 0.9942 -0.0388
vn 0.0097 0.9913 -0.1311
vn 0.1181 0.9704 -0.2108
vn 0.0388 0.9976 -0.0576
vn 0.5189 -0.1218 0.8461
vn 0.4581 0.0248 0.8886
vn 0.5417 0.0044 0.8405
vn 0.4542 -0.1293 0.8815
vn -0.2124 -0.9771 0.0137
vn -0.2134 -0.9770 -0.0026
vn -0.2200 -0.9755 -0.0013
vn -0.2073 -0.9782 0.0084
vn -0.1400 -0.9796 0.1444
vn -0.1187 -0.9798 0.1611
vn -0.1291 -0.9811 0.1438
vn -0.1247 -0.9778 0.1681
vn 0.2196 0.9752 0.0280
vn 0.2228 0.9747 0.0198
vn 0.2266 0.9736 0.0275
vn 0.2167 0.9760 0.0226
vn 0.0577 0.9570 -0.2843
vn 0.0168 0.9978 -0.0644
vn -0.0250 0.9824 -0.1849
vn 0.2110 0.9775 -0.0037
vn -0.5083 0.0276 -0.8608
vn -0.4877 0.0607 -0.8709
vn -0.5008 0.0524 -0.8640
vn -0.4884 0.0289 -0.8721
vn -0.3591 0.1386 -0.9229
vn -0.5054 -0.0336 -0.8622
vn -0.3618 -0.0837 -0.9285
vn -0.4658 0.1281 -0.8756
vn 0.3776 -0.1626 0.9116
vn 0.3777 -0.1629 0.9115
vn 0.3775 -0.1624 0.9117
vn -0.9892 0.0469 0.1392
vn -0.9839 0.0264 0.1770
vn -0.9884 0.0301 0.1487
vn -0.9838 0.0490 0.1722
vn -0.2445 0.7769 0.5802
vn -0.4142 0.7756 0.4763
vn -0.3135 0.8493 0.4247
vn -0.2983 0.7329 0.6115
vn 0.8783 0.0013 0.4782
vn 0.9165 -0.0681 0.3942
vn 0.9046 -0.1227 0.4083
vn 0.8910 0.0232 0.4534
vn 0.9886 0.0695 0.1338
vn 0.9491 0.1796 0.2588
vn 0.9532 0.2784 0.1179
vn 0.9631 0.0711 0.2598
vn 0.9675 0.2230 -0.1188
vn 0.9436 0.3306 0.0208
vn 0.9954 0.0644 -0.0712
vn 0.4471 -0.8030 0.3940
vn 0.4960 -0.7392 0.4557
vn 0.4743 -0.7972 0.3735
vn 0.4429 -0.7770 0.4473
vn 0.4299 -0.8665 0.2538
vn 0.4693 -0.8426 0.2641
vn 0.4587 -0.8565 0.2367
vn 0.4406 -0.8497 0.2897
vn 0.0464 -0.9205 0.3881
vn 0.1989 -0.9627 0.1832
vn -0.0613 -0.9398 0.3363
vn 0.2400 -0.9356 0.2589
vn 0.5199 -0.8264 0.2164
vn 0.5546 -0.8034 0.2167
vn 0.5460 -0.8159 0.1902
vn 0.5292 -0.8132 0.2424
vn 0.5745 0.0738 0.8152
vn 0.5517 0.1176 0.8257
vn 0.5759 0.1150 0.8094
vn 0.5446 0.0771 0.8351
vn 0.6054 -0.7069 0.3659
vn 0.7139 -0.7000 -0.0203
vn 0.7642 -0.5938 0.2518
vn 0.4120 0.1165 0.9037
vn 0.4158 0.1167 0.9019
vn 0.4136 0.1146 0.9032
vn 0.4137 0.1189 0.9026
vn -0.3235 0.6525 0.6852
vn -0.3711 0.6416 0.6713
vn -0.3536 0.6646 0.6583
vn -0.3379 0.6280 0.7011
vn -0.2169 0.4574 0.8624
vn -0.2474 0.3970 0.8838
vn 0.4585 0.0820 0.8849
vn 0.4418 0.0956 0.8920
vn 0.4373 0.0621 0.8972
vn 0.8674 -0.4974 0.0141
vn 0.8557 -0.5120 0.0757
vn 0.8721 -0.4860 0.0561
vn 0.8513 -0.5229 0.0434
vn 0.8658 -0.4012 0.2989
vn 0.9298 -0.3342 -0.1542
vn 0.8674 -0.4974 0.0140
vn 0.9598 -0.2754 0.0537
vn 0.5065 0.1246 0.8532
vn 0.5019 0.1238 0.8560
vn 0.5040 0.1259 0.8545
vn 0.5040 0.1221 0.8550
vn -0.0321 0.4442 0.8954
vn -0.1900 0.5073 0.8406
vn -0.0933 0.3328 0.9384
vn 0.6394 -0.1892 0.7453
vn 0.4072 -0.2860 0.8674
vn 0.4268 -0.1703 0.8881
vn 0.6088 -0.2889 0.7389
vn 0.7169 -0.5798 0.3872
vn 0.4138 -0.6578 0.6294
vn 0.6039 0.0059 0.7970
vn 0.4471 -0.8025 0.3951
vn 0.7409 0.2270 0.6321
vn 0.8036 0.1895 0.5642
vn 0.7922 0.0890 0.6037
vn 0.7614 0.2597 0.5940
vn -0.2750 -0.7870 0.5523
vn -0.2611 -0.8707 0.4168
vn -0.3694 -0.8127 0.4505
vn -0.1717 -0.8299 0.5309
vn 0.7561 0.5607 0.3375
vn 0.7652 0.5533 0.3291
vn 0.7650 0.5480 0.3383
vn 0.7554 0.5680 0.3268
vn -0.4596 -0.8759 0.1466
vn -0.4831 -0.8187 0.3102
vn -0.3929 -0.8800 0.2670
vn -0.5536 -0.8130 0.1802
vn 0.4251 -0.0279 0.9047
vn 0.5496 0.0645 0.8329
vn 0.5301 0.0051 0.8480
vn 0.4332 0.0518 0.8998
vn 0.7657 0.6431 0.0112
vn 0.7973 0.5639 -0.2153
vn 0.8516 0.5241 -0.0088
vn 0.6752 0.6942 -0.2492
vn 0.7959 0.5421 0.2695
vn 0.7742 0.5926 0.2224
vn 0.7952 0.5622 0.2273
vn 0.7575 0.5768 0.3058
vn 0.5791 -0.2407 0.7789
vn 0.3653 -0.3421 0.8657
vn 0.3980 -0.1999 0.8954
vn 0.5994 -0.3731 0.7082
vn 0.6346 0.4779 0.6073
vn 0.6201 0.4956 0.6082
vn 0.6349 0.4924 0.5953
vn 0.6201 0.4761 0.6235
vn 0.6067 0.0355 0.7941
vn 0.6148 0.0246 0.7883
vn 0.6045 0.0289 0.7961
vn 0.6179 0.0349 0.7855
vn 0.5371 -0.1812 0.8238
vn 0.5412 -0.1838 0.8206
vn 0.5359 -0.1839 0.8240
vn 0.5420 -0.1817 0.8205
vn 0.7965 -0.0603 0.6016
vn 0.8330 -0.0554 0.5504
vn 0.8079 -0.0627 0.5859
vn 0.7940 -0.0564 0.6053
vn 0.4508 0.1726 -0.8758
vn 0.4698 0.3945 -0.7897
vn 0.4117 0.2925 -0.8631
vn 0.5264 0.1688 -0.8333
vn 0.2487 0.0374 -0.9679
vn 0.1296 0.0749 -0.9887
vn 0.1682 0.0285 -0.9853
vn 0.2782 0.0810 -0.9571
vn 0.5979 -0.5786 -0.5548
vn 0.5067 -0.6618 -0.5525
vn 0.5509 -0.6598 -0.5111
vn 0.5633 -0.5170 -0.6445
vn -0.0074 0.9108 -0.4128
vn -0.2402 0.5038 -0.8298
vn 0.1441 0.7742 -0.6163
vn -0.4656 0.5505 -0.6929
vn 0.7262 -0.0461 0.6859
vn 0.6412 0.0559 0.7654
vn 0.7240 0.0913 0.6838
vn 0.6024 -0.0235 0.7978
vn -0.7962 -0.2409 0.5550
vn -0.7212 -0.2958 0.6264
vn -0.7817 -0.3034 0.5449
vn -0.7376 -0.2237 0.6371
vn -0.4947 -0.1818 -0.8498
vn -0.6507 0.2095 -0.7299
vn -0.6799 -0.3278 -0.6559
vn -0.4568 0.1275 -0.8804
vn -0.6933 -0.1547 -0.7038
vn -0.7606 -0.0795 -0.6444
vn -0.7491 -0.1897 -0.6347
vn -0.6920 -0.0764 -0.7178
vn 0.4557 0.3016 0.8375
vn 0.4155 0.1510 0.8970
vn 0.4017 0.2612 0.8777
vn 0.4445 0.1659 0.8803
vn 0.4159 0.1467 0.8975
vn 0.4010 0.1154 0.9088
vn 0.3991 0.1494 0.9046
vn 0.4184 0.1206 0.9002
vn -0.6753 0.1311 -0.7258
vn -0.4549 -0.0476 -0.8893
vn -0.4483 0.1762 -0.8764
vn -0.5874 -0.0885 -0.8044
vn 0.4095 -0.0200 0.9121
vn 0.4691 0.1154 0.8756
vn 0.4722 0.0005 0.8815
vn 0.3369 0.0994 0.9363
vn 0.8805 0.0658 0.4694
vn 0.7040 0.2607 0.6607
vn 0.8539 0.2310 0.4664
vn 0.5948 0.0356 0.8031
vn 0.6690 0.3662 0.6467
vn 0.7048 0.2606 0.6598
vn 0.6458 0.2669 0.7154
vn 0.7080 0.2959 0.6413
vn 0.6448 -0.3986 0.6522
vn 0.9669 0.0859 -0.2405
vn 0.6442 -0.7068 0.2921
vn 0.8863 0.0664 0.4584
vn -0.7786 -0.2922 0.5553
vn -0.9697 -0.1025 0.2218
vn -0.8990 -0.1249 0.4198
vn -0.8857 -0.3225 0.3340
vn -0.2194 -0.1506 0.9639
vn -0.2663 -0.1151 0.9570
vn -0.2235 -0.1207 0.9672
vn -0.2644 -0.1524 0.9523
vn -0.5917 -0.1984 -0.7813
vn -0.5857 -0.1794 -0.7904
vn -0.5922 -0.1819 -0.7849
vn -0.5848 -0.2000 -0.7862
vn 0.9486 -0.3041 0.0878
vn 0.9230 -0.3425 0.1756
vn 0.9428 -0.2908 0.1628
vn 0.9240 -0.3686 0.1022
vn 0.1250 -0.2348 -0.9640
vn 0.1079 -0.2697 -0.9569
vn 0.1428 -0.2695 -0.9524
vn 0.1017 -0.2297 -0.9679
vn 0.1953 -0.9073 0.3723
vn 0.2156 -0.9365 0.2765
vn 0.1530 -0.9350 0.3198
vn 0.2537 -0.9033 0.3459
vn 0.7224 -0.4072 0.5588
vn 0.6519 -0.3202 0.6874
vn 0.6926 -0.2380 0.6809
vn 0.6381 -0.5285 0.5600
vn 0.0367 0.0079 0.9993
vn 0.4504 0.2954 0.8426
vn 0.3957 0.0477 0.9171
vn 0.0889 0.2658 0.9599
vn 0.4969 -0.3626 0.7884
vn -0.1284 -0.7311 0.6701
vn -0.0181 -0.2503 0.9680
vn 0.4648 -0.7994 0.3808
vn 0.4266 0.8602 0.2795
vn 0.4975 0.8083 0.3150
vn 0.4560 0.8166 0.3539
vn 0.4721 0.8447 0.2521
vn 0.5836 0.5024 0.6380
vn 0.4730 0.6186 0.6274
vn 0.5742 0.5842 0.5736
vn 0.4734 0.5153 0.7144
vn 0.2829 0.4402 0.8522
vn 0.4658 0.2958 0.8340
vn 0.3543 0.2914 0.8886
vn 0.4899 0.4275 0.7598
vn -0.4922 -0.3658 -0.7899
vn -0.3873 -0.1138 -0.9149
vn -0.4151 -0.0856 -0.9057
vn -0.0985 0.0405 -0.9943
vn -0.3491 0.0599 -0.9352
vt 0.301193 0.105615
vt 0.301193 0.115527
vt 0.297445 0.110434
vt 0.311270 0.103324
vt 0.311527 0.114160
vt 0.308538 0.108726
vt 0.877336 0.139507
vt 0.884143 0.135719
vt 0.884354 0.148802
vt 0.902137 0.149343
vt 0.875345 0.148528
vt 0.341190 0.113505
vt 0.334219 0.113349
vt 0.336839 0.109855
vt 0.295573 0.115109
vt 0.319333 0.113581
vt 0.319333 0.104363
vt 0.322457 0.108652
vt 0.333832 0.105640
vt 0.341190 0.105120
vt 0.305852 0.103324
vt 0.294687 0.106288
vt 0.324913 0.114006
vt 0.305240 0.113721
vt 0.325814 0.103289
vt 0.256927 0.233592
vt 0.317229 0.258938
vt 0.254908 0.289217
vt 0.183470 0.200020
vt 0.258358 0.182745
vt 0.175302 0.258309
vt 0.316102 0.225977
vt 0.281680 0.163444
vt 0.281153 0.154334
vt 0.284368 0.159422
vt 0.289198 0.153739
vt 0.289198 0.164145
vt 0.243571 0.162734
vt 0.243183 0.153589
vt 0.246378 0.158719
vt 0.258992 0.154021
vt 0.272023 0.155752
vt 0.265431 0.158109
vt 0.223650 0.155963
vt 0.236404 0.156200
vt 0.230072 0.159329
vt 0.260079 0.161478
vt 0.211326 0.154912
vt 0.218692 0.153874
vt 0.214604 0.159857
vt 0.223650 0.163258
vt 0.251223 0.153009
vt 0.251223 0.163340
vt 0.271356 0.161478
vt 0.212853 0.165552
vt 0.236847 0.161694
vt 0.218692 0.166032
vt 0.356607 0.113394
vt 0.349654 0.113242
vt 0.352261 0.109742
vt 0.349248 0.105534
vt 0.356607 0.105006
vt 0.331907 0.320560
vt 0.331907 0.309523
vt 0.369015 0.333024
vt 0.331907 0.332588
vt 0.428825 0.105063
vt 0.432572 0.109882
vt 0.428825 0.114975
vt 0.422437 0.115841
vt 0.420027 0.110289
vt 0.423330 0.105039
vt 0.876785 0.157653
vt 0.883348 0.161848
vt 0.389257 0.107852
vt 0.392907 0.112203
vt 0.389413 0.114823
vt 0.434444 0.114557
vt 0.411203 0.115062
vt 0.408462 0.109910
vt 0.411903 0.105871
vt 0.397122 0.115210
vt 0.397642 0.107852
vt 0.417029 0.115523
vt 0.435330 0.105735
vt 0.405607 0.115062
vt 0.417029 0.105108
vt 0.405522 0.104308
vt 0.395643 0.236100
vt 0.392086 0.291648
vt 0.333108 0.255287
vt 0.472089 0.210049
vt 0.399306 0.185368
vt 0.474384 0.268860
vt 0.337527 0.222604
vt 0.440965 0.164767
vt 0.444987 0.162079
vt 0.450075 0.165294
vt 0.450670 0.157248
vt 0.440265 0.157248
vt 0.457721 0.161241
vt 0.461735 0.158434
vt 0.466866 0.161628
vt 0.473758 0.158664
vt 0.480627 0.155350
vt 0.486902 0.158454
vt 0.493151 0.158585
vt 0.499574 0.155219
vt 0.505906 0.158349
vt 0.475701 0.151384
vt 0.511859 0.150417
vt 0.517214 0.152972
vt 0.511859 0.157855
vt 0.493151 0.151290
vt 0.467446 0.153588
vt 0.457114 0.153589
vt 0.486902 0.152690
vt 0.522608 0.150443
vt 0.506349 0.152854
vt 0.523898 0.156158
vt 0.370334 0.107154
vt 0.373986 0.111501
vt 0.370486 0.114107
vt 0.378193 0.114513
vt 0.378722 0.107154
vt 0.294799 0.333024
vt 0.388992 0.078586
vt 0.398530 0.060211
vt 0.396177 0.080164
vt 0.391191 0.057938
vt 0.410191 0.044073
vt 0.410946 0.058616
vt 0.397838 0.086514
vt 0.407061 0.086601
vt 0.411422 0.015444
vt 0.426184 0.017524
vt 0.427721 0.046383
vt 0.395704 0.023843
vt 0.387542 0.049935
vt 0.390354 0.036525
vt 0.388310 0.065948
vt 0.382072 0.064159
vt 0.419322 0.057865
vt 0.408977 0.086891
vt 0.417587 0.086163
vt 0.419986 0.079688
vt 0.428243 0.078644
vt 0.018936 0.786954
vt 0.024413 0.780784
vt 0.037370 0.792655
vt 0.019678 0.779657
vt 0.019745 0.836405
vt 0.023427 0.845267
vt 0.016084 0.838701
vt 0.048543 0.835994
vt 0.119353 0.821850
vt 0.146656 0.865100
vt 0.112695 0.846879
vt 0.166048 0.831295
vt 0.067382 0.838208
vt 0.104797 0.885242
vt 0.084651 0.872854
vt 0.065099 0.817710
vt 0.055345 0.816038
vt 0.124154 0.794674
vt 0.169126 0.741257
vt 0.175350 0.793120
vt 0.129866 0.748868
vt 0.062163 0.727407
vt 0.077979 0.743237
vt 0.062298 0.740499
vt 0.076690 0.729783
vt 0.470186 0.481174
vt 0.400501 0.466603
vt 0.406282 0.414569
vt 0.432707 0.494252
vt 0.270426 0.722153
vt 0.349844 0.663741
vt 0.336511 0.705871
vt 0.249427 0.675025
vt 0.429690 0.557727
vt 0.469081 0.564198
vt 0.169343 0.515042
vt 0.172741 0.433253
vt 0.203887 0.502513
vt 0.148397 0.438538
vt 0.196427 0.413745
vt 0.240023 0.480783
vt 0.092414 0.488609
vt 0.107533 0.442480
vt 0.249004 0.362775
vt 0.309626 0.354347
vt 0.303471 0.387281
vt 0.260949 0.338701
vt 0.288250 0.415919
vt 0.231300 0.382667
vt 0.375643 0.554420
vt 0.199093 0.329435
vt 0.161689 0.348002
vt 0.443942 0.366988
vt 0.475636 0.358468
vt 0.468825 0.386385
vt 0.455172 0.330473
vt 0.498919 0.361427
vt 0.498882 0.393883
vt 0.217691 0.843745
vt 0.184000 0.882299
vt 0.225995 0.798936
vt 0.277495 0.855786
vt 0.284109 0.797634
vt 0.122209 0.911103
vt 0.148259 0.927710
vt 0.124443 0.733870
vt 0.092837 0.728951
vt 0.118211 0.721981
vt 0.095503 0.741205
vt 0.498672 0.624140
vt 0.466939 0.625077
vt 0.467431 0.584179
vt 0.498704 0.578995
vt 0.498722 0.557431
vt 0.365615 0.584524
vt 0.428617 0.583187
vt 0.191383 0.624014
vt 0.149219 0.573951
vt 0.176539 0.551962
vt 0.162298 0.631756
vt 0.068614 0.793452
vt 0.053866 0.791102
vt 0.075815 0.754356
vt 0.096585 0.752919
vt 0.498638 0.688574
vt 0.464509 0.683853
vt 0.787673 0.115243
vt 0.828862 0.144535
vt 0.789972 0.144535
vt 0.830724 0.116813
vt 0.924151 0.095013
vt 0.886119 0.091968
vt 0.423570 0.624846
vt 0.259384 0.580649
vt 0.261096 0.626864
vt 0.012756 0.795637
vt 0.015979 0.797478
vt 0.423084 0.360759
vt 0.444753 0.295981
vt 0.359019 0.628337
vt 0.222102 0.912393
vt 0.212791 0.900145
vt 0.259413 0.904278
vt 0.174043 0.964939
vt 0.157697 0.950960
vt 0.191775 0.673887
vt 0.346009 0.433668
vt 0.305317 0.533502
vt 0.059879 0.515218
vt 0.200068 0.705188
vt 0.158433 0.719515
vt 0.214689 0.737729
vt 0.387006 0.763866
vt 0.350781 0.829140
vt 0.338512 0.785688
vt 0.416279 0.777211
vt 0.498628 0.742997
vt 0.467132 0.747634
vt 0.465597 0.812316
vt 0.498671 0.811339
vt 0.061597 0.529840
vt 0.355651 0.400085
vt 0.431087 0.398201
vt 0.359105 0.366401
vt 0.168996 0.676695
vt 0.037580 0.810745
vt 0.036558 0.825032
vt 0.014185 0.818809
vt 0.014313 0.817292
vt 0.014854 0.835168
vt 0.018185 0.834667
vt 0.016989 0.835219
vt 0.018764 0.834085
vt 0.018673 0.835732
vt 0.017215 0.836531
vt 0.026541 0.778678
vt 0.023979 0.780344
vt 0.024473 0.779642
vt 0.022447 0.779472
vt 0.022968 0.778270
vt 0.022168 0.774135
vt 0.015585 0.798900
vt 0.013705 0.798343
vt 0.014948 0.798461
vt 0.012365 0.799031
vt 0.013789 0.797584
vt 0.015051 0.798028
vt 0.012189 0.818438
vt 0.013465 0.818268
vt 0.010762 0.819630
vt 0.011910 0.817522
vt 0.010668 0.816266
vt 0.013540 0.817681
vt 0.145798 0.705403
vt 0.134774 0.362949
vt 0.107062 0.377049
vt 0.209872 0.321573
vt 0.220678 0.312553
vt 0.073296 0.401146
vt 0.855211 0.116589
vt 0.792492 0.063156
vt 0.839305 0.083058
vt 0.684212 0.019060
vt 0.704921 0.060592
vt 0.672500 0.056136
vt 0.720058 0.019617
vt 0.699040 0.114894
vt 0.655147 0.113326
vt 0.702415 0.144561
vt 0.657478 0.144561
vt 0.413948 0.672275
vt 0.498790 0.481000
vt 0.472196 0.447487
vt 0.498823 0.448883
vt 0.412645 0.366175
vt 0.353236 0.352271
vt 0.806495 0.028997
vt 0.850602 0.048203
vt 0.907946 0.664212
vt 0.919014 0.647040
vt 0.922986 0.650889
vt 0.907946 0.650286
vt 0.135222 0.621810
vt 0.115320 0.610839
vt 0.122267 0.610344
vt 0.124249 0.628557
vt 0.168140 0.164178
vt 0.207818 0.106116
vt 0.176124 0.175785
vt 0.166174 0.156026
vt 0.155385 0.176046
vt 0.157620 0.184239
vt 0.097536 0.704769
vt 0.122208 0.680712
vt 0.130084 0.688590
vt 0.097297 0.697748
vt 0.149871 0.159604
vt 0.147524 0.156277
vt 0.160137 0.159578
vt 0.929508 0.624559
vt 0.933537 0.631472
vt 0.907946 0.623905
vt 0.946732 0.598899
vt 0.907946 0.596672
vt 0.153711 0.171850
vt 0.161049 0.166384
vt 0.129439 0.631928
vt 0.137523 0.628948
vt 0.094989 0.621728
vt 0.094647 0.601063
vt 0.107618 0.590253
vt 0.094394 0.582146
vt 0.050605 0.440813
vt 0.035873 0.454756
vt 0.036731 0.450850
vt 0.051109 0.454404
vt 0.034485 0.449140
vt 0.029020 0.454914
vt 0.112720 0.586167
vt 0.907946 0.684248
vt 0.925359 0.661682
vt 0.928121 0.682037
vt 0.907946 0.672461
vt 0.923167 0.694217
vt 0.907946 0.698075
vt 0.941608 0.620022
vt 0.094322 0.576359
vt 0.094257 0.571175
vt 0.096875 0.684834
vt 0.108994 0.669869
vt 0.743349 0.301750
vt 0.714216 0.302271
vt 0.714777 0.292685
vt 0.728392 0.302799
vt 0.713192 0.319738
vt 0.670869 0.312768
vt 0.631794 0.304422
vt 0.650000 0.310289
vt 0.632001 0.319457
vt 0.631704 0.297894
vt 0.031739 0.430911
vt 0.046857 0.437082
vt 0.101884 0.634642
vt 0.095145 0.629965
vt 0.110387 0.652433
vt 0.095452 0.640176
vt 0.100750 0.637649
vt 0.095952 0.655450
vt 0.076344 0.453822
vt 0.073833 0.432548
vt 0.066185 0.427179
vt 0.498765 0.854936
vt 0.475705 0.894344
vt 0.468157 0.856442
vt 0.498713 0.897884
vt 0.136285 0.169144
vt 0.133758 0.182616
vt 0.128370 0.171189
vt 0.142188 0.174961
vt 0.153514 0.125464
vt 0.143666 0.165143
vt 0.107976 0.173437
vt 0.107126 0.208574
vt 0.498780 0.922867
vt 0.477637 0.916547
vt 0.954585 0.644330
vt 0.942682 0.628300
vt 0.467720 0.893770
vt 0.454211 0.874258
vt 0.470629 0.906663
vt 0.462995 0.911890
vt 0.462605 0.918687
vt 0.429656 0.901457
vt 0.422470 0.907737
vt 0.398236 0.917599
vt 0.454176 0.935474
vt 0.420260 0.868878
vt 0.435378 0.884538
vt 0.418196 0.948255
vt 0.449628 0.981392
vt 0.411668 0.974456
vt 0.449558 0.946849
vt 0.060145 0.978916
vt 0.044810 0.942992
vt 0.068314 0.972343
vt 0.024544 0.957867
vt 0.439647 0.899512
vt 0.459838 0.905345
vt 0.115268 0.967423
vt 0.107043 0.943206
vt 0.127596 0.952511
vt 0.098306 0.970137
vt 0.037075 0.881151
vt 0.021748 0.895758
vt 0.028461 0.878760
vt 0.026874 0.901923
vt 0.140194 0.959515
vt 0.120849 0.972771
vt 0.079332 0.964586
vt 0.093609 0.976761
vt 0.090733 0.976750
vt 0.040809 0.919262
vt 0.073073 0.908743
vt 0.044329 0.925198
vt 0.063209 0.901729
vt 0.020031 0.914516
vt 0.013626 0.913780
vt 0.020752 0.919139
vt 0.019676 0.921740
vt 0.100894 0.985565
vt 0.098228 0.980200
vt 0.071880 0.929719
vt 0.088530 0.980955
vt 0.394229 0.953570
vt 0.398773 0.949138
vt 0.088003 0.985130
vt 0.108177 0.152358
vt 0.115420 0.150139
vt 0.107900 0.149542
vt 0.110175 0.148219
vt 0.145105 0.168961
vt 0.387602 0.706197
vt 0.033275 0.852640
vt 0.038484 0.862197
vt 0.028060 0.856121
vt 0.044988 0.850009
vt 0.014475 0.808193
vt 0.043382 0.767094
vt 0.057014 0.856893
vt 0.014829 0.827488
vt 0.047990 0.867565
vt 0.203059 0.290698
vt 0.192615 0.298930
vt 0.182583 0.304399
vt 0.118149 0.331097
vt 0.089420 0.350810
vt 0.259072 0.109426
vt 0.274085 0.052999
vt 0.267985 0.108973
vt 0.258684 0.058975
vt 0.269528 0.132857
vt 0.278327 0.131991
vt 0.245401 0.139626
vt 0.255292 0.140063
vt 0.245664 0.110720
vt 0.237438 0.107894
vt 0.235678 0.130563
vt 0.243405 0.132566
vt 0.257484 0.140448
vt 0.266711 0.139950
vt 0.234640 0.116611
vt 0.230683 0.098516
vt 0.228057 0.114418
vt 0.241372 0.052437
vt 0.151082 0.322110
vt 0.162777 0.297405
vt 0.130008 0.295047
vt 0.052717 0.270688
vt 0.083208 0.291027
vt 0.059074 0.276448
vt 0.058637 0.265336
vt 0.056376 0.280791
vt 0.048278 0.275983
vt 0.054072 0.273558
vt 0.051757 0.275347
vt 0.055446 0.277747
vt 0.057077 0.275498
vt 0.045017 0.291820
vt 0.053716 0.374020
vt 0.057697 0.344225
vt 0.078405 0.245102
vt 0.071534 0.250532
vt 0.075474 0.242084
vt 0.087384 0.274500
vt 0.063979 0.252868
vt 0.066797 0.256460
vt 0.097098 0.237495
vt 0.116405 0.261733
vt 0.099747 0.266087
vt 0.099072 0.237045
vt 0.123826 0.238254
vt 0.128004 0.232395
vt 0.121299 0.236894
vt 0.079799 0.244444
vt 0.065113 0.258157
vt 0.087743 0.241197
vt 0.078472 0.240104
vt 0.094944 0.233231
vt 0.078436 0.244094
vt 0.078996 0.243872
vt 0.078142 0.242080
vt 0.077465 0.242842
vt 0.097221 0.236320
vt 0.097803 0.236167
vt 0.098936 0.231733
vt 0.097461 0.234164
vt 0.096541 0.234516
vt 0.122492 0.236588
vt 0.123635 0.234475
vt 0.121615 0.231207
vt 0.122334 0.234174
vt 0.121685 0.236247
vt 0.061050 0.255459
vt 0.064936 0.255079
vt 0.063801 0.255770
vt 0.065261 0.256920
vt 0.066032 0.256097
vt 0.108328 0.304309
vt 0.110816 0.235021
vt 0.263057 0.013364
vt 0.243104 0.018179
vt 0.278327 0.020394
vt 0.171219 0.689466
vt 0.845452 0.147620
vt 0.258946 0.956099
vt 0.337392 0.974397
vt 0.262115 0.980149
vt 0.321183 0.955975
vt 0.244617 0.947310
vt 0.234380 0.965370
vt 0.210008 0.941984
vt 0.233803 0.931507
vt 0.384106 0.928767
vt 0.378390 0.971036
vt 0.346902 0.901901
vt 0.288499 0.909806
vt 0.316384 0.877760
vt 0.323080 0.932345
vt 0.957145 0.584780
vt 0.907946 0.579402
vt 0.731145 0.018522
vt 0.773193 0.063089
vt 0.721413 0.061106
vt 0.778576 0.026566
vt 0.770006 0.115302
vt 0.726939 0.115445
vt 0.772300 0.144594
vt 0.733409 0.144594
vt 0.597927 0.110536
vt 0.643127 0.143660
vt 0.599091 0.143660
vt 0.640927 0.112416
vt 0.616085 0.052690
vt 0.658756 0.055372
vt 0.634606 0.018070
vt 0.669739 0.018074
vt 0.571628 0.018142
vt 0.596381 0.047537
vt 0.549695 0.058859
vt 0.605651 0.009383
vt 0.581165 0.106225
vt 0.537895 0.106849
vt 0.582213 0.139352
vt 0.538177 0.139352
vt 0.184830 0.020012
vt 0.156389 0.086920
vt 0.129732 0.134602
vt 0.047865 0.414317
vt 0.107893 0.149543
vt 0.107894 0.149542
vt 0.096380 0.669137
vt 0.416885 0.826918
vt 0.362641 0.859341
vt 0.498942 0.963744
vt 0.475236 0.949744
vt 0.025594 0.851293
vt 0.030107 0.850063
vt 0.027985 0.851410
vt 0.031476 0.848879
vt 0.031143 0.852097
vt 0.028579 0.853642
vt 0.058885 0.750713
vt 0.069589 0.869866
vt 0.055652 0.874707
vt 0.949815 0.692080
vt 0.938485 0.698989
vt 0.961224 0.682348
vt 0.363724 0.296189
vt 0.331907 0.284335
vt 0.111505 0.074161
vt 0.113735 0.014210
vt 0.142951 0.097139
vt 0.377067 0.895130
vt 0.335988 0.080062
vt 0.328754 0.081396
vt 0.327078 0.061375
vt 0.334490 0.059352
vt 0.315970 0.044852
vt 0.314723 0.059360
vt 0.326879 0.087687
vt 0.317658 0.087461
vt 0.315710 0.016197
vt 0.300886 0.017777
vt 0.298372 0.046567
vt 0.331134 0.025124
vt 0.338408 0.051477
vt 0.336051 0.037979
vt 0.337098 0.067455
vt 0.343393 0.065878
vt 0.306377 0.058327
vt 0.315733 0.087687
vt 0.307153 0.086667
vt 0.304974 0.080115
vt 0.296757 0.078791
vt 0.977533 0.787626
vt 0.972080 0.781454
vt 0.976809 0.780339
vt 0.959119 0.793275
vt 0.976615 0.836987
vt 0.972920 0.845825
vt 0.947869 0.836513
vt 0.980264 0.839287
vt 0.877217 0.822237
vt 0.849869 0.865349
vt 0.830585 0.831564
vt 0.883808 0.847236
vt 0.929059 0.838681
vt 0.891607 0.885547
vt 0.911744 0.873226
vt 0.931384 0.818224
vt 0.941124 0.816577
vt 0.872484 0.795099
vt 0.827704 0.741676
vt 0.866883 0.749360
vt 0.821380 0.793438
vt 0.934516 0.728086
vt 0.918692 0.743854
vt 0.920010 0.730425
vt 0.934353 0.741156
vt 0.527392 0.481229
vt 0.597091 0.466802
vt 0.564841 0.494379
vt 0.591422 0.414770
vt 0.726595 0.722399
vt 0.647370 0.663924
vt 0.747656 0.675368
vt 0.660625 0.706030
vt 0.567742 0.557844
vt 0.528349 0.564247
vt 0.828011 0.515702
vt 0.824800 0.433961
vt 0.849115 0.439297
vt 0.793520 0.503105
vt 0.801173 0.414412
vt 0.757457 0.481311
vt 0.904945 0.489462
vt 0.889942 0.443331
vt 0.748743 0.363355
vt 0.688175 0.354791
vt 0.736860 0.339267
vt 0.694251 0.387723
vt 0.709400 0.416380
vt 0.766391 0.383274
vt 0.621771 0.554633
vt 0.798700 0.330148
vt 0.836038 0.348790
vt 0.553877 0.367115
vt 0.522207 0.358522
vt 0.542735 0.330579
vt 0.528953 0.386453
vt 0.779011 0.843885
vt 0.812558 0.882435
vt 0.770811 0.799142
vt 0.719299 0.855783
vt 0.712802 0.797738
vt 0.874170 0.911321
vt 0.848132 0.927839
vt 0.872330 0.734399
vt 0.903892 0.729559
vt 0.901203 0.741786
vt 0.878577 0.722544
vt 0.529967 0.584227
vt 0.530401 0.625118
vt 0.631740 0.584739
vt 0.568771 0.583297
vt 0.805744 0.624535
vt 0.847985 0.574612
vt 0.834785 0.632337
vt 0.820738 0.552578
vt 0.927929 0.794001
vt 0.942656 0.791688
vt 0.920828 0.754958
vt 0.900097 0.753477
vt 0.532766 0.683883
vt 0.787673 0.173827
vt 0.830724 0.172257
vt 0.920810 0.204909
vt 0.882663 0.205638
vt 0.573752 0.624947
vt 0.737897 0.581064
vt 0.736094 0.627237
vt 0.983684 0.796307
vt 0.980462 0.798137
vt 0.574747 0.360936
vt 0.553233 0.296117
vt 0.638257 0.628534
vt 0.774464 0.912389
vt 0.737243 0.904209
vt 0.783784 0.900185
vt 0.822316 0.964940
vt 0.838661 0.951023
vt 0.805240 0.674358
vt 0.651632 0.433994
vt 0.692094 0.533860
vt 0.937394 0.516125
vt 0.796887 0.705597
vt 0.782220 0.738058
vt 0.838428 0.719993
vt 0.610126 0.763893
vt 0.646208 0.829084
vt 0.580882 0.777193
vt 0.658512 0.785732
vt 0.530108 0.747633
vt 0.531706 0.812245
vt 0.935644 0.530732
vt 0.642068 0.400403
vt 0.566658 0.398352
vt 0.638692 0.366725
vt 0.827990 0.677216
vt 0.958870 0.811333
vt 0.959857 0.825596
vt 0.982205 0.819435
vt 0.982081 0.817921
vt 0.981501 0.835763
vt 0.978177 0.835255
vt 0.977600 0.834673
vt 0.979369 0.835809
vt 0.977687 0.836318
vt 0.979141 0.837118
vt 0.969960 0.779348
vt 0.972514 0.781016
vt 0.972022 0.780314
vt 0.974045 0.780149
vt 0.973528 0.778948
vt 0.974336 0.774822
vt 0.980852 0.799558
vt 0.982730 0.799006
vt 0.984066 0.799696
vt 0.981489 0.799121
vt 0.982648 0.798248
vt 0.981387 0.798688
vt 0.984198 0.819068
vt 0.985620 0.820262
vt 0.982925 0.818896
vt 0.984478 0.818155
vt 0.985722 0.816904
vt 0.982852 0.818310
vt 0.851073 0.705931
vt 0.862902 0.363788
vt 0.890564 0.377943
vt 0.787946 0.322266
vt 0.777167 0.313228
vt 0.924253 0.402102
vt 0.853308 0.179186
vt 0.792492 0.225914
vt 0.839305 0.206012
vt 0.684212 0.270062
vt 0.704921 0.228530
vt 0.720058 0.269504
vt 0.672500 0.232986
vt 0.699040 0.174227
vt 0.655147 0.175795
vt 0.583308 0.672364
vt 0.525451 0.447543
vt 0.585171 0.366376
vt 0.644591 0.352613
vt 0.806495 0.260074
vt 0.850602 0.240867
vt 0.896878 0.647040
vt 0.892906 0.650889
vt 0.054338 0.623179
vt 0.074182 0.611441
vt 0.065735 0.629622
vt 0.067172 0.611133
vt 0.048587 0.160771
vt 0.011874 0.099822
vt 0.051034 0.152745
vt 0.039901 0.171852
vt 0.060530 0.173374
vt 0.057772 0.181394
vt 0.071229 0.682389
vt 0.063776 0.690851
vt 0.067080 0.157347
vt 0.056844 0.156670
vt 0.069622 0.154173
vt 0.886383 0.624559
vt 0.882355 0.631472
vt 0.869160 0.598899
vt 0.062474 0.169305
vt 0.055508 0.163400
vt 0.060592 0.633224
vt 0.052248 0.630594
vt 0.081369 0.590588
vt 0.051232 0.468004
vt 0.036910 0.458618
vt 0.034746 0.460429
vt 0.076153 0.586625
vt 0.890532 0.661682
vt 0.887770 0.682037
vt 0.892724 0.694217
vt 0.874284 0.620022
vt 0.083828 0.670676
vt 0.685342 0.298352
vt 0.700075 0.301140
vt 0.592964 0.313841
vt 0.613758 0.310789
vt 0.032843 0.478766
vt 0.047660 0.471904
vt 0.088590 0.634780
vt 0.081372 0.653402
vt 0.089999 0.638360
vt 0.074817 0.475189
vt 0.067425 0.480905
vt 0.521561 0.894453
vt 0.528720 0.863966
vt 0.080042 0.167698
vt 0.081658 0.181389
vt 0.073767 0.173155
vt 0.087838 0.170219
vt 0.065526 0.123150
vt 0.072922 0.163252
vt 0.519860 0.916409
vt 0.861306 0.644330
vt 0.873210 0.628300
vt 0.529420 0.893385
vt 0.543496 0.874672
vt 0.526765 0.906485
vt 0.534397 0.911653
vt 0.534817 0.918423
vt 0.567567 0.901259
vt 0.574726 0.907483
vt 0.598858 0.917257
vt 0.543309 0.935087
vt 0.576833 0.868710
vt 0.561875 0.884594
vt 0.574377 0.946593
vt 0.545435 0.978073
vt 0.544997 0.945734
vt 0.580870 0.971026
vt 0.932830 0.979104
vt 0.949369 0.943718
vt 0.969121 0.959268
vt 0.924888 0.972259
vt 0.557647 0.899324
vt 0.537534 0.905110
vt 0.878126 0.965758
vt 0.887164 0.941833
vt 0.894988 0.969043
vt 0.866309 0.950439
vt 0.959850 0.881541
vt 0.975696 0.895584
vt 0.970797 0.901930
vt 0.968372 0.878840
vt 0.853482 0.957014
vt 0.872369 0.970915
vt 0.914137 0.964135
vt 0.899457 0.975822
vt 0.902332 0.975908
vt 0.957498 0.919763
vt 0.924875 0.910419
vt 0.934478 0.903052
vt 0.954196 0.925823
vt 0.978091 0.914268
vt 0.984465 0.913300
vt 0.977538 0.918914
vt 0.978707 0.921474
vt 0.891880 0.984375
vt 0.894726 0.979102
vt 0.922762 0.929539
vt 0.904392 0.980185
vt 0.596891 0.951219
vt 0.592573 0.947136
vt 0.904779 0.984375
vt 0.101588 0.150520
vt 0.106240 0.149020
vt 0.071237 0.166968
vt 0.609593 0.706288
vt 0.963074 0.853163
vt 0.957852 0.862691
vt 0.951388 0.850510
vt 0.968271 0.856649
vt 0.981939 0.808837
vt 0.953175 0.767746
vt 0.939367 0.857355
vt 0.981543 0.828097
vt 0.948351 0.868029
vt 0.794826 0.291426
vt 0.805244 0.299677
vt 0.815258 0.305166
vt 0.879589 0.331995
vt 0.908255 0.351762
vt 0.466794 0.108845
vt 0.460678 0.050777
vt 0.474970 0.059061
vt 0.458057 0.107022
vt 0.452843 0.130380
vt 0.444283 0.128165
vt 0.475636 0.140795
vt 0.465795 0.139699
vt 0.479841 0.112195
vt 0.488404 0.110674
vt 0.486642 0.133343
vt 0.478698 0.134128
vt 0.463570 0.139741
vt 0.454531 0.137824
vt 0.489822 0.119719
vt 0.496527 0.102452
vt 0.496666 0.118569
vt 0.493085 0.055275
vt 0.846698 0.322938
vt 0.835067 0.298221
vt 0.867821 0.295940
vt 0.945118 0.271774
vt 0.914600 0.292031
vt 0.939214 0.266413
vt 0.938752 0.277516
vt 0.941439 0.281863
vt 0.949542 0.277076
vt 0.943758 0.274639
vt 0.946067 0.276433
vt 0.942375 0.278823
vt 0.940750 0.276572
vt 0.952765 0.292911
vt 0.943882 0.375039
vt 0.939972 0.345254
vt 0.919505 0.246146
vt 0.926359 0.251588
vt 0.910465 0.275505
vt 0.922442 0.243136
vt 0.933905 0.253940
vt 0.931080 0.257523
vt 0.900842 0.238501
vt 0.881492 0.262679
vt 0.898870 0.238046
vt 0.898128 0.267068
vt 0.874130 0.239198
vt 0.869967 0.233333
vt 0.876658 0.237844
vt 0.918114 0.245485
vt 0.932759 0.259223
vt 0.910182 0.242222
vt 0.919450 0.241151
vt 0.903004 0.234245
vt 0.919477 0.245138
vt 0.918918 0.244915
vt 0.919776 0.243126
vt 0.920450 0.243890
vt 0.900722 0.237327
vt 0.900141 0.237172
vt 0.899018 0.232738
vt 0.900486 0.235171
vt 0.901405 0.235525
vt 0.875466 0.237536
vt 0.874329 0.235421
vt 0.876355 0.232160
vt 0.875630 0.235124
vt 0.876273 0.237197
vt 0.936825 0.256536
vt 0.932943 0.256147
vt 0.934076 0.256841
vt 0.932614 0.257987
vt 0.931846 0.257163
vt 0.889466 0.305246
vt 0.887138 0.235997
vt 0.477696 0.013321
vt 0.496666 0.021161
vt 0.461523 0.017908
vt 0.825730 0.689962
vt 0.733428 0.961895
vt 0.655928 0.972333
vt 0.673293 0.956026
vt 0.728144 0.984844
vt 0.748087 0.954725
vt 0.756313 0.973124
vt 0.782026 0.952775
vt 0.759998 0.940452
vt 0.614998 0.923921
vt 0.616617 0.965298
vt 0.649975 0.901663
vt 0.708211 0.909662
vt 0.673676 0.932074
vt 0.680455 0.877640
vt 0.858747 0.584780
vt 0.731145 0.270665
vt 0.773193 0.226098
vt 0.778576 0.262622
vt 0.721413 0.228082
vt 0.770006 0.173886
vt 0.726939 0.173742
vt 0.597927 0.176784
vt 0.640927 0.174904
vt 0.616085 0.234630
vt 0.658756 0.231948
vt 0.634606 0.269250
vt 0.669739 0.269246
vt 0.571628 0.260563
vt 0.596381 0.231168
vt 0.605651 0.269322
vt 0.549695 0.219846
vt 0.581165 0.172480
vt 0.537895 0.171855
vt 0.041483 0.014210
vt 0.065131 0.083456
vt 0.089678 0.134659
vt 0.049717 0.494598
vt 0.107888 0.149543
vt 0.580229 0.826805
vt 0.634338 0.859205
vt 0.522491 0.949496
vt 0.970744 0.851835
vt 0.966242 0.850598
vt 0.964877 0.849413
vt 0.968356 0.851947
vt 0.965203 0.852625
vt 0.967758 0.854174
vt 0.937736 0.751359
vt 0.926785 0.870277
vt 0.940687 0.875141
vt 0.866076 0.692080
vt 0.877406 0.698989
vt 0.854667 0.682348
vt 0.300090 0.296189
vt 0.078039 0.094678
vt 0.619918 0.894865
s 1
usemtl Racoon.002
f 1/1/1 3/2/1 2/3/1
f 4/4/2 6/5/2 5/6/2
f 7/7/3 9/8/3 8/9/3
f 9/8/4 10/10/4 8/9/4
f 11/11/5 7/7/5 8/9/5
f 12/12/6 14/13/6 13/14/6
f 3/2/7 15/15/7 2/3/7
f 16/16/8 18/17/8 17/18/8
f 19/19/9 20/20/9 13/14/9
f 21/21/10 4/4/10 5/6/10
f 15/15/11 22/22/11 2/3/11
f 23/23/12 16/16/12 17/18/12
f 20/20/13 12/12/13 13/14/13
f 6/5/14 24/24/14 5/6/14
f 22/22/15 1/1/15 2/3/15
f 18/17/16 25/25/16 17/18/16
f 24/24/17 21/21/17 5/6/17
f 25/25/18 23/23/18 17/18/18
f 14/13/19 19/19/19 13/14/19
f 26/26/20 28/27/20 27/28/20
f 29/29/21 30/30/21 26/26/21
f 31/31/22 29/29/22 26/26/22
f 32/32/23 28/27/23 26/26/23
f 27/28/24 31/31/24 26/26/24
f 30/30/25 32/32/25 26/26/25
f 33/33/26 35/34/26 34/35/26
f 36/36/27 37/37/27 34/35/27
f 35/34/28 36/36/28 34/35/28
f 37/37/29 33/33/29 34/35/29
f 38/38/30 40/39/30 39/40/30
f 41/41/31 43/42/31 42/43/31
f 44/44/32 46/45/32 45/46/32
f 47/47/33 41/41/33 42/43/33
f 48/48/34 50/49/34 49/50/34
f 51/51/35 44/44/35 45/46/35
f 52/52/36 53/53/36 39/40/36
f 43/42/37 54/54/37 42/43/37
f 55/55/38 48/48/38 49/50/38
f 46/45/39 56/56/39 45/46/39
f 40/39/40 52/52/40 39/40/40
f 54/54/41 47/47/41 42/43/41
f 57/57/42 55/55/42 49/50/42
f 53/53/43 38/38/43 39/40/43
f 56/56/44 51/51/44 45/46/44
f 50/49/45 57/57/45 49/50/45
f 58/58/6 60/59/6 59/60/6
f 61/61/46 62/62/46 59/60/46
f 62/62/47 58/58/47 59/60/47
f 60/59/19 61/61/19 59/60/19
f 63/63/48 65/64/48 64/65/48
f 66/66/49 63/63/49 64/65/49
f 67/67/50 69/68/50 68/69/50
f 70/70/51 72/71/51 71/72/51
f 73/73/52 8/9/52 74/74/52
f 74/74/53 8/9/53 10/10/53
f 11/11/54 8/9/54 73/73/54
f 75/75/55 77/76/55 76/77/55
f 68/69/56 69/68/56 78/78/56
f 79/79/57 81/80/57 80/81/57
f 82/82/58 77/76/58 83/83/58
f 84/84/59 72/71/59 70/70/59
f 78/78/60 69/68/60 85/85/60
f 86/86/61 81/80/61 79/79/61
f 83/83/62 77/76/62 75/75/62
f 71/72/63 72/71/63 87/87/63
f 85/85/64 69/68/64 67/67/64
f 80/81/65 81/80/65 88/88/65
f 87/87/66 72/71/66 84/84/66
f 88/88/67 81/80/67 86/86/67
f 76/77/68 77/76/68 82/82/68
f 89/89/69 91/90/69 90/91/69
f 92/92/70 89/89/70 93/93/70
f 94/94/71 89/89/71 92/92/71
f 95/95/72 89/89/72 90/91/72
f 91/90/73 89/89/73 94/94/73
f 93/93/74 89/89/74 95/95/74
f 96/96/75 98/97/75 97/98/75
f 99/99/76 98/97/76 100/100/76
f 97/98/77 98/97/77 99/99/77
f 100/100/78 98/97/78 96/96/78
f 101/101/79 103/102/79 102/103/79
f 104/104/80 106/105/80 105/106/80
f 107/107/81 109/108/81 108/109/81
f 110/110/82 106/105/82 104/104/82
f 111/111/83 113/112/83 112/113/83
f 114/114/84 109/108/84 107/107/84
f 115/115/85 103/102/85 116/116/85
f 105/106/86 106/105/86 117/117/86
f 118/118/87 113/112/87 111/111/87
f 108/109/88 109/108/88 119/119/88
f 102/103/89 103/102/89 115/115/89
f 117/117/90 106/105/90 110/110/90
f 120/120/91 113/112/91 118/118/91
f 116/116/92 103/102/92 101/101/92
f 119/119/93 109/108/93 114/114/93
f 112/113/94 113/112/94 120/120/94
f 121/121/95 123/122/95 122/123/95
f 124/124/58 123/122/58 125/125/58
f 125/125/96 123/122/96 121/121/96
f 122/123/97 123/122/97 124/124/97
f 63/63/98 126/126/98 65/64/98
f 66/66/99 126/126/99 63/63/99
f 127/127/100 129/128/100 128/129/100
f 127/127/100 130/130/100 129/128/100
f 129/128/100 130/130/100 131/131/100
f 129/128/100 131/131/100 132/132/100
f 133/133/100 129/128/100 132/132/100
f 133/133/100 132/132/100 134/134/100
f 135/135/100 131/131/100 130/130/100
f 136/136/100 131/131/100 135/135/100
f 136/136/100 137/137/100 131/131/100
f 132/132/100 131/131/100 137/137/100
f 135/135/100 130/130/100 138/138/100
f 139/139/100 138/138/100 130/130/100
f 139/139/100 140/140/100 138/138/100
f 141/141/100 139/139/100 130/130/100
f 141/141/100 142/142/100 139/139/100
f 132/132/100 137/137/100 143/143/100
f 143/143/100 144/144/100 132/132/100
f 143/143/100 145/145/100 144/144/100
f 146/146/100 143/143/100 137/137/100
f 146/146/100 137/137/100 147/147/100
f 143/148/101 149/149/102 148/150/103
f 143/148/101 146/151/104 149/149/102
f 150/152/105 130/153/106 127/154/107
f 150/152/105 151/155/108 130/153/106
f 152/156/109 154/157/110 153/158/111
f 152/156/109 155/159/112 154/157/110
f 156/160/113 158/161/114 157/162/115
f 156/160/113 153/158/116 158/161/114
f 159/163/117 151/155/118 160/164/119
f 159/163/117 156/160/120 151/155/118
f 161/165/121 163/166/122 162/167/123
f 161/165/121 164/168/124 163/166/122
f 138/169/125 165/170/126 135/171/127
f 138/169/125 166/172/128 165/170/126
f 167/173/129 169/174/130 168/175/131
f 167/173/129 170/176/132 169/174/130
f 171/177/133 173/178/134 172/179/135
f 171/177/133 174/180/136 173/178/134
f 167/173/137 175/181/138 170/176/139
f 167/173/137 176/182/140 175/181/138
f 177/183/141 179/184/142 178/185/143
f 177/183/141 180/186/144 179/184/142
f 178/185/145 182/187/146 181/188/147
f 178/185/145 179/184/148 182/187/146
f 183/189/149 180/186/150 177/183/151
f 183/189/149 184/190/152 180/186/150
f 185/191/153 183/192/154 186/193/155
f 185/191/153 184/194/156 183/192/154
f 187/195/157 185/191/158 186/193/159
f 187/195/157 188/196/160 185/191/158
f 169/174/161 175/181/162 189/197/163
f 169/174/161 170/176/164 175/181/162
f 182/187/165 190/198/166 188/196/167
f 182/187/165 191/199/168 190/198/166
f 192/200/169 194/201/170 193/202/171
f 192/200/169 195/203/172 194/201/170
f 193/202/173 197/204/174 196/205/175
f 193/202/173 194/201/176 197/204/174
f 198/206/177 154/157/178 155/159/179
f 198/206/177 199/207/180 154/157/178
f 200/208/181 201/209/182 198/206/183
f 200/208/181 202/210/184 201/209/182
f 199/207/185 203/211/186 154/157/187
f 199/207/185 204/212/188 203/211/186
f 161/165/189 155/159/190 152/156/191
f 161/165/189 162/167/192 155/159/190
f 205/213/193 157/214/194 158/215/195
f 205/213/193 206/216/196 157/214/194
f 207/217/197 209/218/198 208/219/199
f 207/217/197 208/219/199 210/220/200
f 211/221/201 210/220/200 208/219/202
f 211/221/201 208/219/202 176/182/203
f 212/222/204 175/181/205 213/223/206
f 212/222/204 189/197/207 175/181/205
f 214/224/208 216/225/209 215/226/210
f 214/224/208 217/227/211 216/225/209
f 218/228/212 160/164/213 219/229/214
f 218/228/212 159/163/215 160/164/213
f 220/230/216 206/216/217 221/231/218
f 220/230/216 165/170/219 206/216/217
f 166/172/220 206/216/221 165/170/222
f 166/172/220 157/214/223 206/216/221
f 209/218/224 223/232/225 222/233/226
f 209/218/224 207/217/227 223/232/225
f 224/234/228 226/235/229 225/236/230
f 224/234/228 227/237/231 226/235/229
f 228/238/232 9/8/233 229/239/234
f 228/238/232 10/10/235 9/8/233
f 230/240/236 208/219/237 209/218/238
f 230/240/236 213/223/239 208/219/237
f 214/224/240 232/241/241 231/242/242
f 214/224/240 215/226/243 232/241/241
f 148/150/244 145/243/245 143/148/246
f 148/150/244 233/244/247 145/243/245
f 234/245/248 195/203/249 192/200/250
f 234/245/248 235/246/251 195/203/249
f 236/247/252 213/223/253 230/240/254
f 236/247/252 212/222/255 213/223/253
f 201/209/256 238/248/257 237/249/258
f 201/209/256 239/250/259 238/248/257
f 237/249/260 241/251/261 240/252/262
f 237/249/260 238/248/263 241/251/261
f 174/180/264 214/224/265 231/242/266
f 174/180/264 240/253/267 214/224/265
f 181/188/268 243/254/269 242/255/270
f 181/188/268 187/195/271 243/254/269
f 183/189/272 215/226/273 244/256/274
f 183/189/272 177/183/275 215/226/273
f 178/185/276 242/255/277 232/241/278
f 178/185/276 181/188/279 242/255/277
f 169/174/280 242/255/281 243/254/282
f 169/174/280 189/197/283 242/255/281
f 177/183/284 232/241/285 215/226/286
f 177/183/284 178/185/287 232/241/285
f 176/182/288 213/223/289 175/181/290
f 176/182/288 208/219/291 213/223/289
f 245/257/292 163/166/293 246/258/294
f 245/257/292 247/259/295 163/166/293
f 247/259/296 162/167/297 163/166/298
f 247/259/296 200/208/299 162/167/297
f 171/177/300 200/208/301 247/259/296
f 171/177/300 202/210/302 200/208/301
f 232/241/303 189/197/304 212/222/305
f 232/241/303 242/255/306 189/197/304
f 248/260/307 250/261/308 249/262/309
f 248/260/307 251/263/310 250/261/308
f 252/264/311 222/233/312 223/232/313
f 252/264/311 253/265/314 222/233/312
f 252/264/315 254/266/316 253/265/317
f 252/264/315 255/267/318 254/266/316
f 216/225/319 244/256/320 215/226/321
f 216/225/319 256/268/322 244/256/320
f 257/269/323 258/270/324 168/175/325
f 257/269/323 244/271/326 258/270/324
f 243/254/327 168/175/328 169/174/329
f 243/254/327 257/269/330 168/175/328
f 187/195/331 257/269/332 243/254/333
f 187/195/331 186/193/334 257/269/332
f 214/224/335 241/272/336 217/227/337
f 214/224/335 240/253/338 241/272/336
f 257/269/339 183/192/340 244/271/341
f 257/269/339 186/193/342 183/192/340
f 151/155/343 259/273/344 160/164/345
f 151/155/343 260/274/346 259/273/344
f 261/275/347 259/273/348 260/274/346
f 261/275/347 262/276/349 259/273/348
f 219/229/350 259/273/351 148/150/352
f 219/229/350 160/164/353 259/273/351
f 128/277/354 19/278/355 14/279/356
f 128/277/354 263/280/357 19/278/355
f 263/280/358 20/281/359 19/278/360
f 263/280/358 150/152/361 20/281/359
f 150/152/362 12/282/363 20/281/364
f 150/152/362 127/154/365 12/282/363
f 127/154/366 14/279/367 12/282/368
f 127/154/366 128/277/369 14/279/367
f 264/283/370 15/284/371 3/285/372
f 264/283/370 149/149/373 15/284/371
f 149/149/374 22/286/375 15/284/376
f 149/149/374 146/151/377 22/286/375
f 146/151/378 1/287/379 22/286/380
f 146/151/378 147/288/381 1/287/379
f 147/288/382 3/285/383 1/287/384
f 147/288/382 264/283/385 3/285/383
f 265/289/386 6/290/387 4/291/388
f 265/289/386 144/292/389 6/290/387
f 144/292/390 24/293/391 6/290/392
f 144/292/390 145/243/393 24/293/391
f 145/243/394 21/294/395 24/293/396
f 145/243/394 233/244/397 21/294/395
f 233/244/398 4/291/399 21/294/400
f 233/244/398 265/289/401 4/291/399
f 261/275/402 18/295/403 16/296/404
f 261/275/402 133/297/405 18/295/403
f 133/297/406 25/298/407 18/295/408
f 133/297/406 134/299/409 25/298/407
f 134/299/410 23/300/411 25/298/412
f 134/299/410 262/276/413 23/300/411
f 262/276/414 16/296/415 23/300/416
f 262/276/414 261/275/417 16/296/415
f 163/166/418 205/213/419 246/258/420
f 163/166/418 164/168/421 205/213/419
f 164/168/422 206/216/217 205/213/423
f 164/168/422 221/231/218 206/216/217
f 218/228/424 152/156/425 159/163/426
f 218/228/424 161/165/427 152/156/425
f 203/211/428 153/158/429 154/157/430
f 203/211/428 158/161/431 153/158/429
f 246/258/432 158/215/433 203/301/434
f 246/258/432 205/213/435 158/215/433
f 218/228/436 164/168/437 161/165/438
f 218/228/436 221/231/439 164/168/437
f 159/163/440 153/158/441 156/160/442
f 159/163/440 152/156/443 153/158/441
f 180/186/444 266/302/445 179/184/446
f 180/186/444 267/303/447 266/302/445
f 188/196/448 268/304/449 185/191/450
f 188/196/448 190/198/451 268/304/449
f 185/191/452 269/305/453 184/194/454
f 185/191/452 268/304/455 269/305/453
f 179/184/456 191/199/457 182/187/458
f 179/184/456 266/302/459 191/199/457
f 184/190/460 267/303/461 180/186/462
f 184/190/460 269/306/463 267/303/461
f 229/239/464 7/7/465 227/307/466
f 229/239/464 9/8/467 7/7/465
f 270/308/468 227/237/469 224/234/470
f 270/308/468 229/309/471 227/237/469
f 271/310/472 273/311/473 272/312/474
f 271/310/472 274/313/475 273/311/473
f 272/312/476 276/314/477 275/315/478
f 272/312/476 273/311/479 276/314/477
f 275/315/480 278/316/481 277/317/482
f 275/315/480 276/314/483 278/316/481
f 230/240/484 222/233/485 279/318/486
f 230/240/484 209/218/487 222/233/485
f 280/319/488 282/320/489 281/321/490
f 280/319/488 167/173/491 282/320/489
f 280/319/492 176/182/493 167/173/494
f 280/319/492 211/221/495 176/182/493
f 167/173/496 258/270/497 282/320/498
f 167/173/496 168/175/499 258/270/497
f 283/322/500 244/271/501 256/323/502
f 283/322/500 258/270/503 244/271/501
f 284/324/504 229/309/505 270/308/506
f 284/324/504 228/325/507 229/309/505
f 285/326/508 287/327/509 286/328/510
f 285/326/508 288/329/511 287/327/509
f 289/330/512 291/331/513 290/332/514
f 289/330/512 292/333/515 291/331/513
f 293/334/516 295/335/517 294/336/518
f 293/334/516 296/337/519 295/335/517
f 297/338/520 293/334/516 294/336/521
f 297/338/520 294/336/521 298/339/522
f 299/340/523 301/341/524 300/342/525
f 299/340/523 302/343/526 301/341/524
f 296/337/527 27/344/528 303/345/529
f 296/337/527 31/346/530 27/344/528
f 286/328/531 304/347/532 290/348/533
f 286/328/531 287/327/534 304/347/532
f 287/327/535 305/349/536 304/347/537
f 287/327/535 288/329/538 305/349/536
f 305/349/539 306/350/540 304/347/541
f 305/349/539 307/351/542 306/350/540
f 30/352/543 293/334/544 297/338/545
f 30/352/543 29/353/546 293/334/544
f 289/330/547 308/354/548 292/333/549
f 289/330/547 309/355/550 308/354/548
f 291/331/551 292/333/552 310/356/553
f 291/331/551 310/356/553 311/357/554
f 312/358/555 311/357/554 313/359/556
f 312/358/555 291/331/557 311/357/554
f 314/360/558 316/361/559 315/362/560
f 314/360/558 317/363/561 316/361/559
f 318/364/562 316/361/563 319/365/564
f 318/364/562 315/362/565 316/361/563
f 312/358/566 290/332/567 291/331/568
f 312/358/566 286/366/569 290/332/567
f 320/367/570 300/368/571 321/369/572
f 320/367/570 299/370/573 300/368/571
f 322/371/574 320/367/575 321/369/576
f 322/371/574 323/372/577 320/367/575
f 306/350/578 290/348/579 304/347/580
f 306/350/578 289/373/581 290/348/579
f 324/374/582 286/366/583 312/358/584
f 324/374/582 285/375/585 286/366/583
f 325/376/586 301/341/587 302/343/588
f 325/376/586 326/377/589 301/341/587
f 326/378/590 328/379/591 327/380/592
f 326/378/593 328/379/594 329/381/595
f 326/378/596 325/382/597 328/379/598
f 312/383/599 331/384/600 330/385/601
f 312/383/599 313/386/602 331/384/600
f 324/387/603 330/385/604 331/384/605
f 324/387/603 312/383/606 330/385/604
f 332/388/607 318/364/608 319/365/609
f 332/388/607 333/389/610 318/364/608
f 333/389/611 315/362/612 318/364/613
f 333/389/611 314/360/614 315/362/612
f 310/356/615 335/390/616 334/391/617
f 310/356/615 292/333/618 335/390/616
f 336/392/619 338/393/620 337/394/621
f 336/392/619 339/395/622 338/393/620
f 338/396/623 314/360/624 337/397/625
f 338/396/623 317/363/626 314/360/624
f 337/397/627 333/389/628 335/398/629
f 337/397/627 314/360/630 333/389/628
f 340/399/631 342/400/632 341/401/633
f 340/399/631 343/402/634 342/400/632
f 296/337/635 29/353/636 31/346/637
f 296/337/635 293/334/638 29/353/636
f 344/403/639 346/404/640 345/405/641
f 344/403/639 347/406/642 346/404/640
f 348/407/643 344/403/639 345/405/644
f 348/407/643 303/345/645 344/403/639
f 28/408/646 303/345/647 27/344/648
f 28/408/646 344/403/649 303/345/647
f 346/404/650 349/409/651 345/405/652
f 346/404/650 350/410/653 349/409/651
f 347/406/654 298/339/655 346/404/656
f 347/406/654 297/338/657 298/339/655
f 303/345/658 295/335/659 296/337/660
f 303/345/658 348/407/661 295/335/659
f 342/400/662 352/411/663 351/412/664
f 342/400/662 343/402/665 352/411/663
f 353/413/666 289/373/667 306/350/668
f 353/413/666 309/414/669 289/373/667
f 354/415/670 341/401/671 342/400/672
f 354/415/670 355/416/673 341/401/671
f 356/417/674 342/400/675 351/412/676
f 356/417/674 354/415/677 342/400/675
f 357/418/678 351/412/679 358/419/680
f 357/418/678 356/417/681 351/412/679
f 359/420/682 358/419/683 360/421/684
f 359/420/682 357/418/685 358/419/683
f 358/419/686 361/422/687 360/421/688
f 358/419/686 362/423/689 361/422/687
f 355/416/690 363/424/691 341/401/692
f 355/416/690 364/425/693 363/424/691
f 364/425/694 360/421/695 363/424/696
f 364/425/694 359/420/697 360/421/695
f 365/426/698 367/427/699 366/428/700
f 365/426/698 368/429/701 367/427/699
f 369/430/702 364/431/703 370/432/704
f 369/430/702 359/433/705 364/431/703
f 367/434/706 357/418/707 359/420/708
f 367/434/706 368/435/709 357/418/707
f 371/436/710 354/437/711 356/438/712
f 371/436/710 372/439/713 354/437/711
f 368/440/714 373/441/715 357/442/716
f 368/440/714 365/443/717 373/441/715
f 357/444/718 371/436/719 356/438/720
f 357/444/718 373/445/721 371/436/719
f 374/446/722 376/447/723 375/448/724
f 374/446/722 372/439/725 376/447/723
f 366/449/726 359/450/727 369/451/728
f 366/449/726 367/452/729 359/450/727
f 373/441/730 378/453/731 377/454/732
f 373/441/730 365/443/733 378/453/731
f 379/455/734 377/454/735 378/453/736
f 379/455/734 380/456/737 377/454/735
f 366/449/738 380/456/739 379/455/740
f 366/449/738 369/451/741 380/456/739
f 371/436/742 377/457/743 381/458/744
f 371/436/742 373/445/745 377/457/743
f 374/446/746 354/437/747 372/439/748
f 374/446/746 355/459/749 354/437/747
f 370/432/750 355/459/751 374/446/752
f 370/432/750 364/431/753 355/459/751
f 375/448/754 381/458/755 382/460/756
f 375/448/754 376/447/757 381/458/755
f 365/426/758 379/461/759 378/462/760
f 365/426/758 366/428/761 379/461/759
f 381/458/762 380/463/763 382/460/764
f 381/458/762 377/457/765 380/463/763
f 381/458/766 372/439/767 371/436/768
f 381/458/766 376/447/769 372/439/767
f 370/432/770 375/448/771 382/460/772
f 370/432/770 374/446/773 375/448/771
f 345/405/774 384/464/775 383/465/776
f 345/405/774 349/409/777 384/464/775
f 326/377/778 308/354/779 301/341/780
f 326/377/778 336/392/781 308/354/779
f 321/369/782 309/414/783 353/413/784
f 321/369/782 300/368/785 309/414/783
f 383/465/786 386/466/787 385/467/788
f 383/465/786 384/464/789 386/466/787
f 300/342/790 308/354/791 309/355/792
f 300/342/790 301/341/793 308/354/791
f 32/468/794 297/338/795 347/406/796
f 32/468/794 30/352/797 297/338/795
f 28/408/798 347/406/799 344/403/800
f 28/408/798 32/468/801 347/406/799
f 283/322/802 192/200/803 258/270/804
f 283/322/802 234/245/805 192/200/803
f 282/320/806 196/205/807 281/321/808
f 282/320/806 193/202/809 196/205/807
f 258/270/810 193/202/811 282/320/812
f 258/270/810 192/200/813 193/202/811
f 253/265/814 279/318/815 222/233/816
f 253/265/814 251/263/817 279/318/815
f 279/318/818 248/260/819 387/469/820
f 279/318/818 251/263/821 248/260/819
f 249/262/822 201/209/823 202/210/824
f 249/262/822 250/261/825 201/209/823
f 249/262/826 387/469/827 248/260/828
f 249/262/826 172/179/829 387/469/827
f 172/179/830 279/318/831 387/469/832
f 172/179/830 173/178/833 279/318/831
f 388/470/834 139/471/835 142/472/836
f 388/470/834 389/473/837 139/471/835
f 265/289/838 132/474/839 144/292/840
f 265/289/838 259/273/841 132/474/839
f 132/474/842 262/276/843 134/299/844
f 132/474/842 259/273/845 262/276/843
f 151/155/846 263/280/847 260/274/848
f 151/155/846 150/152/849 263/280/847
f 148/150/850 264/283/851 219/229/852
f 148/150/850 149/149/853 264/283/851
f 137/475/854 264/283/855 147/288/856
f 137/475/854 219/229/857 264/283/855
f 151/155/858 390/476/859 389/473/860
f 151/155/858 156/160/861 390/476/859
f 380/463/862 370/432/863 382/460/864
f 380/463/862 369/430/865 370/432/863
f 265/289/866 148/150/867 259/273/868
f 265/289/866 233/244/869 148/150/867
f 128/277/870 260/274/871 263/280/872
f 128/277/870 129/477/873 260/274/871
f 261/275/874 129/477/875 133/297/876
f 261/275/874 260/274/877 129/477/875
f 139/471/878 390/476/879 140/478/880
f 139/471/878 389/473/881 390/476/879
f 391/479/882 268/304/883 392/480/884
f 391/479/882 269/305/885 268/304/883
f 392/480/886 190/198/887 393/481/888
f 392/480/886 268/304/889 190/198/887
f 394/482/890 267/303/891 395/483/892
f 394/482/890 266/302/893 267/303/891
f 396/484/894 398/485/895 397/486/896
f 396/484/894 399/487/897 398/485/895
f 400/488/898 398/485/895 401/489/899
f 400/488/898 397/486/900 398/485/895
f 402/490/901 396/484/902 403/491/903
f 402/490/901 404/492/904 396/484/902
f 404/492/904 399/487/905 396/484/902
f 404/492/904 405/493/906 399/487/905
f 406/494/100 405/493/906 404/492/904
f 406/494/100 404/492/904 407/495/907
f 397/486/908 408/496/909 396/484/902
f 397/486/908 409/497/910 408/496/909
f 410/498/100 411/499/100 405/493/906
f 410/498/100 412/500/100 411/499/100
f 411/499/911 399/487/912 405/493/906
f 411/499/911 413/501/913 399/487/912
f 414/502/914 398/503/915 393/481/916
f 414/502/914 415/504/917 398/503/915
f 410/505/918 417/506/919 416/507/920
f 410/505/918 405/508/921 417/506/919
f 418/509/922 417/506/923 395/483/924
f 418/509/922 416/507/925 417/506/923
f 412/510/926 33/511/927 37/512/928
f 412/510/926 410/505/929 33/511/927
f 418/509/930 37/512/931 36/513/932
f 418/509/930 412/510/933 37/512/931
f 416/507/934 36/513/935 35/514/936
f 416/507/934 418/509/937 36/513/935
f 410/505/938 35/514/939 33/511/940
f 410/505/938 416/507/941 35/514/939
f 411/515/942 391/516/943 413/517/944
f 411/515/942 395/483/945 391/516/943
f 419/518/946 404/519/947 402/520/948
f 419/518/946 420/521/949 404/519/947
f 407/522/950 420/521/951 421/523/952
f 407/522/950 404/519/953 420/521/951
f 422/524/954 424/525/955 423/526/956
f 422/524/954 425/527/957 424/525/955
f 398/503/958 426/528/959 401/529/960
f 398/503/958 415/504/961 426/528/959
f 424/525/962 426/528/963 415/504/964
f 424/525/962 427/530/965 426/528/963
f 419/518/966 423/526/967 420/521/968
f 419/518/966 428/531/969 423/526/967
f 417/506/970 421/523/971 420/521/972
f 417/506/970 429/532/973 421/523/971
f 396/533/974 428/531/975 403/534/976
f 396/533/974 423/526/977 428/531/975
f 422/524/978 396/533/979 408/535/980
f 422/524/978 423/526/981 396/533/979
f 418/509/982 411/515/983 412/510/984
f 418/509/982 395/483/985 411/515/983
f 428/531/986 54/536/987 43/537/988
f 428/531/986 419/518/989 54/536/987
f 403/534/990 43/537/991 41/538/992
f 403/534/990 428/531/993 43/537/991
f 402/520/994 41/538/995 47/539/996
f 402/520/994 403/534/997 41/538/995
f 419/518/998 47/539/999 54/536/1000
f 419/518/998 402/520/1001 47/539/999
f 425/527/1002 56/540/1003 46/541/1004
f 425/527/1002 422/524/1005 56/540/1003
f 409/542/1006 46/541/1007 44/543/1008
f 409/542/1006 425/527/1009 46/541/1007
f 408/535/1010 44/543/1011 51/544/1012
f 408/535/1010 409/542/1013 44/543/1011
f 414/502/1014 266/302/1015 394/482/1016
f 414/502/1014 191/199/1017 266/302/1015
f 422/524/1018 51/544/1019 56/540/1020
f 422/524/1018 408/535/1021 51/544/1019
f 401/529/1022 57/545/1023 50/546/1024
f 401/529/1022 426/528/1025 57/545/1023
f 400/547/1026 50/546/1027 48/548/1028
f 400/547/1026 401/529/1029 50/546/1027
f 427/530/1030 48/548/1031 55/549/1032
f 427/530/1030 400/547/1033 48/548/1031
f 426/528/1034 55/549/1035 57/545/1036
f 426/528/1034 427/530/1037 55/549/1035
f 406/550/1038 38/551/1039 53/552/1040
f 406/550/1038 407/522/1041 38/551/1039
f 429/532/1042 53/552/1043 52/553/1044
f 429/532/1042 406/550/1045 53/552/1043
f 421/523/1046 52/553/1047 40/554/1048
f 421/523/1046 429/532/1049 52/553/1047
f 407/522/1050 40/554/1051 38/551/1052
f 407/522/1050 421/523/1053 40/554/1051
f 415/504/1054 423/526/1055 424/525/1056
f 415/504/1054 430/555/1057 423/526/1055
f 417/506/1058 423/526/1059 430/555/1060
f 417/506/1058 420/521/1061 423/526/1059
f 424/525/1062 409/542/1063 397/556/1064
f 424/525/1062 425/527/1065 409/542/1063
f 413/501/1066 392/557/1067 399/487/1068
f 413/501/1066 391/558/1069 392/557/1067
f 398/485/1070 392/557/1071 393/559/1072
f 398/485/1070 399/487/1073 392/557/1071
f 414/502/1074 430/555/1075 415/504/1076
f 414/502/1074 394/482/1077 430/555/1075
f 394/482/1078 417/506/1079 430/555/1080
f 394/482/1078 395/483/1081 417/506/1079
f 429/532/1082 405/508/1083 406/550/1084
f 429/532/1082 417/506/1085 405/508/1083
f 397/556/1086 427/530/1087 424/525/1088
f 397/556/1086 400/547/1089 427/530/1087
f 181/188/1090 188/196/1090 187/195/1091
f 181/188/1090 182/187/1092 188/196/1090
f 204/560/1093 246/258/1094 203/301/1095
f 204/560/1093 245/257/1096 246/258/1094
f 227/307/1097 11/11/1098 226/561/1099
f 227/307/1097 7/7/1100 11/11/1098
f 294/562/1101 361/563/1102 362/564/1103
f 294/562/1101 295/565/1104 361/563/1102
f 298/566/1105 362/564/1106 431/567/1107
f 298/566/1105 294/562/1108 362/564/1106
f 350/568/1109 298/566/1110 431/567/1111
f 350/568/1109 346/569/1112 298/566/1110
f 432/570/1113 361/563/1114 295/565/1115
f 432/570/1113 433/571/1116 361/563/1114
f 432/572/1117 435/573/1118 434/574/1119
f 432/572/1117 436/575/1120 435/573/1118
f 437/576/1121 307/351/1122 438/577/1123
f 437/576/1121 306/350/1124 307/351/1122
f 434/574/1125 239/250/1126 201/209/1127
f 434/574/1125 435/573/1128 239/250/1126
f 202/210/1129 172/179/1130 249/262/1131
f 202/210/1129 171/177/1132 172/179/1130
f 274/578/1133 270/579/1134 273/580/1135
f 274/578/1133 284/581/1136 270/579/1134
f 273/580/1137 224/582/1138 276/583/1139
f 273/580/1137 270/579/1140 224/582/1138
f 276/583/1141 225/584/230 278/585/1142
f 276/583/1141 224/582/1143 225/584/230
f 439/586/1144 277/587/482 440/588/1145
f 439/586/1144 275/589/480 277/587/482
f 441/590/1146 275/589/478 439/586/1147
f 441/590/1146 272/591/1148 275/589/478
f 442/592/1149 272/591/1150 441/590/1151
f 442/592/1149 271/593/1152 272/591/1150
f 235/594/1153 441/595/1154 195/596/1155
f 235/594/1153 442/597/1156 441/595/1154
f 195/596/1157 439/598/1158 194/599/1159
f 195/596/1157 441/595/1160 439/598/1158
f 194/599/1161 440/600/1145 197/601/1162
f 194/599/1161 439/598/1163 440/600/1145
f 236/247/1164 232/241/1165 212/222/1166
f 236/247/1164 231/242/1167 232/241/1165
f 348/407/1168 432/602/1169 295/335/1170
f 348/407/1168 437/603/1171 432/602/1169
f 383/465/1172 348/407/1173 345/405/1174
f 383/465/1172 353/604/1175 348/407/1173
f 335/398/1176 332/388/1177 334/605/1178
f 335/398/1176 333/389/1179 332/388/1177
f 385/467/1180 66/606/1181 64/607/1182
f 385/467/1180 386/466/1183 66/606/1181
f 336/392/1184 327/608/1185 339/395/1186
f 336/392/1184 326/377/1187 327/608/1185
f 250/261/1188 444/609/1189 443/610/1190
f 250/261/1188 251/263/1191 444/609/1189
f 351/412/1192 350/611/1193 431/612/1194
f 351/412/1192 352/411/1195 350/611/1193
f 351/412/1196 362/423/1197 358/419/1198
f 351/412/1196 431/612/1199 362/423/1197
f 201/209/1200 443/610/1201 434/574/1202
f 201/209/1200 250/261/1203 443/610/1201
f 253/265/1204 444/609/1205 251/263/1206
f 253/265/1204 254/266/1207 444/609/1205
f 230/240/1208 173/178/1209 236/247/1210
f 230/240/1208 279/318/1211 173/178/1209
f 236/247/1212 174/180/1213 231/242/1214
f 236/247/1212 173/178/1215 174/180/1213
f 141/613/1216 61/614/1217 60/615/1218
f 141/613/1216 445/616/1219 61/614/1217
f 445/616/1220 62/617/1221 61/614/1222
f 445/616/1220 388/470/1223 62/617/1221
f 388/470/1224 58/618/1225 62/617/1226
f 388/470/1224 142/472/1227 58/618/1225
f 142/472/1228 60/615/1229 58/618/1230
f 142/472/1228 141/613/1231 60/615/1229
f 388/470/1232 151/155/1233 389/473/1234
f 388/470/1232 445/616/1235 151/155/1233
f 141/613/1236 151/155/1237 445/616/1238
f 141/613/1236 130/153/1239 151/155/1237
f 136/619/1240 165/170/1241 220/230/1242
f 136/619/1240 135/171/1243 165/170/1241
f 157/162/1244 390/476/1245 156/160/1246
f 157/162/1244 166/620/1247 390/476/1245
f 166/620/1248 140/478/1249 390/476/1250
f 166/620/1248 138/621/1251 140/478/1249
f 218/228/1252 220/230/1253 221/231/1254
f 218/228/1252 219/229/1255 220/230/1253
f 219/229/1256 136/619/1257 220/230/1258
f 219/229/1256 137/475/1259 136/619/1257
f 395/483/1260 269/306/1261 391/516/1262
f 395/483/1260 267/303/1263 269/306/1261
f 393/481/1264 191/199/1265 414/502/1266
f 393/481/1264 190/198/1267 191/199/1265
f 322/371/1268 385/622/1269 64/623/1270
f 322/371/1268 321/369/1271 385/622/1269
f 383/624/1272 321/369/1273 353/413/1274
f 383/624/1272 385/622/1275 321/369/1273
f 65/64/1276 322/625/1277 64/65/1278
f 65/64/1276 323/626/1279 322/625/1277
f 240/253/1280 245/257/1281 204/560/1282
f 240/253/1280 174/180/1283 245/257/1281
f 174/180/1284 247/259/1285 245/257/1286
f 174/180/1284 171/177/1287 247/259/1285
f 237/249/1288 204/212/1289 199/207/1290
f 237/249/1288 240/252/1291 204/212/1289
f 162/167/1292 198/206/1293 155/159/1294
f 162/167/1292 200/208/1295 198/206/1293
f 201/209/1296 199/207/1297 198/206/1298
f 201/209/1296 237/249/1299 199/207/1297
f 432/602/1300 438/627/1301 436/628/1302
f 432/602/1300 437/603/1303 438/627/1301
f 437/603/1304 353/604/1305 306/629/1306
f 437/603/1304 348/407/1307 353/604/1305
f 443/610/1308 363/424/1309 433/630/1310
f 443/610/1308 444/609/1311 363/424/1309
f 434/574/1312 433/630/1313 432/572/1314
f 434/574/1312 443/610/1315 433/630/1313
f 255/267/1316 341/401/1317 254/266/1318
f 255/267/1316 340/399/1319 341/401/1317
f 254/266/1320 363/424/1321 444/609/1322
f 254/266/1320 341/401/1323 363/424/1321
f 361/422/1324 363/424/1325 360/421/1326
f 361/422/1324 433/630/1327 363/424/1325
f 336/392/1328 292/333/1329 308/354/1330
f 292/333/1329 336/392/1328 335/390/1331
f 335/390/1331 336/392/1328 337/394/1332
f 446/631/100 448/632/100 447/633/100
f 446/631/100 447/633/100 449/634/100
f 447/633/100 450/635/100 449/634/100
f 447/633/100 451/636/100 450/635/100
f 452/637/100 451/636/100 447/633/100
f 452/637/100 453/638/100 451/636/100
f 454/639/100 449/634/100 450/635/100
f 455/640/100 454/639/100 450/635/100
f 455/640/100 450/635/100 456/641/100
f 451/636/100 456/641/100 450/635/100
f 454/639/100 457/642/100 449/634/100
f 458/643/100 449/634/100 457/642/100
f 458/643/100 457/642/100 459/644/100
f 460/645/100 449/634/100 458/643/100
f 460/645/100 458/643/100 461/646/100
f 451/636/100 462/647/100 456/641/100
f 462/647/100 451/636/100 463/648/100
f 462/647/100 463/648/100 464/649/100
f 465/650/100 456/641/100 462/647/100
f 465/650/100 466/651/100 456/641/100
f 462/652/1333 467/653/1334 465/654/1335
f 462/652/1333 468/655/1336 467/653/1334
f 469/656/1337 449/657/1338 470/658/1339
f 469/656/1337 446/659/1340 449/657/1338
f 471/660/1341 473/661/1342 472/662/1343
f 471/660/1341 474/663/1344 473/661/1342
f 475/664/1345 476/665/1346 474/663/1347
f 475/664/1345 477/666/1348 476/665/1346
f 478/667/1349 470/658/1350 475/664/1351
f 478/667/1349 479/668/1352 470/658/1350
f 480/669/1353 482/670/1354 481/671/1355
f 480/669/1353 483/672/1356 482/670/1354
f 457/673/1357 485/674/1358 484/675/1359
f 457/673/1357 454/676/1360 485/674/1358
f 486/677/1361 488/678/1362 487/679/1363
f 486/677/1361 489/680/1364 488/678/1362
f 490/681/1365 492/682/1366 491/683/1367
f 490/681/1365 493/684/1368 492/682/1366
f 486/677/1369 495/685/1370 494/686/1371
f 486/677/1369 487/679/1372 495/685/1370
f 496/687/1373 498/688/1374 497/689/1375
f 496/687/1373 499/690/1376 498/688/1374
f 499/690/1377 500/691/1378 498/688/1379
f 499/690/1377 501/692/1380 500/691/1378
f 502/693/1381 497/689/1382 503/694/1383
f 502/693/1381 496/687/1384 497/689/1382
f 504/695/1385 502/696/1386 503/697/1387
f 504/695/1385 505/698/1388 502/696/1386
f 506/699/1389 504/695/1390 507/700/1391
f 506/699/1389 505/698/1392 504/695/1390
f 488/678/1393 495/685/1394 487/679/1395
f 488/678/1393 508/701/1396 495/685/1394
f 500/691/1397 510/702/1398 509/703/1399
f 500/691/1397 507/700/1400 510/702/1398
f 511/704/1401 513/705/1402 512/706/1403
f 511/704/1401 514/707/1404 513/705/1402
f 514/707/1405 197/204/1406 513/705/1407
f 514/707/1405 196/205/1408 197/204/1406
f 515/708/1409 473/661/1410 516/709/1411
f 515/708/1409 472/662/1412 473/661/1410
f 517/710/1413 519/711/1414 518/712/1415
f 517/710/1413 515/708/1416 519/711/1414
f 516/709/1417 521/713/1418 520/714/1419
f 516/709/1417 473/661/1420 521/713/1418
f 480/669/1421 472/662/1422 483/672/1423
f 480/669/1421 471/660/1424 472/662/1422
f 522/715/1425 477/716/1426 523/717/1427
f 522/715/1425 476/718/1428 477/716/1426
f 207/217/1429 525/719/1430 524/720/1431
f 207/217/1429 210/220/1432 525/719/1430
f 211/221/1433 525/719/1434 210/220/1432
f 211/221/1433 494/686/1435 525/719/1434
f 526/721/1436 495/685/1437 508/701/1438
f 526/721/1436 527/722/1439 495/685/1437
f 528/723/1440 216/724/1441 217/725/1442
f 528/723/1440 529/726/1443 216/724/1441
f 530/727/1444 479/668/1445 478/667/1446
f 530/727/1444 531/728/1447 479/668/1445
f 532/729/1448 523/717/1449 485/674/1450
f 532/729/1448 533/730/1451 523/717/1449
f 484/675/1452 523/717/1453 477/716/1454
f 484/675/1452 485/674/1455 523/717/1453
f 524/720/1456 223/232/1457 207/217/1458
f 524/720/1456 534/731/1459 223/232/1457
f 535/732/1460 226/235/1461 536/733/1462
f 535/732/1460 225/236/1463 226/235/1461
f 228/734/1464 74/74/1465 10/10/1466
f 228/734/1464 537/735/1467 74/74/1465
f 538/736/1468 525/719/1469 527/722/1470
f 538/736/1468 524/720/1471 525/719/1469
f 528/723/1472 539/737/1473 529/726/1474
f 528/723/1472 540/738/1475 539/737/1473
f 468/655/1476 464/739/1477 541/740/1478
f 468/655/1476 462/652/1479 464/739/1477
f 234/741/1480 512/706/1481 235/742/1482
f 234/741/1480 511/704/1483 512/706/1481
f 542/743/1484 527/722/1485 526/721/1486
f 542/743/1484 538/736/1487 527/722/1485
f 519/711/1488 238/744/1489 239/745/1490
f 519/711/1488 543/746/1491 238/744/1489
f 543/746/1492 241/747/1493 238/744/1494
f 543/746/1492 544/748/1495 241/747/1493
f 491/683/1496 528/723/1497 544/749/1498
f 491/683/1496 540/738/1499 528/723/1497
f 501/692/1500 545/750/1501 506/699/1502
f 501/692/1500 546/751/1503 545/750/1501
f 502/693/1504 529/726/1505 496/687/1506
f 502/693/1504 547/752/1507 529/726/1505
f 499/690/1508 546/751/1509 501/692/1510
f 499/690/1508 539/737/1511 546/751/1509
f 488/678/1512 546/751/1513 508/701/1514
f 488/678/1512 545/750/1515 546/751/1513
f 496/687/1516 539/737/1517 499/690/1518
f 496/687/1516 529/726/1519 539/737/1517
f 494/686/1520 527/722/1521 525/719/1522
f 494/686/1520 495/685/1523 527/722/1521
f 548/753/1524 482/670/1525 549/754/1526
f 548/753/1524 550/755/1527 482/670/1525
f 549/754/1528 483/672/1529 517/710/1530
f 549/754/1528 482/670/1531 483/672/1529
f 490/681/1532 549/754/1533 517/710/1534
f 490/681/1532 517/710/1534 518/712/1535
f 539/737/1536 508/701/1537 546/751/1538
f 539/737/1536 526/721/1539 508/701/1537
f 551/756/1540 553/757/1541 552/758/1542
f 551/756/1540 554/759/1543 553/757/1541
f 252/264/1544 223/232/1545 534/731/1546
f 252/264/1544 534/731/1546 555/760/1547
f 252/264/1548 555/760/1547 556/761/1549
f 252/264/1548 556/761/1549 255/267/1550
f 216/724/1551 547/752/1552 256/762/1553
f 216/724/1551 529/726/1554 547/752/1552
f 557/763/1555 558/764/1556 547/765/1557
f 557/763/1555 489/680/1558 558/764/1556
f 545/750/1559 489/680/1560 557/763/1561
f 545/750/1559 488/678/1562 489/680/1560
f 506/699/1563 557/763/1564 505/698/1565
f 506/699/1563 545/750/1566 557/763/1564
f 528/723/1567 241/766/1568 544/749/1569
f 528/723/1567 217/725/1570 241/766/1568
f 557/763/1571 502/696/1572 505/698/1573
f 557/763/1571 547/765/1574 502/696/1572
f 470/658/1575 479/668/1576 559/767/1577
f 470/658/1575 559/767/1577 560/768/1578
f 561/769/1579 560/768/1578 559/767/1580
f 561/769/1579 559/767/1580 562/770/1581
f 531/728/1582 559/767/1583 479/668/1584
f 531/728/1582 468/655/1585 559/767/1583
f 448/771/1586 82/772/1587 563/773/1588
f 448/771/1586 76/774/1589 82/772/1587
f 563/773/1590 83/775/1591 469/656/1592
f 563/773/1590 82/772/1593 83/775/1591
f 469/656/1594 75/776/1595 446/659/1596
f 469/656/1594 83/775/1597 75/776/1595
f 446/659/1598 76/774/1599 448/771/1600
f 446/659/1598 75/776/1601 76/774/1599
f 564/777/1602 78/778/1603 467/653/1604
f 564/777/1602 68/779/1605 78/778/1603
f 467/653/1606 85/780/1607 465/654/1608
f 467/653/1606 78/778/1609 85/780/1607
f 465/654/1610 67/781/1611 466/782/1612
f 465/654/1610 85/780/1613 67/781/1611
f 466/782/1614 68/779/1615 564/777/1616
f 466/782/1614 67/781/1617 68/779/1615
f 565/783/1618 71/784/1619 463/785/1620
f 565/783/1618 70/786/1621 71/784/1619
f 463/785/1622 87/787/1623 464/739/1624
f 463/785/1622 71/784/1625 87/787/1623
f 464/739/1626 84/788/1627 541/740/1628
f 464/739/1626 87/787/1629 84/788/1627
f 541/740/1630 70/786/1631 565/783/1632
f 541/740/1630 84/788/1633 70/786/1631
f 561/769/1634 80/789/1635 452/790/1636
f 561/769/1634 79/791/1637 80/789/1635
f 452/790/1638 88/792/1639 453/793/1640
f 452/790/1638 80/789/1641 88/792/1639
f 453/793/1642 86/794/1643 562/770/1644
f 453/793/1642 88/792/1645 86/794/1643
f 562/770/1646 79/791/1647 561/769/1648
f 562/770/1646 86/794/1649 79/791/1647
f 482/670/1650 522/715/1651 481/671/1652
f 482/670/1650 550/755/1653 522/715/1651
f 481/671/1654 523/717/1449 533/730/1451
f 481/671/1654 522/715/1655 523/717/1449
f 530/727/1656 471/660/1657 480/669/1658
f 530/727/1656 478/667/1659 471/660/1657
f 521/713/1660 474/663/1661 476/665/1662
f 521/713/1660 473/661/1663 474/663/1661
f 550/755/1664 476/718/1665 522/715/1666
f 550/755/1664 521/795/1667 476/718/1665
f 530/727/1668 481/671/1669 533/730/1670
f 530/727/1668 480/669/1671 481/671/1669
f 478/667/1672 474/663/1673 471/660/1674
f 478/667/1672 475/664/1675 474/663/1673
f 497/689/1676 567/796/1677 566/797/1678
f 497/689/1676 498/688/1679 567/796/1677
f 507/700/1680 568/798/1681 510/702/1682
f 507/700/1680 504/695/1683 568/798/1681
f 504/695/1684 569/799/1685 568/798/1686
f 504/695/1684 503/697/1687 569/799/1685
f 498/688/1688 509/703/1689 567/796/1690
f 498/688/1688 500/691/1691 509/703/1689
f 503/694/1692 566/797/1693 569/800/1694
f 503/694/1692 497/689/1695 566/797/1693
f 537/735/1696 73/73/1697 74/74/1698
f 537/735/1696 536/801/1699 73/73/1697
f 570/802/1700 536/733/1701 537/803/1702
f 570/802/1700 535/732/1703 536/733/1701
f 271/804/1704 571/805/1705 274/806/1706
f 271/804/1704 572/807/1707 571/805/1705
f 572/807/1708 573/808/1709 571/805/1710
f 572/807/1708 574/809/1711 573/808/1709
f 574/809/1712 278/316/1713 573/808/1714
f 574/809/1712 277/317/1715 278/316/1713
f 538/736/1716 534/731/1717 524/720/1718
f 538/736/1716 575/810/1719 534/731/1717
f 280/319/1720 576/811/1721 486/677/1722
f 280/319/1720 281/321/1723 576/811/1721
f 280/319/1724 494/686/1725 211/221/1726
f 280/319/1724 486/677/1727 494/686/1725
f 486/677/1728 558/764/1729 489/680/1730
f 486/677/1728 576/811/1731 558/764/1729
f 283/812/1732 547/765/1733 558/764/1734
f 283/812/1732 256/813/1735 547/765/1733
f 284/814/1736 537/803/1737 228/815/1738
f 284/814/1736 570/802/1739 537/803/1737
f 285/326/1740 577/816/1741 288/329/1742
f 285/326/1740 578/817/1743 577/816/1741
f 579/818/1744 581/819/1745 580/820/1746
f 579/818/1744 582/821/1747 581/819/1745
f 583/822/1748 585/823/1749 584/824/1750
f 583/822/1748 586/825/1751 585/823/1749
f 587/826/1752 586/825/1753 583/822/1748
f 587/826/1752 588/827/1754 586/825/1753
f 299/340/1755 589/828/1756 302/343/1757
f 299/340/1755 590/829/1758 589/828/1756
f 584/824/1759 91/830/1760 94/831/1761
f 584/824/1759 591/832/1762 91/830/1760
f 578/817/1763 592/833/1764 577/816/1765
f 578/817/1763 582/834/1766 592/833/1764
f 577/816/1767 305/349/1768 288/329/1769
f 577/816/1767 592/833/1770 305/349/1768
f 305/349/1768 593/835/1771 307/351/1772
f 305/349/1768 592/833/1773 593/835/1771
f 93/836/1774 583/822/1775 92/837/1776
f 93/836/1774 587/826/1777 583/822/1775
f 579/818/1778 595/838/1779 594/839/1780
f 579/818/1778 580/820/1781 595/838/1779
f 581/819/1782 310/356/1783 580/820/1784
f 581/819/1782 311/357/1785 310/356/1783
f 596/840/1786 311/357/1785 581/819/1787
f 596/840/1786 313/359/1788 311/357/1785
f 597/841/1789 316/361/1790 317/363/1791
f 597/841/1789 598/842/1792 316/361/1790
f 599/843/1793 316/361/1794 598/842/1795
f 599/843/1793 319/365/1796 316/361/1794
f 596/840/1797 582/821/1798 578/844/1799
f 596/840/1797 581/819/1800 582/821/1798
f 320/367/1801 590/845/1802 299/370/1803
f 320/367/1801 600/846/1804 590/845/1802
f 601/847/1805 320/367/1806 323/372/1807
f 601/847/1805 600/846/1808 320/367/1806
f 593/835/1809 582/834/1810 579/848/1811
f 593/835/1809 592/833/1812 582/834/1810
f 324/374/1813 578/844/1814 285/375/1815
f 324/374/1813 596/840/1816 578/844/1814
f 325/376/1817 589/828/1818 602/849/1819
f 325/376/1817 302/343/1820 589/828/1818
f 602/850/1821 328/379/1822 603/851/1823
f 602/850/1824 327/380/1825 328/379/1826
f 602/850/1827 328/379/1828 325/382/1829
f 596/852/1830 331/384/1831 313/386/1832
f 596/852/1830 604/853/1833 331/384/1831
f 324/387/1834 604/853/1835 596/852/1836
f 324/387/1834 331/384/1837 604/853/1835
f 332/854/1838 599/843/1839 605/855/1840
f 332/854/1838 319/365/1841 599/843/1839
f 605/855/1842 598/842/1843 597/841/1844
f 605/855/1842 599/843/1845 598/842/1843
f 310/356/1846 606/856/1847 580/820/1848
f 310/356/1846 334/391/1849 606/856/1847
f 607/857/1850 338/393/1851 339/395/1852
f 607/857/1850 608/858/1853 338/393/1851
f 338/396/1854 597/841/1855 317/363/1856
f 338/396/1854 608/859/1857 597/841/1855
f 608/859/1858 605/855/1859 597/841/1860
f 608/859/1858 606/860/1861 605/855/1859
f 340/399/1862 609/861/1863 343/402/1864
f 340/399/1862 610/862/1865 609/861/1863
f 584/824/1866 92/837/1867 583/822/1868
f 584/824/1866 94/831/1869 92/837/1867
f 611/863/1870 613/864/1871 612/865/1872
f 611/863/1870 614/866/1873 613/864/1871
f 615/867/1874 611/863/1870 591/832/1875
f 615/867/1874 614/866/1876 611/863/1870
f 90/868/1877 591/832/1878 611/863/1879
f 90/868/1877 91/830/1880 591/832/1878
f 613/864/1881 349/409/1882 350/410/1883
f 613/864/1881 614/866/1884 349/409/1882
f 612/865/1885 588/827/1886 587/826/1887
f 612/865/1885 613/864/1888 588/827/1886
f 591/832/1889 585/823/1890 615/867/1891
f 591/832/1889 584/824/1892 585/823/1890
f 609/861/1893 352/411/1894 343/402/1895
f 609/861/1893 616/869/1896 352/411/1894
f 617/870/1897 579/848/1898 594/871/1899
f 617/870/1897 593/835/1900 579/848/1898
f 618/872/1901 610/862/1902 619/873/1903
f 618/872/1901 609/861/1904 610/862/1902
f 620/874/1905 609/861/1906 618/872/1907
f 620/874/1905 616/869/1908 609/861/1906
f 621/875/1909 616/869/1910 620/874/1911
f 621/875/1909 622/876/1912 616/869/1910
f 623/877/1913 622/876/1914 621/875/1915
f 623/877/1913 624/878/1916 622/876/1914
f 622/876/1914 626/879/1917 625/880/1918
f 622/876/1914 624/878/1919 626/879/1917
f 619/873/1920 628/881/1921 627/882/1922
f 619/873/1920 610/862/1923 628/881/1921
f 627/882/1924 624/878/1925 623/877/1926
f 627/882/1924 628/881/1927 624/878/1925
f 629/883/1928 631/884/1929 630/885/1930
f 629/883/1928 632/886/1931 631/884/1929
f 633/887/1932 627/888/1933 623/889/1934
f 633/887/1932 634/890/1935 627/888/1933
f 631/891/1936 621/875/1937 630/892/1938
f 631/891/1936 623/877/1939 621/875/1937
f 635/893/1940 618/894/1941 636/895/1942
f 635/893/1940 620/896/1943 618/894/1941
f 630/897/1944 637/898/1945 629/899/1946
f 630/897/1944 621/900/1947 637/898/1945
f 621/901/1948 635/893/1949 637/902/1950
f 621/901/1948 620/896/1951 635/893/1949
f 638/903/1952 639/904/1953 636/895/1954
f 638/903/1952 640/905/1955 639/904/1953
f 632/906/1956 623/907/1957 631/908/1958
f 632/906/1956 633/909/1959 623/907/1957
f 637/898/1960 641/910/1961 629/899/1962
f 637/898/1960 642/911/1963 641/910/1961
f 643/912/1964 642/911/1965 644/913/1966
f 643/912/1964 641/910/1967 642/911/1965
f 632/906/1968 644/913/1969 633/909/1970
f 632/906/1968 643/912/1971 644/913/1969
f 635/893/1972 642/914/1973 637/902/1974
f 635/893/1972 645/915/1975 642/914/1973
f 638/903/1976 618/894/1977 619/916/1978
f 638/903/1976 636/895/1979 618/894/1977
f 634/890/1980 619/916/1981 627/888/1982
f 634/890/1980 638/903/1983 619/916/1981
f 640/905/1984 645/915/1985 639/904/1986
f 640/905/1984 646/917/1987 645/915/1985
f 629/883/1988 643/918/1989 632/886/1990
f 629/883/1988 641/919/1991 643/918/1989
f 645/915/1992 644/920/1993 642/914/1994
f 645/915/1992 646/917/1995 644/920/1993
f 645/915/1996 636/895/1997 639/904/1998
f 645/915/1996 635/893/1999 636/895/1997
f 634/890/2000 640/905/2001 638/903/2002
f 634/890/2000 646/917/2003 640/905/2001
f 614/866/2004 384/464/2005 349/409/2006
f 614/866/2004 647/921/2007 384/464/2005
f 602/849/2008 595/838/2009 607/857/2010
f 602/849/2008 589/828/2011 595/838/2009
f 600/846/2012 594/871/2013 590/845/2014
f 600/846/2012 617/870/2015 594/871/2013
f 647/921/2016 386/466/2017 384/464/2018
f 647/921/2016 648/922/2019 386/466/2017
f 590/829/2020 595/838/2021 589/828/2022
f 590/829/2020 594/839/2023 595/838/2021
f 95/923/2024 587/826/2025 93/836/2026
f 95/923/2024 612/865/2027 587/826/2025
f 90/868/2028 612/865/2029 95/923/2030
f 90/868/2028 611/863/2031 612/865/2029
f 283/812/2032 511/704/2033 234/741/2034
f 283/812/2032 558/764/2035 511/704/2033
f 576/811/2036 196/205/2037 514/707/2038
f 576/811/2036 281/321/2039 196/205/2037
f 558/764/2040 514/707/2041 511/704/2042
f 558/764/2040 576/811/2043 514/707/2041
f 555/760/2044 575/810/2045 552/758/2046
f 555/760/2044 534/731/2047 575/810/2045
f 575/810/2048 551/756/2049 552/758/2050
f 575/810/2048 649/924/2051 551/756/2049
f 554/759/2052 519/711/2053 553/757/2054
f 554/759/2052 518/712/2055 519/711/2053
f 554/759/2056 649/924/2057 493/684/2058
f 554/759/2056 551/756/2059 649/924/2057
f 493/684/2060 575/810/2061 492/682/2062
f 493/684/2060 649/924/2063 575/810/2061
f 650/925/2064 458/926/2065 651/927/2066
f 650/925/2064 461/928/2067 458/926/2065
f 565/783/2068 451/929/2069 559/767/2070
f 565/783/2068 463/785/2071 451/929/2069
f 451/929/2072 562/770/2073 559/767/2074
f 451/929/2072 453/793/2075 562/770/2073
f 470/658/2076 563/773/2077 469/656/2078
f 470/658/2076 560/768/2079 563/773/2077
f 468/655/2080 564/777/2081 467/653/2082
f 468/655/2080 531/728/2083 564/777/2081
f 456/930/2084 564/777/2085 531/728/2086
f 456/930/2084 466/782/2087 564/777/2085
f 470/658/2088 652/931/2089 475/664/2090
f 470/658/2088 651/927/2091 652/931/2089
f 644/920/2092 634/890/2093 633/887/2094
f 644/920/2092 646/917/2095 634/890/2093
f 565/783/2096 468/655/2097 541/740/2098
f 565/783/2096 559/767/2099 468/655/2097
f 448/771/2100 560/768/2101 447/932/2102
f 448/771/2100 563/773/2103 560/768/2101
f 561/769/2104 447/932/2105 560/768/2106
f 561/769/2104 452/790/2107 447/932/2105
f 458/926/2108 652/931/2109 651/927/2110
f 458/926/2108 459/933/2111 652/931/2109
f 653/934/2112 568/798/2113 569/799/2114
f 653/934/2112 654/935/2115 568/798/2113
f 654/935/2116 510/702/2117 568/798/2118
f 654/935/2116 655/936/2119 510/702/2117
f 656/937/2120 566/797/2121 567/796/2122
f 656/937/2120 657/938/2123 566/797/2121
f 658/939/2124 660/940/2125 659/941/2126
f 658/939/2124 661/942/2127 660/940/2125
f 662/943/2128 660/940/2125 661/942/2129
f 662/943/2128 663/944/2130 660/940/2125
f 664/945/2131 665/946/903 658/939/2124
f 664/945/2131 658/939/2124 666/947/2132
f 666/947/2132 658/939/2124 659/941/2133
f 666/947/2132 659/941/2133 667/948/2134
f 668/949/100 666/947/2132 667/948/2134
f 668/949/100 669/950/2135 666/947/2132
f 661/942/2136 658/939/2124 670/951/903
f 661/942/2136 670/951/903 671/952/2137
f 672/953/100 667/948/2134 673/954/100
f 672/953/100 673/954/100 674/955/100
f 673/954/2138 667/948/2134 659/941/2139
f 673/954/2138 659/941/2139 675/956/2140
f 676/957/2141 660/958/2142 677/959/2143
f 676/957/2141 655/936/2144 660/958/2142
f 672/960/2145 678/961/2146 667/962/2147
f 672/960/2145 679/963/2148 678/961/2146
f 680/964/2149 678/961/2150 679/963/2151
f 680/964/2149 657/938/2152 678/961/2150
f 674/965/2153 96/966/2154 672/960/2155
f 674/965/2153 100/967/2156 96/966/2154
f 680/964/2157 100/967/2158 674/965/2159
f 680/964/2157 99/968/2160 100/967/2158
f 679/963/2161 99/968/2162 680/964/2163
f 679/963/2161 97/969/2164 99/968/2162
f 672/960/2165 97/969/2166 679/963/2167
f 672/960/2165 96/966/2168 97/969/2166
f 673/970/2169 653/971/2170 657/938/2171
f 673/970/2169 675/972/2172 653/971/2170
f 681/973/2173 666/974/2174 682/975/2175
f 681/973/2173 664/976/2176 666/974/2174
f 669/977/2177 682/975/2178 666/974/2179
f 669/977/2177 683/978/2180 682/975/2178
f 684/979/2181 686/980/2182 685/981/2183
f 684/979/2181 687/982/2184 686/980/2182
f 660/958/2185 688/983/2186 677/959/2187
f 660/958/2185 663/984/2188 688/983/2186
f 686/980/2189 688/983/2190 689/985/2191
f 686/980/2189 677/959/2192 688/983/2190
f 681/973/2193 687/982/2194 690/986/2195
f 681/973/2193 682/975/2196 687/982/2194
f 678/961/2197 683/978/2198 691/987/2199
f 678/961/2197 682/975/2200 683/978/2198
f 658/988/2201 690/986/2202 687/982/2203
f 658/988/2201 665/989/2204 690/986/2202
f 684/979/2205 658/988/2206 687/982/2207
f 684/979/2205 670/990/2208 658/988/2206
f 680/964/2209 673/970/2210 657/938/2211
f 680/964/2209 674/965/2212 673/970/2210
f 690/986/2213 117/991/2214 681/973/2215
f 690/986/2213 105/992/2216 117/991/2214
f 665/989/2217 105/992/2218 690/986/2219
f 665/989/2217 104/993/2220 105/992/2218
f 664/976/2221 104/993/2222 665/989/2223
f 664/976/2221 110/994/2224 104/993/2222
f 681/973/2225 110/994/2226 664/976/2227
f 681/973/2225 117/991/2228 110/994/2226
f 685/981/2229 119/995/2230 684/979/2231
f 685/981/2229 108/996/2232 119/995/2230
f 671/997/2233 108/996/2234 685/981/2235
f 671/997/2233 107/998/2236 108/996/2234
f 670/990/2237 107/998/2238 671/997/2239
f 670/990/2237 114/999/2240 107/998/2238
f 676/957/2241 567/796/2242 509/703/2243
f 676/957/2241 656/937/2244 567/796/2242
f 684/979/2245 114/999/2246 670/990/2247
f 684/979/2245 119/995/2248 114/999/2246
f 663/984/2249 120/1000/2250 688/983/2251
f 663/984/2249 112/1001/2252 120/1000/2250
f 662/1002/2253 112/1001/2254 663/984/2255
f 662/1002/2253 111/1003/2256 112/1001/2254
f 689/985/2257 111/1003/2258 662/1002/2259
f 689/985/2257 118/1004/2260 111/1003/2258
f 688/983/2261 118/1004/2262 689/985/2263
f 688/983/2261 120/1000/2264 118/1004/2262
f 668/1005/2265 101/1006/2266 669/977/2267
f 668/1005/2265 116/1007/2268 101/1006/2266
f 691/987/2269 116/1007/2270 668/1005/2271
f 691/987/2269 115/1008/2272 116/1007/2270
f 683/978/2273 115/1008/2274 691/987/2275
f 683/978/2273 102/1009/2276 115/1008/2274
f 669/977/2277 102/1009/2278 683/978/2279
f 669/977/2277 101/1006/2280 102/1009/2278
f 677/959/2281 687/982/2282 692/1010/2283
f 677/959/2281 686/980/2284 687/982/2282
f 678/961/2285 687/982/2286 682/975/2287
f 678/961/2285 692/1010/2288 687/982/2286
f 686/980/2289 671/997/2290 685/981/2291
f 686/980/2289 661/1011/2292 671/997/2290
f 675/956/2293 654/1012/2294 653/1013/2295
f 675/956/2293 659/941/2296 654/1012/2294
f 660/940/2297 654/1012/2298 659/941/2299
f 660/940/2297 655/1014/2300 654/1012/2298
f 676/957/2301 692/1010/2302 656/937/2303
f 676/957/2301 677/959/2304 692/1010/2302
f 656/937/2305 678/961/2306 657/938/2307
f 656/937/2305 692/1010/2308 678/961/2306
f 691/987/2309 667/962/2310 678/961/2311
f 691/987/2309 668/1005/2312 667/962/2310
f 661/1011/2313 689/985/2314 662/1002/2315
f 661/1011/2313 686/980/2316 689/985/2314
f 501/692/2317 507/700/2317 500/691/2318
f 501/692/2317 506/699/2319 507/700/2317
f 520/1015/2320 550/755/2321 548/753/2322
f 520/1015/2320 521/795/2323 550/755/2321
f 536/801/2324 11/11/2325 73/73/2326
f 536/801/2324 226/561/2327 11/11/2325
f 586/1016/2328 626/1017/2329 585/1018/2330
f 586/1016/2328 625/1019/2331 626/1017/2329
f 588/1020/2332 625/1019/2333 586/1016/2334
f 588/1020/2332 693/1021/2335 625/1019/2333
f 350/1022/2336 588/1020/2332 613/1023/2337
f 350/1022/2336 693/1021/2338 588/1020/2332
f 694/1024/2339 626/1017/2340 695/1025/2341
f 694/1024/2339 585/1018/2342 626/1017/2340
f 694/1026/2343 435/1027/2344 436/1028/2345
f 694/1026/2343 696/1029/2346 435/1027/2344
f 697/1030/2347 307/351/2348 593/835/2349
f 697/1030/2347 438/577/2350 307/351/2348
f 696/1029/2351 239/745/2352 435/1027/2353
f 696/1029/2351 519/711/2354 239/745/2352
f 518/712/2355 493/684/2356 490/681/2357
f 518/712/2355 554/759/2358 493/684/2356
f 274/1031/2359 570/1032/2360 284/1033/1736
f 274/1031/2359 571/1034/2361 570/1032/2360
f 571/1034/2362 535/1035/2363 570/1032/2364
f 571/1034/2362 573/1036/2365 535/1035/2363
f 573/1036/2366 225/584/2367 535/1035/2368
f 573/1036/2366 278/585/2369 225/584/2367
f 698/1037/2370 277/587/1715 574/1038/1712
f 698/1037/2370 440/588/2371 277/587/1715
f 699/1039/2372 574/1038/1711 572/1040/2373
f 699/1039/2372 698/1037/2374 574/1038/1711
f 442/1041/2375 572/1040/2376 271/1042/2377
f 442/1041/2375 699/1039/2378 572/1040/2376
f 235/1043/2379 699/1044/2380 442/1045/2381
f 235/1043/2379 512/1046/2382 699/1044/2380
f 512/1046/2383 698/1047/2384 699/1044/2385
f 512/1046/2383 513/1048/2386 698/1047/2384
f 513/1048/2387 440/600/2371 698/1047/2388
f 513/1048/2387 197/601/2389 440/600/2371
f 542/743/2390 539/737/2391 540/738/2392
f 542/743/2390 526/721/2393 539/737/2391
f 615/867/2394 694/1049/2395 697/1050/2396
f 615/867/2394 585/823/2397 694/1049/2395
f 647/921/2398 615/867/2399 617/1051/2400
f 647/921/2398 614/866/2401 615/867/2399
f 606/860/2402 332/854/2403 605/855/2404
f 606/860/2402 334/1052/2405 332/854/2403
f 648/922/2406 66/606/2407 386/466/2408
f 648/922/2406 126/1053/2409 66/606/2407
f 607/857/2410 327/608/2411 602/849/2412
f 607/857/2410 339/395/2413 327/608/2411
f 553/757/2414 700/1054/2415 552/758/2416
f 553/757/2414 701/1055/2417 700/1054/2415
f 616/869/2418 350/611/2419 352/411/2420
f 616/869/2418 693/1056/2421 350/611/2419
f 616/869/2422 625/880/2423 693/1056/2424
f 616/869/2422 622/876/2425 625/880/2423
f 519/711/2426 701/1055/2427 553/757/2428
f 519/711/2426 696/1029/2429 701/1055/2427
f 555/760/2430 700/1054/2431 556/761/2432
f 555/760/2430 552/758/2433 700/1054/2431
f 538/736/2434 492/682/2435 575/810/2436
f 538/736/2434 542/743/2437 492/682/2435
f 542/743/2438 491/683/2439 492/682/2440
f 542/743/2438 540/738/2441 491/683/2439
f 460/1057/2442 124/1058/2443 702/1059/2444
f 460/1057/2442 122/1060/2445 124/1058/2443
f 702/1059/2446 125/1061/2447 650/925/2448
f 702/1059/2446 124/1058/2449 125/1061/2447
f 650/925/2450 121/1062/2451 461/928/2452
f 650/925/2450 125/1061/2453 121/1062/2451
f 461/928/2454 122/1060/2455 460/1057/2456
f 461/928/2454 121/1062/2457 122/1060/2455
f 650/925/2458 470/658/2459 702/1059/2460
f 650/925/2458 651/927/2461 470/658/2459
f 460/1057/2462 470/658/2463 449/657/2464
f 460/1057/2462 702/1059/2465 470/658/2463
f 455/1063/2466 485/674/2467 454/676/2468
f 455/1063/2466 532/729/2469 485/674/2467
f 477/666/2470 652/931/2471 484/1064/2472
f 477/666/2470 475/664/2473 652/931/2471
f 484/1064/2474 459/933/2475 457/1065/2476
f 484/1064/2474 652/931/2477 459/933/2475
f 530/727/2478 532/729/2479 531/728/2480
f 530/727/2478 533/730/2481 532/729/2479
f 531/728/2482 455/1063/2483 456/930/2484
f 531/728/2482 532/729/2485 455/1063/2483
f 657/938/2486 569/800/2487 566/797/2488
f 657/938/2486 653/971/2489 569/800/2487
f 655/936/2490 509/703/2491 510/702/2492
f 655/936/2490 676/957/2493 509/703/2491
f 601/847/2494 648/1066/2495 600/846/2496
f 601/847/2494 126/1067/2497 648/1066/2495
f 647/1068/2498 600/846/2499 648/1066/2500
f 647/1068/2498 617/870/2501 600/846/2499
f 65/64/2502 601/1069/2503 323/626/2504
f 65/64/2502 126/126/2505 601/1069/2503
f 544/749/2506 548/753/2507 491/683/2508
f 544/749/2506 520/1015/2509 548/753/2507
f 491/683/2510 549/754/2511 490/681/2512
f 491/683/2510 548/753/2513 549/754/2511
f 543/746/2514 520/714/2515 544/748/2516
f 543/746/2514 516/709/2517 520/714/2515
f 483/672/2518 515/708/2519 517/710/2520
f 483/672/2518 472/662/2521 515/708/2519
f 519/711/2522 516/709/2523 543/746/2524
f 519/711/2522 515/708/2525 516/709/2523
f 694/1049/2526 438/627/2527 697/1050/2528
f 694/1049/2526 436/628/2529 438/627/2527
f 697/1050/2530 617/1051/2531 615/867/2532
f 697/1050/2530 593/1070/2533 617/1051/2531
f 701/1055/2534 628/881/2535 700/1054/2536
f 701/1055/2534 695/1071/2537 628/881/2535
f 696/1029/2538 695/1071/2539 701/1055/2540
f 696/1029/2538 694/1026/2541 695/1071/2539
f 255/267/2542 610/862/2543 340/399/2544
f 255/267/2542 556/761/2545 610/862/2543
f 556/761/2546 628/881/2547 610/862/2548
f 556/761/2546 700/1054/2549 628/881/2547
f 626/879/2550 628/881/2551 695/1071/2552
f 626/879/2550 624/878/2553 628/881/2551
f 580/820/2554 607/857/2555 595/838/2556
f 607/857/2555 580/820/2554 606/856/2557
f 607/857/2555 606/856/2557 608/858/2558
