# Blender 4.2.1 LTS
# www.blender.org
o obj_0
v -1.637465 -7.564974 -8.674517
v -2.580686 6.545512 10.615269
v -2.533628 6.919655 10.357624
v -9.475851 6.569269 -7.185206
v 0.046101 -5.497231 -8.664782
v -0.636133 -6.564869 -8.767481
v 0.046101 -6.967902 -8.811618
v -9.198906 6.580443 -7.533143
v -1.984313 6.498110 10.247404
v 5.984585 -17.562176 -1.067604
v -0.289491 -8.283817 -8.779230
v -5.593744 8.713532 9.868439
v -3.428452 14.998610 2.416850
v -1.623277 15.898124 2.613141
v -1.540131 15.491368 3.223515
v -8.984545 6.752423 -7.904677
v -2.741279 14.734653 3.408064
v -2.294540 15.296714 3.065876
v 8.208906 4.777465 9.491356
v 8.672357 5.328893 9.910933
v -9.372548 6.991072 -7.776308
v -1.141175 14.990798 3.905798
v -1.845439 14.714521 3.945348
v -5.106480 8.781175 8.544992
v 8.455383 4.675869 8.977795
v 5.190133 -17.795191 -1.405579
v -9.221272 7.214055 -8.090014
v 4.724648 -17.737137 -1.048952
v 7.977919 8.592765 -8.144255
v -2.483212 15.674981 2.380809
v -3.048990 15.479332 2.108928
v -8.633659 6.754405 -8.140993
v 5.139025 -17.835749 -1.726275
v -5.556435 8.868250 8.072114
v 9.920317 6.580145 10.137456
v 9.834514 6.151651 9.509642
v 9.459191 6.071756 10.115728
v -4.642418 -17.654284 -2.424244
v -4.595070 -17.552013 -2.716783
v 8.848588 8.657957 -8.065508
v 5.676548 -17.710337 -1.272395
v -4.760806 -17.732271 -2.175111
v -7.579140 -14.144278 -1.103175
v -7.732309 -14.263625 -1.523418
v 8.795300 6.661187 -8.083214
v 8.299388 6.631067 -8.286611
v -5.002387 -17.642290 -2.890723
v -5.711255 -17.728100 -3.447524
v -1.520085 14.857863 2.312435
v 5.679770 -17.830530 -1.837263
v 5.074557 -17.843168 -1.996696
v 4.605078 -17.781069 -1.750737
v -1.781894 15.325704 2.122722
v -5.866583 -17.871191 -3.002621
v -4.588480 8.722978 8.153139
v -8.445133 6.893071 -8.329022
v 9.093984 5.547051 9.741920
v -9.081746 8.301486 -8.301101
v 6.597659 8.104280 -8.236449
v 7.558407 8.380023 -8.307762
v -0.183979 15.753380 3.151150
v -9.052844 8.066012 -8.408315
v -4.538012 8.270472 10.112243
v -5.156887 8.517665 10.092685
v -0.956811 16.029108 2.655881
v -4.357066 8.430922 9.442038
v -5.138915 -17.736021 -2.684710
v 9.394037 5.618474 9.362662
v -0.506872 15.258318 3.737921
v -8.719312 8.373274 -8.378280
v -7.688406 -14.097793 -1.819524
v -0.015960 15.058657 2.308064
v -8.860609 8.151224 -8.458853
v 7.657401 8.210187 -8.477175
v 10.100829 6.648999 9.808937
v 6.827836 7.847873 -8.489022
v 7.119188 8.082362 -8.434492
v 7.507382 7.882117 -8.627495
v -4.699266 8.644712 8.951494
v -0.834000 15.521363 2.235759
v -0.860179 14.765132 2.426088
v -0.359301 14.690453 2.431773
v -1.368354 15.426807 2.197777
v 10.159068 6.541807 9.373493
v -4.869495 -17.505325 -3.110895
v 9.787069 5.804332 8.743814
v -4.161120 8.286679 9.672653
v 7.963116 8.004336 -8.628353
v 5.508922 -17.860668 -2.004298
v 7.962684 7.647789 -8.701101
v -9.221644 7.962518 -8.332922
v -4.010801 8.105339 9.962041
v 8.210859 8.375474 -8.426314
v 10.157556 6.351362 8.707074
v -1.560954 10.503551 6.246452
v 6.631425 -17.343874 -1.254121
v -3.786459 -17.333416 -2.281033
v -8.944244 7.850442 -8.472799
v -0.960053 11.252710 6.190336
v -3.644902 -16.994928 -2.780581
v -0.570728 10.426250 6.471640
v -2.207555 9.617242 6.163828
v -3.974984 -16.995567 -3.113231
v -1.564909 9.213278 6.436808
v 6.103087 -17.664774 -1.463444
v -4.257405 -17.247931 -3.021504
v 8.763182 8.500808 -8.290399
v 6.369983 -17.519320 -1.335705
v -7.807038 -14.275152 -2.151201
v 10.284852 6.600197 8.505188
v -7.837748 -14.550499 -1.441680
v -1.085962 9.735701 6.512373
v -0.484232 8.982196 6.690253
v -0.057587 9.924478 6.618342
v -5.574203 10.471837 2.283443
v -7.928317 -15.066426 -1.287159
v -7.801915 -14.810766 -1.093809
v -5.453620 9.535920 2.706640
v -5.581958 8.989228 2.232656
v -4.059036 8.459656 9.034952
v -3.701181 13.219231 3.883489
v -3.728304 8.289791 9.231153
v -7.981129 -14.852462 -1.651234
v -7.877536 -14.449351 -1.905288
v -7.934855 -14.599154 -1.832677
v -2.058050 14.122748 4.353652
v -2.674624 13.552213 4.452075
v -8.672150 7.971057 -8.555052
v 9.275583 5.065091 8.179555
v 8.863649 4.861749 8.690177
v -4.286342 -17.373934 -2.800318
v -1.815096 12.769599 5.328084
v -1.708685 13.525510 4.926147
v -8.464573 8.137318 -8.551831
v -3.123718 13.995255 3.798499
v -3.363870 12.763884 4.475167
v -2.364782 12.585793 5.198272
v -3.954596 13.750231 3.171357
v -3.517242 14.387782 3.058628
v -4.130942 14.231503 2.416490
v -4.371670 13.267456 3.043356
v -4.223240 12.548906 3.756540
v 8.353677 8.135483 -8.581009
v -8.757056 7.690036 -8.532290
v -4.780264 13.450250 2.130270
v -4.857461 12.827292 2.590885
v -4.346763 -17.528580 -2.465094
v 5.932520 -17.745228 -1.591329
v -1.315034 13.621511 2.459620
v -4.206880 -17.441254 -2.545685
v -1.905441 13.880162 2.285435
v -2.464029 14.284168 2.010435
v -1.940497 14.683152 2.212594
v -1.366187 14.343839 2.422543
v 8.338108 7.836195 -8.666861
v -5.186120 -17.451969 -3.541172
v 8.646543 8.219173 -8.521409
v -4.474165 -17.008162 -3.548098
v -4.725393 -17.175388 -3.539571
v -4.679066 -17.004761 -3.694842
v -1.727581 13.211539 2.312468
v -2.192145 12.751126 2.017000
v -2.313721 13.475642 2.074728
v -7.613750 -15.192210 -0.569799
v -4.794006 -17.314154 -3.396123
v -3.600736 11.607987 4.827631
v -3.952322 11.559378 4.534252
v -8.196147 8.533020 -8.272800
v -7.673555 -14.801665 -0.776772
v 9.915025 5.813786 7.916025
v -8.196532 8.278627 -8.500340
v 10.228213 6.642110 7.600376
v -4.508945 11.601035 3.896435
v 10.124551 6.254099 7.627525
v -4.300301 10.689111 4.447779
v -3.794903 7.861778 10.218322
v -2.657631 11.683555 5.436844
v -5.561843 -17.216045 -4.183012
v -1.452510 12.016651 5.797613
v -3.136352 12.274823 4.891643
v -3.426758 7.996220 9.678934
v -3.122287 11.073528 5.365226
v -2.568879 10.525720 5.831215
v -2.036151 11.280341 5.870285
v -4.778532 12.274561 3.149855
v -5.141005 11.753168 2.810535
v -7.779297 -15.457042 -0.898747
v -7.778262 -15.135633 -0.918529
v -4.947676 10.764673 3.556907
v -4.200655 8.587305 8.554939
v 10.101831 6.599025 7.011341
v -5.395270 11.227799 2.509593
v -1.300863 12.063139 2.146057
v -1.817138 12.182306 2.007661
v -1.316072 12.637497 2.325804
v -3.219711 8.147971 9.040976
v -0.724014 14.393595 4.526558
v -1.218423 13.992013 4.742177
v -3.472584 8.343299 8.660772
v -7.559935 -15.611465 -0.526264
v 8.739666 7.918352 -8.594927
v 6.263110 -17.883488 -2.397800
v -7.840295 8.358870 -8.424201
v 7.109187 -17.665367 -2.411268
v 6.530207 -17.786268 -2.178001
v -7.491841 8.252009 -8.449749
v 7.821739 -13.906283 2.389192
v 6.639972 -15.283936 1.984812
v 7.497574 -14.431386 1.188504
v 9.002293 7.726984 -8.520240
v 7.108041 -14.701690 -0.177281
v 6.871515 -15.015121 0.210962
v 9.849189 6.554636 6.167278
v 9.843679 5.768596 6.732444
v -7.683482 -15.785769 -0.791824
v 9.897708 6.135128 6.413847
v -8.055594 8.016658 -8.628787
v -1.009684 12.796004 5.538975
v -0.588799 13.272519 5.337805
v -0.245775 13.047379 2.472285
v -8.289786 7.678611 -8.653049
v -0.562089 13.497700 2.525931
v -8.294951 7.891180 -8.639917
v -0.928458 13.059436 2.470596
v 8.219882 -13.413940 0.388657
v 6.905565 -15.555202 0.104761
v -3.892634 8.551886 8.177216
v 9.530710 5.260412 7.776944
v -7.545857 8.050126 -8.588535
v 7.219525 7.464475 -8.672883
v -8.002340 -15.182261 -1.484392
v -5.602998 -16.296915 -4.719606
v 7.531923 7.312149 -8.688058
v 7.761784 -13.713373 -0.951785
v -4.697322 -16.117796 -4.250494
v -0.881442 13.972641 2.514615
v -0.454344 14.169761 2.509100
v 7.329843 -14.175174 -1.099151
v -7.482474 7.825924 -8.661592
v 9.695983 5.429703 6.934453
v -0.413174 11.491859 6.187860
v -3.125138 7.655738 10.012108
v -0.746230 11.488721 1.972631
v -7.756917 7.704373 -8.695666
v -0.080369 12.402999 2.324625
v -0.439133 11.995016 2.220373
v -2.829208 7.715124 9.635434
v -0.883703 12.211153 2.277150
v -0.580550 12.604806 2.408036
v -3.667352 10.231850 5.164902
v -2.848709 7.995647 9.049384
v -8.967289 7.397141 -8.355097
v 7.568351 6.966126 -8.613723
v 6.617248 6.954821 -8.578349
v -8.209563 -15.165565 -2.092155
v -5.261697 -16.542974 -4.445640
v 6.805321 6.698933 -8.539304
v -5.298866 -16.862837 -4.297448
v -4.358500 10.099610 4.501497
v 9.233558 4.760324 6.910186
v -8.629042 7.323620 -8.476231
v -3.719845 8.942713 5.232117
v -4.769972 9.774075 4.005926
v -4.233407 9.158165 4.717345
v -4.690174 8.810147 4.122505
v -3.010931 9.750836 5.711076
v 9.601782 5.424903 6.029101
v -5.219469 10.058895 3.219954
v 9.525110 5.202680 6.253455
v -5.074197 8.861534 3.502126
v -7.966946 -15.543854 -1.335762
v 7.465057 -15.079000 -0.812824
v 7.617936 6.579322 -8.434078
v -3.189587 -16.304609 -3.042497
v -8.355334 7.466902 -8.608802
v 8.161062 7.402005 -8.664528
v -3.042587 -16.634495 -2.494255
v -3.290474 -17.021599 -2.212289
v 8.385241 7.268607 -8.592938
v 7.286725 -14.364760 -0.734585
v 8.588041 7.584800 -8.621973
v 9.358153 4.904048 6.645359
v 7.406368 -14.629951 -0.854112
v -2.120713 7.644604 8.890882
v -2.507719 8.024247 8.263794
v -7.882991 -15.888306 -1.226525
v 9.167782 4.587666 6.169661
v -2.720039 7.354950 10.075531
v -1.952751 -16.871632 -2.726966
v -2.896245 -16.161383 -3.526836
v -1.540876 -16.512833 -3.590216
v -2.305310 -15.773520 -4.420335
v -3.363415 -16.053949 -3.370207
v 8.720499 7.150867 -8.439136
v 8.260162 6.977036 -8.501532
v 7.222832 4.142140 9.360257
v 7.309837 -13.924101 -1.739936
v -8.097957 6.985481 -8.495166
v 6.839263 4.192560 9.706723
v -2.185037 7.445214 9.436991
v -7.683882 7.247917 -8.665116
v -7.639218 7.453882 -8.698216
v -2.536033 7.203014 10.101169
v -8.312267 -15.777235 -2.084156
v 7.518972 4.141912 9.081015
v -7.390800 -14.189725 -0.494380
v -7.450708 -13.981717 -0.914224
v -7.461344 -14.629999 -0.371252
v 7.786786 4.151472 8.801115
v 7.465819 -14.259408 -1.511070
v -7.248820 -14.465520 -0.062991
v -7.459359 -13.869319 -1.199125
v -1.987754 6.935680 9.907272
v -1.590572 6.980818 9.389611
v 1.729666 -7.564974 -8.674517
v 0.728334 -6.564869 -8.767481
v -1.631370 7.316894 8.826380
v 9.189763 8.935072 -6.466761
v 0.728336 -8.119530 -8.767481
v 6.970974 3.625520 8.761283
v -1.546148 7.463659 8.133881
v 9.189157 8.916883 -7.049577
v 0.613684 15.857613 2.876746
v -5.150256 8.828479 7.610173
v 7.498511 3.804118 8.537545
v 9.674408 8.766682 -6.589079
v 7.727972 3.727833 8.062122
v 0.834658 14.878802 4.004601
v 0.747174 15.430952 3.407976
v 1.039732 16.158070 2.181697
v -7.447851 -13.795130 -1.397524
v -9.593143 8.309124 11.289365
v 1.791161 15.673021 2.560938
v -7.325725 -14.956663 -0.054996
v -7.140834 -15.283426 0.196884
v 1.459853 15.231652 3.388103
v -7.272641 -15.782995 -0.130845
v -7.817686 7.094386 -8.603888
v 1.957469 14.805202 3.604441
v 2.439228 14.936980 3.099700
v 2.642971 15.260545 2.425496
v 1.954732 15.872233 2.034436
v -5.762231 -15.966825 1.140347
v 8.117525 4.199130 8.444661
v 3.204816 14.989372 2.109215
v 7.393343 -14.037962 -2.288466
v -7.413909 6.555187 -8.422076
v -4.759096 8.762823 7.372408
v -7.075071 9.031802 -6.218486
v 0.510554 11.479517 6.188398
v 1.797933 10.530998 6.241085
v 1.421555 11.552795 6.012510
v 1.139936 10.686399 6.354280
v -6.298064 8.925127 -6.215454
v 7.536546 -14.255374 -2.155897
v -4.257265 8.667988 7.755811
v -7.156214 8.998739 -6.646427
v 7.572170 -14.538366 -1.443424
v -5.526472 8.757035 6.516085
v -5.074945 8.782794 7.039643
v 0.688340 9.374227 6.675877
v 0.571667 10.482171 6.485649
v 1.238963 9.614022 6.564463
v 2.368477 9.565984 6.235041
v 8.946757 8.935171 -7.212672
v -4.329010 8.652011 6.686903
v 1.829799 9.343868 6.462402
v -9.604853 8.169143 11.356306
v 2.919452 9.335543 6.011601
v 0.461789 14.236405 4.650130
v 0.657853 13.097318 5.419056
v 1.557055 14.336452 4.271945
v 1.078734 14.104974 4.636709
v -5.410376 -16.221956 1.159711
v 2.152653 14.099639 4.196543
v -6.299212 -15.995677 0.778349
v 9.586006 8.796533 -7.000517
v -6.784396 -16.532240 -0.034602
v 1.301733 13.221790 5.205119
v -6.504841 -16.341022 0.388990
v -6.928772 -16.041527 0.169829
v 1.967755 13.302116 4.915136
v 8.516921 4.293843 7.923620
v -6.358490 -16.726452 0.176857
v 2.776884 13.000362 4.672011
v -7.283091 8.827643 -7.504851
v -7.562122 8.937692 -7.243532
v -5.923307 -16.480755 0.712345
v 6.971707 3.371710 8.286346
v -6.564211 8.846757 -6.959928
v 7.333731 3.465097 8.045110
v -5.346721 -16.655109 0.836036
v 7.666274 -15.067393 -1.286289
v -5.915210 -17.029812 0.148831
v -5.923782 8.806553 -6.478379
v -5.021753 8.657412 6.086104
v 7.720617 -14.856265 -1.651738
v -6.358476 8.610618 -7.496504
v 2.676953 14.020641 3.926016
v -5.720184 8.578361 -7.094897
v 0.913655 13.463886 2.182958
v 0.946230 12.668517 2.056424
v -3.111523 8.349681 7.693328
v 0.396986 12.881825 2.327821
v -3.808347 8.571755 7.333683
v 1.113326 14.321652 2.033797
v 0.593713 14.205231 2.288719
v 0.988691 14.965066 1.968825
v -3.680240 8.448874 6.291469
v 0.544470 15.034713 2.157079
v 7.712723 3.492364 7.511356
v 8.886728 4.480783 7.449430
v -1.876574 8.595326 6.355482
v 7.612943 -14.437770 -1.914567
v 9.657716 8.728538 -7.293665
v -3.133705 8.350269 7.083171
v 7.693562 -14.653340 -1.820097
v 9.204203 8.848674 -7.427090
v 8.888388 8.872392 -7.555285
v -5.315023 -17.126097 0.301729
v -7.688076 -16.365654 -1.130582
v -7.539538 8.724059 -7.850262
v -7.003944 8.594901 -7.888606
v -2.082932 7.872921 6.974454
v 7.224027 -15.210253 -0.323418
v -2.161985 7.908484 7.656102
v -2.812088 8.691792 5.898816
v 8.718525 4.189702 7.083162
v -2.799788 8.178073 6.526914
v -4.996954 8.553891 -6.441242
v 8.104465 3.846330 7.682740
v -2.631496 7.998199 5.951280
v -2.166165 7.819081 6.183363
v -1.437768 7.418120 6.424118
v 0.359601 13.504058 2.395086
v -1.528381 7.525921 6.938134
v 0.099048 12.302246 5.875710
v 1.358752 12.283306 5.715549
v 2.244588 12.250632 5.411692
v -8.111326 -16.319574 -1.797693
v 9.368503 8.748910 -7.629255
v 2.360041 11.472785 5.708869
v 2.460519 10.689534 5.941409
v 0.576447 12.223517 2.101029
v 2.853630 10.370847 5.836484
v 3.422508 12.978082 4.183089
v 3.344640 14.391681 2.847899
v 3.164747 13.897695 3.619879
v 3.846368 13.993068 2.649506
v 3.730224 14.579101 1.901935
v 3.831688 13.273377 3.502548
v -7.191938 8.403428 -8.233963
v 4.262314 12.683022 3.455179
v 4.347486 13.213537 2.789079
v -7.754530 8.581333 -8.156526
v 4.204653 14.022701 1.895109
v 4.663610 13.155697 2.183456
v 2.907767 12.106322 5.123527
v 7.543199 -14.828009 -1.091605
v -1.376604 7.408700 7.606800
v 7.487559 -15.496410 -0.842654
v 9.277293 8.673519 -7.883862
v -6.392697 8.179211 -8.166736
v -9.735092 8.250231 11.159011
v 7.239622 -15.624941 -0.432537
v 10.025671 8.546361 -6.432089
v 8.340728 3.916766 7.329909
v 8.038987 3.593026 7.105359
v 4.252288 11.799280 4.119764
v 3.583140 12.189065 4.567138
v 3.836600 11.355810 4.791644
v 3.218350 10.996889 5.422832
v 3.816131 10.475017 5.145199
v 4.502782 10.318899 4.510509
v -8.327847 -16.138971 -2.142375
v -0.927246 6.439241 9.099325
v -1.081031 6.891493 8.663112
v -9.680097 8.008313 11.319210
v 8.747795 4.138393 6.703449
v 7.237624 -16.059631 -0.618415
v 9.880582 8.658482 -6.798029
v -0.809076 6.833540 8.003993
v -1.102476 8.445801 6.599730
v 4.602079 11.816393 3.635620
v 4.944435 10.885054 3.653528
v -0.166881 7.714343 6.718654
v -0.694044 7.447604 6.620064
v 4.891844 12.208433 2.803385
v -0.993350 7.118558 6.990712
v 5.019331 12.578752 2.041700
v 5.394074 11.662020 2.030355
v 8.476564 3.816020 6.456920
v -0.626226 6.772495 7.208831
v 5.225091 11.286634 2.862513
v -6.037650 8.375927 -7.737946
v -5.212281 8.003443 -7.730208
v -0.854914 6.962658 6.503921
v 10.218800 8.363585 -6.580110
v -0.415938 6.518072 6.490884
v 5.648184 10.725586 2.052883
v 3.258641 9.243025 5.835594
v 3.876657 9.374945 5.352913
v -5.644905 6.521623 11.759497
v 6.700962 2.958920 7.725699
v 10.382718 8.093244 -6.528468
v -7.651093 -17.069426 -1.731292
v 7.349657 3.125948 7.179669
v -7.959564 -16.655041 -1.753396
v -9.827018 8.166574 11.078532
v 4.432971 9.238517 4.838698
v 4.913187 9.630657 4.159650
v 5.344632 10.131911 3.250549
v -9.697195 8.159136 11.260311
v 5.620930 9.464810 2.796265
v 5.804737 9.753221 2.058162
v 5.525489 10.436634 2.653857
v 7.411554 -15.863348 -0.802939
v 5.209384 9.106661 3.788901
v 2.441029 6.701684 10.318738
v 2.682658 7.827593 8.977619
v 2.327056 7.839048 8.135358
v -8.062380 -17.055548 -2.309739
v 1.710171 6.969514 9.299444
v 2.562378 7.194587 9.980352
v 2.368202 7.451962 9.405770
v -7.518428 -17.337965 -1.943068
v 10.060509 8.503263 -7.050293
v 7.743291 -15.176156 -1.498926
v -4.846876 6.409847 11.570136
v -5.370931 7.806033 -8.008359
v -4.914968 6.023592 11.512827
v 6.661519 2.606663 6.683794
v -5.996225 7.785370 -8.304683
v 7.898753 3.304163 6.472814
v -5.364013 7.467424 -8.218517
v 7.329667 2.892071 6.286855
v -4.633065 6.648158 11.511025
v 6.746698 2.534853 6.032004
v -5.344853 5.722198 11.443882
v 7.710565 -15.466884 -1.349019
v 8.979026 4.347851 6.370583
v 7.974088 -15.352483 -2.029780
v -7.250964 -16.240011 -0.372065
v 1.989775 6.684170 9.950615
v 1.456639 6.530806 9.484681
v 9.998745 8.509540 -7.257375
v -6.779318 8.058228 -8.413286
v -7.027950 -16.499498 -0.298374
v -7.339253 -16.478422 -0.677994
v -6.884650 7.768263 -8.587012
v 7.660396 -15.734130 -1.256770
v 3.510694 8.209629 5.711375
v 2.923090 8.064390 6.075547
v -3.804302 6.027718 11.224869
v -3.670967 6.350817 11.173266
v 1.593597 7.356574 8.080735
v 1.176272 6.618611 8.939277
v 1.568221 7.142117 8.716229
v 1.044390 6.776913 8.315402
v 10.248537 8.290990 -6.933920
v 2.080684 7.522470 8.779044
v 0.589924 8.197545 6.751554
v 1.615977 8.504868 6.591011
v 2.545090 8.492089 6.265710
v -3.983403 5.732386 11.230828
v -9.851396 7.996294 11.101597
v 2.199831 7.834408 7.491793
v 1.120489 7.603459 6.664642
v 2.329402 7.826234 6.345294
v 2.691578 8.066197 6.809208
v 1.784564 7.565689 6.888065
v -7.517145 -16.100519 -0.671338
v 10.159534 8.294769 -7.309340
v 1.371845 7.265468 7.304925
v -6.180277 7.600654 -8.461494
v 0.920627 6.824443 7.635736
v 0.751446 6.696916 7.035710
v -7.008786 7.491200 -8.669099
v 1.723465 7.490889 6.522255
v 1.051797 6.972631 6.588283
v 3.905150 8.246331 5.407357
v 4.853389 8.484093 5.517037
v 4.170006 8.497169 6.167213
v 4.288210 8.228761 5.043938
v -9.642100 7.841162 11.359880
v 7.979254 -15.664430 -1.928853
v -6.926143 7.024210 -8.635666
v 4.647030 8.149782 4.641097
v -6.900119 -16.709867 -0.353430
v 7.008164 -16.134741 -0.330178
v 5.746264 8.571206 5.585807
v 5.219245 8.657255 6.085392
v -6.669076 -16.966063 -0.404431
v -6.416121 7.297440 -8.591075
v -7.237028 6.769761 -8.545130
v -3.480349 5.770516 11.123201
v 6.904536 -16.363924 -0.354981
v -3.602988 6.633543 11.086175
v 6.176218 8.668561 6.039506
v -9.715718 7.723019 11.250341
v 10.438992 7.898831 -6.511016
v 10.479517 7.506805 -6.134304
v -5.595345 5.358125 11.230993
v 2.772887 6.531720 10.618896
v 1.866660 6.163222 10.166262
v 10.439302 7.647827 -6.658394
v 2.628607 5.521287 10.729383
v 2.319909 5.938971 10.547772
v 1.752270 5.679872 10.199279
v 2.312255 4.920614 10.469420
v 2.035633 5.359511 10.403774
v -9.604118 8.535872 10.979559
v -4.427286 5.232756 11.120689
v -9.657802 8.410692 11.106345
v 1.709064 4.823564 10.091612
v 2.354206 4.448965 10.289011
v 0.725841 6.127818 8.696480
v 0.604431 6.307858 8.107207
v 0.298125 5.673631 8.195092
v 0.451743 5.334718 8.752097
v 0.349667 4.764033 8.619147
v 0.693503 5.089695 9.155017
v 1.448259 6.078165 9.810609
v -5.219763 4.668588 10.729550
v 7.092308 -16.409477 -0.645199
v 6.596993 8.551866 5.672296
v -6.252848 6.992002 -8.564074
v 0.961397 5.568576 9.438764
v 0.818879 5.925514 9.068813
v 7.080211 8.349356 5.268235
v 6.107855 8.349916 4.891010
v 5.011566 7.962502 4.109666
v 5.442799 8.290030 4.751791
v -7.422303 -16.756821 -1.086849
v -5.004126 4.786718 10.844258
v 1.408075 5.351845 9.942843
v 1.026177 5.043893 9.554940
v 10.344378 8.056933 -6.984736
v -9.555385 8.660271 10.725641
v -9.732607 8.538407 10.725084
v -4.855364 4.927800 10.955110
v 10.248687 8.071543 -7.314638
v 1.226237 4.709495 9.676454
v 0.666992 4.559894 9.033100
v 6.647026 8.012246 4.247902
v 0.431473 6.266167 7.401908
v -6.458634 -17.096251 -0.371028
v 0.523034 6.417695 6.523032
v 0.320034 6.166398 6.751455
v -5.300773 6.990006 -8.336033
v 5.453819 8.569176 3.329977
v 5.880052 8.628927 1.947412
v 5.599532 8.042226 2.912793
v 0.595119 3.817703 8.484851
v 5.834849 7.859167 3.824664
v 0.330605 4.288463 8.424490
v 0.433765 3.459367 7.846707
v 5.336652 7.613224 3.442662
v 1.507985 4.196510 9.669140
v -5.704085 6.388564 -8.373065
v 0.905776 4.151511 9.114994
v -6.980902 -16.977385 -0.765146
v 1.463650 3.595857 9.151968
v 2.555480 4.088584 10.139942
v -7.080943 -17.159018 -1.164863
v -6.744879 -17.140099 -0.732658
v 10.356415 7.804072 -7.055339
v 7.465194 -16.267490 -1.134663
v -4.240118 4.657547 10.801908
v -9.771200 8.316921 11.047344
v -4.238140 5.449385 11.190381
v -9.468115 5.860209 -2.351390
v -9.911939 6.699123 -3.657670
v -9.609480 6.457261 -2.677177
v 6.577220 7.617355 3.563657
v 5.798315 8.184144 2.216111
v 7.350650 -16.485794 -1.106975
v -9.630166 5.771573 -3.237030
v 6.776875 -16.595814 -0.396534
v -9.865749 6.347111 -3.635138
v 1.974377 3.775808 9.646559
v 2.746723 3.594734 9.787386
v 1.001635 3.564530 8.715664
v 6.572880 7.205016 3.014322
v 6.010430 7.405918 3.155694
v 5.732335 7.385236 2.090539
v 2.666925 3.174858 9.292209
v -3.507710 5.411128 11.055060
v 2.086059 3.197111 9.087277
v 5.493120 7.169749 2.837576
v 1.687164 3.085458 8.717109
v -3.764871 5.214217 11.040991
v 1.305246 2.924292 8.170386
v 5.522508 6.761311 2.400801
v -9.754205 5.872450 -4.163680
v 0.899417 3.206373 8.159920
v -10.007688 6.430140 -4.490142
v 2.801141 2.825057 8.851446
v 9.787342 8.598926 -7.496595
v 2.614496 2.482014 8.188090
v 1.984586 2.563636 8.050543
v -6.645845 -17.386110 -1.048603
v 0.743251 2.933369 7.466022
v 6.970567 -16.962023 -1.064083
v -6.923220 -17.324209 -1.253493
v 7.165096 -16.751926 -1.091039
v 9.579350 8.641535 -7.688477
v 0.367723 3.227971 7.328972
v 6.747149 6.778994 2.632723
v 6.098611 6.890481 2.577160
v 1.626022 2.477298 7.562324
v 5.479497 6.378252 2.073001
v 5.938806 6.364437 2.093362
v 1.102293 2.717850 7.539140
v -5.922788 -17.287611 -0.239678
v -6.181678 -17.379368 -0.612655
v 7.566135 -16.027287 -1.179800
v 6.780266 6.281446 2.258430
v -10.093121 6.623447 -5.227127
v -9.959512 6.318541 -5.196866
v 9.820971 8.477551 -7.698611
v -3.821253 5.009279 10.965111
v 7.780423 -16.585852 -1.829965
v -9.634905 5.733283 -4.820664
v 6.956308 3.739629 2.273451
v 6.821510 2.955431 3.100925
v 6.212775 2.631287 3.083282
v -3.481020 4.802679 10.818462
v 0.867063 1.809085 8.066478
v -10.084544 6.707331 -5.813558
v 6.183709 2.944719 2.505399
v 7.444132 -17.035479 -1.757425
v 6.473645 3.369222 2.231876
v 1.520597 0.846118 8.444689
v 6.012203 3.406053 1.930635
v -3.099019 6.525031 10.901497
v -5.735593 -17.598106 -0.791200
v -5.367353 -17.527742 -0.425526
v -6.006479 -17.528582 -0.805361
v -6.257744 -17.552683 -1.054492
v -9.714347 6.114642 -5.833296
v -3.189064 6.135549 11.023431
v 5.186631 1.932920 5.699787
v -9.912153 6.517409 -6.143428
v 8.256544 -16.200527 -2.596837
v -5.716401 -17.732368 -1.219632
v 2.290800 0.894571 8.220829
v 2.961323 0.993651 7.914527
v 2.767480 2.122093 7.365546
v 9.388757 8.482973 -8.097409
v 2.234304 2.263622 7.500033
v 9.113743 8.586761 -8.098244
v 5.669046 2.042395 4.964118
v -9.911826 8.283728 10.816323
v 6.006833 2.168656 5.582789
v 5.745205 2.150464 6.158254
v 6.123033 1.357419 4.908213
v 6.686775 2.444997 5.344444
v -9.809734 8.409844 10.849534
v -7.261966 -16.980238 -1.139772
v 4.618832 7.765354 10.839673
v 6.293279 2.283260 4.631580
v 3.981578 7.856702 10.217201
v 6.014236 2.229086 4.174098
v -9.447145 6.015745 -2.230095
v 6.856720 2.673794 3.905997
v -2.645635 6.151912 10.778303
v 6.148805 2.400892 3.643785
v 6.886642 0.846372 3.933417
v 6.701509 1.867393 2.861085
v -2.797375 5.763836 10.880840
v -7.255247 -17.439939 -1.804486
v -9.434512 5.538276 -2.589668
v -2.136668 6.170302 10.501971
v 4.813894 8.023908 10.641798
v 6.828042 -17.119387 -1.110971
v 3.765976 7.277273 10.728119
v -10.168235 8.119348 9.971457
v 3.310179 7.382200 10.348467
v 6.558121 2.441378 1.940844
v 6.960798 8.583867 5.962694
v -2.234335 5.797220 10.628464
v -1.554902 5.679524 10.199182
v -1.518339 6.083245 10.061129
v -9.273670 5.290388 -2.078980
v -9.360975 5.289808 -2.786214
v -3.014624 5.530488 10.938893
v -9.639984 8.675226 10.349991
v -3.087627 5.201310 10.890124
v -6.642843 -17.532064 -1.375915
v 3.617376 7.534976 10.409576
v 7.791650 8.454603 6.137313
v 7.444270 8.369094 5.566170
v 7.032407 -17.286102 -1.594441
v -9.288740 5.111735 -2.964086
v 3.190236 6.718744 10.767983
v 7.336302 -17.479826 -2.278412
v 3.741224 7.107475 10.842949
v 3.758547 6.850398 10.986840
v -2.428060 5.406843 10.716502
v 3.209293 7.061507 10.568961
v 2.801825 6.941287 10.387630
v 8.017120 -17.013803 -2.611344
v -9.940831 8.381555 10.546885
v -3.030183 4.747605 10.715872
v -9.154724 4.939346 -2.256855
v -2.667714 4.914024 10.684520
v -2.409695 4.301151 10.303102
v -1.837535 5.359819 10.403214
v -2.111388 4.799124 10.421460
v -1.609783 4.928751 10.189629
v 7.873686 8.117818 5.267292
v -9.010934 4.641318 -2.658161
v 4.825745 7.333300 11.310211
v -10.059608 8.152346 10.571473
v 7.361827 8.132913 4.893221
v 9.619297 8.518582 -7.873648
v 1.250932 -15.585711 -5.001294
v 2.397510 -15.773520 -4.420335
v -7.173697 -17.643347 -2.136886
v 2.177956 -14.777913 -5.630534
v 2.887333 -16.682077 -2.587172
v 4.550416 6.970403 11.334600
v 2.503652 -16.466105 -3.293922
v 1.439029 -16.478964 -3.701613
v 8.142229 8.276511 5.951947
v 1.453285 -17.109676 -2.452935
v -10.064255 8.275096 10.250535
v -9.919030 8.461698 10.268827
v 4.600309 7.454513 11.108673
v 3.853664 7.554928 10.526469
v -5.000169 4.065911 10.245645
v -9.124675 4.854770 -3.347158
v -5.524953 4.482616 10.511064
v 8.386856 8.082180 5.737447
v -4.615535 4.338742 10.551135
v -6.877125 -17.815651 -2.351674
v 6.512100 -13.324200 -3.945496
v 6.728076 -13.696987 -3.203686
v -6.051900 -17.674675 -1.224739
v -9.377149 5.248956 -3.954107
v 6.455204 -13.738538 -3.535396
v 8.677306 7.827228 5.551521
v -9.962418 8.113568 10.864823
v 8.951481 7.547215 5.433351
v 8.260619 7.856608 5.087444
v -6.243458 -17.737951 -1.605715
v -8.952975 4.673705 -3.638583
v -4.407518 3.971183 10.253883
v 7.749768 7.954011 4.801018
v 6.839496 -12.246886 -4.520144
v 5.583179 -13.162333 -5.086001
v 6.231721 -12.717965 -4.826430
v 5.866100 -13.781200 -4.218498
v -3.785251 4.499238 10.676361
v -4.076725 4.255379 10.514476
v -9.196753 5.749002 -6.276187
v 7.397181 7.829204 4.268444
v 8.125554 -12.276344 -2.443285
v 7.514228 -13.526545 -2.028509
v 7.371739 -12.762828 -3.327025
v -5.452688 -17.795324 -1.406280
v -9.232364 5.214067 -4.772511
v 7.240472 -13.811852 -2.102620
v 8.090850 7.699931 4.616704
v 7.102406 -13.733444 -2.531515
v -9.293205 5.531212 -5.557459
v 3.808768 6.566264 11.109546
v 9.860204 8.314507 -7.843201
v 6.028759 8.692845 10.205715
v -6.057474 -17.809418 -1.778601
v -3.133655 4.144226 10.384521
v 5.569196 7.891267 11.297948
v -3.502540 3.729233 10.076688
v 7.049717 -13.768837 -2.786732
v 5.125072 8.285001 10.448718
v 5.755802 8.194247 11.059550
v -1.655241 4.417381 10.017080
v 4.723931 8.271154 10.099944
v -1.498603 6.545499 9.761458
v 5.292176 8.563821 9.885159
v -1.203195 5.265167 9.931243
v 8.660835 7.482473 4.905248
v -5.490221 3.841313 9.858655
v 8.497148 7.363703 4.516518
v -8.524301 4.383287 -4.290899
v 8.876584 7.314765 4.956984
v -8.797802 4.944520 -5.247682
v -4.991991 3.760844 9.929092
v 6.848352 -13.693213 -3.022115
v -6.394880 -17.901833 -2.420508
v -10.068582 7.938821 10.681014
v 8.458339 7.087633 4.087310
v 6.612356 8.258188 11.452645
v 6.093094 7.643620 11.709069
v -9.936109 7.844866 10.965981
v -5.400912 -17.835747 -1.726215
v -4.239092 3.602789 9.918882
v 6.345623 7.996042 11.583709
v -5.679938 -17.861166 -2.048098
v 8.795866 6.951643 4.382302
v 8.696436 6.765160 4.032036
v 7.356646 -11.793864 -4.201816
v 9.707065 8.391687 -7.939629
v -4.555145 3.307312 9.509543
v -5.686608 3.533012 9.377892
v -5.129580 3.178014 9.139737
v -7.980284 4.864835 -6.312268
v -8.852051 4.422456 -2.240235
v 3.639761 -15.613252 -3.915365
v 9.565030 7.391650 6.166855
v 3.419167 -15.864354 -3.703131
v 6.605167 7.831711 11.791150
v -9.990619 7.639259 10.807346
v -3.826089 2.925460 9.101491
v 3.857819 -15.386097 -4.074258
v -3.353606 3.254189 9.555855
v -4.416798 -16.835052 1.203717
v -5.155921 -16.325735 2.349837
v 6.377867 8.641018 10.660659
v 6.247384 8.416976 11.032550
v -4.967455 -16.503624 1.084682
v -10.119076 7.689040 10.519764
v 9.144045 7.279031 5.346871
v -5.676618 3.069933 8.678285
v -4.296849 -16.840046 2.174687
v -5.288470 2.718311 8.256773
v -4.932332 -16.820204 0.777513
v -4.458591 -16.795454 0.863289
v -4.491947 2.778476 8.728876
v -4.262695 2.525402 8.316250
v -10.139734 8.071034 10.353663
v -3.470258 2.479003 8.348832
v -2.706596 3.670712 9.896841
v -8.529723 3.991465 -2.444415
v -8.780070 4.346275 -3.013359
v -2.184183 3.641731 9.706421
v -1.625814 3.932674 9.684402
v -1.258510 3.411233 8.957862
v -2.470390 3.174732 9.292213
v -10.192684 7.877457 10.270877
v -1.859613 3.299784 9.204732
v 9.701575 6.949537 6.002714
v -8.553432 4.059921 -2.796726
v 5.588537 7.267015 11.665611
v 4.177457 -15.459422 -4.237542
v -3.434370 -17.260845 1.860901
v -4.541024 -17.116751 0.432588
v -4.779222 -17.340658 0.045628
v 4.006623 -15.867133 -4.087826
v -3.894455 -17.044830 0.403906
v -10.240952 7.575975 9.983707
v 3.554538 -14.233186 -5.570808
v -2.605484 2.824683 8.851194
v -2.916550 2.449955 8.241627
v 4.224033 -14.653169 -4.736472
v -2.417764 2.482396 8.188965
v -4.047845 -17.362387 -0.191935
v 4.415038 -14.888580 -4.292066
v -1.687080 2.772570 8.366590
v 9.266075 7.119690 5.346309
v -1.103839 2.922380 8.163768
v -3.033731 -17.433069 1.188509
v -1.697567 -17.785793 1.188499
v -1.953508 -17.687494 2.190805
v -1.953506 -17.687494 0.186203
v -2.982389 -17.393274 0.167339
v -4.674828 -17.532152 -0.392611
v -8.453435 4.041593 -3.369182
v 4.934060 6.768446 11.536086
v -8.282065 3.818957 -3.094016
v 3.366366 -15.311238 -4.525956
v 4.159734 -15.119448 -4.218246
v -5.122709 -17.714481 -0.958396
v -4.348393 -17.601051 -0.806994
v -4.731040 -17.732878 -1.189638
v -5.711465 2.470832 7.280677
v -4.953196 2.310867 7.485343
v -9.551983 7.468035 11.315639
v -3.459076 -17.160681 -0.193743
v -4.127209 2.190265 7.556577
v -3.579667 1.965249 6.980107
v -3.692441 -17.381990 -0.688471
v -3.633757 -17.407734 -1.182439
v -5.236857 2.157352 6.685449
v -4.566414 1.918867 6.248507
v -4.121738 1.921128 6.624409
v 9.395431 6.874646 5.340838
v 6.445716 7.335494 11.910473
v -5.707262 2.215653 6.248166
v 9.526787 6.592241 5.398359
v 8.992918 7.055145 4.793299
v 9.769965 8.246355 -7.992208
v 5.983970 6.976643 11.829438
v 4.775902 -15.150417 -4.459642
v 6.337955 6.645239 11.852863
v -9.730241 7.497079 11.129972
v 4.659571 -15.380233 -4.443185
v -8.744341 4.492300 -3.925553
v 9.009734 6.684128 4.442600
v 9.208321 6.721198 4.817106
v -4.313065 -17.671865 -1.411443
v 4.511051 -15.806499 -4.361538
v -2.662126 2.117225 7.375848
v -3.100215 2.150369 7.569795
v 3.056097 7.725526 9.647307
v -2.214032 2.223800 7.495639
v -9.734913 7.303887 10.988530
v 3.624483 7.997517 9.676481
v 7.840016 7.448214 3.956218
v 7.190118 7.527347 3.666005
v 3.346943 7.654359 10.035875
v 7.293976 7.101060 3.181916
v 7.868598 6.916966 3.346958
v -3.243823 2.011251 7.145938
v -4.947309 -17.795200 -1.911478
v -5.433985 -17.850174 -2.211159
v 8.362947 6.680507 3.563691
v 7.298405 6.545205 2.666270
v 8.977859 4.875456 4.142123
v 8.859062 6.287056 3.882822
v -7.962355 3.642520 -3.565286
v 9.628504 6.164176 5.519979
v -9.801442 6.968974 10.549652
v -8.119927 3.891748 -3.955284
v -10.011816 7.355896 10.558469
v 3.222080 7.951258 9.341376
v -2.770885 1.316127 7.781410
v -1.821481 2.342099 7.564617
v -1.201511 2.580291 7.579330
v 9.364150 6.387078 4.884313
v -10.189411 7.469413 10.134836
v 3.420700 8.149639 9.040616
v 5.727275 -14.023252 -4.087981
v -7.589994 3.528955 -4.111295
v 4.358752 8.287135 9.670987
v -1.016046 6.121323 9.496258
v -7.947621 3.460206 -2.891642
v -7.827637 3.288368 -1.988206
v -0.901616 5.677386 9.581197
v 5.453342 -14.171800 -4.202224
v -7.246815 2.901365 -2.511434
v 9.466814 6.087264 5.031771
v -6.586376 2.539118 -2.627244
v 9.652420 5.793647 5.720708
v -7.221204 3.070932 -3.500361
v 4.201560 8.094518 9.978654
v 3.924799 8.290244 9.229504
v -6.672078 3.002772 -4.269061
v -10.089823 7.216531 10.197806
v 9.636360 5.625479 5.844796
v -0.480976 6.284428 8.363441
v -6.462528 2.714090 -3.700469
v -5.826963 2.678401 -4.392940
v 6.056075 -13.871746 -3.887124
v 4.258301 8.461716 9.028788
v -9.528351 6.581641 10.484749
v -0.495649 5.860566 8.888287
v 9.475514 5.749677 5.069700
v -0.137431 5.669757 8.291717
v -3.511544 -17.323120 -1.669316
v -0.663920 5.177616 9.372254
v -0.989543 4.772429 9.663233
v -4.098208 -17.578903 -1.811243
v -0.596735 4.769531 9.245316
v -0.255238 5.333923 8.753519
v -2.993989 -16.888151 -1.904193
v -8.152824 4.243693 -4.787829
v -0.411534 6.438316 7.720052
v -3.184150 -17.146072 -0.834740
v -0.101018 6.134427 6.991594
v -9.080435 8.748937 11.069046
v 6.434450 -14.260749 -4.171544
v -1.039314 4.262479 9.492862
v -0.548703 4.349996 9.041981
v -8.665565 8.721909 11.316131
v 6.883440 -14.418452 -4.147563
v 9.121074 6.380700 4.401979
v -7.799675 4.169424 -5.198606
v -1.519185 -17.600348 -0.819921
v -0.890709 3.923413 9.131637
v -0.695875 3.620767 8.658561
v -0.274500 3.950118 8.427711
v -2.095219 -17.219711 -1.763903
v -1.377191 -17.357367 -1.788413
v -0.258819 4.425311 8.686053
v -3.043998 -17.051739 -1.367152
v 5.280901 -14.279495 -4.258500
v 4.878484 -14.534563 -4.332711
v -7.912832 3.848893 -4.316291
v -8.152788 -12.340767 -2.077096
v -7.488204 -12.857172 -2.857238
v -7.666799 -13.198871 -1.990687
v -0.635534 3.204960 8.079849
v -9.347698 8.756547 10.741606
v 3.664864 8.340753 8.663434
v -7.177181 -13.537356 -2.493502
v -0.671474 2.854522 7.513290
v -7.542808 3.726907 -4.680798
v 9.216848 5.964139 4.404537
v 9.312686 5.572587 4.640020
v -8.975565 8.864253 10.751847
v -0.199743 3.202116 7.347444
v -8.679547 8.841849 11.022166
v -0.570138 1.525961 8.231398
v 2.881595 8.091807 8.365834
v -7.307470 -13.591201 -2.131341
v -5.549183 8.571348 5.586306
v 8.943426 5.768180 3.818151
v -7.551611 4.124712 -5.443996
v -4.712490 8.401855 5.212527
v 4.541600 -13.753207 -5.396517
v 5.242139 -14.435404 -4.338878
v 4.382082 8.582784 8.555732
v -7.374470 -13.817883 -2.745262
v -7.205320 -13.736377 -2.949964
v 5.089909 -14.637087 -4.404561
v -4.241466 8.435385 5.611358
v 4.912419 -14.857614 -4.436416
v 4.768032 8.559962 9.210432
v 4.025653 8.536771 8.158718
v -3.682334 8.176052 5.197717
v 9.459899 5.162809 5.672418
v -5.305404 8.347624 4.905650
v -4.872055 8.099693 4.376391
v 4.794728 8.725234 8.148183
v 9.470749 5.406284 5.279975
v -9.227928 8.847478 10.448457
v -4.578252 7.938963 4.119886
v -5.442049 7.853331 3.806064
v 9.604890 8.342864 -8.072376
v 5.755135 -14.777375 -4.592020
v 9.305849 4.814191 5.801117
v 2.921293 7.390062 10.035558
v -4.103405 8.130698 4.768467
v 9.237699 4.819333 5.242151
v -7.169368 4.132179 -5.856513
v 9.460187 8.287704 -8.210799
v -6.847433 -13.532072 -3.084666
v -8.905854 8.938698 10.344011
v -3.101754 8.122289 5.667372
v 6.295433 -14.753259 -4.604606
v -6.668032 4.191789 -6.328364
v -7.264411 -11.793884 -4.201845
v -7.262498 -12.602188 -3.513419
v 6.214845 8.823875 9.874296
v -6.746584 -13.548038 -3.238952
v 6.844734 8.966494 9.717297
v -6.742498 3.785709 -5.702257
v 6.070551 8.882112 9.228695
v 9.303507 5.277472 4.785060
v 6.702391 8.993757 9.002048
v -4.873679 7.620468 3.492302
v -5.268556 8.569297 3.023133
v 9.135931 5.408802 4.208674
v -5.400742 8.047795 2.410336
v -6.239763 3.740271 -5.993428
v -5.019279 7.256707 2.954752
v -8.178775 8.764826 11.260026
v -6.448653 -13.627516 -3.553816
v -5.459280 7.310007 3.003496
v -5.731541 3.491243 -5.931527
v -6.732164 -13.707816 -3.473895
v -7.758040 8.778513 11.160983
v 5.216437 8.756949 8.635996
v 9.106878 4.576025 5.147106
v 9.223012 4.964987 4.821535
v -8.058555 8.901352 10.886521
v -8.499544 8.939901 10.696672
v 8.831600 4.440468 4.281401
v 7.969442 6.333416 2.947238
v -5.324965 3.589452 -6.255353
v 8.477716 6.091550 3.299964
v 8.592724 5.535846 3.275374
v 5.738438 8.868195 8.076520
v 8.132218 5.726535 2.818210
v 7.367493 5.942060 2.341910
v -7.141123 3.480727 -4.711745
v 7.513004 5.578514 2.295076
v -5.311791 7.400370 2.146905
v -5.045180 6.805578 2.444545
v -7.658189 8.986824 10.417008
v -8.080329 9.014521 10.334265
v -6.419903 -13.324200 -3.945496
v -5.577662 6.841797 2.488736
v 6.007591 8.887503 7.794433
v 8.773103 5.104098 3.596300
v 8.570234 4.574733 3.542611
v 8.182163 4.528625 2.990721
v -4.951389 6.328603 2.027530
v -8.426825 9.017773 10.119108
v -5.114874 1.961622 5.650897
v -6.841174 3.455022 -5.015706
v -6.182506 -13.727696 -3.784778
v -6.303099 -13.820467 -3.835346
v -6.263092 3.427569 -5.495924
v 4.453937 8.667848 7.756619
v 7.916165 5.240103 2.550376
v 7.155221 5.188487 2.004206
v 5.654739 -15.312984 -4.791572
v -5.955752 3.046149 -5.077201
v 4.938022 8.757875 7.312799
v 7.575847 4.835672 2.290313
v 3.538508 8.417531 7.836397
v 8.223546 4.911338 2.884660
v 3.097655 8.272208 7.332339
v 8.799417 4.091821 5.944188
v -9.195059 8.149199 11.674895
v -5.613277 2.088501 4.867949
v -5.395543 3.125270 -5.571424
v 8.258624 3.513804 5.811383
v 8.667243 3.916740 5.437699
v 8.361503 3.630700 4.910503
v 8.626773 3.992113 4.604896
v 8.415561 4.062632 3.828188
v -0.228111 16.113129 2.593622
v 0.369672 16.152836 2.450308
v -6.747321 -12.246841 -4.520150
v -6.139508 -12.717976 -4.826429
v 8.064543 3.502138 4.192925
v 4.001950 8.570580 7.329160
v 7.963559 3.251152 5.187465
v 3.529476 8.383220 6.607068
v -5.804823 -13.916195 -4.025461
v -5.490980 -13.162325 -5.086000
v -7.652594 -14.046834 -2.381880
v 5.832505 -15.691283 -4.929734
v -9.020666 8.535415 11.482612
v 7.487592 2.900174 5.468034
v 4.531047 8.652580 6.685565
v 7.728909 3.152542 4.396933
v 6.953505 2.593068 4.845670
v 5.644927 -16.023165 -4.887868
v 0.096005 14.937534 4.067285
v -9.360981 8.527454 11.282767
v 7.346533 2.865628 4.488590
v 5.354537 8.829206 7.610594
v -5.999758 1.455909 -2.487010
v -0.182663 15.594583 2.165277
v -6.029992 2.351786 -2.984341
v -5.700704 2.142132 -2.298234
v 9.041764 4.414490 5.527091
v -5.630621 2.369957 -3.671061
v 6.380686 -15.165499 -4.851525
v 6.169915 -15.322902 -4.902237
v -9.494899 8.454919 11.247009
v -0.046767 13.897878 4.948081
v 0.131697 13.216689 5.386908
v -0.088407 13.636326 2.490920
v 0.180861 14.202600 2.416181
v -9.716925 6.529838 -6.707602
v 7.447086 3.409818 3.141245
v -7.455849 -13.869520 -2.659134
v 0.196974 11.972833 2.125539
v 8.010903 4.051797 3.125520
v 7.946955 3.643674 3.574663
v 7.598242 4.415388 2.421721
v 7.520066 4.027325 2.567111
v -0.096519 11.512519 1.967223
v -9.252725 6.185750 -6.949586
v 0.101161 8.542856 6.752099
v 0.115040 6.766930 6.611699
v -8.230234 -14.940752 -2.552850
v -9.095242 8.630178 11.312135
v 9.704009 8.211487 -8.073668
v 7.091860 4.279681 2.068902
v 7.202188 3.505933 2.707154
v -9.111760 5.858742 -6.615161
v 0.098575 5.020444 8.067444
v -0.182840 4.828502 8.684319
v 7.495671 3.191247 3.663069
v 6.907918 -15.295527 -4.911869
v 7.231368 1.186405 1.669832
v -8.123360 -14.716493 -2.961818
v 0.418045 15.633494 2.004312
v -8.396094 -15.170022 -3.116014
v -9.407556 8.345421 11.432447
v -8.538462 5.503839 -6.763422
v -8.381478 5.690529 -7.183292
v 9.853550 8.120939 -7.960311
v 0.098852 4.580626 8.077215
v 6.387971 8.874624 7.423145
v 5.991461 8.841045 7.048010
v 6.751103 -15.582779 -5.070857
v -8.006951 -14.616614 -3.289443
v -0.099853 5.945741 7.748374
v 0.098131 5.474052 7.768778
v 1.630942 16.113487 1.823578
v 2.642599 15.894606 0.836469
v 2.194592 16.028032 1.349062
v 2.413853 15.320624 0.368112
v -8.344055 -15.098875 -3.476615
v 2.680727 15.150720 -0.191754
v 5.464877 8.784070 6.859951
v 0.097008 5.733686 7.212018
v -7.866770 -14.582181 -3.617354
v 3.015725 -16.408350 -3.042876
v 5.783689 8.761336 6.530750
v 3.343760 -17.009865 -2.713093
v 2.834284 -16.924484 -2.046302
v -8.839828 6.223135 -7.462262
v 0.099485 5.775718 6.324139
v -8.331847 6.159877 -7.773324
v 3.621928 -16.753044 -3.309462
v 3.320376 -16.755220 -3.025589
v -7.740393 -14.725834 -4.082990
v 2.342086 14.848711 0.721978
v 3.233304 -16.084627 -3.467245
v 2.053754 15.464594 0.872474
v 6.281329 8.768379 6.554074
v -7.892378 6.425339 -8.216651
v -8.559205 -15.634621 -2.933107
v -8.461781 -15.677090 -2.535212
v 3.439366 -16.469156 -3.397113
v 9.501550 8.158574 -8.244483
v -0.169135 3.623887 7.941866
v 0.101398 4.180094 7.903077
v 2.006439 14.607195 1.254608
v 3.860875 -16.363586 -3.793704
v 1.736609 15.532013 1.204260
v 6.689167 8.689480 6.262401
v 1.432355 15.045084 1.667970
v -9.396580 8.220652 11.517523
v 3.606671 -16.113241 -3.735930
v 0.255246 3.898231 8.010232
v 1.137879 15.615531 1.663599
v 3.333667 6.371976 10.963511
v -8.559211 -15.514730 -3.177276
v 2.846823 6.153107 10.779691
v -7.435582 5.819009 -7.871843
v -7.141835 5.938914 -8.066330
v 0.098821 3.798518 7.562842
v 9.616866 8.059977 -8.190010
v -8.540593 5.105844 -6.072513
v -7.512999 4.901581 -6.774594
v 3.002391 15.494616 1.337671
v 3.861552 6.311560 11.177156
v 3.849438 14.773189 1.121008
v 0.100067 3.522336 7.163840
v 0.042941 2.728348 7.628975
v 3.076344 15.675279 0.078144
v 3.459505 15.302661 0.472589
v 3.947323 -16.109114 -3.969554
v 3.694611 15.092625 -0.327588
v 3.384104 15.301715 -1.043627
v 3.978532 14.670606 -0.929468
v 3.284161 15.478770 -0.514514
v 2.844092 14.945068 -0.807001
v -8.574862 -15.511110 -3.668334
v -9.176694 8.406243 11.538795
v 3.421142 15.201320 -1.301670
v 3.295433 14.758964 -2.421224
v 0.134076 1.001871 8.517419
v 3.872828 14.530895 -1.658361
v -7.869599 5.483214 -7.296268
v -7.615588 5.521983 -7.495039
v -3.488130 15.304016 1.809550
v -2.394694 15.150540 1.910410
v -8.728289 -15.866664 -3.620000
v 3.003729 5.766274 10.884568
v -4.323775 14.818084 0.892889
v -3.704583 15.200687 1.647752
v -8.690269 -15.871828 -4.264562
v 3.148424 14.735446 -1.966079
v 1.348312 13.852628 1.928104
v -4.274997 14.529440 1.718539
v 4.399117 -16.312050 -4.160874
v 1.708148 10.983244 -1.393772
v 3.918208 -16.568411 -3.704034
v -9.208776 8.276030 11.612531
v 3.433460 5.976999 11.048333
v 3.990909 -16.976648 -3.395261
v -3.977974 14.735806 0.988087
v 3.491838 5.562389 11.033875
v -6.723338 5.936695 -8.149478
v 2.172868 11.534813 -1.287488
v 1.923429 11.493876 -1.976660
v 1.469481 11.158218 -2.237762
v 1.096685 10.604083 -1.726568
v 1.235879 10.552926 -1.282780
v 1.750373 10.928506 -0.674501
v 2.086486 11.346842 -0.910360
v 1.989380 11.246490 -0.306535
v 2.328882 11.789964 -0.331368
v -2.947199 14.943816 1.588773
v 1.360547 10.574050 -0.836008
v 1.456804 10.675910 -0.297273
v 9.793501 8.001431 -8.046977
v 3.995284 6.033552 11.223825
v 2.530215 12.304613 -1.522448
v 2.257564 12.252400 -2.282314
v 2.296616 11.902804 -1.678885
v -5.522650 12.643003 0.345083
v -5.670442 12.045272 -0.219956
v 2.545810 12.929821 -2.233064
v -5.758539 11.542119 0.733742
v -5.608293 11.786378 1.416115
v 2.729665 12.870138 -1.512309
v 4.410302 -16.917294 -3.777596
v 2.449457 11.969988 -0.917422
v -8.217627 -15.179523 -4.147596
v 4.358440 -16.589563 -3.990939
v -5.950228 5.960832 -8.222596
v -5.799538 10.707409 1.258230
v 5.144295 6.450153 11.602051
v -5.845191 10.968650 0.238312
v 2.620977 12.378711 -0.776051
v 2.586745 12.433772 -0.239734
v -5.393240 12.352791 -1.445682
v -5.670191 11.824751 -0.637102
v 1.672964 11.116057 0.379357
v 2.052472 11.458265 0.033331
v 2.054848 11.690894 0.415278
v -5.706088 11.038713 -0.966149
v 1.619228 11.400579 0.859145
v -5.824725 10.693298 -0.332430
v 1.562002 10.881356 0.117059
v 4.960472 -16.883640 -4.226783
v 1.138107 10.822268 0.746131
v 1.148882 11.251826 1.221868
v 0.823704 11.308167 1.509424
v -8.383244 -15.240251 -3.832188
v 4.125050 5.789024 11.232560
v -6.766378 4.568134 -6.784026
v -5.758583 9.832946 1.677742
v -5.871389 9.718903 0.691137
v -5.840611 9.836747 -0.253875
v -5.704027 8.890528 1.639943
v -6.779583 5.141905 -7.451077
v -5.756970 8.708984 0.201526
v 1.438637 11.858105 1.412310
v -5.447147 10.516633 -1.874831
v -5.660549 10.108593 -1.199571
v -5.621564 4.484949 -7.126135
v 4.328046 5.535244 11.207895
v -5.543681 9.255516 -1.334438
v -5.656987 8.858410 -0.660496
v 0.831238 11.736789 1.773053
v 2.384166 12.259922 0.256877
v 2.072525 12.057512 0.745195
v -9.570925 8.248596 11.353625
v -8.544889 -15.710584 -4.391528
v 2.215260 12.629615 0.855818
v 2.605800 12.958453 0.185852
v 3.851690 -17.424355 -2.481730
v 3.490995 -17.234217 -2.465133
v 3.380255 -17.345379 -1.934217
v 1.993055 12.903363 1.268141
v 1.868938 12.209204 1.137891
v 1.550274 12.490115 1.594004
v -5.293762 12.540888 1.812448
v 0.391898 11.491567 1.831410
v -6.122796 5.079235 -7.577726
v -4.865602 13.836569 1.319410
v 9.735610 7.839558 -8.100670
v -8.329825 -15.515887 -4.492290
v -3.487481 14.190639 1.138461
v -3.745167 14.502420 0.768150
v 3.713544 -16.996161 -3.112656
v -7.893829 -15.178049 -4.539773
v -5.201878 13.470562 0.506730
v -4.778698 14.224890 0.696339
v -4.773764 14.359990 -0.119756
v -5.093836 4.741555 -7.443369
v -4.611677 14.554724 0.337327
v 3.290982 5.207199 10.893104
v -5.876969 5.396200 -7.871397
v 1.156508 12.218831 1.797396
v 0.376346 10.923139 1.406168
v 3.999242 -17.255421 -3.011982
v 2.487358 13.222535 0.580030
v -3.711304 13.753171 0.774873
v 2.741020 13.477746 -0.021694
v 2.347725 13.592185 0.889216
v 2.605604 13.868320 0.407635
v 4.114029 -17.409735 -2.823542
v 3.875794 5.266249 11.046352
v 1.450361 13.083368 1.823797
v -4.024127 14.249285 0.240075
v 1.811713 13.681368 1.557697
v 2.072947 13.678011 1.272609
v -4.207085 14.003305 -0.344289
v 2.334023 14.233469 0.883603
v -6.591664 6.440432 -8.443982
v 2.677376 14.602042 0.129487
v 9.539913 7.707716 -8.230659
v 2.863599 4.913444 10.683960
v 1.636830 14.354014 1.659309
v 3.256739 4.735075 10.716002
v -7.835491 -15.481405 -4.870209
v 4.387000 -17.655651 -2.427036
v 3.659944 4.819442 10.819316
v 4.107886 -17.533575 -2.485883
v -5.276812 13.048234 1.140378
v 0.687293 10.483619 -1.950468
v -3.533258 13.161893 0.874188
v -5.268212 13.366588 -0.090176
v -3.888540 13.463037 0.363676
v 0.701709 10.262797 -1.309842
v -3.629727 12.443231 0.223177
v -4.057515 13.394044 -0.151706
v -3.929451 12.864508 -0.243663
v -3.305799 13.307839 1.230355
v 0.729292 10.194782 -0.822377
v -2.744962 13.596430 1.811344
v -2.929973 12.821413 1.489946
v -3.127936 13.660053 1.484655
v 0.911811 10.283240 -0.461200
v 0.482910 10.118165 -0.207545
v 1.082034 10.473134 0.087224
v 4.714227 -17.778645 -2.237299
v 0.643703 10.318314 0.345896
v 0.738708 10.690431 0.942696
v 9.978910 8.436374 -7.496097
v -6.160368 4.292387 -6.730078
v 4.623382 5.232069 11.120311
v 0.393219 10.539957 0.960692
v -3.002995 14.403201 1.615870
v -3.376344 14.732259 1.218344
v -8.113121 -15.637431 -4.843864
v 4.673822 13.552354 1.415689
v 3.974108 14.755462 0.470223
v 4.535778 13.988075 0.632226
v 4.295153 14.375512 -0.171101
v -4.884927 14.075348 -0.826832
v 2.774444 14.127489 -0.071628
v 4.742001 -17.642429 -2.892027
v 4.613632 -17.508942 -3.109008
v 5.141079 12.801013 1.070727
v 4.996393 13.225429 0.280997
v -8.340010 -15.878634 -4.883756
v 4.009431 5.002370 10.960731
v 9.993576 8.317587 -7.647910
v 3.859474 4.561528 10.710511
v 4.342130 4.694366 10.819773
v -8.138711 -16.039804 -5.130467
v -5.314019 4.183924 -6.930282
v 4.417887 13.914818 -1.243072
v -5.904414 3.856306 -6.337231
v 4.780391 13.553323 -0.487773
v 4.644079 4.501535 10.690688
v -4.264607 13.770590 -0.927102
v 10.093997 8.208289 -7.567562
v -7.819180 -15.702526 -5.038506
v -7.433827 -15.272770 -4.850898
v -4.575086 14.085455 -0.459596
v -5.556165 3.910457 -6.552864
v -4.869552 13.833898 -1.443527
v -5.346690 13.056734 -0.686790
v 2.893146 14.143179 -0.602054
v 2.921062 14.180919 -0.986921
v -4.171297 13.299394 -0.944775
v -3.916319 12.605001 -0.728986
v 5.291856 6.074506 11.556435
v 4.008967 13.838343 -2.357830
v 2.878330 14.053117 -1.665778
v 2.785118 13.634394 -1.970476
v 4.460472 -17.172535 -3.539115
v -5.512676 7.676332 1.427550
v -5.189701 6.782049 1.745122
v -5.236881 6.766918 0.957090
v -5.353723 7.094730 0.616923
v 5.541906 5.721856 11.443672
v -8.902567 8.412120 11.652264
v 2.888149 14.690568 -1.492033
v -5.445205 7.454060 0.164526
v 2.799549 14.452590 -2.071513
v 6.244510 6.288261 11.728838
v -8.898682 8.242000 11.767031
v 4.534520 -17.321842 -3.385960
v -4.759965 13.629684 -2.015725
v -5.096307 13.198026 -1.616645
v -5.378235 9.109220 -1.744243
v -8.608269 8.319891 11.796164
v -7.520985 -14.176378 -3.393847
v -5.358477 8.214903 -1.211473
v -3.980498 12.773358 -1.418105
v -3.931264 12.822657 -1.869823
v -3.765952 12.785393 -2.339609
v 4.816078 13.075876 -1.406251
v 4.468287 13.376675 -1.936463
v -7.224315 -14.122246 -3.686077
v -4.222667 13.561337 -1.494343
v -5.458860 7.906078 -0.558616
v 6.390129 5.891279 11.535387
v 2.881386 13.554537 -1.261318
v 6.280523 5.363255 11.183498
v 2.850075 13.388996 -0.615850
v 2.791924 12.975455 -0.802873
v -8.718237 8.530564 11.593181
v -5.162334 8.449256 -1.869598
v 5.795388 5.359247 11.231658
v -6.796444 -14.121034 -3.978823
v 5.180342 12.606534 -0.735123
v 5.304145 12.500681 -0.078748
v 5.478624 11.757391 1.577862
v 5.446169 12.139344 0.685575
v 5.053055 4.928004 10.955227
v -6.734126 -14.460101 -4.352671
v -2.354388 10.852109 0.458773
v -2.128745 11.016271 0.974641
v -2.479395 10.777600 0.013142
v -5.633297 6.490816 1.184321
v -2.956144 11.291174 0.126613
v -4.986234 6.213342 1.424469
v -2.886903 11.076951 -0.305249
v 5.603826 11.549934 -0.180552
v -3.297470 11.732724 0.071888
v -3.055199 11.640226 0.488855
v 5.688118 11.345435 0.718751
v -2.705457 11.469580 0.847712
v -5.539491 5.710714 1.680625
v 5.812534 10.694963 0.155713
v -4.744932 5.789870 1.678924
v 4.806690 12.344749 -2.159663
v 5.194901 4.787450 10.845489
v 5.321215 11.942114 -1.118791
v -1.737079 10.974338 1.240008
v -6.096781 -13.927958 -3.989618
v -1.102306 10.978824 1.543843
v -1.489468 11.505050 1.807384
v -2.354330 11.394964 1.160216
v -1.961814 11.430226 1.503958
v -2.570800 11.960019 1.404089
v 5.490517 11.179730 -1.166171
v 5.227437 11.232644 -1.885575
v -3.283402 12.180507 0.670792
v 5.849194 10.513599 1.048044
v 5.949257 9.660319 0.478070
v -3.371254 12.689760 0.896407
v 5.943974 9.458203 1.302537
v -2.166301 11.931206 1.696481
v 5.877421 9.337471 -0.274339
v -2.504559 12.370880 1.670676
v 5.738516 9.950229 -0.852069
v 5.796240 10.331607 -0.390090
v 5.299503 10.276112 -1.991976
v -5.856694 -14.075994 -4.134629
v 5.546101 9.685658 -1.455880
v 5.674629 8.673474 -0.992744
v 5.306949 9.120143 -1.975175
v 0.155126 13.212247 -5.145770
v 0.425988 13.172475 -4.411710
v -5.277958 -14.233555 -4.223465
v 4.890977 -17.753574 -2.633184
v 5.417647 4.672389 10.732533
v -2.967075 12.125799 1.086843
v 5.149723 -17.843344 -2.326344
v 2.629134 13.762421 -2.479867
v 2.651853 14.249658 -2.524685
v 2.421595 14.045033 -2.978800
v 5.712686 -17.906792 -2.628292
v 2.842454 14.296637 -3.438005
v 2.509999 14.077274 -3.884347
v 2.141362 13.855669 -3.364629
v 6.408054 4.902562 10.750896
v -4.864185 8.589232 -2.501629
v -4.568679 8.633798 -2.941654
v -5.578579 8.766342 -3.208048
v -5.434315 11.502243 -1.771202
v -5.041739 12.573441 -2.236804
v -7.399286 -14.739403 -4.379512
v -5.049821 8.747599 -3.313704
v -3.345910 11.576517 -1.188485
v -3.569558 12.112204 -1.869742
v -3.778721 12.278535 -1.178992
v -5.637676 8.839808 -3.705901
v 2.549734 14.087214 -3.409518
v 5.327087 -17.644968 -3.537400
v 1.996796 13.328737 -3.380898
v 1.700114 12.851240 -3.490123
v 2.081464 12.784326 -2.995713
v 9.990102 8.148644 -7.780656
v -9.052452 7.719085 11.771948
v 1.749271 13.636004 -3.747734
v 3.329478 4.143634 10.383896
v -9.018160 7.570812 11.752433
v 3.699961 3.729939 10.077351
v -3.589465 11.942600 -0.753840
v -3.636191 12.143964 -0.292732
v 1.462542 13.518756 -3.959759
v 0.927797 12.889444 -4.082790
v 1.286573 12.523012 -3.657040
v -4.824201 8.772787 -4.043874
v 4.274805 4.255511 10.514597
v 5.687850 -17.884602 -2.991677
v 5.630122 -17.810976 -3.355263
v 4.604932 3.971074 10.253789
v -4.563626 9.191228 -3.150617
v -4.204910 8.628893 -3.378781
v -4.008186 9.101595 -3.739273
v 2.388788 13.271566 -2.793043
v -5.260591 8.618588 -2.455701
v -2.264788 11.021888 -2.433197
v -2.772615 11.259746 -2.126766
v -3.036775 11.293502 -1.582331
v -2.420715 10.755815 -1.636379
v 5.135539 4.254526 10.435981
v -3.280292 11.772830 -2.029539
v -2.777840 10.914586 -0.925316
v 6.334582 -17.936352 -2.885442
v 2.023394 13.825269 -4.338728
v -3.257234 11.474449 -0.517187
v 0.937784 13.414719 -4.946557
v 1.578282 13.629747 -4.639711
v -3.648347 8.525380 -3.873828
v 0.948928 13.325691 -4.240452
v -9.512889 8.107850 11.465435
v -5.676843 -14.267038 -4.261067
v 5.944660 4.466810 10.433219
v 2.094625 13.201904 -4.596206
v -0.131324 11.055423 1.666690
v -0.543740 10.900068 1.554862
v -1.316754 10.673242 1.132443
v -6.158414 -14.908398 -4.679071
v 5.148423 3.769036 9.948292
v -5.634861 8.876391 -4.567533
v 6.410707 -17.934046 -3.470550
v -4.583205 8.722003 -4.790538
v 0.444500 11.722702 -3.600665
v 0.436652 12.184769 -3.923037
v 10.125033 7.984741 -7.617581
v 0.281102 12.559584 -5.311447
v -5.398080 -14.489840 -4.350248
v 0.745598 11.007767 -5.436165
v 0.997486 11.817485 -3.379708
v -9.447253 7.984159 11.542804
v 6.826127 -17.912085 -3.050017
v 1.788890 11.713881 -2.507640
v -1.858089 10.468800 -1.773787
v 9.982512 7.944322 -7.835281
v 0.946097 10.881267 -2.420008
v -5.286047 8.824172 -4.998361
v -1.381917 10.256721 -1.687806
v -1.791761 10.293513 -1.260189
v 0.817273 11.217216 -2.939194
v 1.253997 11.553475 -2.948226
v -1.296592 10.060107 -0.401437
v -1.767463 10.227690 -0.663760
v 10.222225 7.867354 -7.440112
v -2.350855 10.570670 -0.523532
v -2.248075 10.507484 -0.943695
v 1.531453 12.066644 -3.146168
v 0.875446 12.324945 -3.805951
v -1.244780 10.104500 0.008363
v -1.794896 10.287281 -0.161361
v 5.037982 -17.216320 -3.980077
v -9.220203 7.948365 11.698291
v 4.436499 3.603177 9.919267
v 5.688825 -17.455511 -4.184225
v -4.257790 8.668096 -4.394531
v 3.551807 3.254431 9.556196
v 5.105073 -17.488997 -3.644070
v 4.512475 2.810706 8.841208
v 3.838998 2.985250 9.194004
v 4.751458 3.307157 9.509585
v -6.492590 -14.759049 -4.609451
v -1.334546 10.282545 0.466985
v -1.951176 10.419454 0.071767
v 3.370935 2.506782 8.397850
v 10.221867 7.638873 -7.375772
v 1.985252 12.245709 -2.741071
v -4.775636 8.674245 -5.531020
v 10.034512 7.772147 -7.741770
v 0.911411 12.189318 -5.283035
v 1.421634 11.687095 -5.232400
v 1.631928 12.566291 -4.993756
v 2.221922 11.492689 -4.948561
v 2.420779 12.350881 -4.689677
v -7.025777 -15.077068 -4.788234
v 1.967448 10.626010 -5.105957
v -1.736326 10.565265 0.700364
v -3.967216 8.576959 -4.745606
v 3.913697 2.357897 8.070618
v 0.318592 10.224032 -1.648932
v -0.102966 10.265451 -1.978089
v -0.210130 10.076802 -1.501945
v 0.144732 10.022132 -1.024282
v -1.152865 10.352660 -2.080703
v -0.603304 10.195299 -1.889135
v -6.877178 -15.354740 -4.956706
v 1.470549 10.246531 -5.265981
v 1.180732 9.485693 -5.261469
v 2.129178 9.442815 -4.958166
v 2.846542 10.249480 -4.680372
v 2.809922 9.568521 -4.646787
v -0.935067 10.063712 -1.377887
v -1.277189 10.077118 -1.060749
v -7.399744 -15.636598 -5.086932
v -4.186237 8.583522 -5.191149
v 0.092378 9.984295 -0.560571
v -0.479273 9.957277 -1.008310
v 3.408334 14.143294 -2.950900
v 3.136438 14.555221 -2.871081
v -9.406700 7.721232 11.545529
v 5.642491 3.602999 9.581411
v 3.671656 13.475219 -3.168978
v -7.247076 -15.858068 -5.188262
v 4.260836 13.026118 -2.658166
v 2.933618 13.063607 -4.111090
v 3.291166 13.376203 -3.639415
v 3.785435 12.647540 -3.509682
v 4.550339 12.064674 -2.766571
v -0.229254 9.959146 -0.228483
v -3.375908 8.422422 -4.613916
v -0.891736 9.963479 -0.693814
v 6.334183 4.293309 10.099874
v -4.646861 8.609799 -5.688134
v 3.157490 12.079563 -4.277466
v 4.071802 11.931764 -3.457620
v 4.448399 11.317818 -3.178936
v 3.537878 11.805132 -4.036122
v -0.688109 9.974853 -0.124934
v -6.692965 -15.525015 -5.019448
v 0.161457 10.139634 0.299848
v -0.270513 10.111573 0.396273
v 3.813193 10.538386 -3.978235
v 3.946868 10.977995 -3.804350
v -0.000823 10.376759 0.874712
v -0.549526 10.257226 0.731922
v 6.107477 3.851879 9.690344
v 5.764464 3.928463 9.930435
v -6.756948 -15.822216 -5.122296
v 4.930178 11.125701 -2.498854
v 4.782827 10.412903 -2.871836
v 2.987216 11.040500 -4.568428
v -0.852653 10.119160 0.347610
v 3.430115 9.529802 -4.245051
v 4.325796 10.065792 -3.467117
v -1.001549 10.427788 0.927884
v -4.058156 8.459544 -5.673107
v 4.770909 9.173618 -2.854209
v 4.154855 9.351133 -3.605292
v 5.027471 9.745609 -2.514390
v -3.398233 8.301563 -5.360434
v -0.155306 10.651196 1.279485
v -0.536487 10.534147 1.163209
v 5.960565 8.880960 0.552801
v 6.953485 -17.917292 -3.865493
v 6.474354 3.733192 9.322145
v 5.937523 8.255700 1.011893
v -8.864678 8.102641 11.835703
v 5.875838 8.371278 -0.013702
v 5.835270 7.578870 0.655187
v -4.551889 13.436083 -2.611086
v 6.011344 3.507050 9.268983
v -5.870174 -15.198212 -4.746814
v -4.726131 12.666923 -2.786387
v 5.761960 7.175584 1.473395
v 5.594199 6.530901 1.163294
v 5.716210 7.017201 0.694495
v -3.688278 8.319242 -5.715393
v 5.751379 7.521792 0.059219
v -4.078354 13.200830 -3.421411
v -4.354513 8.430230 -6.079041
v 6.139304 -17.625164 -4.256071
v -3.521485 13.071178 -3.074282
v -8.950260 7.882927 11.830944
v -3.797858 13.179286 -2.647615
v 6.490144 -17.857256 -3.937699
v -8.616111 7.928041 11.938794
v -4.058285 13.348000 -2.111844
v -4.163395 8.285265 -6.315946
v -5.709931 -15.572055 -4.785480
v 9.864280 7.715307 -7.941046
v 5.274203 3.072496 9.005709
v -3.490446 8.116842 -6.098756
v 6.500888 7.357401 0.184411
v 6.241022 -17.750065 -4.073219
v 6.022690 3.054028 8.559262
v 5.615962 2.621757 7.966062
v 6.238609 6.786598 0.865562
v -3.662651 13.092879 -3.896201
v 4.880572 -16.029940 -4.528970
v -2.764229 9.097454 -4.647711
v -3.367941 9.021226 -4.250356
v -1.640759 8.850316 -5.048794
v 6.473094 3.431338 8.854044
v -2.972377 8.290751 -4.281938
v 5.691892 7.894876 -0.537311
v -2.278405 12.878635 -4.093627
v 5.449631 8.313285 -1.460408
v 6.280148 2.510282 6.962728
v 6.272011 7.775676 -0.376248
v -2.805502 8.139362 -5.047987
v -2.685354 12.898574 -3.841767
v 5.584619 -16.293005 -4.837187
v -8.608188 -16.103777 -2.844424
v -3.137205 12.967571 -3.478644
v -8.449570 7.649415 11.978187
v 10.374995 7.414689 -6.778795
v -8.729448 -16.054754 -3.300438
v 5.958793 8.184313 -1.125385
v 6.612951 8.109050 -1.087902
v -8.630921 7.594195 11.922592
v -8.653165 -16.517200 -3.023734
v -2.227278 7.923258 -4.543469
v -2.011305 8.526314 -4.837132
v -1.694727 7.582380 -4.610002
v -2.110537 7.787968 -4.986863
v -2.529214 12.955192 -4.709431
v -3.173069 13.004463 -4.311398
v 4.940142 2.416377 7.881555
v -9.357281 8.652601 11.053025
v 3.310159 2.149833 7.568786
v 5.444819 -16.549772 -4.701884
v 5.013918 8.556391 -2.369588
v 10.173647 7.382089 -7.295173
v 5.395821 -16.788799 -4.569589
v 3.685018 0.866238 7.616027
v 6.673154 8.336992 -1.647038
v 6.580102 8.537415 -2.249144
v 3.342446 2.010740 7.142852
v 5.997712 8.504541 -1.993429
v -8.633757 -16.853647 -3.188233
v -3.027353 7.986704 -5.903662
v 10.218746 7.150836 -6.940840
v -2.490467 7.829278 -5.618880
v 6.475488 5.860338 1.919593
v -1.844841 12.956893 -4.983925
v 4.462265 2.170872 7.438453
v -1.899936 12.864527 -4.263517
v -1.320111 12.887440 -4.442498
v 6.537788 -16.081467 -5.182123
v -4.319202 12.515618 -3.418006
v -4.899880 11.886582 -2.798087
v 10.323775 7.031396 -6.412299
v -3.454950 12.362951 -2.528326
v -8.411413 -16.595303 -2.516634
v 3.836457 1.941512 6.881839
v 6.434724 3.758157 1.915465
v 4.169238 1.915849 6.662323
v 4.672381 1.903982 6.244439
v -4.212795 12.006959 -3.683276
v 4.894262 2.005335 6.615025
v -4.886612 10.616119 -2.941201
v -5.155721 11.120362 -2.478875
v -2.835274 7.698066 -6.312549
v 6.176383 -16.249741 -5.090491
v -4.511240 10.924541 -3.456263
v -3.582142 11.212863 -4.350147
v -4.075904 10.930027 -3.931295
v -1.597969 7.350249 -5.319728
v -3.321293 12.149245 -4.433597
v -8.412539 -16.886593 -2.733344
v -1.177559 7.192493 -4.593030
v 5.217163 2.234644 7.180693
v -2.250551 7.580349 -5.898765
v 5.378309 5.971028 1.791581
v 6.817258 -16.469244 -5.275782
v 5.417179 6.030460 1.536895
v -1.568101 11.630045 -3.564655
v -1.665742 11.086339 -2.973902
v -2.101007 11.729353 -3.397256
v 5.653440 5.726550 1.678260
v -8.243947 8.376518 11.792628
v -2.069822 7.344914 -6.096956
v -1.566970 6.920302 -6.083897
v 6.306474 -16.730677 -5.067891
v -0.475873 8.741389 -5.236032
v 0.448409 8.913298 -5.276226
v -1.102652 8.214526 -5.007833
v -0.369004 7.905690 -4.997047
v 5.308201 5.787800 1.688305
v 0.411102 7.866524 -4.986357
v 6.133386 -16.863407 -4.939530
v -0.371615 7.091421 -4.683419
v -1.736111 10.717431 -2.400851
v -2.209600 11.399873 -2.983381
v -2.930729 11.712208 -2.601400
v -2.707610 11.862316 -3.036398
v -8.804002 -16.455938 -3.480964
v 10.001810 6.895823 -7.087830
v -8.331012 8.621038 11.519733
v -1.702294 12.149883 -3.917158
v -2.170884 12.279258 -3.790544
v -8.840257 -16.226967 -3.804432
v -8.760511 -15.943165 -3.996431
v -7.949106 8.584288 11.547533
v -0.956319 6.899220 -4.941687
v 5.302613 5.774019 1.680596
v 5.345501 5.771700 1.680504
v 5.304901 5.778801 1.677803
v 5.304901 5.778801 1.677803
v 5.303402 5.775600 1.679604
v 5.303402 5.775600 1.679604
v -0.476489 6.517299 -4.387055
v -7.571480 8.426427 11.671003
v 6.675814 -16.708904 -5.209062
v 7.607686 8.661121 11.290875
v 7.342122 8.765716 10.957648
v 0.232443 6.813319 -4.568966
v -7.739034 8.285635 11.830361
v 7.241340 8.894370 10.500444
v -1.039454 6.782154 -5.433222
v 6.707756 6.343920 1.084527
v 6.140804 6.319281 1.257475
v 7.942535 8.813420 11.079494
v -2.688872 12.432536 -3.554414
v -3.119162 12.333038 -3.021422
v -4.541903 8.270780 -6.753237
v 9.092705 7.001907 -8.170506
v 6.335693 5.793431 1.519172
v 6.183587 5.476370 1.681331
v 9.218121 7.281214 -8.269132
v -2.616803 12.294276 -4.831977
v 9.727427 7.517477 -8.004780
v 6.745406 5.612299 1.911512
v 6.091463 -17.162907 -4.750276
v 6.486055 5.020425 1.681069
v 6.754938 5.612655 1.445814
v 5.702128 -17.259138 -4.421518
v -4.715627 8.096156 -7.252128
v -1.950196 12.406119 -5.087999
v 9.356667 7.590663 -8.317695
v -8.889404 -16.386938 -4.217402
v 7.546709 9.034769 9.872684
v -2.017437 11.709616 -5.163109
v -1.396387 11.759081 -5.332408
v -2.931616 11.372066 -4.768980
v 8.375902 8.764801 11.260077
v -2.487208 10.604734 -4.996726
v -1.588317 10.821768 -5.324301
v -8.226039 7.944359 12.002705
v -1.250237 12.997252 -5.126880
v -0.528174 13.092992 -5.194666
v -8.389948 8.148732 11.919882
v -0.540420 12.977672 -4.535698
v -8.810613 -16.807158 -3.656787
v -3.987421 8.088382 -6.617046
v 6.494234 4.576594 1.680761
v -8.882730 -16.599133 -3.862033
v 9.624772 7.247878 -7.934794
v -3.308808 7.839277 -6.516051
v 6.892972 4.711082 1.859612
v 6.603794 4.160716 1.822169
v 6.984118 4.479893 1.419059
v -3.751772 7.848720 -6.848254
v 6.605145 4.154442 1.536591
v -3.677140 7.614629 -7.111225
v 6.224833 4.044973 1.681129
v 6.417058 -17.459011 -4.660587
v -7.812615 8.112471 11.945240
v 8.562608 8.910254 10.870372
v 6.516168 -17.144690 -4.976558
v 8.828728 8.821181 11.090848
v 9.853362 7.055229 -7.513656
v 0.237769 12.698040 -4.274572
v -0.024910 13.076115 -4.502315
v 6.803948 -17.041368 -5.147845
v -7.815224 7.576326 12.060009
v -7.571126 7.845646 12.029189
v 8.011659 8.969098 10.557406
v 6.856243 3.631151 1.087614
v -8.889090 -16.924208 -4.174145
v 0.315710 11.124799 -3.107803
v -0.125242 11.350735 -3.455554
v 6.935229 -17.334293 -5.025177
v 9.440996 6.874931 -7.801530
v 6.011866 3.470989 1.483702
v 5.857396 3.704525 1.679785
v 9.462298 6.503637 -7.367610
v -1.024729 11.171521 -3.290201
v -0.503865 11.658049 -3.758038
v -1.120208 11.715506 -3.757396
v -4.490118 7.584778 -7.698897
v 0.365259 10.567440 -2.345765
v 0.031157 10.730707 -2.727035
v -8.336747 -17.186373 -2.931268
v 8.055182 9.051625 9.926659
v 8.576725 9.003029 10.351902
v -0.415873 10.904311 -3.025182
v -0.844223 10.616565 -2.637344
v -9.294660 7.532373 11.566250
v 6.949298 -17.580059 -4.775997
v 6.832664 -17.763990 -4.406592
v -1.260159 10.712380 -2.660832
v -0.054983 12.147141 -4.043750
v -9.119270 7.180552 11.506886
v 7.114672 8.141247 11.751958
v 6.970942 8.602446 11.118290
v -0.647910 12.228374 -4.156047
v 6.607280 3.152327 0.789976
v 7.270841 -13.932200 -2.561646
v -1.185560 12.377537 -4.202158
v -4.399076 7.308564 -7.840470
v 6.170427 3.207234 1.164051
v -9.400130 7.092272 11.203432
v -0.989443 12.514391 -5.293054
v -0.272730 12.231674 -5.395334
v 0.063822 11.594057 -5.473396
v 6.652474 2.344882 1.341577
v 7.221680 8.392433 11.552982
v 6.303745 2.953362 0.766470
v 6.375554 2.753683 0.365377
v 6.956863 2.809088 -0.312169
v 7.803792 8.276532 11.814757
v -0.665417 11.109549 -5.488237
v 6.400085 2.570641 -0.112702
v -8.075641 -17.340658 -2.711429
v -0.011424 10.678016 -5.502039
v -5.117680 9.836180 -2.482749
v -4.462166 9.895997 -3.438003
v -3.786141 9.842927 -4.100806
v -7.887286 -17.532995 -2.778687
v 7.877835 8.579694 11.507128
v 7.109064 1.421455 0.637876
v 6.709230 1.551648 -1.027575
v 9.957267 7.474584 -7.716972
v 6.176042 2.230322 -1.445601
v 6.337545 2.365150 -0.790011
v -3.170236 10.215695 -4.599994
v -3.572283 7.296569 -7.354759
v -2.245088 9.863426 -5.037256
v 7.391007 8.011701 11.905939
v -1.286692 9.844951 -5.327068
v 7.122774 7.738000 11.966595
v -8.783530 7.249166 11.740382
v 6.933197 2.564949 -1.872301
v 7.579667 -14.340897 -2.908762
v 7.641051 -14.536962 -3.410466
v 7.225980 -14.093134 -3.254204
v -0.233505 10.484058 -2.426913
v -4.541414 7.042725 -8.037295
v -3.564431 7.119028 -7.485355
v 7.826827 7.975226 11.988934
v -0.589230 9.839798 -5.425585
v -3.581406 6.718153 -7.690770
v 0.356768 9.885666 -5.434957
v 7.250477 7.320262 -0.056776
v 7.197433 6.674387 0.638295
v -8.822525 6.707112 11.342444
v 7.119236 6.973407 0.401009
v 7.863399 6.912287 0.022831
v -8.587242 -17.163544 -3.423482
v 7.313446 7.965927 -1.111183
v 7.099605 7.729247 -0.562785
v -7.708320 6.534413 0.317972
v -5.720225 8.527161 1.094840
v 7.138757 8.302701 -1.819531
v 8.948565 8.304761 -8.415921
v 7.679023 7.672570 12.053005
v -8.760555 -17.051683 -3.747901
v -5.588388 7.845703 0.527785
v -7.199034 7.183576 0.038128
v 7.924901 8.473701 11.648566
v 7.510368 8.318681 -2.116291
v -9.490169 6.897577 10.922191
v -8.652735 -17.309301 -3.863943
v -9.092149 6.580884 11.001901
v 9.121758 8.407804 -8.287148
v -6.406420 7.363092 0.153757
v -7.004127 6.674625 0.636182
v -6.378197 6.911170 0.663591
v -7.634575 7.039220 -0.085268
v -8.804214 -17.194807 -4.258732
v 8.331103 8.503945 11.666383
v 7.880782 8.118808 -1.915318
v -8.238622 7.681015 -1.592380
v 7.968362 -14.944757 -2.573236
v 7.683695 7.986434 -1.444824
v 7.841491 -14.683988 -2.786863
v 8.098536 -15.111942 -3.445472
v 9.280175 8.250209 -8.330091
v 7.187306 -14.229376 -3.608636
v 8.506465 8.327666 11.827848
v 9.061768 8.085732 -8.477119
v 8.096341 7.704057 -1.267349
v -7.484456 7.985579 -1.441165
v -7.866472 7.726141 -1.276173
v -8.134217 7.523915 12.023636
v -3.124669 7.536480 -6.811473
v 6.866365 -14.115116 -3.762012
v -2.675402 7.343106 -6.694119
v -8.299324 7.069525 11.838643
v -8.118866 7.219728 11.950493
v 8.265324 7.849959 -1.717142
v -7.870713 7.999644 -1.824498
v -8.497317 7.809506 -2.178854
v -8.654370 -17.400387 -4.176315
v -8.431420 -17.416553 -3.507272
v 8.653724 8.699325 11.390436
v -7.264922 7.425902 12.055773
v -3.025007 7.084303 -7.197671
v -3.188506 7.327682 -7.091677
v 7.332414 -14.672455 -4.153012
v 8.678846 7.821181 -2.179032
v -8.608061 6.941304 -1.022292
v -8.538752 6.701977 -0.661305
v 8.813017 8.545160 11.595443
v -8.843148 6.543317 -1.009557
v -7.604688 7.545609 -0.718984
v 9.437106 7.970478 -8.326070
v 7.821642 7.449720 -0.583219
v -8.485353 6.873139 11.654122
v 8.267459 7.183628 -0.631690
v 8.152022 7.817035 12.044034
v -8.225411 7.406495 -1.130802
v -8.192418 7.188854 -0.765697
v 8.047751 8.144086 11.931197
v 8.502647 7.352342 -1.141945
v -2.540678 6.929036 -6.993774
v 9.195787 7.883923 -8.451835
v 8.713814 6.498539 -0.466626
v 8.285439 6.608505 -0.058314
v -8.170534 6.682892 -0.208676
v 8.774658 6.929264 -0.960508
v -7.590672 7.078918 11.990750
v -8.551901 7.385955 -1.512930
v -8.190067 -17.635183 -3.553101
v -2.654793 6.678784 -7.228056
v -8.757827 7.542227 -2.076183
v 8.496504 8.080736 11.956296
v -7.768525 6.738332 11.810502
v 8.635773 7.474201 -1.498369
v 8.212698 -15.494466 -2.726724
v -7.757546 -17.833914 -3.542134
v -2.047551 6.498071 -6.933321
v -1.986328 6.937513 -6.541978
v -3.039674 6.721550 -7.429383
v 8.241817 -15.371477 -3.223712
v -7.273133 8.825688 10.858391
v 8.837523 7.890150 11.939383
v -8.940990 7.293584 -1.993187
v 8.345273 -15.970608 -2.865997
v -4.982710 2.660413 -4.945398
v 8.802569 8.169946 11.876616
v -8.479421 -17.559193 -4.097965
v -8.735127 7.232997 -1.551781
v -8.869445 6.984584 -1.474968
v 8.486424 -15.971025 -3.471013
v -8.991902 6.716982 -1.415220
v -8.151655 -17.729259 -3.886649
v 8.428739 7.775598 12.021019
v -4.453697 2.787665 -5.395020
v -3.643006 2.524267 -5.053680
v 8.877323 7.312320 -1.592913
v -6.450956 8.752185 10.561610
v -4.694251 3.305887 -6.121222
v 9.016499 6.677790 -1.086801
v -7.133924 8.955898 10.264667
v -3.762094 3.183568 -6.098138
v -3.642843 2.840088 -5.613869
v -6.598857 8.857035 10.304495
v 8.953717 7.544273 -2.077463
v 7.059858 7.470543 12.011816
v -1.798357 3.646835 -6.171883
v -1.325661 3.523879 -5.756859
v -2.937557 2.763195 -5.457041
v 7.711647 -14.865758 -4.005371
v -7.209480 8.065451 11.881632
v 8.959610 7.473311 -8.476931
v -1.699661 2.758502 -4.982153
v -9.095394 7.080398 -1.996834
v -2.980519 3.172946 -6.046325
v -2.518706 3.523151 -6.342497
v 9.134222 7.295697 -1.988686
v 6.991116 7.160766 12.006387
v -1.234571 3.171607 -5.277006
v -1.885683 3.189419 -5.714763
v -8.189614 -17.733709 -4.202252
v -9.236814 6.790098 -1.977885
v 8.165787 -15.298328 -3.811837
v 7.830682 7.445766 12.058473
v -6.814946 8.162661 11.706079
v 8.079645 -15.275858 -4.062813
v -7.333273 8.611608 11.359507
v -6.677907 8.426566 11.364748
v 7.422882 7.072117 12.008570
v -7.498833 -17.896477 -3.974116
v -7.842835 -17.843090 -4.056334
v 8.981838 7.066088 -1.426524
v -2.292225 2.990481 -5.629934
v -5.263916 2.096502 -2.979133
v 9.973084 6.711894 -3.188953
v 9.627960 6.162727 -2.157076
v 9.210287 6.723162 -1.461243
v 7.011456 6.629292 11.875080
v -4.939542 2.097349 -3.361448
v 9.261716 7.129620 -1.987523
v -4.904925 2.286016 -4.085126
v -4.526668 2.118757 -3.767309
v 9.651600 5.792161 -2.356623
v -6.664846 8.623466 11.017797
v -6.408064 8.227070 11.481942
v 8.420423 -15.739587 -3.787282
v -8.843579 -16.324995 -4.462790
v 7.728138 6.967165 11.955954
v 7.189151 6.467526 11.797794
v -7.116825 7.966259 -1.112382
v -6.904385 7.728232 -0.562359
v -8.697083 -16.123240 -4.641351
v -6.124977 7.743629 -0.331100
v -5.762926 8.184423 -1.125772
v -6.416074 8.108766 -1.087375
v -6.941779 8.302363 -1.818784
v -6.470059 8.339173 -1.651007
v 9.397466 6.870066 -1.979113
v -3.859449 2.193473 -4.270250
v -7.416859 8.281465 -2.093127
v 8.117709 7.223466 11.990523
v 9.636381 5.625407 -2.483571
v -3.856862 1.414918 -4.758430
v -4.148371 2.351945 -4.595116
v 9.835690 5.784472 -3.261070
v 9.990092 6.365899 -3.279610
v 8.350589 -15.673798 -4.108130
v -6.760541 7.879459 11.871261
v 8.470508 7.545398 12.002869
v -2.429455 2.509870 -4.873365
v -3.345562 2.286957 -4.543221
v 7.439677 5.866004 1.014466
v 7.246689 6.227819 0.937604
v 7.997163 5.648977 0.690884
v -6.651786 7.558061 11.960071
v 7.860787 6.318004 0.504228
v -2.847413 2.397239 -4.749935
v 8.478598 6.089593 0.060735
v 8.616316 5.552250 0.053503
v 7.656983 5.105205 1.025852
v 7.170485 5.331992 1.322636
v 9.696251 5.431338 -3.546193
v -6.388502 8.543662 -2.275252
v -8.786460 -16.450872 -4.771633
v 8.521267 -16.008738 -3.736675
v -1.781256 1.855168 -5.467810
v 10.055702 6.081199 -4.356628
v 10.119799 6.337339 -3.964993
v 8.726933 7.340408 11.882545
v 6.936397 -14.907612 -4.624829
v 7.499009 4.739213 1.118485
v -8.597619 -16.090494 -4.790214
v -5.969732 7.868960 11.603909
v -6.081899 7.551547 11.808887
v 6.940019 4.954316 1.483816
v 8.307975 6.905141 11.817719
v 8.290757 5.258225 0.440643
v 8.770802 5.105832 -0.230071
v 8.428219 4.738117 0.153291
v 7.342749 -14.898627 -4.426929
v 9.787318 5.587700 -4.256294
v -8.647485 -16.393602 -4.956547
v 8.095571 4.776555 0.578306
v 8.875834 6.081387 -0.451685
v 8.976868 5.744226 -0.511135
v -5.800564 8.504539 -1.993425
v 8.978466 4.878849 -0.779024
v -0.100477 6.027379 -4.138363
v 0.276418 5.994216 -4.126910
v 9.455999 5.156030 -2.303486
v 9.115560 6.380333 -1.030307
v 9.602652 5.427251 -2.667364
v 9.243850 5.975106 -1.106634
v -5.864198 8.507810 10.734430
v 9.062093 7.111755 11.620961
v 0.098747 5.705945 -3.945531
v 8.653831 6.783231 11.606252
v -0.478431 6.282300 -4.998466
v 7.514948 -15.334886 -4.772515
v -5.531721 8.310017 10.865348
v 9.037674 8.683487 11.332173
v 7.814715 -15.355961 -4.584991
v -6.278236 5.860644 1.919700
v -7.092842 5.141413 2.085039
v 9.519385 5.188604 -2.904932
v 9.363300 6.384652 -1.518091
v 9.332551 8.714303 11.117233
v 0.578044 6.397131 -4.334231
v 0.587713 6.251656 -4.806862
v 9.526912 6.590880 -2.036255
v -6.548528 5.611266 1.911264
v -0.132129 5.611501 -4.967164
v -6.775608 4.632538 1.908121
v -0.133261 5.854282 -4.682478
v -6.965558 7.470694 12.028527
v -1.122358 6.463092 -6.002458
v -0.692833 6.086344 -5.698463
v 9.424253 8.790645 10.780054
v -1.032454 5.726288 -6.345328
v -0.537789 5.648664 -5.736761
v -6.207533 3.876599 1.834590
v -5.947913 3.345393 2.034764
v 9.307189 4.815977 -2.444478
v -5.892592 3.448813 1.937192
v 9.469498 6.096853 -1.679062
v -6.996087 7.006577 11.993515
v 9.113096 4.507056 -2.853256
v -6.582594 2.168237 2.212568
v -8.080829 6.220735 0.202588
v 9.306478 5.687353 -1.247631
v -8.919277 -16.666267 -4.345050
v -7.724198 5.363879 0.803968
v 0.297879 5.673278 -4.833478
v -7.444798 5.957991 0.843743
v 0.098575 5.020089 -4.706679
v -8.450860 5.947639 -0.082743
v -8.013526 5.744759 0.467948
v 9.049249 8.864017 10.857646
v 9.361730 4.909764 -3.276771
v 9.472934 5.750290 -1.700614
v -8.216453 5.271382 0.299924
v -8.586397 5.464639 -0.181263
v -8.063448 4.512705 0.263299
v -8.472657 5.032540 -0.090212
v -0.261037 5.331805 -5.393090
v 7.253726 -15.708955 -5.112908
v 0.099156 5.389676 -4.483692
v -7.891722 4.777917 0.585247
v -7.371218 4.832526 1.076326
v 9.138056 5.406144 -0.853136
v -6.964431 5.655738 1.246921
v -7.050554 6.228645 0.936670
v -6.388269 6.251340 1.192218
v 8.807448 4.636050 -0.587223
v -5.940068 6.317910 1.259023
v 9.325405 5.386981 -1.411618
v 6.746830 -15.859908 -5.174318
v 9.091530 8.921158 10.543899
v -8.872787 -16.734060 -4.695698
v 0.271909 4.820629 -5.124051
v -7.079281 6.453248 11.778659
v -0.078812 4.820381 -5.131945
v 0.098854 4.576246 -4.714655
v -6.257913 5.732672 1.505242
v -6.868794 6.611022 11.865047
v 9.210316 4.920001 -1.471876
v -8.881672 -16.916172 -4.615125
v 9.256712 4.805129 -3.631842
v -6.380008 7.095208 11.950089
v 7.295614 -15.377397 -4.892805
v 9.470065 5.398833 -1.922781
v -5.723360 7.057193 11.810179
v 7.910019 -15.768956 -4.921026
v -0.881124 5.302849 -6.251506
v -0.703763 4.861846 -6.037787
v -0.443540 5.036447 -5.725881
v 9.104591 4.526242 -2.078414
v 7.605776 -15.787768 -5.077940
v 9.237710 4.819390 -1.880446
v -5.391912 7.496913 11.576821
v -0.442280 3.841756 -5.215029
v 0.334209 4.288402 -5.069352
v -6.966670 5.342943 2.029436
v -0.161093 4.357107 -5.149971
v -6.951290 5.179904 1.362229
v -5.325724 7.242967 11.648144
v 7.603120 4.415870 0.935138
v 8.571099 4.309618 -4.483755
v 6.930227 4.009297 1.280490
v 8.771412 5.215075 -6.225303
v 7.665802 4.100656 0.705106
v 9.660626 8.753433 10.479944
v 7.568151 3.595313 0.316807
v 8.268491 4.916090 -6.306022
v 7.128066 3.509197 0.720594
v 8.087893 4.123508 0.201183
v 7.949283 3.642922 -0.219085
v 0.099029 4.069816 -4.451367
v 9.424229 8.869369 10.059363
v 7.122925 3.139531 0.202777
v -6.771044 4.546710 1.445970
v -9.741292 8.595465 9.659620
v 0.224654 3.881713 -4.568779
v -8.783270 -16.675716 -4.902232
v -10.073161 8.288685 9.799341
v 9.662861 5.616464 -5.244458
v 9.912236 5.910193 -5.126121
v -9.815412 8.568743 9.979679
v 9.880833 8.658345 10.159639
v 0.540735 3.544000 -4.754571
v -6.163326 5.295865 1.680014
v 9.015875 8.389000 11.698934
v 8.137915 -15.624219 -4.539828
v 10.255358 6.523936 -5.021088
v 8.886505 4.308260 -1.388430
v 8.412407 4.058885 -0.465692
v 8.503314 3.891932 -1.092503
v 8.123291 3.523803 -0.938301
v 10.143969 6.324704 -5.330486
v -6.322949 4.810853 1.681028
v 8.611492 3.880398 -1.734531
v -0.032986 3.876500 -4.573854
v -8.683632 6.274110 -0.546048
v 8.421509 -15.983758 -4.487537
v 7.727839 3.152023 -1.033256
v 7.496005 3.192017 -0.300950
v -9.546967 8.675248 9.370049
v 7.170403 2.751262 -1.099326
v -0.969614 3.969284 -5.882384
v -0.648850 4.422198 -5.828505
v -1.198090 4.384361 -6.323596
v 7.534829 2.926896 -2.056705
v -0.935050 3.580447 -5.502850
v 8.075583 3.344425 -1.806423
v 9.312007 8.260608 11.671894
v -9.000720 6.162596 -1.073363
v -8.861645 5.694109 -0.654399
v -0.660708 3.302899 -4.876849
v 9.037601 8.227525 11.794096
v -8.800693 -16.913767 -4.887749
v 9.712838 6.165649 -6.471051
v 9.900045 6.138751 -5.921313
v -9.978524 8.374896 9.557190
v -10.097265 8.105071 9.073997
v -9.155874 6.490236 -1.570924
v -9.846070 8.405243 9.075958
v -9.272841 6.176466 -1.685536
v -1.232539 2.970880 -4.976617
v -9.385098 6.366477 -2.066076
v 1.652316 8.720475 -4.996918
v 8.214449 -15.913248 -4.769330
v 2.657015 8.654388 -4.574774
v 1.047456 7.776002 -4.881885
v 2.040909 7.690703 -4.564168
v -0.256222 3.635900 -4.718188
v 10.176885 6.554456 -5.958166
v 0.553703 2.646723 -5.278847
v 2.551034 7.925308 -4.987339
v 2.483271 7.958861 -4.461691
v 8.051700 -16.377144 -2.195732
v -10.252894 7.831040 9.864432
v 2.027383 7.576950 -5.114469
v -0.884810 2.128698 -5.511995
v 2.685259 7.828350 -5.617949
v 1.410616 7.225235 -4.585372
v 10.100955 6.683704 -6.524234
v 1.262549 7.016869 -4.930830
v -0.229182 1.534669 -5.874980
v 9.121160 8.508836 11.554489
v 0.895808 6.748216 -4.473701
v -5.180618 6.613837 -8.311613
v -4.767736 5.897305 -8.083271
v -4.420288 6.154899 -8.061935
v 9.324574 8.605846 11.330759
v -10.265129 7.785008 9.461940
v -9.103127 5.763907 -1.218568
v 9.471684 5.120606 -4.044903
v -10.197015 8.032413 9.534055
v -8.646167 -16.847572 -5.111500
v 9.379378 8.378958 11.557674
v 9.276037 5.065797 -4.818937
v 1.864026 7.038102 -6.052601
v 1.145585 6.674251 -5.426466
v 1.600770 7.101568 -5.513288
v 2.143539 7.459541 -5.693935
v 2.530811 7.499851 -6.147650
v -8.599825 -16.678318 -5.133711
v -5.066941 5.592781 -7.996566
v 8.888139 4.482605 -4.089454
v -9.353951 5.773006 -1.927214
v 1.464666 6.533508 -6.131160
v 8.252715 -16.806660 -2.876512
v 2.821908 7.346490 -6.656430
v -10.197469 7.870427 9.012671
v 2.175200 6.934211 -6.536866
v -3.667754 6.350446 -7.810744
v 2.739500 6.929452 -6.994505
v 2.246237 6.498518 -6.934229
v 9.335183 5.441001 -5.714148
v 8.806227 4.978808 -5.709457
v -9.287528 5.598643 -1.809269
v -8.936110 5.104020 -0.983506
v -9.726699 8.332108 8.518888
v 8.724566 4.041841 -2.938464
v 0.843052 6.228434 -5.468558
v 0.505101 5.454041 -5.439650
v 0.661151 4.739202 -5.719441
v 0.753764 5.105165 -5.877395
v 8.508321 3.741224 -2.313669
v 8.440217 3.798907 -3.195594
v -8.595070 4.429349 -0.833052
v -8.642561 4.802017 -0.528755
v 8.405371 -16.593567 -3.096460
v -9.151495 5.537761 -1.403777
v 0.940024 6.018719 -5.822094
v -9.120604 5.207280 -1.538541
v 1.088674 5.648957 -6.217510
v 1.201331 4.776522 -6.315988
v -4.295084 6.528583 -8.037774
v 0.745669 3.944193 -5.429035
v 8.548636 -16.474409 -3.501045
v -9.623107 8.158355 7.857834
v 1.310312 4.095850 -6.089389
v 0.844476 4.415866 -5.823527
v 8.838519 4.231603 -3.319407
v 1.059007 3.509183 -5.348441
v -8.904767 4.701142 -1.402416
v 1.462842 3.595294 -5.788563
v 9.476949 8.485680 11.392997
v -3.774068 6.091564 -7.856761
v 8.556226 -16.159632 -4.272628
v -9.973204 8.113170 8.635196
v -10.068878 7.554785 7.992169
v -9.054482 4.825685 -1.921907
v -10.020589 7.875677 8.276096
v 1.998694 3.642941 -6.169701
v 8.718064 4.189035 -3.721297
v -3.940415 5.792049 -7.872343
v 1.432396 3.162817 -5.266311
v 0.975076 3.217077 -4.898686
v -10.283998 7.487004 9.352961
v 8.616657 -16.331366 -4.041290
v -4.064842 5.625310 -7.856588
v -8.285924 4.365554 -0.219323
v -7.799230 4.041531 0.245455
v -7.751596 3.640206 -0.223637
v -6.802808 4.138077 2.070398
v 8.280402 3.846505 -3.914271
v 8.011592 3.833627 -4.477750
v 7.789405 3.528927 -4.107078
v -10.190678 7.158896 9.692428
v 8.625792 -16.601784 -3.895001
v -8.059202 -16.315952 -5.287697
v -6.382516 4.002145 1.499375
v -7.262045 4.348457 1.033146
v 8.491831 -16.967056 -3.609900
v -8.469772 -16.195190 -5.013742
v -7.413946 4.147384 0.792820
v -6.758117 3.741200 1.088952
v -6.194659 4.295338 1.680505
v -10.219381 7.062453 9.213262
v 2.541372 2.724079 -5.236973
v 1.775780 2.795624 -4.967624
v 2.508302 2.529579 -4.865846
v -4.679805 5.011137 -7.649014
v 7.960279 3.280845 -2.659051
v -4.480835 5.190932 -7.741058
v 7.149402 2.789880 -2.979012
v -10.023026 6.919640 9.957772
v -9.711948 6.429659 9.896895
v 7.091219 3.002850 -3.935154
v 7.922366 3.378998 -3.341965
v -9.922192 6.596037 9.650205
v 9.619940 8.556103 11.178810
v -5.731673 3.761086 1.680583
v -8.303317 -16.397417 -5.231736
v -5.964491 3.406182 1.357121
v 8.885997 4.192945 -2.437895
v -5.221636 4.642031 -7.344902
v 8.575518 -16.900534 -3.853670
v -10.082733 6.704330 9.176228
v 2.080517 3.192014 -5.716377
v 2.717871 3.523824 -6.343699
v 2.812833 3.152020 -5.948226
v 2.411427 1.896773 -5.267528
v -10.237231 7.617098 8.819922
v 1.734941 1.807666 -5.527410
v -4.932810 4.878138 -7.554544
v 1.167689 1.627079 -5.737392
v -8.520765 -16.494965 -5.137032
v -10.167667 7.264847 8.164005
v -7.372347 3.595931 0.315811
v -10.251758 7.289807 8.779026
v -6.769529 3.446895 0.816414
v 8.656178 -16.693552 -4.219507
v 8.622535 -17.005463 -4.368681
v -6.090176 3.188820 1.075471
v 1.718850 6.089593 -6.698978
v 1.726105 5.552267 -6.836713
v 7.807349 -17.340481 -2.700877
v 1.657160 6.405018 -6.470167
v -4.437570 4.507802 -7.334231
v 2.809922 6.380308 -7.335968
v 9.676185 8.385768 11.336692
v 2.231349 6.081367 -7.096273
v 2.290719 5.744216 -7.197253
v -10.205361 7.020692 8.540087
v -4.249090 5.425358 -7.822340
v -6.658391 2.163603 1.183977
v -3.502465 5.406796 -7.691690
v 1.338945 5.258209 -6.511139
v -6.880693 3.178574 0.331455
v 1.626275 4.738126 -6.648591
v 2.633146 5.407474 -7.358829
v 2.009656 5.105814 -6.991183
v 2.558604 4.878813 -7.198842
v 7.386065 3.757457 -5.219941
v -3.886341 5.158088 -7.677558
v 2.366789 4.636055 -7.027831
v 2.086345 4.106358 -6.599226
v -6.719961 2.837086 -0.159056
v -6.196386 2.968226 0.707465
v 3.598644 8.444324 -3.913498
v -6.271246 2.746349 0.250295
v 4.012114 8.553651 -3.584219
v 4.532711 8.610769 -3.041136
v 7.083949 -17.831781 -2.909883
v 3.043791 8.238525 -4.244937
v 8.298628 4.236679 -4.863226
v -8.472014 -16.912889 -5.236395
v -10.081094 6.587029 8.489457
v -10.077592 6.635972 8.006973
v -3.999563 4.830747 -7.532910
v -9.705986 7.841925 7.445930
v 9.580496 8.285647 11.493234
v -9.798364 7.512623 7.184988
v 4.374454 8.657111 -4.255859
v 4.893620 8.750281 -3.908338
v -8.237981 4.001386 -0.621185
v -3.462790 4.819355 -7.458121
v -8.016391 3.601805 -0.970471
v -8.613917 4.157084 -1.549139
v -8.313441 3.766929 -1.736194
v 5.264913 8.750150 -3.314158
v 5.841655 8.774305 -3.244206
v -7.630621 -15.957370 -5.220094
v -7.549779 3.168628 -1.030153
v -7.347580 2.958638 -1.453142
v 6.174957 8.667955 -2.674859
v -7.299099 3.192117 -0.301251
v 6.695867 8.688283 -2.896947
v -2.616860 6.379312 -7.338708
v 7.891257 4.162818 -5.337759
v -7.796010 -16.341236 -5.332633
v 7.629015 -17.674652 -3.129080
v -1.463323 6.407898 -6.472402
v -6.838645 2.735566 -0.764796
v -8.393685 -16.713680 -5.269233
v -2.034148 6.081367 -7.096273
v -6.279919 2.547967 -0.303877
v -10.018601 7.222310 7.544465
v -2.092932 5.744505 -7.196853
v -1.467460 5.959781 -6.706206
v 8.032681 -17.449739 -3.287356
v -6.752195 2.581165 -1.503639
v -10.025821 6.636953 7.573096
v 5.819863 8.843091 -3.745911
v -6.861843 1.678971 0.376217
v -3.126285 6.456485 -7.571539
v -8.224387 -16.675833 -5.327731
v -3.186787 6.127195 -7.663263
v -6.637893 1.515614 -1.020329
v -6.194299 2.370631 -0.935714
v -9.899236 6.794257 6.973366
v 8.043667 -17.242588 -2.957276
v -6.050028 2.253710 -1.491992
v -9.708816 6.949543 6.474678
v -9.504539 7.095554 6.120783
v 5.357778 8.829949 -4.254794
v -3.284235 5.751778 -7.693907
v 6.266219 8.772472 -3.211658
v 7.216873 4.192575 -6.074730
v 6.775081 8.824301 -3.704790
v 6.518477 8.867726 -3.953827
v -9.384974 8.808297 9.894148
v 7.429762 4.132162 -5.796771
v -2.687087 5.974534 -7.463436
v -2.829692 5.687099 -7.526717
v 9.576838 8.152630 11.558309
v 6.930468 3.776440 -5.694987
v -9.039342 8.915846 9.762402
v 7.489771 -17.823009 -3.470068
v -9.820824 7.716065 -4.154680
v -9.540556 7.812517 -3.703859
v -2.653391 4.400216 -7.076850
v -2.359212 4.876652 -7.197240
v -9.824601 6.925548 -3.418522
v 5.452826 8.617190 -2.450182
v -1.470801 5.404449 -6.791357
v -9.521537 7.332442 -3.026287
v 7.029400 -17.930538 -3.628174
v -1.779860 4.965067 -6.945964
v -8.652234 8.999065 9.873017
v -1.269053 4.941799 -6.583210
v -2.992954 5.385910 -7.545286
v -9.882181 7.431341 -3.944661
v -3.044267 4.966442 -7.444494
v 7.854717 -17.656279 -3.478848
v 7.364326 3.519320 -4.759270
v -9.106705 8.809904 9.002934
v -8.626411 8.955948 9.100881
v -2.428438 5.404369 -7.355447
v -3.368122 4.578083 -7.328399
v -7.834397 9.061187 9.735049
v -8.003584 9.048582 9.240371
v -4.905341 4.228998 -7.056046
v -8.268055 -16.910456 -5.317092
v 6.748587 3.423112 -5.247113
v -8.012190 -16.748045 -5.370014
v 7.421778 -17.859201 -4.166430
v -9.697638 8.353165 -5.134177
v -7.791285 -16.642818 -5.374230
v 6.855334 5.957460 -8.171159
v 7.520425 6.244997 -8.248477
v -9.705901 8.034279 -4.419014
v -7.407300 -16.261387 -5.313092
v 7.160588 -17.851135 -4.263914
v 3.534945 8.417187 -4.464923
v 9.770671 8.246926 11.352517
v -10.044735 7.815542 -4.897733
v 3.313993 8.278896 -4.991112
v -10.237404 7.618318 -5.461561
v -10.141796 7.465480 -4.818470
v 7.461692 -17.870049 -3.802852
v -4.660385 3.823419 -6.708580
v -9.958469 8.134974 -5.271233
v 4.028522 8.537441 -4.799356
v 7.424514 5.968466 -8.074198
v -8.787155 8.694131 8.019588
v -8.592819 8.825316 8.317176
v -4.325632 3.616698 -6.556528
v 7.814173 -17.765066 -3.932518
v 8.787600 6.335781 -7.783578
v -7.399182 -16.592890 -5.340998
v 8.111871 6.033660 -7.873127
v -9.916220 8.339310 -5.743861
v 7.701099 -17.807199 -4.008495
v 7.717102 -17.800200 -4.180496
v -4.162920 4.098709 -7.025154
v 7.902456 -17.741711 -4.238022
v -8.040182 8.941380 8.340545
v 7.786102 -17.781200 -4.123497
v 7.664101 -17.818199 -4.039497
v 7.664101 -17.818199 -4.039497
v 7.664101 -17.818199 -4.039497
v 7.664101 -17.818199 -4.039497
v -7.470374 8.866557 7.557808
v -7.077454 9.008881 8.394399
v 4.381850 8.583073 -5.191269
v -3.746330 4.414017 -7.261790
v -10.067860 8.277530 -6.257423
v 3.644567 8.323893 -5.330932
v -3.657607 3.916811 -6.887688
v -3.472262 3.576190 -6.559449
v -9.804459 8.517173 -6.060546
v 3.325766 8.144291 -5.567746
v 8.447889 5.866119 -7.503200
v 3.919529 8.288053 -5.868025
v -9.396752 8.586986 8.589993
v 3.223194 7.950423 -5.982917
v -8.868514 -17.047176 -4.512362
v 3.049827 7.704710 -6.318320
v 8.305268 -17.155138 -3.363595
v -10.135868 8.046701 -5.721184
v -10.243703 7.827532 -5.892574
v 8.348193 -17.325243 -3.768191
v -6.992456 9.008717 9.739580
v 8.020374 5.345154 -7.154970
v -2.827792 3.956186 -6.819114
v -6.233748 8.894947 9.721963
v 3.621414 7.996557 -6.313447
v -1.864253 4.277889 -6.696604
v -2.048671 4.062496 -6.635898
v -10.197521 8.043316 -6.243373
v 7.638960 5.511775 -7.566896
v 8.247541 5.232966 -6.829347
v 7.321934 4.498220 -6.466694
v 7.153616 4.949231 -7.164137
v 8.567272 -17.117638 -4.176919
v -7.028800 9.040050 9.110542
v 4.256258 8.461157 -5.667293
v -8.773079 -17.215721 -4.696212
v 4.844569 8.609963 -5.687673
v 8.471326 -17.263510 -4.064241
v 0.046101 -10.609505 10.707528
v -0.622971 -11.039618 10.543032
v 0.402793 -11.202088 10.509604
v -6.098608 8.928612 9.194408
v -8.788120 -17.241444 -4.431481
v -0.921234 -12.289391 9.993194
v 0.046101 -12.602385 9.876528
v -0.325030 -13.723216 9.175770
v 0.977143 -13.518553 9.277031
v 4.560966 8.443600 -6.047932
v -0.358383 -14.804509 8.297096
v 0.652357 -14.565192 8.491155
v 0.245058 -15.447434 7.640398
v 0.640292 -16.195732 6.666954
v -0.548089 -16.195734 6.666952
v -0.166107 -16.566837 6.126071
v 0.453250 -16.955675 5.409265
v -0.567147 -17.187012 4.867016
v 0.657150 -17.441702 4.189604
v -10.255157 7.338794 -5.410912
v -0.359330 -17.559441 3.851971
v -0.553923 -17.782366 2.858480
v 0.445743 -17.814732 2.750803
v -10.086679 7.212752 -4.404856
v 4.360995 8.285645 -6.314545
v -0.316172 -17.942217 1.188500
v -0.689368 -17.895638 1.867125
v 0.781576 -17.895638 1.867122
v -8.685968 -17.387205 -4.426365
v -0.689374 -17.895638 0.509898
v 0.779970 -17.913576 0.757120
v -0.353542 -17.814730 -0.373806
v 0.646134 -17.782364 -0.481477
v 8.383780 -17.430735 -4.332812
v -0.359330 -17.559439 -1.474970
v -0.567154 -17.187012 -2.490009
v 6.716726 5.223199 -7.612958
v 0.253107 -17.201647 -2.500970
v 0.046102 -11.310405 -8.090173
v -1.022213 -11.219515 -8.065342
v 0.046101 -12.602385 -7.499520
v -0.921236 -12.289391 -7.616187
v -0.325028 -13.723216 -6.798763
v -0.152857 -15.447434 -5.263391
v 0.450584 -14.804509 -5.920090
v -0.166107 -16.566837 -3.749065
v 0.664803 -16.887289 -3.136779
v 4.793027 8.724914 -4.787092
v -0.548086 -16.195734 -4.289944
v 0.640292 -16.195732 -4.289948
v -0.560155 -14.565192 -6.114149
v -1.581010 -10.613875 10.574859
v -6.088028 8.944974 8.423935
v -1.227678 -13.426669 9.284934
v -10.125406 6.840487 -4.651250
v -8.665220 -17.397501 -4.596090
v -1.490389 -14.176539 8.685282
v -1.158732 -15.585710 7.378301
v -1.377200 -17.357367 4.165417
v -1.540877 -16.512833 5.967220
v -1.519192 -17.600346 3.196936
v 5.130397 8.729340 -5.352748
v 5.484416 8.824306 -4.995453
v 8.160331 -17.518288 -3.747760
v -10.282450 7.410605 -5.935615
v 6.890314 6.351261 -8.394537
v -7.973531 8.657981 7.071377
v 5.974441 8.885192 -4.465393
v 7.997980 -17.680727 -3.949796
v -8.631000 -17.357107 -4.826015
v -1.227676 -13.426666 -6.907929
v -1.158732 -15.585710 -5.001295
v 8.284371 -17.492035 -4.066216
v -1.490390 -14.176545 -6.308270
v -1.204760 -10.706900 -8.206268
v -0.916001 -10.543246 -8.290698
v -10.202259 7.157110 -6.267411
v -10.205146 6.974763 -5.611316
v 9.548627 6.395946 -7.126834
v -9.353272 8.268628 7.616071
v -8.971065 8.437529 7.466205
v -8.792236 -17.109690 -4.797577
v 7.316588 -16.021473 -5.246285
v 7.755631 -16.079987 -5.199557
v -1.428396 0.846118 8.444689
v -0.657283 0.110175 8.905061
v -1.315324 -0.998174 9.309865
v -8.400839 8.535354 7.082486
v 9.301704 5.793630 -6.507738
v 8.992936 5.759641 -6.869550
v -1.257455 -3.096771 10.254263
v -0.946873 -4.120318 10.670115
v -0.954304 -5.219377 10.947582
v -1.542954 -2.042890 9.776008
v -1.525290 -6.918410 11.066619
v -8.053111 8.683853 -3.870713
v -1.634291 -7.980298 11.035765
v -0.954303 -9.465025 10.947582
v -7.022823 8.704166 -3.270544
v -8.734138 8.086280 6.351725
v -8.320526 8.270722 6.305353
v -9.387514 7.902833 6.951001
v -9.362369 7.514280 6.314746
v 7.109610 -16.218904 -5.300335
v 6.406740 8.964882 -5.316599
v -8.746132 -17.069948 -4.928123
v 9.042132 6.226293 -7.463665
v -8.936531 7.943254 -2.973053
v 6.065021 8.881107 -5.866450
v -0.688154 0.025240 -6.563839
v -9.064560 7.766118 6.208566
v -1.315323 -0.998174 -6.932858
v 6.924382 8.992226 -6.212917
v 7.380385 -16.518856 -5.363143
v -7.895536 8.285470 -2.580654
v -1.542954 -2.042888 -7.399000
v -8.188245 8.081134 -2.370875
v -8.498820 8.256640 -3.092652
v -1.257456 -3.096771 -7.877256
v 7.651165 -16.404718 -5.338760
v -7.661153 8.429366 -2.766634
v -0.946873 -4.120318 -8.293108
v -0.954304 -5.219377 -8.570576
v -1.634291 -6.704104 -8.658758
v -1.303745 -8.553830 -8.660476
v -0.994985 -9.492778 -8.557019
v 3.358606 7.655326 -6.679405
v -1.011843 -10.249701 -8.362284
v -7.893933 8.286338 5.941585
v 0.749484 0.110175 8.905061
v 3.973184 7.822343 -6.908802
v -8.691163 -17.209290 -4.916149
v -7.614500 8.459170 6.185236
v 4.179004 8.081100 -6.627056
v -0.676632 -0.969837 9.377706
v 6.686235 4.225983 -6.480418
v -0.626593 -1.848205 9.806431
v 4.711780 8.268691 -6.728883
v -0.044386 -1.028399 9.438667
v 0.695532 -0.975922 9.388061
v 9.121541 -3.000046 2.084398
v 9.155874 -5.245452 4.825769
v 9.060712 -4.216519 4.395760
v 9.159703 7.994052 11.822176
v 9.361583 -4.204177 3.331914
v 9.493108 -4.182795 2.611899
v 9.622682 -4.280316 1.596986
v 9.724751 -5.213975 2.747891
v 9.432778 -5.618474 4.274298
v 9.176616 -3.021783 1.188503
v 7.213433 -16.698484 -5.345554
v 9.121541 -3.000046 0.292609
v -0.629459 -2.997480 10.284945
v 9.893487 -5.561937 1.790733
v 9.893487 -5.561937 0.586274
v 9.493108 -4.182795 -0.234893
v 9.575088 -4.164597 0.577346
v 9.724751 -5.213975 -0.370885
v 0.046935 -2.992601 10.305739
v 7.303778 -16.966486 -5.316589
v 0.046101 -4.074891 10.707527
v 0.046101 -5.497231 11.041788
v -8.716007 -16.971113 -5.012129
v 0.046154 -2.255338 10.011618
v 9.361583 -4.204177 -0.954908
v 9.432778 -5.618474 -1.897292
v 0.046101 -6.967902 11.188624
v 9.060712 -4.216519 -2.018753
v -0.636133 -6.564869 11.144487
v 9.155874 -5.245453 -2.448763
v 9.401093 -6.634426 4.675743
v 9.042358 -7.342199 5.569214
v 0.381692 -8.283817 11.156237
v -0.636134 -8.119530 11.144487
v 9.564749 -7.342199 4.272298
v 0.485116 -9.600125 10.958245
v 9.338857 8.042258 11.730008
v 9.797317 -6.241204 3.214957
v 9.922771 -6.988224 2.797845
v -6.521175 8.835041 7.112947
v 9.401093 -8.049973 4.675743
v 9.432778 -9.065927 4.274297
v 9.155874 -9.438946 4.825769
v -9.264221 8.130404 -3.817301
v -8.982019 8.410734 -4.052381
v 9.797317 -8.443194 3.214957
v 9.922165 -8.046914 2.651206
v -8.457466 8.590055 -3.935255
v 9.077676 7.692422 11.845443
v 0.353453 0.593474 -6.330150
v -8.625083 -17.022356 -5.103811
v -6.897520 8.741889 6.758749
v 7.657161 -16.806160 -5.373374
v -6.103575 8.880807 7.473547
v 9.724751 -9.470424 2.747891
v 9.984597 -8.399843 1.807279
v 10.000685 -6.278440 1.378401
v 10.046216 -7.342199 1.542197
v 10.032775 -6.992209 0.644477
v 9.922771 -6.988224 -0.420838
v -0.681124 -0.972998 -7.001600
v 9.797317 -6.241204 -0.837951
v 9.401093 -6.634426 -2.298736
v 9.564749 -7.342199 -1.895292
v 4.579185 7.667345 -7.554122
v 10.000685 -8.405957 0.998605
v 9.758185 -9.822531 1.797823
v 9.893487 -9.122463 0.586273
v 9.724751 -9.470423 -0.370884
v -0.046294 -1.018604 -7.057242
v 9.922165 -8.046915 -0.274199
v 9.436401 7.756812 11.674964
v 0.694347 -0.977013 -7.011528
v 7.820912 -16.646099 -5.354316
v -0.616370 -1.855123 -7.433581
v 9.797317 -8.443194 -0.837950
v 9.401093 -8.049973 -2.298736
v 9.432778 -9.065927 -1.897291
v 2.909684 7.339094 -6.723252
v 9.155874 -9.438946 -2.448763
v 9.042358 -7.342199 -3.192208
v 0.024866 -2.231974 -7.623674
v 9.060628 -10.468008 4.395906
v -0.629460 -2.997479 -7.907938
v 9.361583 -10.480223 3.331915
v 9.493108 -10.501604 2.611895
v 0.046936 -2.992601 -7.928732
v 9.207331 -11.592659 1.596865
v 9.575089 -10.519799 0.577341
v 9.591099 -10.524433 1.398493
v 0.046101 -4.074891 -8.330521
v 9.493108 -10.501605 -0.234890
v 9.049049 -11.931173 0.569926
v 9.361583 -10.480223 -0.954908
v 0.064137 -9.554247 -8.592092
v 9.060628 -10.468008 -2.018899
v -9.189719 7.549700 -2.712645
v -0.285715 -9.963383 -8.488554
v -0.634708 -10.210885 -8.409270
v 8.669436 -11.762229 4.084049
v 9.034232 -11.496677 3.186998
v -0.818781 -10.094243 -8.424252
v -0.661388 -9.890929 -8.493595
v 8.694715 -12.410935 2.783199
v -0.456529 -9.709558 -8.538604
v -5.792885 8.841062 7.048403
v -8.541545 -17.074022 -5.158547
v 3.383361 7.449669 -6.968579
v 9.034232 -11.496677 -0.809992
v 8.669436 -11.762229 -1.707041
v -9.560125 6.883977 -2.718254
v 8.750911 -12.572093 1.394665
v 8.662741 -12.528637 -0.213430
v 8.549603 -12.443190 -0.974005
v -6.490987 8.689648 6.262859
v 0.159363 -9.904572 -8.510587
v -0.196918 -9.589457 -8.574918
v -6.497258 8.688534 -2.897698
v 8.667591 -3.061772 4.233774
v -6.083481 8.768247 6.553364
v -5.977646 8.667936 -2.674775
v 0.349339 -9.600676 -8.569882
v 3.206091 7.066144 -7.202180
v 0.559058 -10.066931 -8.462459
v -2.739463 -10.805986 -7.856382
v -1.885478 -10.651970 -8.109951
v -2.116575 -11.914671 -7.580800
v -2.230632 -13.050990 -6.939300
v 8.677893 -2.120303 2.675361
v 2.866388 6.677765 -7.236897
v 8.756124 -2.069345 1.887374
v -2.838935 -13.683908 -6.295092
v -2.085754 -14.777912 -5.630535
v -6.068348 8.772388 -3.211196
v -8.645200 -17.109091 -5.050717
v 8.811781 -2.887953 3.553729
v 8.931790 -2.544741 2.317572
v 3.857419 7.544113 -7.174504
v 3.768283 7.295804 -7.354525
v -2.121845 -10.491611 -8.102023
v 9.016626 -2.998137 2.817137
v 8.631688 -16.527828 -4.456294
v -5.978913 8.668540 6.039414
v 8.648407 -4.275452 5.401596
v 8.711691 -5.619999 5.919981
v -1.609682 -10.737514 -8.132086
v 3.240845 6.723106 -7.430715
v -2.456728 0.501287 -5.946648
v -3.131265 0.846206 -5.493450
v 3.767120 7.129606 -7.482115
v 3.758709 6.870020 -7.617880
v -8.606723 -17.154842 -5.065907
v 8.861470 -2.245760 1.188503
v 8.680822 -2.141980 -0.337294
v 8.759286 -2.080824 0.463995
v 4.673832 7.406618 -7.822111
v 9.648731 7.838719 11.534188
v -7.281602 8.607265 6.418915
v -7.256764 8.615751 -3.074706
v 8.930445 -2.541474 0.058814
v -2.871747 -0.991214 -6.506937
v 8.406665 -16.203722 -4.781713
v -6.573187 8.824799 -3.706941
v -2.126446 -1.489975 -7.027386
v -2.468078 -2.061253 -7.176727
v 8.114017 -16.181549 -5.080916
v -6.918545 8.927803 -4.378540
v 4.374224 7.055717 -7.857090
v -2.531709 -3.078207 -7.592384
v -2.919096 -4.693399 -8.043058
v -2.935903 -5.833125 -8.258131
v 8.810725 -2.886198 -1.177982
v 8.667591 -3.061772 -1.856766
v -8.606140 6.112719 10.893626
v 9.692316 8.108628 11.479881
v -9.098328 6.253104 10.600377
v -2.953825 -6.692395 -8.339828
v -2.617427 -7.776110 -8.450640
v -2.243025 -9.035440 -8.426214
v -2.588169 -9.671004 -8.205470
v -2.334854 -9.879153 -8.218885
v -2.425760 -10.135088 -8.129525
v 9.016626 -2.998138 -0.440131
v -1.674337 0.208226 -6.317771
v -6.045570 8.885185 -4.192196
v -2.121064 -0.940173 -6.728198
v 8.266169 -16.176960 -4.945286
v 9.007469 -6.291655 5.527885
v 8.700448 -9.740650 5.673557
v 8.853642 -8.367628 5.850142
v 4.521145 6.838699 -7.997565
v -7.254514 8.463604 -2.487455
v -1.892097 -2.838966 -7.661426
v 8.648408 -4.275453 -3.024589
v 9.806324 8.085451 11.380531
v 8.711691 -5.619999 -3.542974
v 9.007468 -6.291655 -3.150879
v -1.944587 -4.195131 -8.157661
v 8.700449 -9.740648 -3.296549
v 8.853642 -8.367628 -3.473136
v -6.745481 8.589817 -2.611791
v 5.825958 8.753867 -6.389441
v 5.882355 -10.774240 -6.268205
v 5.967894 -11.690964 -5.757422
v 5.189013 -11.561285 -6.418051
v 6.805207 -11.054307 -5.316233
v 9.549693 7.995924 11.609380
v 4.242304 -13.057916 -6.122514
v 5.131764 -12.845681 -5.691570
v 4.663691 -10.564808 -7.158100
v 4.008854 -10.097534 -7.610188
v 4.006776 -10.409305 -7.523332
v -1.961316 -5.690289 -8.490405
v 3.793271 -11.710108 -7.131447
v 5.465147 -10.166358 -6.783209
v -8.741119 5.625330 10.085199
v 4.447196 -12.336593 -6.463742
v 6.547659 -10.045932 -5.965619
v 8.180091 -16.480505 -5.187124
v 6.811913 -9.822577 -5.782365
v 6.207819 -10.200143 -6.203205
v 6.505627 8.740884 -7.132123
v 6.853574 8.691027 -7.509013
v 7.262248 -9.642678 -5.393935
v 5.893715 -10.245157 -6.437572
v 5.036747 -9.861532 -7.146300
v -8.327237 6.398175 11.364786
v -7.977255 6.578454 11.655430
v -7.758675 5.697410 10.971542
v -7.693305 6.063622 11.356553
v -1.800602 -10.340279 -8.222010
v -2.162366 -10.105961 -8.204607
v 5.476655 8.484879 -6.946890
v -1.349618 -10.383757 -8.290200
v 8.403994 -16.442978 -4.967266
v 9.928831 8.162672 11.218376
v -3.213558 -12.611609 -6.861337
v -3.462335 -14.233184 -5.570811
v 6.116117 -9.857030 -6.401542
v -8.151794 5.729646 10.770808
v 4.209117 -0.003423 -5.396325
v 4.421857 -0.839582 -5.689237
v 4.973927 8.092238 -7.309828
v 8.544002 -16.408251 -4.694723
v 4.496101 -1.440199 -6.011497
v 4.846915 -0.923948 -5.451077
v 5.466562 7.823152 -7.942808
v 6.015328 8.369814 -7.601147
v 5.712046 -1.936308 -5.389017
v -8.049173 5.262263 10.234621
v -8.594108 8.824919 -4.955731
v 9.806350 7.916785 11.399872
v 6.153469 8.181514 -7.947080
v 8.634532 -16.863874 -4.577192
v 8.612170 -16.674576 -4.657920
v 4.657981 -2.147088 -6.273707
v 5.238172 -2.136006 -5.880193
v 6.764262 8.383779 -8.007162
v -3.018442 -2.209428 -7.062235
v -3.457097 -3.040304 -7.257486
v 5.412424 -2.938455 -6.155625
v -8.003817 8.886873 -4.660899
v -3.513207 -3.905721 -7.583116
v -7.556595 8.925760 -4.570786
v 5.972546 -3.077420 -5.784363
v 6.251915 7.831829 -8.298469
v 5.694480 7.541437 -8.238451
v -7.347838 4.908502 10.252782
v -8.430552 8.970922 -5.574131
v -6.932984 6.124715 11.609752
v -7.576732 9.028499 -5.351857
v -3.290410 -8.204540 -8.211685
v -3.381063 -9.622692 -7.951700
v -2.874518 -9.568187 -8.135306
v -3.269947 -9.939161 -7.918755
v -2.860827 -9.917368 -8.059859
v 5.384602 7.247118 -8.231388
v -9.110380 8.812119 -5.662858
v -3.127326 -9.558386 -8.060143
v 6.837738 -3.991750 -5.445333
v 6.297469 -4.503977 -6.155043
v 6.940269 -5.252326 -5.794568
v 4.166845 -2.141855 -6.555069
v -6.712982 -11.054303 -5.316263
v -5.875715 -11.690971 -5.757399
v 4.333304 -2.947934 -6.837971
v -6.171849 6.501076 11.816908
v 4.807763 -2.979455 -6.586036
v 4.145380 -3.513145 -7.194336
v 4.558203 -4.846661 -7.427841
v -5.039562 -12.845654 -5.691589
v -5.096780 -11.561255 -6.418087
v -4.150105 -13.057920 -6.122510
v -4.449394 -13.753205 -5.396522
v 5.579133 7.033365 -8.353763
v -5.788277 -10.768909 -6.272002
v -4.558470 -10.562631 -7.166601
v -3.701082 -11.710111 -7.131440
v -4.354999 -12.336588 -6.463742
v 5.415796 -4.058979 -6.669878
v 9.677555 7.625237 11.454258
v 5.414225 -5.062516 -6.977452
v -3.917024 -10.440055 -7.511940
v 6.397610 -6.211051 -6.477415
v 6.888482 -6.714143 -6.091619
v 4.351031 -6.285439 -7.791073
v 4.968525 -6.710515 -7.502842
v -6.953208 5.773488 11.341197
v 5.482172 -5.874476 -7.098200
v 5.816952 -6.960866 -6.971766
v 6.078525 -6.941624 -6.767462
v 7.746300 -5.917583 -5.068393
v 7.631901 -7.412470 -5.344482
v -5.372896 -10.165837 -6.783545
v -5.868922 -10.247039 -6.387707
v -9.489887 8.757186 -6.441978
v -3.916900 -10.116199 -7.603735
v -3.737801 -10.222477 -7.654005
v 7.075774 -7.556252 -5.916222
v -9.172954 8.881812 -6.465735
v 6.844727 -7.277088 -6.134013
v -6.758212 -9.784309 -5.762501
v 4.050789 -7.805795 -7.974139
v 5.318700 -7.178569 -7.309564
v -8.885632 8.936275 -6.145713
v -6.393931 -10.087361 -6.007116
v 6.528671 7.550596 -8.524482
v 6.357862 -6.985593 -6.551537
v 6.478876 7.234508 -8.567413
v 6.629768 -7.107059 -6.331046
v -6.195870 5.970508 11.581856
v 6.065454 -7.475637 -6.800381
v 4.999028 -7.486676 -7.488765
v 6.725692 -7.780340 -6.246983
v -6.023076 -9.857142 -6.402187
v 8.280384 -16.714622 -5.186878
v -4.686475 -9.499157 -7.377635
v 6.675837 -8.627908 -6.202793
v 6.501857 -9.345291 -6.215370
v -3.500324 -10.041465 -7.802727
v 9.825625 8.342099 11.222698
v -3.725044 -9.860061 -7.763088
v 5.683074 6.641335 -8.383406
v -8.357928 9.031918 -6.177789
v -4.944590 -9.861563 -7.146274
v -7.544905 9.059618 -5.904606
v -4.116934 -0.003609 -5.396414
v -4.755049 -0.923876 -5.450779
v 6.141846 2.572608 -3.967860
v -4.329372 -0.839780 -5.689522
v 6.536955 2.569997 -3.373070
v -9.117105 8.634719 -4.910684
v -9.437538 8.331052 -4.560996
v 4.672581 2.782069 -5.379406
v -8.621221 -17.245291 -4.980414
v 3.360895 2.517608 -5.042947
v -6.082889 5.362343 11.182827
v 3.201148 2.906875 -5.687939
v 3.959729 3.183962 -6.098654
v 3.947376 2.737465 -5.439680
v 7.246571 -7.944989 -5.737016
v 7.310655 -8.691958 -5.558228
v 7.311103 -8.260323 -5.623981
v -3.679718 -0.936923 -6.117356
v 7.259174 -9.012985 -5.561680
v -7.013866 5.371749 10.961634
v 7.146298 -9.319547 -5.591224
v -8.557050 -17.457016 -4.742892
v 7.002933 -9.586237 -5.668849
v -4.403896 -1.440199 -6.011497
v 4.671321 -9.223797 -7.495347
v -3.432610 -1.838574 -6.719362
v 8.288776 -16.937281 -5.184632
v -5.631337 -1.918000 -5.367727
v -5.880382 -3.077420 -5.784330
v 4.604756 -8.861446 -7.589085
v -9.493713 8.639608 -5.669742
v -5.320220 -2.938463 -6.155631
v 6.387365 3.660126 -5.910625
v -6.745530 -3.991754 -5.445346
v -6.205255 -4.503976 -6.155054
v 4.825181 -7.751092 -7.584438
v 4.605157 -8.489384 -7.647598
v 4.700008 -8.038836 -7.632634
v -6.848076 -5.252317 -5.794554
v -5.323576 -4.058947 -6.669877
v -6.305154 -6.210800 -6.477584
v -5.321991 -5.062513 -6.977471
v -6.803461 -6.740014 -6.087081
v -7.654079 -5.917562 -5.068411
v -7.539662 -7.412426 -5.344530
v -5.389963 -5.874464 -7.098203
v -5.772701 -6.955346 -6.936451
v -4.565704 -2.147269 -6.273836
v -5.155976 -2.137194 -5.872911
v 5.792750 -7.775776 -6.989716
v 6.080327 -8.365307 -6.742704
v -6.679986 8.981077 -4.845814
v -6.845875 4.824090 10.427032
v 5.692484 -9.435757 -6.829775
v 5.908797 2.772307 -4.705361
v 5.109880 2.603644 -4.867787
v 6.582973 3.037376 -4.670527
v -4.066039 -2.130018 -6.554813
v 5.754010 3.099916 -5.449374
v 5.237298 -9.001892 -7.218732
v -6.207407 4.900285 10.749645
v 4.892880 3.307857 -6.123646
v 8.527738 -16.680628 -4.885452
v -4.715569 -2.979448 -6.586029
v 5.289980 -8.177341 -7.293902
v 8.415376 -16.619537 -5.031108
v 4.834440 -9.591028 -7.323202
v -6.637733 9.006543 -5.546639
v 2.842286 -10.799481 -7.855451
v 2.208776 -11.914671 -7.580800
v 2.931136 -13.683908 -6.295092
v -5.782723 8.901083 -5.383989
v 9.976472 7.952278 11.204648
v -4.241506 -2.949409 -6.838477
v -5.853252 4.387308 10.315316
v -4.054550 -3.522756 -7.197378
v 5.990902 3.665141 -6.141571
v -4.466002 -4.846661 -7.427841
v -3.872073 -5.228733 -7.801246
v 3.305762 -12.611609 -6.861337
v 2.322831 -13.050991 -6.939299
v 1.718712 -10.724145 -8.133794
v 1.101820 -11.240972 -8.057988
v 1.986794 -10.639674 -8.112207
v -4.876650 -6.710506 -7.502657
v -4.258832 -6.285439 -7.791072
v 1.013437 -12.289391 -7.616187
v 4.475116 2.114962 -3.904792
v 0.977138 -13.518554 -6.900024
v -6.937694 -7.495025 -5.962618
v -6.638101 -7.171252 -6.242440
v 1.582590 -14.176543 -6.308272
v 5.424091 2.074629 -2.905811
v -5.442875 -7.050812 -7.159955
v 0.924840 -10.438332 -8.328711
v 5.868188 2.122602 -2.188554
v -5.984699 -6.941560 -6.768684
v 1.159205 -10.619236 -8.250687
v -6.265597 -6.985579 -6.551588
v 1.441454 -10.716487 -8.182844
v -5.973229 -7.475671 -6.800401
v 5.680389 2.228876 -3.310531
v -3.958502 -7.805896 -7.974174
v -4.906878 -7.486602 -7.488733
v -5.140129 -7.251050 -7.363929
v 2.271258 -10.433600 -8.106946
v 6.313467 2.321836 -2.575043
v 8.557315 -16.899399 -4.851311
v 9.981091 7.751932 11.177664
v -9.630216 8.680067 -6.995559
v -7.107086 -7.818816 -5.775826
v -9.944095 6.360497 8.875838
v -7.218140 -8.692024 -5.558172
v -8.515826 -17.315191 -5.026245
v 5.040975 2.076029 -3.368290
v -7.219794 -8.249334 -5.632248
v -6.632212 -7.778861 -6.248157
v -6.583793 -8.628139 -6.202590
v 5.233239 2.279135 -3.963831
v 0.719108 -1.832451 -7.421892
v -9.613749 5.898553 8.934864
v -9.527888 5.971307 9.379099
v -9.709942 8.638842 -6.594711
v -7.169645 -8.988319 -5.550176
v -7.084739 -9.260039 -5.595197
v -6.915142 -9.581084 -5.666072
v -6.513502 -9.459041 -6.095015
v 0.726220 -2.996799 -7.907033
v 1.039075 -4.120318 -8.293108
v 0.673387 -9.799465 -8.516854
v 0.751427 -10.231258 -8.401421
v -9.983120 8.410707 -6.588512
v -9.742686 5.907078 8.252037
v -9.856686 6.067130 7.748078
v 3.013983 2.385271 -4.718204
v -9.827890 8.522346 -7.118629
v 9.783693 8.517758 11.048491
v 3.415794 1.335945 -5.123908
v -5.700823 -7.775468 -6.989519
v 3.483558 2.277536 -4.521407
v 3.904458 2.195366 -4.298100
v 1.766538 0.208226 -6.317770
v 0.926978 0.133291 -6.495244
v -5.989062 -8.362166 -6.742429
v -5.778050 -9.231064 -6.760116
v -9.961998 8.349402 -7.187706
v 4.048779 1.499501 -4.637076
v 1.407524 -0.998174 -6.932858
v -4.733062 -7.750908 -7.584351
v -5.146016 -9.002034 -7.218183
v 8.436742 -16.829021 -5.053235
v 4.219214 2.394059 -4.723970
v -9.757612 5.937872 7.087659
v -4.512956 -8.489403 -7.647598
v -10.007816 8.361103 -6.879743
v 2.213265 -0.940173 -6.728198
v -9.498358 5.429025 7.301020
v 2.218647 -1.489975 -7.027386
v -9.743348 6.190154 6.556866
v 1.635014 -2.042991 -7.399073
v 1.984298 -2.838966 -7.661426
v -9.626867 6.420770 6.079938
v 1.349041 -3.096251 -7.877165
v -4.604969 -8.049539 -7.633532
v 8.396937 -16.953199 -5.085583
v -5.197918 -8.177335 -7.293822
v -4.566933 -9.169673 -7.511398
v 3.391033 6.131771 -7.665435
v -4.510502 -8.849943 -7.591597
v 3.320303 6.460028 -7.569049
v -3.894901 -9.049200 -7.859497
v 9.686259 8.668167 10.836797
v 2.036789 -4.195131 -8.157661
v -10.019281 8.162066 -7.322257
v 1.046505 -5.219377 -8.570576
v 2.053517 -5.690289 -8.490405
v -9.311078 6.031939 9.962939
v 1.726492 -6.704104 -8.658758
v 3.814666 6.589455 -7.747173
v -8.968437 -10.467980 4.395910
v -9.269392 -10.480218 3.331876
v -9.400915 -10.501568 2.611904
v -8.942030 -11.496634 3.187081
v -9.115138 -11.592650 1.596776
v -9.482906 -10.519738 0.577323
v -9.498903 -10.524411 1.398555
v -10.262868 7.802505 -6.401560
v -9.400915 -10.501569 -0.234897
v -8.956845 -11.931179 0.569952
v -9.269392 -10.480219 -0.954871
v -8.942031 -11.496634 -0.810073
v -8.968437 -10.467979 -2.018903
v -10.163868 8.117304 -6.687698
v -10.211889 7.883060 -6.792216
v 7.953660 -16.374065 -5.256757
v -8.972862 5.465297 9.463312
v 1.395946 -8.553830 -8.660476
v 2.333353 -9.029703 -8.427192
v 2.886535 5.973710 -7.464589
v 1.072639 -9.513008 -8.552952
v 3.026417 5.684247 -7.526258
v 3.480283 5.750336 -7.693359
v 1.532671 -10.383717 -8.272233
v -8.520901 -17.149200 -5.138496
v -8.557624 -17.199829 -5.084063
v -8.519901 -17.154200 -5.136497
v 9.945864 8.387398 11.002844
v -10.114873 8.125116 -7.033900
v -9.665969 -9.822598 1.797856
v -8.530593 4.801860 8.804011
v -9.632552 -5.213988 2.747894
v -8.254002 5.001165 9.608594
v -9.029328 -3.000031 2.084435
v 1.242561 -10.305819 -8.339092
v 2.102771 -10.216240 -8.212775
v 9.968591 8.493985 10.748173
v -8.497898 -17.153400 -5.150997
v -8.497898 -17.153400 -5.150997
v -8.497898 -17.153400 -5.150997
v -8.497898 -17.153400 -5.150997
v -7.296103 4.122266 9.081739
v 8.091576 -16.731592 -5.291968
v -8.968521 -4.216547 4.395764
v -9.063662 -5.245447 4.825782
v -9.269391 -4.204181 3.331877
v 1.863358 -10.335707 -8.224232
v -9.340585 -5.618444 4.274248
v -9.400914 -4.182832 2.611906
v -9.482905 -4.164658 1.799679
v 0.889559 -10.057076 -8.435151
v -9.801292 -5.561960 1.790697
v -9.530488 -4.280347 0.779957
v -9.801292 -5.561960 0.586310
v -9.632552 -5.213988 -0.370887
v -9.084371 -3.021658 1.188503
v 2.817899 0.399449 -5.903033
v -9.029328 -3.000031 0.292572
v -9.400915 -4.182832 -0.234900
v -9.269391 -4.204181 -0.954871
v 2.963948 -0.991214 -6.506937
v -9.340585 -5.618444 -1.897241
v -8.968521 -4.216548 -2.018757
v -9.124267 5.117775 8.195850
v 3.942354 6.164415 -7.850219
v -9.058588 5.218726 8.710629
v 10.103733 8.433908 10.506606
v -10.191491 7.758677 -6.946018
v -9.419979 5.377812 7.842110
v -8.463902 -17.152199 -5.173496
v 7.967125 -16.884785 -5.328362
v -10.032150 7.789356 -7.407854
v 4.945567 6.651728 -8.189960
v -9.063662 -5.245447 -2.448776
v -9.705118 -6.241210 3.214953
v -9.830562 -6.988204 2.797900
v -9.705118 -8.443188 3.214952
v -9.829958 -8.046907 2.651264
v -9.892396 -8.399851 1.807266
v -9.632552 -9.470411 2.747893
v -9.308870 -6.634426 4.675791
v 4.136312 5.792120 -7.872010
v -8.950170 -7.342200 5.569190
v -9.472577 -7.342199 4.272202
v -9.613654 8.586744 -7.483209
v -8.402785 -17.094603 -5.230088
v -9.308870 -8.049974 4.675791
v -9.340585 -9.065956 4.274247
v -9.063662 -9.438951 4.825783
v -9.908483 -6.278401 1.378381
v -9.954015 -7.342199 1.542120
v -9.940571 -6.992164 0.644496
v -9.830562 -6.988204 -0.420893
v -9.705118 -6.241210 -0.837946
v -9.767283 8.418285 -7.564024
v 2.560279 -2.061253 -7.176727
v 2.623911 -3.078207 -7.592384
v -9.431043 5.579939 5.864050
v -9.829958 -8.046907 -0.274257
v -9.908483 -8.405997 0.998624
v 3.011297 -4.693399 -8.043058
v -9.801292 -9.122440 0.586309
v 3.028104 -5.833126 -8.258131
v 3.046031 -6.692397 -8.339826
v 2.709628 -7.776110 -8.450640
v 3.106064 -2.209167 -7.063098
v -9.632552 -9.470410 -0.370887
v -9.705118 -8.443188 -0.837945
v 9.990786 8.284749 11.043818
v -9.472577 -7.342199 -1.895196
v -9.308870 -6.634426 -2.298784
v 3.548754 -3.041193 -7.258087
v -9.340585 -9.065956 -1.897241
v -9.308870 -8.049974 -2.298785
v 4.670115 6.182110 -8.079841
v -9.063662 -9.438951 -2.448777
v 3.605408 -3.905722 -7.583116
v -8.950170 -7.342199 -3.192183
v 4.263316 5.625413 -7.856785
v -8.924436 -2.998164 2.817146
v 3.186184 5.388328 -7.544661
v 3.382617 -8.204539 -8.211683
v 3.574724 -9.650775 -7.906977
v -8.924436 -2.998164 -0.440140
v -8.906272 4.620792 7.026218
v 3.771923 -0.936924 -6.117355
v 7.315631 -17.160795 -5.243284
v 3.529938 -1.776173 -6.685355
v 3.702317 5.398777 -7.690432
v -9.298817 5.130086 6.334931
v -8.915272 -6.291576 5.527866
v -9.899844 8.311158 -7.447518
v 3.251606 4.920132 -7.430793
v -8.761447 -8.367721 5.850117
v 3.964275 -5.228733 -7.801245
v 3.987103 -9.049200 -7.859497
v 2.829490 -9.944607 -8.094306
v 2.456396 -10.191432 -8.128802
v -9.374617 5.331312 6.088366
v 10.109645 8.070117 10.987174
v -9.904269 8.176866 -7.579697
v 3.681829 4.796165 -7.454868
v -8.915271 -6.291575 -3.150860
v 2.265919 -10.077556 -8.209560
v -8.761447 -8.367722 -3.473111
v 2.601484 -9.712631 -8.216888
v -1.930215 -11.198158 10.298300
v 3.650395 -10.055489 -7.778828
v 3.271595 -9.897366 -7.959966
v 4.082571 5.155014 -7.675966
v 2.933211 -9.561769 -8.147188
v 3.264724 -9.547242 -8.048188
v 10.086812 8.322566 10.814342
v 4.638637 5.220760 -7.754814
v -2.900532 -10.744918 10.202851
v -2.215928 -12.098166 9.841933
v -2.230632 -13.050990 9.316306
v -2.838933 -13.683908 8.672098
v 4.423716 5.467804 -7.833959
v -2.085755 -14.777912 8.007542
v 3.832260 -9.860847 -7.756865
v 1.013435 -12.289390 9.993195
v 4.203856 4.830286 -7.533168
v -9.185684 4.942226 6.599772
v 7.671361 -17.247129 -5.244980
v 1.250932 -15.585711 7.378300
v 7.862740 -17.285591 -5.210192
v -2.290060 -15.779678 6.798623
v -2.872895 -15.800944 6.471763
v -1.952753 -16.871630 5.103975
v -2.844560 -16.483963 5.360174
v 1.261745 -17.489862 -1.464279
v -2.095205 -17.219715 4.140911
v -3.164054 -16.897884 4.133590
v -9.109229 4.830413 6.700338
v -3.041668 -17.291855 2.814859
v 10.153048 8.154445 10.851513
v -9.804168 8.255780 -7.690936
v 4.959373 5.895344 -8.081638
v 5.260904 5.590711 -7.995269
v -9.655321 8.354209 -7.813769
v 6.136155 6.081137 -8.276067
v 9.959814 8.567554 10.502743
v -9.012121 4.642992 6.014882
v 0.718804 -1.848229 9.806442
v -2.293289 0.313569 8.472137
v -7.692529 4.150240 8.677450
v 0.726219 -2.996800 10.284040
v 1.039075 -4.120318 10.670115
v -2.871834 -0.991303 8.883962
v 6.141125 5.683240 -8.061029
v -2.919096 -4.693398 10.420065
v -2.935903 -5.833125 10.635138
v -2.126443 -1.489977 9.404395
v -2.468075 -2.061252 9.553734
v -2.531713 -3.078207 9.969390
v -2.844744 -6.907160 10.764407
v -2.937848 -8.850428 10.634555
v -2.953962 -7.992404 10.716771
v -2.917955 -9.611326 10.503338
v 10.051396 8.533947 10.054180
v 1.046505 -5.219377 10.947582
v -8.401663 -17.263144 -5.146387
v 0.728334 -6.564869 11.144487
v -8.411863 4.332798 7.802504
v 7.346411 -17.753363 -4.589160
v -8.148479 4.252411 8.173790
v 10.221131 8.360844 10.095101
v 8.363860 -11.316581 5.311721
v -2.121063 -0.940174 9.105205
v 8.453856 -6.779195 6.597349
v 5.707197 4.542181 -7.203122
v 10.234738 8.228390 10.534650
v 4.876888 5.011059 -7.648971
v 4.215322 -10.411525 9.812032
v 4.702178 -11.195536 9.265914
v 3.793271 -11.710109 9.508452
v 5.330501 -10.435111 9.168494
v 6.297469 -10.180423 8.532049
v 7.597677 -17.773359 -4.511038
v 5.480819 -11.370218 8.683576
v 5.967893 -11.690963 8.134430
v 6.805205 -11.054307 7.693241
v 4.447194 -12.336589 8.840753
v -1.944588 -4.195130 10.534668
v -1.961316 -5.690289 10.867412
v 4.242307 -13.057920 8.499516
v -1.892097 -2.838968 10.038433
v -7.814561 3.832994 7.836636
v -7.007668 4.124163 9.345681
v -6.679557 4.181335 9.667023
v -8.286669 -17.207493 -5.222683
v 5.131763 -12.845681 8.068578
v 4.541600 -13.753207 7.773524
v 5.583179 -13.162333 7.463008
v 6.231723 -12.717964 7.203435
v 5.549899 -14.145635 6.549522
v 6.512100 -13.324200 6.322502
v 6.839494 -12.246888 6.897152
v 7.527480 -10.406386 7.171120
v 8.173135 -9.753146 6.576075
v 7.356646 -11.793865 6.578821
v 7.813903 -17.760534 -4.384331
v 8.038064 -11.114187 6.061399
v 5.139456 4.874677 -7.551680
v 7.354662 -12.602235 5.890435
v 3.554538 -14.233185 7.947816
v 4.172514 -14.859244 6.923009
v -1.960937 -8.994134 10.867478
v -3.701082 -11.710113 9.508446
v -3.213560 -12.611609 9.238343
v 5.280444 4.735322 -7.439744
v -3.462335 -14.233183 7.947818
v 5.418851 4.653437 -7.354029
v -3.210483 -15.277387 6.974885
v 4.746037 -15.090585 6.151141
v -3.593142 -15.901993 5.845232
v 8.125555 -12.276343 4.820292
v 8.025710 -12.944919 4.105744
v 7.539056 -13.105567 4.988251
v 6.991257 -13.621004 5.290544
v 7.386645 -13.974298 3.861957
v -3.587606 -17.001211 3.162547
v 8.210197 -13.036213 3.338336
v 4.172561 -16.158276 4.935809
v 6.089228 -14.326120 5.684886
v 6.551652 -14.505344 4.690977
v -6.347536 4.250770 9.951257
v 5.255960 -15.356943 5.183279
v 6.029545 -15.274226 4.073487
v 5.143262 -15.991196 3.950142
v 7.803692 -17.678869 -4.724629
v 7.033046 -14.646040 3.159371
v 6.065799 -15.588281 3.042037
v -3.436030 0.280580 8.016894
v 4.530598 -16.516815 3.450265
v 3.679801 -17.001211 3.162552
v 7.361012 -17.416451 -5.085280
v -5.905571 3.856587 9.698328
v 6.167550 5.243670 -7.741724
v -3.018445 -2.209427 9.439240
v -3.780471 -2.059999 9.047647
v 4.389044 -16.840044 2.174711
v -3.457097 -3.040305 9.634494
v 5.248147 -16.325718 2.349846
v 7.403230 -17.635807 -4.835443
v 5.414225 -9.621883 9.354459
v -3.513207 -3.905721 9.960122
v 6.940270 -9.432074 8.171574
v -5.875714 -11.690971 8.134406
v -7.945887 -11.114151 6.061384
v -6.275767 3.734727 9.325090
v -7.435264 -10.406396 7.171140
v -7.264412 -11.793885 6.578850
v -6.712981 -11.054303 7.693270
v 4.762656 0.821275 6.882014
v -6.747321 -12.246840 6.897157
v -6.139507 -12.717977 7.203435
v -5.490980 -13.162325 7.463007
v -7.262501 -12.602187 5.890424
v -6.419903 -13.324200 6.322502
v 4.476436 -0.864227 8.046956
v -5.457685 -14.145655 6.549517
v 4.767255 -1.104432 8.020240
v 5.899553 6.388187 -8.372709
v 7.748595 -17.493402 -5.043190
v -4.609993 -11.195562 9.265895
v -5.388607 -11.370181 8.683599
v -4.354995 -12.336585 8.840753
v -5.039561 -12.845652 8.068598
v -4.150106 -13.057923 8.499514
v 10.273046 7.979375 10.661089
v 4.289731 0.534341 7.417327
v 4.964445 -0.894656 7.719943
v -8.417410 -17.437870 -4.964823
v -4.449393 -13.753204 7.773530
v -7.312963 3.817554 8.547379
v -6.773356 3.627805 8.765432
v 5.444476 -0.805726 7.271030
v -4.080324 -14.859214 6.923037
v -4.653828 -15.090610 6.151112
v 5.550121 0.185580 6.563369
v -8.271667 -11.316576 5.311716
v -7.226526 3.556465 8.117957
v -8.577257 -11.762214 4.084000
v 6.176330 -0.828199 6.543766
v 3.168042 4.308250 -7.106896
v 10.174961 7.815968 10.885938
v 3.682005 3.455550 -6.429720
v 3.688979 3.852726 -6.828178
v 2.872132 3.891913 -6.723700
v -9.704899 8.178801 -7.877499
v -9.712360 8.230783 -7.841953
v 4.013801 4.435791 -7.278596
v 4.634355 4.507939 -7.334349
v -8.033326 -12.276378 4.820305
v -7.933496 -12.944984 4.105668
v -7.446833 -13.105558 4.988301
v -6.899054 -13.621014 5.290534
v -7.294395 -13.974339 3.862000
v -8.602506 -12.410966 2.783147
v -8.118009 -13.036174 3.338390
v -7.729533 -13.906291 2.389203
v 4.360137 4.098778 -7.025199
v -5.997015 -14.326139 5.684877
v -6.459446 -14.505336 4.691003
v -5.937364 -15.274219 4.073460
v -6.940843 -14.646053 3.159341
v 5.709794 -1.933648 7.765967
v 4.523375 3.617266 -6.557048
v 4.859805 3.823292 -6.708085
v 5.941923 -0.879576 6.839637
v -6.769390 3.362729 8.274449
v -8.181250 -17.388414 -5.124651
v -6.264664 3.421652 8.846484
v 7.114851 -1.386109 5.812308
v 6.113646 0.345105 5.795690
v -5.973611 -15.588264 3.042055
v -6.316759 -15.457741 2.192442
v -5.163734 -15.356967 5.183268
v -4.080358 -16.158279 4.935804
v -6.067477 2.946662 8.144538
v -5.051034 -15.991215 3.950136
v -7.956939 -17.453724 -5.085401
v 7.805423 -17.042658 -5.327802
v -8.704083 4.460145 7.331049
v -4.438392 -16.516815 3.450269
v -6.205255 -10.180423 8.532061
v 7.098140 -0.720656 5.141821
v -4.123121 -10.411525 9.812032
v -5.238273 -10.435115 9.168509
v -8.080916 -9.753144 6.576103
v -7.830075 -17.234135 -5.246945
v 10.257818 7.523001 10.580374
v 6.609711 -0.764585 5.949113
v 5.096223 4.226419 -7.054766
v 10.392004 7.887289 10.256772
v -9.572233 8.246902 -7.992283
v 10.343882 8.155070 10.115298
v -7.589789 -17.394308 -5.095448
v -6.848076 -9.432083 8.171560
v -5.321991 -9.621887 9.354478
v -3.872074 -9.455667 10.178251
v -8.608227 -9.740723 5.673555
v -8.361652 -6.779196 6.597356
v -8.575378 -3.061755 4.233778
v -8.657870 -2.064435 1.963428
v -8.838039 -2.549552 2.341338
v 7.448934 0.522799 2.489467
v 8.552196 -17.179272 -4.586643
v 7.369534 -0.774742 4.663111
v -8.519480 -17.546877 -4.402764
v 5.509104 4.185386 -6.932376
v 10.335899 7.771263 10.484675
v 5.383151 3.635467 -6.358478
v 7.625504 -0.713864 3.975913
v -8.452785 -1.878329 2.878893
v -8.719422 -2.887774 3.554107
v 8.049006 -1.533016 4.099414
v 7.832086 -0.702994 3.307536
v 5.751102 3.908466 -6.550928
v -8.556214 -4.275486 5.401601
v -8.619510 -5.620113 5.919982
v -8.045645 3.823416 7.304794
v -6.064998 -0.821916 6.555765
v -6.024807 0.331990 5.801461
v -8.448803 -17.577606 -4.562672
v -5.457479 0.185551 6.563738
v -8.394449 -17.552143 -4.768245
v -5.342767 -0.805829 7.278616
v -5.847529 -0.868856 6.835001
v -5.619686 -1.935195 7.765030
v 8.297100 -1.437201 3.071503
v 7.952594 -0.653287 2.650789
v 8.443078 -1.352925 1.936091
v 8.042412 -0.647186 1.995079
v -7.016048 -1.373113 5.811530
v 9.131977 7.487288 11.767241
v -9.867096 7.985456 -7.719065
v -8.779703 4.345608 6.372487
v -8.452642 4.040408 6.727394
v 4.076467 -2.106011 8.962844
v 4.668057 -2.149567 8.645427
v -6.239268 -0.923623 6.443353
v 4.333302 -2.947935 9.214979
v -8.555875 4.062665 6.158006
v 6.392397 4.019289 -6.411740
v 5.255242 -2.136106 8.244660
v 8.470449 -17.330961 -4.491360
v -8.225214 -17.665945 -4.626755
v 6.074472 4.374965 -6.935288
v 9.457075 7.149186 11.377226
v 4.806918 -2.981009 8.964277
v 5.412423 -2.938455 8.532633
v 9.404195 7.430552 11.580803
v -4.384549 -0.864250 8.046771
v 5.972545 -3.077419 8.161369
v -8.197593 -17.716694 -4.434991
v -3.679902 -0.937145 8.494398
v -7.738655 3.394391 6.711806
v -10.042817 7.969668 -7.385244
v -4.674985 -1.103968 8.019993
v 6.237538 -2.254565 7.469985
v -3.430901 -1.511200 8.942505
v -4.872277 -0.894708 7.719950
v -8.283404 3.819353 6.451039
v 9.740745 7.445187 11.311874
v 6.686330 -2.025207 6.840938
v 6.477697 -3.023379 7.668830
v -8.025107 3.511714 6.119594
v -7.556044 3.513447 7.495834
v -9.954327 7.614244 -7.491374
v -7.854990 -17.797188 -4.420870
v -4.525224 0.395061 7.268457
v -7.386362 -17.853430 -4.251589
v 4.145380 -3.513147 9.571344
v 4.558204 -4.846660 9.804847
v 5.415795 -4.058980 9.046885
v 7.108558 8.737861 -3.383414
v 6.297469 -4.503977 8.532050
v 5.414223 -5.062515 9.354460
v 6.940268 -5.252326 8.171576
v 6.237046 -6.065804 8.964856
v -9.814985 7.805585 -7.785963
v 6.837738 -3.991750 7.822340
v 7.085530 -2.059530 6.362979
v 7.661687 8.833518 -4.045698
v 9.830178 7.145785 10.992671
v 8.433210 -17.281794 -4.819676
v -9.771900 8.128799 -7.812496
v -7.143691 3.122900 7.186229
v -7.754100 -17.747751 -4.607983
v -6.031866 1.366313 4.897873
v 6.891350 -3.094165 7.271842
v -9.707295 8.123727 -7.899272
v -9.774899 8.135799 -7.804497
v -6.481165 2.883089 7.568696
v 7.418167 -2.532754 6.271382
v -7.441109 -17.729511 -4.616433
v 7.368088 -3.138619 6.716263
v -6.643467 2.683436 6.637039
v -6.346692 2.407741 5.831942
v 8.861489 6.657088 11.400371
v 7.724307 -3.042184 6.142607
v 9.108745 6.514901 11.094330
v -9.774899 8.135799 -7.804497
v -9.774899 8.135799 -7.804497
v -6.813245 0.323601 4.499794
v -9.774899 8.135799 -7.804497
v 6.939313 8.588611 -2.605597
v -6.808683 0.910229 3.807226
v 8.234605 -17.053030 -5.194945
v -7.356788 0.522692 2.489433
v -7.952374 -1.524436 4.099865
v 7.449036 8.463987 -2.486826
v -7.484504 -0.709632 4.094950
v 7.527479 -4.278013 7.171121
v 8.132028 -3.682384 5.975952
v 7.479709 8.605881 -3.057991
v 9.527252 6.785454 10.983980
v -8.741119 7.560215 5.436221
v 8.173818 -4.932984 6.575810
v 7.855967 8.431112 -2.771561
v 7.746300 -5.917583 7.445400
v 9.795315 6.670351 10.498725
v 9.452794 6.453481 10.677906
v -6.713926 -0.754740 5.653441
v 4.055596 -6.910148 10.349750
v 4.372527 -7.997146 10.192545
v 4.940593 -5.859940 9.804603
v 4.985819 -7.121670 9.889997
v 5.530656 -6.717185 9.537422
v 8.112952 8.282664 -2.580013
v 6.730872 -7.389142 8.644524
v 6.934403 -6.697905 8.421055
v 4.826886 -9.032985 9.837417
v 10.030132 7.533576 11.014769
v 5.530656 -7.967215 9.537422
v 6.237047 -8.618596 8.964855
v -9.565747 8.095428 -8.059850
v 8.393947 8.080025 -2.380259
v -7.174866 -0.759450 4.858073
v -9.642801 7.955970 -8.005108
v 10.103651 7.230629 10.656293
v -7.729317 -0.702556 3.346716
v 7.729113 -7.131626 7.595762
v 7.537578 -8.188362 7.782982
v 8.300877 -8.105050 6.798222
v 7.754385 -9.124083 7.343517
v 8.937939 8.151179 -3.139020
v 7.429409 -2.036873 5.838345
v 7.785930 -2.010024 5.191373
v -8.204075 8.070265 5.725769
v -8.454638 7.834098 5.537023
v -7.860403 -0.653286 2.650748
v -8.353897 -1.358874 1.936152
v -7.950220 -0.647197 1.995057
v 8.082373 -2.100615 4.658117
v 8.201692 8.668674 -3.779985
v 8.325569 -2.060848 3.978148
v 8.719146 8.490532 -3.704051
v -8.437275 7.610664 5.072977
v -8.069960 7.854175 5.092355
v -9.634385 7.724132 -7.977630
v -8.197638 -17.532993 -4.950686
v -7.679878 8.115143 5.264531
v 8.012595 -2.858245 5.518912
v 9.266435 7.913049 -3.098959
v -5.880382 -3.077420 8.161337
v -5.320219 -2.938462 8.532638
v -7.551908 7.954037 4.800391
v 9.416937 7.600022 -2.836712
v 8.176952 -17.142759 -5.192884
v -7.858397 7.716913 4.614150
v 10.331998 7.287658 10.139247
v -10.241226 7.490293 -6.544795
v -7.856013 -17.603792 -4.896452
v -7.632065 -3.042210 6.142686
v -8.069407 -17.663477 -4.756073
v 9.738081 8.047648 -4.113132
v 9.795717 7.584099 -3.483994
v 8.403652 -3.070352 4.906214
v 8.396946 -2.663409 4.552500
v 10.139215 6.972548 10.260381
v -6.161386 -2.253796 7.453853
v 10.149041 7.794111 -4.587403
v 9.529041 7.239763 -2.569693
v -10.099239 7.244019 -6.845727
v -10.074418 7.479575 -7.150097
v -6.995202 -2.057265 6.358604
v 8.513474 -2.019299 3.263222
v -7.454068 -17.573931 -4.872416
v -6.591075 -2.030721 6.848733
v 9.833372 6.987550 -2.957553
v -8.999928 7.236237 5.376473
v 10.009444 7.409442 -3.750685
v -8.598221 7.382240 4.931154
v 2.992733 -10.744918 10.202851
v 2.308129 -12.098166 9.841933
v 2.931136 -13.683909 8.672097
v -8.962210 6.895906 4.885333
v -9.199789 6.869452 5.339379
v 3.305758 -12.611609 9.238344
v -9.331809 6.591142 5.403772
v 7.353354 9.039508 8.726624
v -6.799157 -3.094233 7.271870
v -6.385442 -3.023407 7.668907
v 2.322833 -13.050990 9.316306
v 2.177954 -14.777912 8.007543
v 3.302688 -15.277386 6.974884
v 2.965097 -15.800943 6.471762
v 3.685346 -15.901992 5.845230
v -9.999707 6.855936 -6.552313
v 3.133867 -17.291857 2.814857
v 2.936746 -16.483971 5.360170
v 3.256249 -16.897886 4.133588
v 8.342190 9.050483 9.601927
v 2.022416 -11.198158 10.298300
v -7.327612 -2.534752 6.270294
v -7.275475 -3.137951 6.716369
v -8.697196 7.137279 4.744813
v -5.323576 -4.058948 9.046885
v -5.321990 -5.062512 9.354479
v -6.205255 -4.503977 8.532061
v 10.259922 7.218433 -4.325723
v -6.848074 -5.252317 8.171563
v -6.144856 -6.065833 8.964853
v -8.039757 -3.682342 5.976040
v 10.308138 6.973324 -4.494359
v -8.081600 -4.932987 6.575838
v -9.870024 6.980920 -7.064034
v 1.582591 -14.176539 8.685282
v -7.435262 -4.278005 7.171142
v -7.654080 -5.917562 7.445418
v -6.745529 -3.991754 7.822353
v 2.382256 -15.779681 6.798621
v -5.438493 -6.717227 9.537400
v -6.842144 -6.697922 8.421112
v 1.633080 -16.512833 5.967220
v -6.638666 -7.389166 8.644528
v -9.129624 6.521583 4.891277
v 2.044956 -16.871630 5.103974
v 2.187420 -17.219707 4.140922
v 1.469385 -17.357370 4.165414
v -9.576447 6.877656 -7.425907
v 7.529535 8.973834 -4.797859
v 1.611380 -17.600351 3.196918
v 2.045704 -17.687496 2.190806
v 8.322142 -17.127548 -5.102497
v 7.180344 9.010496 -5.092826
v -8.552302 6.920941 4.275751
v -8.200284 -17.052614 -5.304743
v -7.636865 -7.131645 7.595823
v -9.914757 7.311798 -7.347136
v -9.761701 7.495687 -7.726180
v -6.144857 -8.618567 8.964852
v -5.438493 -7.967173 9.537400
v -7.445374 -8.188334 7.782989
v -8.781811 6.595975 4.304728
v -8.208677 -8.105095 6.798216
v -7.662175 -9.124085 7.343528
v 8.325069 8.988448 -5.366943
v -3.872075 -5.228733 10.178251
v 8.623272 8.825689 -4.748827
v -5.118281 -2.143667 8.281429
v -9.712016 7.160831 -7.534065
v 8.799213 8.935275 -5.574012
v 7.569574 9.023903 8.589314
v 7.666303 9.060403 -6.152488
v -4.561050 -2.135219 8.647976
v 8.366612 9.004669 8.922372
v -8.270233 7.344313 4.447022
v 1.407525 -0.998174 9.309865
v 8.846784 8.902846 8.774076
v 7.911286 8.928626 8.035002
v 8.322969 8.816551 7.793555
v -9.578704 7.350255 -7.851400
v -4.241508 -2.949409 9.215483
v 2.213264 -0.940174 9.105205
v 2.218645 -1.489977 9.404394
v -4.054549 -3.522758 9.574386
v -4.714729 -2.981000 8.964265
v 1.349040 -3.096251 10.254171
v -8.064082 7.181558 3.984529
v 2.036789 -4.195130 10.534668
v 8.100621 9.046466 -5.782845
v -8.109859 -17.206278 -5.257373
v 2.053517 -5.690289 10.867412
v 1.635014 -2.042993 9.776080
v -7.619893 7.455234 3.949461
v 8.858562 8.988956 9.513482
v 1.984299 -2.838968 10.038433
v -7.254711 8.370158 5.574842
v -4.466003 -4.846660 9.804847
v 9.018955 8.970849 9.976063
v -3.963397 -6.910169 10.349751
v 1.617491 -6.918410 11.066619
v -4.280320 -7.997146 10.192549
v 9.642375 8.778687 9.825891
v -4.848391 -5.859922 9.804600
v -4.893624 -7.121702 9.889995
v 8.280329 9.047970 -6.612229
v -4.734689 -9.032990 9.837414
v 8.681471 9.011003 -6.128600
v 1.726492 -7.980298 11.035765
v 1.720963 -9.152794 10.911724
v -7.977924 -17.011457 -5.337464
v 1.673211 -10.613875 10.574859
v 9.315602 8.816880 9.058343
v -6.765698 8.585693 5.970401
v -7.697338 -2.013603 5.188678
v 8.340551 -17.270140 -4.979946
v 8.328225 -17.365757 -4.874440
v -6.396327 8.551616 5.671402
v -8.883234 8.958160 -6.698069
v 3.010158 -9.611328 10.503337
v 3.964276 -9.455667 10.178251
v -8.431229 9.021472 -6.704159
v 9.317484 8.734205 -5.315707
v -7.715527 -16.924191 -5.347689
v -9.314564 8.820898 -7.034872
v 9.813907 8.607179 9.205998
v 2.964035 -0.991303 8.883962
v 9.238677 8.861367 -5.842520
v -9.533500 8.689319 -7.281957
v 3.011297 -4.693398 10.420065
v 3.028104 -5.833126 10.635138
v 2.560277 -2.061252 9.553734
v -7.162896 8.133795 4.893903
v 9.552533 8.780892 -6.085741
v -7.990069 -2.100234 4.658062
v -8.238988 -2.069189 3.972941
v -6.882155 8.346995 5.260351
v -7.920352 -2.858279 5.519019
v 8.239272 -17.460878 -4.837362
v -8.311460 -3.070381 4.906226
v -8.304605 -2.664699 4.554095
v 10.003721 8.548485 9.624877
v -9.089536 8.871926 -7.209321
v 2.623914 -3.078207 9.969390
v 2.936949 -6.907162 10.764406
v 3.046168 -7.992402 10.716770
v 3.030049 -8.850427 10.634555
v 9.467406 8.374916 -4.376363
v -7.631873 -17.725214 -2.898355
v -5.910725 8.350008 4.891254
v -7.336371 -2.037120 5.839857
v -8.440464 -2.047131 3.236894
v 8.972136 8.659962 -4.520467
v -6.416020 8.108704 4.448081
v -7.197410 7.768561 4.154288
v -7.272182 -17.871065 -3.009650
v -6.718225 7.818195 3.995739
v 10.297253 8.215991 9.495908
v 9.681581 8.523414 -5.189530
v -7.354271 -17.920347 -3.523462
v 8.053207 -17.257412 -5.187392
v -8.664232 8.954044 -7.163793
v 9.975042 8.141697 -4.796610
v -8.577257 -11.762216 -1.706993
v -8.271667 -11.316576 -2.934710
v 10.062126 8.351356 -5.589743
v -6.096192 7.831030 3.838804
v -7.945887 -11.114152 -3.684376
v -8.641798 6.431255 3.944891
v -8.167130 6.679799 3.564371
v -7.435263 -10.406395 -4.794135
v 10.049558 8.358672 8.933199
v 3.108513 -2.210979 9.440669
v 7.966062 -17.415968 -5.081632
v 3.548754 -3.041194 9.635095
v -6.804791 -17.938435 -3.034823
v -7.548601 6.869296 3.205909
v 3.605408 -3.905721 9.960122
v 10.424670 7.967371 9.857134
v -8.080915 -9.753143 -4.199097
v -8.608228 -9.740722 -3.296547
v 3.772106 -0.937146 8.494397
v 10.294279 7.912215 -5.270466
v 10.201492 8.172446 -5.511867
v -6.942162 7.244713 3.265582
v 3.553753 -1.826056 9.076964
v -6.261855 -17.930799 -2.878212
v 10.406044 7.671363 -5.344453
v -6.257887 7.383698 3.197149
v -8.194754 8.970939 -7.239023
v -8.774831 -2.256838 1.188503
v 10.470906 7.718566 9.704015
v -6.858567 6.708705 2.688238
v -6.226435 6.834324 2.589853
v 3.964277 -5.228733 10.178251
v -7.834217 9.038702 -6.747445
v 10.404780 7.971881 9.334736
v -8.838965 -2.551435 0.037384
v -9.307945 8.728728 -7.545558
v 9.834211 8.612382 -5.938308
v -9.432174 6.160292 5.522903
v 8.363860 -11.316581 -2.934715
v -8.658743 -2.065923 0.417177
v -8.443377 -1.849009 -0.485481
v 8.453856 -6.779195 -4.220343
v 8.347126 -17.152744 -5.064552
v -9.156455 8.682915 -7.814864
v -8.718649 -2.886589 -1.178175
v -8.575378 -3.061754 -1.856770
v 8.038064 -11.114187 -3.684393
v 8.173134 -9.753146 -4.199069
v 7.527479 -10.406389 -4.794113
v 10.471461 7.492843 9.020921
v -9.268480 6.185892 5.039591
v -9.453548 5.793436 5.709708
v -8.841617 8.858258 -7.526639
v 6.940775 0.722980 -1.580700
v 9.529804 8.588023 8.471858
v 10.187114 8.354719 -6.157887
v -8.556214 -4.275486 -3.024594
v -8.619510 -5.620114 -3.542974
v 9.680803 8.377553 8.118011
v -8.222510 8.865813 -7.662758
v 10.353004 8.083532 -5.970245
v -8.361651 -6.779196 -4.220350
v -6.847432 -17.938946 -3.516975
v -9.291379 5.782711 5.103544
v -7.288536 0.860140 1.677495
v 8.305400 -17.208641 -5.068411
v 7.449598 0.521387 -0.112489
v -7.357452 0.521280 -0.112455
v 10.110055 8.144699 8.525998
v 8.086987 -0.650966 1.201240
v 10.465081 7.752188 -5.979625
v -6.833472 0.754572 -1.578756
v -8.998770 6.162637 4.430590
v 8.046552 -0.651025 0.402018
v -7.987643 -0.640413 1.275717
v -7.508034 0.429025 1.021813
v 9.938068 8.069875 7.928639
v 10.278948 8.009286 8.758806
v 10.232254 7.496973 -4.464868
v -8.225322 8.752457 -7.934938
v 8.362144 -1.404510 -0.340685
v 8.452099 -1.338200 0.796505
v 10.450850 7.420516 -5.410473
v 7.832370 -0.703034 -0.929484
v -7.026957 -17.903694 -3.893744
v 10.401078 7.733375 8.773008
v 10.132196 7.880755 8.043558
v -6.784732 -17.806269 -4.124739
v 8.244948 -17.205143 -5.119529
v -5.882652 -17.453535 -4.136340
v -7.954353 -0.651030 0.402013
v 10.360399 6.903210 -4.911633
v -8.353671 -1.358414 0.440927
v -9.108314 5.773356 4.590816
v -7.740251 -0.703029 -0.929158
v 10.224244 7.619900 7.925465
v -7.860403 -0.653286 -0.273742
v -6.501303 -17.869139 -3.698078
v 10.349263 7.093256 9.783830
v 10.414848 7.557649 10.090780
v 7.952594 -0.653287 -0.273783
v 10.467697 7.428141 9.553258
v -8.746294 5.874344 3.842304
v -6.026206 -17.652456 -3.918806
v -7.951507 -1.521962 -1.721922
v -7.543586 -0.704908 -1.555447
v -9.282221 5.252132 5.586538
v 10.423617 7.060775 -5.514782
v 7.617648 -0.727188 -1.641615
v -9.507323 8.539376 -7.753454
v 10.457529 7.258668 9.008738
v -7.286435 -0.743925 -2.231989
v 10.443234 7.244337 -6.098650
v 8.048200 -1.530694 -1.721506
v 6.200448 1.241850 -2.516640
v 7.294347 -0.776358 -2.442932
v 10.336819 6.817705 -5.753839
v -8.432967 -2.030712 -0.859357
v 8.191213 -17.355545 -5.036834
v -9.276320 5.373530 5.336462
v -7.993923 -2.114073 -2.287613
v -8.238675 -2.069138 -1.596873
v -6.754178 -16.118248 -5.178154
v 10.398424 7.015018 9.258057
v 8.527100 -2.039284 -0.865470
v 8.085566 -2.113651 -2.288471
v 8.325135 -2.060608 -1.602200
v -9.156284 4.941502 5.623616
v -6.518697 -16.228022 -5.116407
v 6.888093 8.944507 -6.571298
v -8.300857 -2.660316 -2.182124
v 8.393159 -2.658947 -2.180547
v -8.311460 -3.070381 -2.529219
v -6.923512 -16.708511 -5.205232
v -9.043926 4.831995 5.216354
v 8.403653 -3.070352 -2.529207
v -6.540014 0.403853 -2.558896
v 7.482624 8.979916 -6.893447
v -8.927621 4.556430 5.446291
v 7.751405 8.891344 -7.429720
v -6.711128 -16.889677 -5.071838
v 8.691605 9.015160 -6.701735
v 5.551838 0.183387 -4.186544
v -9.151888 5.544989 4.762829
v -9.095526 5.171181 4.837814
v 10.376078 7.311186 8.229198
v 8.468938 -17.009073 -4.983047
v -6.026310 0.328115 -3.425540
v 4.882573 0.417758 -4.657102
v -6.514150 -0.760182 -3.573381
v -6.093885 -0.836059 -4.161958
v 8.358067 8.983976 -7.169477
v 6.117795 0.333231 -3.422626
v 10.386974 6.937592 8.527295
v 6.604449 -0.759006 -3.574956
v -6.946278 -0.723279 -2.861398
v -8.905886 5.441805 4.123379
v -8.906137 4.704227 4.762637
v 6.185936 -0.835936 -4.162030
v -9.283051 8.525905 -7.984749
v -7.017581 -1.376875 -3.435838
v 8.517432 -17.144058 -4.797740
v -8.522306 4.298462 4.190129
v -8.782699 4.877397 4.145042
v -8.452928 5.948590 3.446520
v -8.067649 6.301030 3.187783
v 5.462551 -0.805739 -4.877826
v 7.115746 8.914140 7.645411
v -7.593943 6.318818 2.806041
v 7.218081 8.704939 6.634780
v 6.772845 8.824700 7.068380
v -8.019388 5.745204 2.899235
v -7.615847 5.636808 2.529124
v -9.088654 8.447617 -8.184572
v 7.066454 8.617272 -7.775592
v -8.412296 4.926797 3.392767
v -8.622331 5.352467 3.614660
v -8.260957 5.340153 3.109661
v -8.371747 4.571399 3.542686
v -7.241580 -16.727583 -5.294981
v 7.707526 8.716744 -7.856524
v -9.497322 8.392796 -7.951217
v -5.459432 0.183102 -4.186921
v -5.849543 -0.880047 -4.462945
v -7.886122 4.776981 2.770401
v -5.383811 -0.810246 -4.870156
v 8.467657 -17.140728 -4.908854
v -4.790147 0.417954 -4.657166
v -7.717208 5.234064 2.548827
v 8.877806 8.712668 7.961594
v -7.377404 4.834866 2.289409
v -7.165357 5.943949 2.340232
v -6.690599 6.302004 2.309758
v 8.257827 8.880776 -7.594512
v -5.789761 6.362377 2.101651
v -5.827638 -16.057165 -4.857902
v -8.731031 4.251948 5.837194
v 5.940203 -0.872546 -4.459745
v 8.780337 8.796637 -7.806064
v 8.320971 8.765133 -7.896103
v 7.056640 -0.707946 -2.819340
v -9.428232 8.287540 -8.095749
v 8.410801 8.617698 7.135020
v -8.615320 4.158677 4.912318
v 7.463727 8.612066 6.429043
v 8.498846 8.634620 -8.140601
v -8.442328 3.888080 5.699269
v -8.312907 3.766354 5.098202
v -7.702577 -2.014249 -2.803657
v 7.390211 8.511341 -8.094835
v -6.214238 -16.885582 -4.840171
v -7.919869 -2.858490 -3.143274
v 7.116417 -1.389938 -3.436631
v 6.238391 -2.254354 -5.091966
v 6.686330 -2.025207 -4.463931
v -6.402481 -16.624609 -5.023899
v -7.631717 -3.042409 -3.766338
v -7.904602 3.626288 3.942263
v -8.122876 3.677221 4.479821
v -7.827696 3.288391 5.349329
v -7.271960 2.907279 4.793424
v -7.671040 3.242752 4.543997
v 6.477697 -3.023379 -5.291824
v -7.235575 2.906500 5.965090
v -6.958549 2.696028 5.247439
v 9.036620 8.468033 7.380281
v -6.551236 2.571519 4.135416
v -7.203319 2.983997 4.072897
v 7.795758 -2.026274 -2.811588
v -8.039820 -3.682878 -3.599271
v -7.397332 -2.196110 -3.499465
v -6.993325 -2.061092 -3.986851
v 7.083563 -2.063307 -3.991287
v 7.490367 -2.196502 -3.498474
v -7.359818 -17.209583 -5.161199
v -7.978318 3.952662 3.496110
v -7.900249 4.317437 3.021432
v -7.310902 -17.009066 -5.239902
v -7.325127 3.898933 2.658576
v -7.400940 4.414891 2.421699
v -7.415722 3.533266 3.195158
v -7.122513 -17.417042 -4.919390
v 8.012115 -2.858455 -3.143164
v -6.591074 -2.030721 -4.471727
v -6.162444 -2.253711 -5.075701
v 7.723959 -3.042382 -3.766259
v 8.902898 8.075802 6.297041
v -7.238520 -3.007508 -4.309620
v 8.132090 -3.682920 -3.599183
v -6.799157 -3.094232 -4.894864
v -6.385442 -3.023407 -5.291900
v -6.753666 3.735239 2.273161
v 7.328487 -3.008470 -4.313164
v 6.891350 -3.094165 -4.894835
v -6.747427 3.086368 3.014229
v -7.298757 3.191346 3.663357
v -6.580657 2.769967 3.460336
v 8.173818 -4.932984 -4.198804
v 7.527479 -4.278013 -4.794115
v -6.078869 2.565924 3.323977
v 9.625255 8.068776 7.315485
v -6.097184 2.757207 2.914436
v -8.081600 -4.932987 -4.198832
v -6.674125 3.382324 2.532799
v -7.435263 -4.278005 -4.794135
v 9.252793 8.257357 7.143976
v -6.058388 3.009915 2.478943
v -8.041336 -8.327246 -4.640331
v -7.451900 -9.328199 -5.157497
v 9.830669 7.674965 7.041410
v -6.883527 -17.147615 -5.021729
v -8.297603 -13.164240 1.777597
v -8.658694 -12.572124 1.394684
v -8.602505 -12.410966 -0.406142
v 8.133500 -8.327225 -4.640387
v -7.803633 -13.787162 -0.096230
v -8.297602 -13.164242 0.599409
v -8.118010 -13.036173 -0.961382
v -6.538863 -17.377605 -4.670403
v -7.392611 -13.667759 -1.807219
v 2.045710 -17.687494 0.186200
v 1.789765 -17.785795 1.188502
v 2.777418 -17.385542 -0.506455
v 1.611384 -17.600349 -0.819914
v 2.203608 -17.235224 -1.708702
v 10.077538 7.500640 7.383080
v 8.379539 -17.107576 -5.057488
v -6.437786 2.414577 4.998471
v 8.389786 -13.164262 1.777608
v -7.003118 -17.634579 -4.604366
v 9.308728 7.791961 6.320975
v 8.025710 -12.944919 -1.728737
v -6.711689 -17.651878 -4.415840
v -5.896547 2.259577 4.186624
v 6.043089 -15.831221 1.338224
v -6.976745 -14.901484 1.529050
v 6.570907 -15.339687 0.539155
v -6.003047 2.388005 3.785692
v -7.556116 -14.238012 0.935008
v -7.034086 -14.768741 0.330966
v -6.553314 1.833105 3.118150
v 6.007763 -15.841889 0.886011
v 10.191456 7.060008 7.366043
v 6.628295 -15.916887 0.290891
v -6.216590 -15.600561 1.019035
v -6.030217 -17.123203 -4.586409
v -5.175844 7.725261 11.329966
v 4.716377 -16.705111 0.892334
v -5.271656 8.022628 11.104233
v 8.386377 -17.165026 -5.012736
v 4.356437 -16.892559 0.729495
v -4.593993 8.091948 10.521631
v 4.925963 -17.009109 0.500374
v 3.183217 -17.413774 0.849000
v 3.526577 -17.260843 1.860905
v -4.302097 7.554039 10.969992
v 3.598837 -17.180300 0.128682
v -6.676087 -15.171808 0.730485
v -4.247445 -15.069793 -4.136673
v -9.494028 8.169783 -8.098440
v -3.948448 -15.359272 -3.978930
v -6.751462 -15.616309 0.555944
v 3.988435 -17.052378 0.489868
v -3.714339 7.664598 10.435560
v -3.608884 -15.735545 -3.696033
v 4.410011 -17.116199 0.426852
v 9.926562 7.116863 6.636865
v -4.352376 -15.465179 -4.195966
v -7.631323 -14.423612 -0.919783
v 4.544368 -17.387480 -0.044447
v 5.174991 -16.434504 0.985532
v 5.495973 -16.220625 0.990554
v -3.370979 7.521342 10.388995
v -4.305725 -15.894041 -4.102367
v 5.149840 -16.745234 0.715982
v -9.276559 8.375392 -8.141516
v -4.001082 -15.821189 -3.931604
v -4.391614 7.273791 11.219068
v 5.803399 -16.613960 0.507165
v 5.574059 -17.032516 0.189492
v -4.474998 6.906971 11.411070
v 6.196332 -16.115822 0.586034
v 6.420193 -16.567158 0.046686
v 7.523446 6.354560 11.680536
v 6.064666 -16.941641 -0.034551
v 5.159150 -17.363907 -0.117070
v -3.603274 7.342083 10.699622
v 3.280043 -17.233812 -0.328477
v 3.958732 -17.547602 -0.677933
v 7.082644 5.829945 11.404384
v -3.535508 7.095603 10.846160
v 7.839795 5.748509 11.080046
v -3.561559 6.850598 10.986877
v 3.399251 -17.382547 -0.786139
v 2.975635 -17.197645 -1.018044
v 8.041007 6.296149 11.496088
v 3.573559 -17.498392 -1.299390
v -3.033829 7.225825 10.448204
v 4.242703 -17.528728 -0.425300
v -5.182635 -14.841525 -4.435213
v 2.860271 -17.073122 -1.585215
v -8.931509 8.597551 -8.082362
v -2.972956 6.866805 10.678483
v 8.479946 6.097994 11.101632
v -8.656517 8.721632 -7.962016
v -4.871818 -14.530633 -4.256796
v -8.515450 8.497460 -8.298891
v -4.572800 -14.775188 -4.229284
v 4.114404 -17.682669 -1.345863
v 3.839033 -17.579350 -1.814386
v 8.895602 5.933286 10.589255
v 4.386532 -17.724010 -1.971369
v -4.393902 -14.539200 -4.658497
v -3.390930 -15.198180 -4.598609
v -4.990332 -15.290157 -4.462914
v 7.169068 5.471005 11.068982
v 6.402704 -16.972191 -0.409079
v 6.585544 -16.755322 -0.341265
v -9.319394 8.152740 -8.238396
v 7.992779 5.349101 10.540736
v 6.677362 -16.988764 -0.731440
v 7.154092 5.033007 10.619493
v 5.776690 -17.258465 -0.259606
v 4.975585 -17.581861 -0.542684
v 5.472717 -17.600674 -0.797545
v -4.506901 -15.126769 -4.256557
v -9.433190 7.946340 -8.191134
v 7.045480 4.578422 10.116644
v 5.250089 -17.723671 -1.104737
v 5.744507 -17.528698 -0.805357
v 8.122482 5.067694 10.052130
v -4.795439 -15.745755 -4.376718
v 8.335936 -17.448023 -4.665925
v 6.271565 -17.184128 -0.585869
v 5.942355 -17.377674 -0.628047
v 6.276393 -17.361006 -0.894626
v -3.488549 -16.748940 -2.937916
v -4.660801 -16.443470 -4.097398
v -4.545902 -16.520199 -3.987495
v -4.644901 -16.537199 -4.033497
v -4.644901 -16.537199 -4.033497
v -4.644901 -16.537199 -4.033497
v -4.644901 -16.537199 -4.033497
v -4.645901 -16.552200 -4.024498
v -4.652897 -16.521200 -4.046497
v -4.635387 -16.775637 -3.870568
v -9.499062 7.557540 -8.049088
v -9.293817 7.738513 -8.274514
v -3.888905 -16.352255 -3.625504
v -3.869036 -16.113638 -3.735946
v -4.202323 -16.263819 -3.901976
v 8.211388 -17.582319 -4.385504
v 8.096746 -17.628366 -4.570710
v -4.097384 -16.614191 -3.611853
v -3.878093 -16.771013 -3.285249
v 8.038190 -17.503073 -4.947240
v -9.259627 7.535355 -8.229161
v 8.065848 -17.571527 -4.795557
v -5.258730 -17.788397 -2.562886
v 8.090836 -17.038691 -5.269903
vn 0.6707 -0.2098 -0.7115
vn 0.6443 -0.2191 -0.7327
vn 0.6292 -0.2560 -0.7338
vn 0.6000 -0.2741 -0.7516
vn 0.5771 -0.2588 -0.7746
vn 0.6137 0.0336 -0.7888
vn 0.6145 0.0335 -0.7882
vn 0.6337 0.0146 -0.7734
vn 0.5694 0.0012 -0.8220
vn 0.6865 0.0009 -0.7272
vn 0.6777 0.0048 -0.7353
vn -0.6657 -0.2262 -0.7111
vn -0.6867 -0.1984 -0.6994
vn -0.6176 -0.2716 -0.7381
vn -0.5768 -0.2568 -0.7755
vn 0.6834 -0.1532 -0.7138
vn -0.5388 -0.2131 -0.8150
vn 0.7112 -0.1066 -0.6948
vn 0.6952 -0.0257 -0.7184
vn 0.6847 -0.0781 -0.7246
vn 0.7377 -0.2098 -0.6417
vn 0.7057 -0.1067 -0.7005
vn 0.6862 -0.1747 -0.7061
vn 0.6748 -0.2049 -0.7090
vn 0.7025 -0.1072 -0.7036
vn 0.4853 -0.0651 -0.8719
vn 0.4766 -0.1371 -0.8683
vn 0.4778 -0.1369 -0.8678
vn 0.5607 0.0016 -0.8280
vn 0.5006 -0.0159 -0.8656
vn 0.6412 -0.0045 -0.7674
vn 0.5341 -0.0286 -0.8450
vn 0.5357 -0.2187 -0.8156
vn 0.5251 -0.1924 -0.8290
vn 0.4933 -0.1867 -0.8496
vn 0.5708 -0.2279 -0.7888
vn 0.5111 -0.0282 -0.8590
vn 0.4837 -0.0729 -0.8722
vn 0.4886 -0.1829 -0.8531
vn 0.4953 -0.1102 -0.8617
vn -0.6408 0.0075 -0.7677
vn -0.6145 0.0336 -0.7882
vn -0.6189 0.0333 -0.7848
vn -0.5573 0.0031 -0.8303
vn -0.6827 0.0003 -0.7307
vn -0.7020 -0.0531 -0.7102
vn -0.7028 -0.0420 -0.7101
vn -0.7041 -0.1197 -0.6999
vn -0.6909 -0.0780 -0.7187
vn -0.7013 -0.1195 -0.7027
vn -0.7832 -0.1445 -0.6048
vn -0.6841 -0.2070 -0.6994
vn -0.6802 -0.1504 -0.7175
vn -0.6417 -0.2247 -0.7333
vn -0.5601 0.0045 -0.8284
vn -0.5677 0.0035 -0.8232
vn -0.6426 0.0010 -0.7662
vn -0.4508 0.0263 -0.8922
vn -0.5290 -0.1931 -0.8264
vn -0.4838 -0.0733 -0.8721
vn -0.4855 -0.0647 -0.8718
vn -0.5352 -0.0305 -0.8442
vn -0.5074 -0.0335 -0.8611
vn -0.4967 -0.1873 -0.8475
vn -0.4576 -0.1395 -0.8782
vn -0.4843 -0.1725 -0.8577
vn -0.4785 -0.1357 -0.8675
vn -0.4953 -0.1102 -0.8617
vn -0.0990 -0.2662 -0.9588
vn -0.1099 -0.2957 -0.9489
vn -0.0947 -0.2649 -0.9596
vn -0.0904 -0.2659 -0.9598
vn -0.0367 -0.2575 -0.9656
vn -0.0296 -0.2213 -0.9747
vn -0.0869 -0.2607 -0.9615
vn -0.0515 -0.1853 -0.9813
vn -0.0363 -0.2078 -0.9775
vn -0.0176 -0.2311 -0.9728
vn 0.0284 -0.2192 -0.9753
vn 0.0426 -0.2061 -0.9776
vn 0.0301 -0.2115 -0.9769
vn -0.1485 -0.3105 -0.9389
vn -0.1665 -0.2931 -0.9415
vn -0.2728 -0.2476 -0.9297
vn -0.2470 -0.2401 -0.9388
vn -0.2411 -0.2425 -0.9397
vn -0.2191 -0.2767 -0.9356
vn -0.2214 -0.2723 -0.9364
vn -0.2357 -0.2729 -0.9327
vn -0.1706 -0.2948 -0.9402
vn -0.3065 -0.2283 -0.9241
vn -0.3375 -0.2139 -0.9167
vn -0.2966 -0.2209 -0.9291
vn -0.2871 -0.1543 -0.9454
vn -0.3964 -0.2502 -0.8833
vn -0.3971 -0.2517 -0.8826
vn -0.3650 -0.2565 -0.8950
vn -0.3510 -0.2369 -0.9059
vn -0.3495 -0.2176 -0.9113
vn 0.1241 -0.2998 -0.9459
vn 0.1595 -0.2826 -0.9459
vn 0.1781 -0.2856 -0.9417
vn 0.0910 -0.2927 -0.9519
vn 0.1338 -0.3097 -0.9414
vn 0.1648 -0.2815 -0.9453
vn 0.1820 -0.2741 -0.9443
vn 0.2219 -0.2824 -0.9333
vn 0.0870 -0.2341 -0.9683
vn 0.0871 -0.2489 -0.9646
vn 0.0825 -0.2607 -0.9619
vn 0.0809 -0.2692 -0.9597
vn 0.2403 -0.2679 -0.9330
vn 0.2403 -0.2611 -0.9349
vn 0.2500 -0.2487 -0.9357
vn 0.2497 -0.2465 -0.9364
vn 0.2897 -0.2089 -0.9341
vn 0.2884 -0.2016 -0.9361
vn 0.3413 -0.2234 -0.9130
vn 0.3053 -0.2270 -0.9248
vn 0.3424 -0.2248 -0.9123
vn 0.3487 -0.2231 -0.9103
vn 0.3818 -0.2566 -0.8879
vn 0.3998 -0.2485 -0.8823
vn -0.6168 -0.5994 -0.5102
vn -0.5438 -0.5376 -0.6444
vn 0.2024 0.9715 0.1233
vn -0.1156 0.7385 -0.6643
vn 0.5276 -0.7488 0.4013
vn -0.4730 -0.5262 -0.7067
vn 0.0730 0.8043 -0.5897
vn 0.6887 -0.6393 0.3422
vn 0.6235 -0.6925 0.3629
vn -0.2422 0.6602 -0.7110
vn 0.6792 -0.6533 0.3345
vn -0.3786 0.3447 -0.8590
vn -0.2085 0.6271 -0.7505
vn -0.2724 0.4766 -0.8358
vn 0.7576 -0.5827 0.2942
vn 0.3008 0.9271 0.2238
vn 0.2766 0.9366 0.2152
vn -0.2047 0.3165 -0.9263
vn -0.1906 0.4398 -0.8777
vn 0.7857 -0.5681 0.2449
vn -0.2000 0.4508 -0.8699
vn -0.1815 0.4770 -0.8600
vn 0.7864 -0.5795 0.2141
vn 0.3418 0.8816 0.3256
vn 0.3287 0.9007 0.2840
vn -0.1250 0.4600 -0.8791
vn 0.7102 -0.6567 0.2538
vn -0.0572 0.7675 -0.6385
vn 0.3691 0.8617 0.3482
vn 0.3568 0.8637 0.3559
vn -0.1296 0.6614 -0.7388
vn -0.4733 -0.0763 -0.8776
vn -0.0680 0.5116 -0.8565
vn -0.0037 0.7425 -0.6698
vn 0.0518 0.6204 -0.7825
vn 0.8228 -0.5469 0.1544
vn 0.9564 -0.2854 -0.0621
vn 0.8256 -0.5510 0.1213
vn 0.3163 0.9016 0.2952
vn 0.2931 0.9099 0.2937
vn 0.0138 0.5475 -0.8367
vn 0.5420 -0.7425 0.3936
vn -0.3186 0.1651 -0.9334
vn -0.2100 0.2804 -0.9366
vn -0.3328 0.1124 -0.9363
vn 0.5814 -0.7340 0.3509
vn 0.6669 -0.6984 0.2599
vn 0.7006 -0.6707 0.2436
vn -0.4332 0.0510 -0.8999
vn -0.0754 0.5151 -0.8538
vn 0.0244 0.2745 -0.9613
vn 0.3773 0.8289 0.4130
vn -0.0110 0.1999 -0.9798
vn -0.0554 0.1997 -0.9783
vn -0.2940 0.0114 -0.9557
vn -0.2080 0.0553 -0.9766
vn 0.8016 -0.5862 0.1172
vn 0.6013 -0.7232 0.3396
vn 0.6483 -0.7244 0.2345
vn -0.0711 0.6175 -0.7833
vn -0.0133 0.6666 -0.7453
vn 0.9039 -0.4278 0.0036
vn 0.3878 0.7969 0.4633
vn 0.3331 0.8756 0.3497
vn 0.1180 0.2681 -0.9561
vn 0.2401 0.9400 0.2422
vn 0.2516 0.9512 0.1787
vn 0.8977 -0.4400 0.0238
vn 0.3380 0.9146 0.2220
vn 0.3361 0.9097 0.2438
vn 0.9035 -0.4253 -0.0528
vn 0.8959 -0.4436 -0.0264
vn -0.1063 0.5121 -0.8523
vn 0.1929 0.2889 -0.9377
vn 0.1161 0.2696 -0.9560
vn 0.0091 0.6666 -0.7453
vn 0.1196 -0.0581 -0.9911
vn 0.1598 0.6898 -0.7061
vn 0.2497 -0.0350 -0.9677
vn 0.1764 -0.0004 -0.9843
vn -0.1676 0.2278 -0.9592
vn -0.0469 0.4193 -0.9066
vn -0.0992 0.2740 -0.9566
vn -0.2503 -0.0028 -0.9682
vn 0.9522 -0.2650 -0.1520
vn 0.9653 -0.1744 -0.1944
vn 0.2105 0.9697 0.1243
vn -0.2511 -0.1229 -0.9601
vn 0.9573 -0.0560 -0.2836
vn 0.9505 -0.2714 -0.1511
vn -0.0431 0.1696 -0.9846
vn 0.0659 0.5171 -0.8534
vn -0.1775 0.2264 -0.9577
vn 0.0401 0.4572 -0.8884
vn -0.0876 -0.0807 -0.9929
vn -0.0768 0.1599 -0.9841
vn 0.3042 0.9391 0.1600
vn 0.2879 0.9446 0.1574
vn -0.0415 0.0144 -0.9990
vn 0.7488 -0.6424 0.1629
vn 0.0534 0.3230 -0.9449
vn 0.8333 -0.5521 0.0301
vn 0.1058 0.5440 -0.8324
vn 0.8130 -0.5793 0.0585
vn -0.0824 0.0595 -0.9948
vn 0.4074 0.7971 0.4457
vn 0.7292 -0.6705 0.1368
vn 0.7397 -0.6595 0.1339
vn 0.3650 0.8721 0.3259
vn 0.0200 0.2277 -0.9735
vn 0.4161 0.8255 0.3813
vn -0.4851 -0.2675 -0.8325
vn -0.0460 -0.1837 -0.9819
vn -0.0210 -0.2121 -0.9770
vn -0.4390 -0.1862 -0.8790
vn -0.1327 -0.0269 -0.9908
vn -0.4385 -0.2134 -0.8730
vn 0.3531 0.8779 0.3234
vn 0.6591 -0.7154 0.2319
vn -0.3758 -0.2671 -0.8874
vn -0.3132 -0.2496 -0.9163
vn 0.3661 0.9040 0.2209
vn 0.8075 -0.5866 0.0616
vn 0.8500 -0.5253 -0.0382
vn 0.8958 -0.4374 -0.0789
vn -0.3860 -0.4418 -0.8098
vn 0.0522 -0.1056 -0.9930
vn 0.0655 -0.2030 -0.9770
vn 0.1310 -0.2887 -0.9484
vn 0.9022 -0.4182 -0.1059
vn 0.3802 0.9035 0.1979
vn 0.4630 0.8554 0.2321
vn 0.4676 0.8112 0.3512
vn 0.1204 -0.0504 -0.9914
vn 0.8095 -0.5836 0.0642
vn 0.2807 -0.2647 -0.9226
vn 0.2669 -0.3907 -0.8810
vn 0.1841 -0.2063 -0.9610
vn 0.8554 -0.5179 0.0021
vn 0.2973 -0.3257 -0.8975
vn 0.4707 0.7364 0.4859
vn 0.4610 0.7394 0.4907
vn -0.1350 -0.1625 -0.9774
vn 0.3764 -0.7616 0.5275
vn -0.2244 -0.3359 -0.9148
vn 0.4539 0.8095 0.3724
vn -0.0784 -0.0267 -0.9966
vn 0.5007 0.6938 0.5176
vn 0.1551 -0.3555 -0.9217
vn 0.1529 -0.4001 -0.9036
vn 0.2194 -0.4968 -0.8397
vn 0.4366 -0.7710 0.4637
vn 0.3581 -0.5125 -0.7804
vn 0.3519 -0.5146 -0.7819
vn 0.2934 -0.4802 -0.8266
vn 0.4334 -0.7714 0.4660
vn -0.1144 -0.1334 -0.9844
vn 0.5536 0.7592 0.3424
vn 0.5338 0.5216 0.6656
vn 0.6205 0.5810 0.5267
vn 0.5158 0.6803 0.5207
vn 0.5610 0.6682 0.4887
vn 0.6350 0.6828 0.3614
vn 0.5875 0.7130 0.3829
vn 0.5135 0.8368 0.1897
vn 0.5620 0.7925 0.2371
vn 0.1446 0.9885 0.0444
vn 0.1448 0.9886 0.0422
vn 0.4760 0.8748 0.0905
vn 0.4544 -0.7601 0.4645
vn 0.4361 -0.7716 0.4631
vn 0.4927 -0.7473 0.4459
vn 0.3402 0.9387 0.0559
vn -0.1594 -0.2427 -0.9569
vn -0.2982 -0.4204 -0.8569
vn -0.2543 -0.3489 -0.9020
vn 0.5044 -0.7808 0.3687
vn 0.4669 -0.7781 0.4202
vn 0.5010 -0.7711 0.3930
vn 0.5108 -0.7759 0.3702
vn -0.2597 -0.5047 -0.8233
vn -0.1762 -0.4304 -0.8853
vn -0.2242 -0.4986 -0.8373
vn 0.1729 0.9849 0.0125
vn 0.1772 0.9841 0.0115
vn 0.5353 -0.7455 0.3970
vn 0.1283 0.9898 -0.0623
vn 0.5752 -0.7599 0.3028
vn 0.1357 0.9855 -0.1019
vn 0.1728 0.9845 -0.0309
vn 0.1644 0.9731 -0.1612
vn 0.1444 0.9696 -0.1973
vn 0.3278 0.9448 -0.0019
vn 0.2935 0.9555 -0.0301
vn 0.5691 -0.7585 0.3176
vn 0.5374 -0.7528 0.3802
vn 0.3964 -0.8094 0.4332
vn 0.1551 0.9588 -0.2382
vn 0.1878 0.9676 -0.1690
vn 0.0886 0.9882 -0.1250
vn 0.1146 0.9857 -0.1232
vn 0.2343 0.9670 0.1004
vn 0.2191 0.9212 -0.3214
vn 0.4423 -0.8010 0.4035
vn 0.2362 0.9697 0.0627
vn 0.2545 0.9313 -0.2607
vn 0.2523 0.9665 0.0480
vn 0.4765 -0.7751 0.4150
vn 0.2795 0.9588 0.0505
vn 0.4408 0.8971 -0.0296
vn 0.3210 0.9386 0.1260
vn 0.1964 0.9804 -0.0146
vn 0.1932 0.9648 -0.1786
vn 0.3035 0.9419 -0.1442
vn 0.1389 0.9877 -0.0725
vn 0.1955 0.9801 -0.0358
vn 0.2515 0.9643 -0.0828
vn 0.5147 -0.7934 0.3249
vn 0.2848 0.9554 -0.0776
vn 0.5576 -0.7688 0.3132
vn 0.3085 0.9512 -0.0103
vn 0.4717 0.8773 -0.0881
vn 0.1552 0.9667 -0.2036
vn 0.1858 0.9682 -0.1675
vn 0.3628 0.9211 0.1415
vn 0.1865 0.8943 -0.4067
vn 0.4226 0.9037 0.0683
vn 0.4383 0.8987 -0.0151
vn 0.5124 0.8489 0.1298
vn 0.4214 0.9069 0.0016
vn 0.5376 0.8430 0.0184
vn 0.6708 -0.6991 0.2475
vn 0.6683 -0.7016 0.2472
vn 0.3172 0.9429 -0.1015
vn 0.2637 0.9297 -0.2570
vn 0.2424 0.9188 -0.3114
vn 0.6003 -0.7296 0.3275
vn 0.5737 -0.7470 0.3360
vn 0.4053 0.9138 -0.0261
vn 0.4216 0.8933 -0.1559
vn 0.4454 0.8889 -0.1074
vn 0.1932 0.9331 -0.3034
vn 0.1849 0.9223 -0.3393
vn 0.2961 0.9419 -0.1584
vn 0.2139 0.8965 -0.3881
vn 0.3073 0.9285 -0.2085
vn 0.5767 -0.7702 0.2725
vn -0.7065 0.3767 0.5991
vn 0.1818 0.8147 -0.5507
vn 0.5073 0.8545 -0.1115
vn 0.5387 0.8381 0.0859
vn 0.5315 0.8466 0.0278
vn 0.2651 0.7749 -0.5739
vn 0.1727 0.9198 -0.3523
vn 0.2655 0.7740 -0.5749
vn 0.1519 0.8877 -0.4346
vn -0.7077 0.3729 0.6001
vn 0.6284 -0.7275 0.2755
vn 0.5110 0.8575 0.0601
vn 0.5245 0.8471 -0.0852
vn 0.6103 -0.7486 0.2592
vn 0.6701 0.5589 0.4885
vn 0.6783 0.6164 0.3999
vn 0.6371 0.7344 0.2340
vn 0.5410 0.8315 -0.1257
vn -0.7042 0.1705 0.6892
vn 0.6565 0.7253 0.2071
vn -0.7181 0.1810 0.6720
vn 0.6519 -0.7355 0.1845
vn 0.6057 0.7957 0.0020
vn 0.2641 0.8430 -0.4685
vn 0.6735 0.7326 0.0986
vn 0.6575 0.7414 0.1342
vn 0.6646 0.7446 0.0628
vn 0.6540 -0.7324 0.1895
vn 0.6516 -0.7352 0.1869
vn 0.6084 0.7915 -0.0587
vn 0.7375 -0.6692 0.0912
vn 0.3078 0.8534 -0.4206
vn 0.7266 -0.6810 0.0912
vn 0.6203 0.7809 -0.0737
vn 0.7104 0.7026 -0.0409
vn 0.7128 0.6980 0.0682
vn 0.6979 -0.7007 0.1485
vn 0.6956 0.7177 -0.0320
vn 0.4571 -0.8072 0.3735
vn 0.3318 0.7227 -0.6063
vn 0.5610 -0.7873 0.2557
vn 0.5623 -0.7922 0.2371
vn -0.7949 0.1918 0.5756
vn -0.4981 0.8383 0.2217
vn 0.6388 0.7692 -0.0176
vn 0.5106 -0.7973 0.3218
vn 0.3448 0.6614 -0.6661
vn 0.4842 -0.8116 0.3270
vn 0.4476 -0.8521 0.2711
vn 0.3053 0.5736 -0.7602
vn 0.2034 -0.1787 0.9627
vn 0.3297 0.5901 -0.7369
vn 0.6822 0.7310 -0.0125
vn 0.5296 -0.8234 0.2038
vn 0.4873 -0.8473 0.2111
vn 0.3580 0.4977 -0.7901
vn 0.4653 -0.8712 0.1568
vn 0.6599 -0.7410 0.1241
vn 0.7698 -0.6220 0.1434
vn 0.2113 0.6375 -0.7410
vn 0.7563 -0.6350 0.1573
vn 0.7555 -0.6413 0.1339
vn 0.8096 -0.5835 0.0641
vn 0.2452 0.6613 -0.7089
vn -0.5351 0.5637 0.6292
vn -0.5822 0.6227 0.5228
vn -0.6239 0.5812 0.5225
vn -0.5658 0.6641 0.4887
vn 0.1847 0.5227 -0.8323
vn 0.1944 0.4512 -0.8710
vn 0.5455 0.8267 -0.1376
vn 0.1488 0.3442 -0.9270
vn 0.1418 0.2223 -0.9646
vn 0.3346 0.0124 0.9423
vn 0.3647 0.1332 0.9216
vn -0.6690 0.6525 0.3559
vn -0.6922 0.6510 0.3115
vn -0.6789 0.7135 0.1735
vn -0.6639 0.7162 0.2152
vn -0.6851 0.0887 0.7230
vn 0.7649 0.6407 -0.0672
vn -0.5106 0.7965 0.3238
vn -0.5890 0.7246 0.3578
vn -0.5855 0.7309 0.3508
vn -0.5977 0.7665 0.2348
vn -0.5494 0.8137 0.1899
vn 0.8574 0.5135 -0.0333
vn 0.2321 -0.1827 0.9554
vn -0.4410 0.8939 0.0807
vn 0.7584 0.6179 -0.2075
vn -0.7810 0.1483 0.6066
vn 0.7832 0.5952 -0.1797
vn -0.4866 0.8708 -0.0705
vn -0.4860 0.8723 -0.0539
vn -0.6570 0.7472 0.1000
vn 0.2561 0.4267 -0.8674
vn -0.6841 0.7284 0.0381
vn 0.2743 0.4487 -0.8505
vn -0.5702 0.8211 0.0268
vn -0.5520 0.8274 0.1032
vn -0.5755 0.8149 0.0688
vn 0.0695 0.1206 -0.9903
vn 0.0443 0.0310 -0.9985
vn -0.6172 0.7855 -0.0453
vn -0.6134 0.7876 -0.0586
vn -0.2060 0.9426 -0.2627
vn -0.6915 0.0185 0.7221
vn -0.2099 0.9479 -0.2397
vn -0.2576 0.9407 -0.2207
vn -0.0080 -0.1570 -0.9876
vn -0.2885 0.9411 -0.1763
vn 0.0497 -0.0626 -0.9968
vn 0.1916 0.1989 -0.9611
vn 0.8889 0.4089 -0.2066
vn 0.2643 -0.1410 0.9541
vn -0.7195 0.6922 -0.0564
vn 0.3025 -0.0352 0.9525
vn -0.6758 0.7371 0.0006
vn -0.1357 -0.4063 -0.9036
vn -0.5026 0.8596 -0.0918
vn 0.8492 0.5253 0.0543
vn 0.2160 -0.1114 0.9700
vn -0.0753 0.9664 -0.2459
vn -0.0702 0.9527 -0.2957
vn 0.3736 0.1899 0.9080
vn 0.0476 0.9664 -0.2525
vn -0.7847 -0.0277 0.6192
vn 0.3071 0.0252 0.9514
vn -0.5276 0.3426 0.7773
vn -0.4763 0.2633 0.8390
vn -0.5216 0.3029 0.7977
vn -0.5753 0.1905 0.7955
vn 0.9970 0.0399 -0.0658
vn -0.4856 0.0211 0.8739
vn -0.5411 0.0570 0.8390
vn -0.4447 -0.1481 0.8834
vn -0.4994 -0.1883 0.8457
vn -0.8452 0.3518 0.4023
vn -0.5700 0.6924 0.4423
vn -0.0421 -0.5895 0.8067
vn -0.0466 -0.2839 -0.9577
vn -0.0776 -0.3103 -0.9475
vn -0.7369 0.4040 0.5421
vn -0.6817 0.5815 0.4440
vn 0.0502 0.9589 -0.2793
vn 0.1031 -0.0529 -0.9933
vn 0.1235 -0.0217 -0.9921
vn -0.6578 0.2052 0.7247
vn -0.7570 0.2996 0.5807
vn -0.5821 0.4246 0.6934
vn -0.0145 -0.3194 -0.9475
vn -0.6361 0.4186 0.6482
vn 0.1251 0.9388 -0.3210
vn -0.6579 0.4480 0.6053
vn -0.0200 0.9496 -0.3129
vn -0.7581 0.4745 0.4473
vn -0.7502 0.4732 0.4618
vn -0.7713 0.5466 0.3259
vn -0.1193 0.9366 -0.3294
vn -0.7584 0.5754 0.3063
vn -0.1540 0.9347 -0.3204
vn 0.2237 0.2307 -0.9470
vn 0.0060 0.9078 -0.4193
vn -0.0373 0.9001 -0.4341
vn -0.1060 0.9128 -0.3944
vn 0.9580 0.2681 -0.1018
vn 0.9115 0.3967 -0.1082
vn -0.5876 -0.1090 0.8018
vn -0.5919 -0.0090 0.8060
vn -0.6864 0.1668 0.7078
vn -0.7019 0.1650 0.6929
vn -0.7344 0.0590 0.6761
vn -0.6357 0.6988 0.3279
vn -0.7652 0.0477 0.6420
vn -0.8164 0.1224 0.5643
vn -0.6461 0.6620 0.3800
vn -0.5441 0.7900 0.2826
vn 0.8985 0.3646 -0.2445
vn -0.0807 -0.6146 0.7847
vn 0.9547 0.1213 -0.2716
vn -0.6261 -0.1408 0.7669
vn -0.7704 -0.1061 0.6287
vn -0.6568 -0.1226 0.7440
vn -0.4552 -0.3531 0.8174
vn -0.4674 -0.3859 0.7953
vn -0.8117 -0.0921 0.5768
vn -0.8176 0.2236 0.5307
vn -0.7083 0.6620 0.2449
vn 0.1419 0.9204 -0.3643
vn 0.3210 0.4064 -0.8555
vn 0.0534 0.9019 -0.4287
vn 0.2691 0.1938 -0.9434
vn -0.7856 0.6175 0.0399
vn -0.7562 0.6286 0.1817
vn -0.7742 0.6140 0.1536
vn -0.7662 0.6376 0.0805
vn -0.7766 0.6300 0.0029
vn -0.7824 -0.3760 0.4965
vn -0.7525 -0.3514 0.5571
vn -0.5714 -0.3246 0.7537
vn 0.0925 -0.2230 -0.9704
vn -0.6199 -0.3505 0.7021
vn 0.2328 0.0386 -0.9718
vn -0.6940 -0.2721 0.6666
vn -0.7194 -0.1873 0.6689
vn -0.4686 -0.5563 0.6863
vn -0.0585 0.8724 -0.4853
vn -0.3696 -0.5239 0.7674
vn 0.0201 -0.5149 0.8570
vn 0.9454 0.0727 -0.3177
vn 0.0308 -0.5100 0.8596
vn -0.0533 -0.5816 0.8117
vn 0.1125 -0.3920 0.9131
vn 0.9817 0.0973 -0.1636
vn 0.1173 -0.3775 0.9185
vn 0.1881 -0.3029 0.9343
vn 0.1016 0.8571 -0.5050
vn -0.4114 -0.4971 0.7640
vn 0.1600 -0.2794 0.9468
vn -0.9579 -0.0758 0.2768
vn -0.0041 0.8061 -0.5918
vn -0.2796 -0.6272 0.7269
vn -0.7566 -0.3291 0.5650
vn 0.1332 0.7921 -0.5956
vn -0.5582 -0.5173 0.6487
vn -0.5652 -0.5251 0.6362
vn 0.0805 0.8349 -0.5445
vn -0.6417 -0.5003 0.5814
vn 0.0179 0.8299 -0.5576
vn 0.1008 -0.3697 0.9237
vn 0.0998 -0.3826 0.9185
vn -0.9605 -0.1096 0.2559
vn -0.2564 -0.7165 0.6488
vn -0.2834 -0.6942 0.6617
vn 0.1616 -0.2787 0.9467
vn -0.4775 -0.6816 0.5545
vn 0.2194 -0.1978 0.9554
vn -0.4827 -0.6892 0.5404
vn -0.4919 -0.6879 0.5338
vn -0.6442 -0.5835 0.4945
vn -0.6471 -0.5831 0.4911
vn -0.9650 -0.2224 0.1386
vn -0.3709 -0.6814 0.6310
vn -0.9458 -0.2986 0.1280
vn -0.3785 -0.6907 0.6162
vn -0.2286 -0.7953 0.5615
vn 0.9813 0.0936 -0.1681
vn -0.2534 -0.8162 0.5193
vn -0.2533 -0.8134 0.5237
vn -0.2172 -0.8408 0.4959
vn -0.9247 -0.3715 0.0833
vn 0.5451 0.8198 -0.1754
vn -0.3443 -0.8077 0.4786
vn 0.4036 0.8660 -0.2953
vn 0.3910 0.8923 -0.2257
vn 0.0057 -0.4833 0.8754
vn -0.5274 -0.7435 0.4112
vn 0.1792 0.6961 -0.6952
vn -0.6311 -0.6629 0.4028
vn -0.6529 -0.6570 0.3769
vn 0.1040 0.7504 -0.6527
vn 0.0626 0.7499 -0.6586
vn 0.0445 0.7312 -0.6807
vn 0.0800 0.6615 -0.7457
vn -0.6882 0.5034 0.5225
vn -0.3974 -0.8268 0.3981
vn -0.6886 0.5025 0.5228
vn 0.0532 0.6458 -0.7616
vn 0.2107 0.5966 -0.7744
vn 0.1739 0.6375 -0.7506
vn -0.9110 -0.4123 0.0030
vn -0.9160 -0.4013 0.0009
vn -0.6984 0.5858 0.4112
vn 0.1607 -0.3813 0.9104
vn 0.2004 -0.3277 0.9233
vn 0.5086 0.7728 -0.3797
vn 0.5031 0.7660 -0.4001
vn -0.5291 -0.7415 0.4126
vn 0.0524 -0.4710 0.8806
vn -0.3677 -0.8312 0.4170
vn 0.4536 -0.8349 -0.3119
vn -0.8599 -0.5081 -0.0485
vn 0.0751 -0.4919 0.8674
vn 0.0731 -0.4822 0.8730
vn 0.4846 -0.6831 -0.5464
vn 0.1605 -0.3818 0.9102
vn 0.3686 -0.6682 -0.6463
vn -0.9110 -0.4063 -0.0714
vn -0.7691 0.3047 0.5618
vn 0.4305 -0.7842 -0.4470
vn -0.7815 0.3910 0.4862
vn 0.3707 0.1983 0.9073
vn -0.8355 -0.5279 -0.1527
vn 0.1719 0.8606 -0.4794
vn -0.8242 -0.5483 -0.1418
vn 0.3991 0.1887 0.8973
vn 0.4564 0.2752 0.8462
vn 0.2976 0.7842 -0.5444
vn -0.1490 -0.9158 0.3730
vn -0.2026 -0.8956 0.3962
vn 0.4507 0.2771 0.8486
vn 0.2815 -0.9586 0.0419
vn 0.4004 -0.9124 0.0843
vn 0.2881 -0.9523 0.1009
vn -0.2761 -0.8910 0.3603
vn 0.3090 0.0133 0.9510
vn 0.3771 -0.9262 0.0020
vn 0.4339 -0.9003 -0.0352
vn 0.3578 -0.9338 -0.0048
vn -0.4211 0.7298 0.5385
vn 0.3198 -0.9438 -0.0833
vn -0.8100 0.3913 0.4368
vn -0.3479 0.7389 0.5771
vn -0.9385 0.0046 0.3453
vn -0.9598 -0.0804 0.2691
vn 0.1370 0.7868 -0.6018
vn -0.8241 0.3678 0.4309
vn 0.4230 -0.8932 -0.1523
vn 0.3343 -0.0092 0.9424
vn 0.4078 0.0808 0.9095
vn 0.4123 -0.8922 -0.1844
vn 0.4376 -0.8481 -0.2987
vn -0.4212 0.7301 0.5382
vn 0.5092 0.3676 0.7782
vn -0.9475 -0.2506 0.1985
vn 0.1733 0.6420 -0.7468
vn 0.1919 0.7165 -0.6706
vn -0.9489 -0.2457 0.1982
vn -0.3917 0.8013 0.4523
vn -0.7631 0.5149 0.3905
vn -0.4257 0.5961 0.6808
vn -0.4558 0.6722 0.5834
vn 0.5801 0.3141 0.7516
vn 0.4652 0.1726 0.8682
vn 0.4035 0.0830 0.9112
vn 0.5460 0.1373 0.8265
vn 0.5869 0.2139 0.7809
vn 0.2701 -0.1992 0.9420
vn 0.2702 -0.1995 0.9419
vn 0.3328 -0.0760 0.9399
vn 0.2681 0.7050 -0.6565
vn 0.1979 -0.3295 0.9232
vn -0.9243 -0.3641 0.1144
vn -0.4321 0.5993 0.6739
vn -0.9142 -0.3806 0.1391
vn -0.4701 0.5957 0.6513
vn 0.2022 0.9430 -0.2642
vn -0.4739 0.4581 0.7520
vn -0.5598 0.8134 0.1585
vn 0.3647 0.5677 -0.7381
vn -0.6755 0.7209 0.1548
vn -0.4196 0.5497 0.7224
vn -0.6257 0.7697 0.1263
vn -0.4360 0.4699 0.7675
vn 0.3382 -0.0817 0.9375
vn -0.4093 0.4245 0.8076
vn 0.3086 -0.2060 0.9286
vn 0.4089 0.0029 0.9126
vn -0.4708 0.4624 0.7513
vn 0.3346 0.8642 -0.3758
vn 0.3098 -0.2108 0.9272
vn 0.3789 0.8065 -0.4538
vn 0.2281 -0.3238 0.9182
vn -0.9219 -0.3702 0.1141
vn 0.1349 -0.4946 0.8586
vn 0.1704 0.9474 -0.2710
vn 0.1636 0.9372 -0.3082
vn -0.5026 0.5700 0.6500
vn -0.4661 0.6019 0.6484
vn 0.2696 -0.4244 0.8644
vn 0.3237 -0.3979 0.8584
vn -0.8733 -0.4850 0.0473
vn -0.9001 -0.4307 0.0656
vn 0.4664 -0.0321 0.8840
vn 0.5404 0.0580 0.8394
vn 0.4473 -0.1960 0.8726
vn 0.3740 -0.2400 0.8958
vn 0.4517 -0.1881 0.8721
vn 0.3775 -0.4220 0.8242
vn -0.4527 0.4625 0.7624
vn -0.7802 0.5563 0.2860
vn 0.2809 0.8943 -0.3483
vn -0.8456 0.4661 0.2603
vn -0.8519 -0.5177 0.0793
vn -0.8674 -0.4923 0.0720
vn 0.2351 0.9078 -0.3474
vn -0.7895 0.6034 0.1120
vn -0.0527 -0.5784 0.8141
vn -0.8554 -0.5176 -0.0191
vn 0.3034 0.8979 -0.3190
vn 0.2879 0.9019 -0.3220
vn -0.4409 0.5460 0.7124
vn 0.3776 0.8585 -0.3471
vn -0.7324 0.6808 -0.0104
vn -0.8923 0.4172 0.1725
vn -0.9105 0.3964 0.1180
vn -0.8629 0.4677 0.1914
vn -0.8978 -0.4344 0.0729
vn -0.8976 -0.4351 0.0710
vn 0.3688 0.7808 -0.5042
vn -0.8564 -0.5163 0.0049
vn -0.4333 0.6044 0.6685
vn -0.4376 0.6148 0.6562
vn -0.1355 -0.6481 0.7494
vn -0.8425 -0.5387 0.0006
vn -0.1361 -0.6525 0.7455
vn -0.0934 -0.6006 0.7941
vn 0.4454 0.8002 -0.4016
vn -0.3897 0.6186 0.6822
vn -0.4198 0.3741 0.8269
vn 0.3962 0.8408 -0.3688
vn -0.8501 0.1883 0.4919
vn -0.4315 0.4183 0.7993
vn 0.4681 0.8027 -0.3695
vn -0.4297 0.4763 0.7671
vn -0.1163 -0.6635 0.7391
vn 0.1901 0.9053 -0.3798
vn -0.7704 -0.6281 -0.1095
vn -0.7820 -0.6186 -0.0764
vn 0.3086 0.8688 -0.3872
vn 0.0260 -0.5743 0.8183
vn -0.7710 -0.6136 -0.1706
vn -0.0366 -0.5909 0.8059
vn -0.7480 -0.6335 -0.1980
vn -0.7085 -0.6383 -0.3010
vn -0.7054 -0.6465 -0.2906
vn 0.3026 0.8638 -0.4028
vn 0.2263 0.8810 -0.4155
vn 0.4008 0.8258 -0.3967
vn 0.3711 0.8327 -0.4110
vn -0.8486 -0.5274 -0.0424
vn -0.7803 -0.6153 -0.1118
vn 0.4832 0.6382 -0.5994
vn 0.3725 0.8180 -0.4383
vn 0.5140 0.7513 -0.4139
vn 0.3773 0.8086 -0.4515
vn 0.5651 0.7219 -0.3995
vn -0.3917 0.3056 0.8679
vn -0.4213 0.2958 0.8573
vn -0.0478 -0.6443 0.7633
vn -0.2148 0.9268 0.3081
vn -0.2177 0.9433 0.2507
vn 0.1066 -0.5073 0.8551
vn 0.0422 -0.5871 0.8084
vn -0.2227 0.9346 0.2774
vn 0.6206 0.5985 -0.5065
vn -0.0283 -0.6574 0.7530
vn 0.0359 -0.6158 0.7871
vn 0.2027 -0.4978 0.8432
vn 0.5677 0.6532 -0.5010
vn 0.6267 0.4049 0.6658
vn 0.5880 0.4993 0.6364
vn 0.4644 -0.3199 0.8258
vn 0.5859 -0.0895 0.8054
vn 0.5955 -0.0139 0.8032
vn -0.3259 0.8822 0.3398
vn -0.7453 -0.6543 -0.1282
vn -0.9197 0.2091 0.3323
vn 0.4991 0.7474 -0.4385
vn 0.5096 0.7444 -0.4315
vn -0.1240 -0.7161 0.6869
vn -0.6811 -0.6957 -0.2283
vn -0.4080 0.6112 0.6782
vn -0.8851 0.0855 0.4574
vn -0.2097 -0.7067 0.6757
vn -0.3816 0.7052 0.5976
vn -0.3842 0.7262 0.5701
vn -0.3610 0.7931 0.4906
vn 0.6108 0.6433 -0.4617
vn 0.6353 0.6221 -0.4576
vn 0.5134 0.6999 -0.4966
vn 0.4926 0.7344 -0.4670
vn -0.6451 -0.7029 -0.2996
vn -0.6063 -0.7233 -0.3305
vn -0.1375 -0.7001 0.7007
vn -0.3397 0.7019 0.6261
vn -0.1474 -0.7444 0.6512
vn -0.0394 -0.6820 0.7302
vn -0.0166 -0.7411 0.6712
vn -0.2382 -0.7704 0.5914
vn -0.5789 -0.7471 -0.3266
vn -0.3342 0.6710 0.6619
vn 0.6587 0.5704 -0.4907
vn -0.5166 -0.7659 -0.3827
vn -0.8039 -0.0782 0.5895
vn 0.6482 0.6045 -0.4630
vn -0.7941 -0.0654 0.6042
vn 0.5594 0.7206 -0.4096
vn 0.5371 0.7326 -0.4182
vn 0.4753 0.6417 -0.6019
vn -0.8938 0.0787 0.4415
vn -0.3158 0.5107 0.7997
vn -0.3551 0.5287 0.7710
vn -0.2572 0.2994 0.9188
vn -0.9131 -0.0681 0.4020
vn -0.2096 -0.7651 0.6088
vn -0.2145 -0.7691 0.6020
vn -0.7958 -0.6053 -0.0144
vn -0.0585 -0.7789 0.6244
vn -0.0585 -0.7875 0.6136
vn -0.3127 0.8581 0.4072
vn 0.6174 0.6643 -0.4212
vn -0.2400 -0.8427 0.4819
vn -0.3153 0.7641 0.5628
vn -0.2213 -0.8481 0.4814
vn -0.1251 -0.8261 0.5495
vn -0.1650 -0.8227 0.5440
vn -0.3418 0.8118 0.4735
vn -0.0812 -0.8691 0.4879
vn -0.0710 -0.8723 0.4839
vn 0.1196 -0.6579 0.7436
vn 0.2432 -0.6038 0.7592
vn 0.2165 -0.5988 0.7710
vn -0.9527 0.1467 0.2663
vn -0.2717 0.8635 0.4249
vn -0.3102 0.8854 0.3461
vn -0.3015 0.8934 0.3331
vn 0.3268 -0.5702 0.7537
vn 0.3725 -0.5097 0.7755
vn 0.6645 0.6143 -0.4255
vn 0.1021 -0.7203 0.6861
vn 0.1300 -0.7411 0.6587
vn -0.9695 0.2142 0.1191
vn 0.3623 -0.6443 0.6735
vn 0.3899 -0.6434 0.6588
vn 0.2035 -0.7165 0.6672
vn 0.2407 -0.7224 0.6482
vn -0.8127 -0.5808 -0.0458
vn 0.5954 0.4885 -0.6379
vn 0.6750 0.6157 -0.4066
vn -0.3693 0.5092 0.7774
vn -0.3870 0.5322 0.7530
vn -0.3617 0.3866 0.8484
vn -0.3726 0.3407 0.8632
vn 0.6278 0.4904 -0.6045
vn -0.9696 -0.0685 0.2349
vn 0.0451 -0.8310 0.5544
vn 0.0369 -0.8517 0.5227
vn 0.0522 -0.8624 0.5035
vn 0.1073 -0.8705 0.4804
vn -0.8724 0.3551 0.3360
vn 0.1070 -0.7945 0.5978
vn -0.3547 0.2302 0.9062
vn 0.3647 -0.7525 0.5484
vn 0.2424 -0.7947 0.5565
vn 0.2460 -0.7968 0.5519
vn 0.2138 -0.8418 0.4957
vn 0.8108 0.4067 -0.4210
vn 0.7120 0.5468 -0.4406
vn -0.7529 -0.6537 -0.0763
vn 0.7938 0.4287 -0.4313
vn -0.8044 -0.5938 -0.0164
vn -0.1907 -0.8805 0.4340
vn -0.7383 -0.6658 -0.1077
vn -0.9429 0.1826 0.2787
vn -0.7217 -0.6843 -0.1042
vn -0.9574 0.0072 0.2886
vn -0.9153 -0.0710 0.3965
vn -0.2827 -0.8935 0.3490
vn -0.1919 -0.8998 0.3918
vn -0.1655 -0.9129 0.3732
vn -0.0698 -0.9172 0.3922
vn -0.2726 0.0193 0.9619
vn -0.2917 0.1369 0.9467
vn -0.0409 -0.9433 0.3294
vn 0.8497 0.3081 -0.4279
vn -0.1877 -0.9502 0.2489
vn -0.1896 -0.9545 0.2300
vn -0.7120 -0.2939 0.6376
vn -0.7131 -0.6956 -0.0872
vn -0.2843 0.2750 0.9185
vn -0.7055 -0.7040 -0.0820
vn -0.2826 0.1497 0.9475
vn -0.2573 0.3049 0.9170
vn 0.6959 0.5794 -0.4243
vn 0.7198 0.5527 -0.4200
vn -0.8142 -0.2037 0.5437
vn -0.7483 -0.6498 -0.1333
vn -0.7941 -0.6004 -0.0948
vn 0.7705 0.4660 -0.4350
vn -0.7497 -0.6482 -0.1331
vn -0.8044 -0.2382 0.5442
vn -0.1551 -0.0962 0.9832
vn -0.1731 0.0003 0.9849
vn -0.1620 -0.9483 0.2728
vn -0.1029 -0.9558 0.2754
vn 0.6563 0.5903 -0.4698
vn -0.8998 -0.2480 0.3590
vn 0.7644 0.4609 -0.4509
vn 0.8015 0.4323 -0.4130
vn -0.6840 -0.7006 -0.2029
vn 0.7366 0.4819 -0.4745
vn 0.7387 0.4851 -0.4680
vn -0.7992 -0.3424 0.4941
vn 0.0295 -0.9159 0.4004
vn 0.1001 -0.9186 0.3823
vn 0.1077 -0.9207 0.3751
vn 0.2186 0.8403 -0.4962
vn 0.2074 0.8380 -0.5048
vn 0.3249 0.7961 -0.5106
vn -0.0408 -0.9274 0.3718
vn 0.3475 0.7394 -0.5766
vn 0.2501 0.7526 -0.6091
vn 0.2128 0.7806 -0.5876
vn 0.3939 0.6268 -0.6723
vn 0.3951 0.7015 -0.5931
vn 0.2558 0.7010 -0.6658
vn -0.6830 -0.6997 -0.2097
vn -0.6838 -0.7009 -0.2027
vn 0.6263 0.5561 -0.5464
vn 0.5443 0.6113 -0.5745
vn 0.5039 0.6626 -0.5541
vn 0.3164 0.6465 -0.6942
vn -0.6663 -0.7234 -0.1812
vn -0.6623 -0.7281 -0.1767
vn -0.7803 -0.4345 0.4499
vn 0.9553 -0.0598 -0.2896
vn -0.8045 -0.3569 0.4748
vn -0.0285 -0.9468 0.3204
vn -0.6641 -0.7222 -0.1932
vn 0.9185 0.1104 -0.3797
vn 0.9095 0.1848 -0.3723
vn 0.1089 -0.9094 0.4015
vn 0.0578 -0.9542 0.2936
vn -0.3910 0.7563 0.5246
vn -0.4367 0.8206 0.3686
vn -0.4534 0.8081 0.3760
vn -0.3722 0.8686 0.3271
vn -0.4145 0.8251 0.3839
vn 0.2011 -0.8970 0.3937
vn 0.8586 0.3199 -0.4005
vn 0.2422 -0.8712 0.4270
vn -0.3653 0.8721 0.3257
vn 0.3193 -0.8562 0.4061
vn -0.9624 -0.1194 0.2440
vn -0.9138 -0.2577 0.3140
vn -0.9094 -0.2820 0.3057
vn -0.5961 -0.7626 -0.2514
vn -0.4044 0.7970 0.4487
vn -0.5959 -0.7640 -0.2475
vn 0.6788 0.3789 0.6291
vn 0.7047 0.4685 0.5329
vn 0.6759 0.1829 0.7139
vn 0.7016 0.3041 0.6444
vn -0.7044 -0.7098 -0.0099
vn -0.6921 -0.7204 -0.0451
vn 0.7841 0.3055 0.5402
vn 0.8597 0.3186 -0.3992
vn -0.5874 -0.7843 -0.1994
vn -0.5975 -0.7986 -0.0725
vn -0.5637 -0.8115 -0.1537
vn 0.9352 0.1285 -0.3300
vn -0.4961 -0.8536 -0.1592
vn 0.9523 -0.0956 -0.2899
vn -0.3719 0.8603 0.3486
vn -0.3575 0.8628 0.3575
vn -0.5129 -0.8062 -0.2949
vn 0.9453 -0.2472 -0.2127
vn 0.7743 0.3980 0.4920
vn -0.5808 -0.7797 -0.2339
vn 0.7477 0.6134 0.2546
vn -0.4661 -0.8463 -0.2579
vn -0.4590 -0.8669 -0.1943
vn -0.7070 -0.5065 0.4936
vn 0.9414 -0.2893 -0.1732
vn -0.4222 -0.8857 -0.1931
vn -0.6761 -0.7034 -0.2193
vn 0.7634 0.6047 0.2270
vn 0.7476 0.5749 0.3325
vn 0.8006 0.4550 0.3898
vn -0.8188 -0.4532 0.3522
vn 0.8305 0.4217 0.3638
vn 0.6830 0.1131 0.7216
vn 0.7229 0.0559 0.6887
vn 0.7123 -0.0710 0.6983
vn 0.8082 0.1458 0.5706
vn 0.6169 -0.1525 0.7721
vn 0.7252 -0.0928 0.6823
vn 0.7062 -0.2417 0.6655
vn 0.8110 0.2329 0.5367
vn 0.8287 0.0423 0.5581
vn 0.8062 -0.0506 0.5895
vn -0.8171 -0.4623 0.3444
vn 0.9497 -0.0107 -0.3129
vn -0.2804 0.9143 0.2924
vn -0.2917 0.9105 0.2931
vn 0.7823 0.6182 0.0756
vn 0.7417 0.6599 0.1199
vn 0.9635 -0.0768 -0.2566
vn -0.6390 -0.7180 -0.2760
vn -0.6214 -0.7403 -0.2566
vn 0.7723 0.6353 0.0011
vn 0.8093 0.3592 -0.4647
vn 0.5694 -0.3078 0.7623
vn 0.5012 -0.4688 0.7274
vn 0.5698 -0.3099 0.7611
vn 0.5126 -0.5107 0.6902
vn 0.6749 -0.2922 0.6776
vn 0.8478 0.3086 -0.4313
vn 0.9135 0.1220 -0.3880
vn -0.5677 -0.7434 -0.3537
vn -0.3917 0.8065 0.4428
vn 0.4877 -0.5735 0.6582
vn 0.9254 0.1445 -0.3505
vn 0.6591 -0.3938 0.6407
vn 0.8057 0.3587 -0.4713
vn 0.7610 0.4146 -0.4989
vn -0.3866 0.7976 0.4630
vn -0.3751 0.8061 0.4577
vn 0.5393 -0.5908 0.6001
vn 0.6758 -0.4623 0.5741
vn 0.6879 -0.4284 0.5859
vn -0.3755 0.8367 0.3987
vn 0.7655 -0.3266 0.5543
vn 0.7801 -0.1983 0.5934
vn 0.8031 -0.1489 0.5769
vn -0.3311 0.8758 0.3511
vn -0.6381 -0.7168 -0.2810
vn 0.5074 -0.6862 0.5212
vn 0.5290 -0.6621 0.5309
vn 0.6600 -0.5758 0.4825
vn 0.6863 -0.5261 0.5021
vn 0.3802 -0.7527 0.5374
vn -0.5609 -0.7665 -0.3129
vn -0.5129 -0.7968 -0.3194
vn 0.3611 -0.8299 0.4254
vn 0.9333 0.0126 -0.3589
vn 0.5224 -0.7396 0.4244
vn -0.2757 0.9291 0.2466
vn 0.4610 -0.7973 0.3896
vn -0.3699 0.9031 0.2181
vn 0.6316 -0.6766 0.3785
vn -0.1666 0.9102 0.3793
vn 0.9300 -0.0173 -0.3672
vn -0.1854 0.9416 0.2810
vn 0.8742 0.1983 -0.4432
vn 0.8613 0.1983 -0.4679
vn 0.8610 0.1951 -0.4697
vn -0.4051 0.8799 0.2483
vn 0.9255 -0.0013 -0.3788
vn -0.4027 0.8635 0.3036
vn -0.4772 0.8526 0.2131
vn -0.5747 -0.7474 -0.3333
vn -0.5221 -0.7588 -0.3895
vn -0.5560 -0.7581 -0.3409
vn 0.9037 0.0192 -0.4278
vn -0.2286 0.9638 0.1369
vn 0.9342 -0.3149 -0.1674
vn -0.3378 0.9150 0.2204
vn -0.3356 0.9099 0.2438
vn -0.1281 0.9670 0.2204
vn -0.4557 -0.7758 -0.4363
vn -0.5019 -0.7647 -0.4041
vn 0.0823 0.9640 -0.2529
vn 0.0633 0.9546 -0.2911
vn 0.1652 0.9694 -0.1818
vn 0.1308 0.9631 -0.2354
vn 0.2750 0.9327 -0.2332
vn -0.2473 0.9523 0.1790
vn 0.2612 0.9365 -0.2341
vn -0.4252 0.8955 0.1314
vn -0.4905 -0.7751 -0.3983
vn -0.3014 0.9397 0.1616
vn -0.2902 0.9436 0.1590
vn 0.4470 0.5658 -0.6928
vn -0.3195 0.9378 0.1359
vn 0.0986 0.9297 -0.3548
vn 0.9410 -0.3022 -0.1523
vn 0.9407 -0.2993 -0.1597
vn 0.9541 -0.2313 -0.1900
vn 0.9545 -0.1652 -0.2482
vn -0.2781 0.9437 0.1791
vn -0.2382 0.9606 0.1435
vn -0.1907 0.9707 0.1462
vn -0.4064 0.9064 0.1151
vn 0.8543 -0.5148 -0.0724
vn -0.4741 0.7326 0.4884
vn 0.8718 -0.4899 -0.0019
vn 0.9165 -0.3928 -0.0759
vn 0.9022 -0.4253 -0.0721
vn -0.4623 0.7440 0.4823
vn -0.4646 0.7435 0.4811
vn 0.8928 -0.4361 -0.1128
vn -0.3948 0.9176 0.0470
vn 0.2079 0.9303 -0.3022
vn 0.1924 0.9325 -0.3056
vn 0.1469 0.9210 -0.3609
vn 0.1602 0.9085 -0.3859
vn 0.8929 -0.4359 -0.1131
vn -0.2700 0.9628 0.0084
vn 0.9092 -0.3825 -0.1642
vn -0.4370 0.7032 0.5608
vn -0.4566 0.6969 0.5531
vn 0.9258 -0.3322 -0.1805
vn 0.3322 0.9265 -0.1768
vn 0.3529 0.9175 -0.1835
vn -0.2402 0.9603 0.1418
vn -0.4106 -0.7419 -0.5300
vn -0.1375 0.9783 0.1551
vn -0.4627 -0.7709 -0.4378
vn -0.4630 -0.7677 -0.4430
vn -0.1068 0.9871 0.1196
vn -0.2379 0.9612 0.1399
vn 0.9164 -0.2705 -0.2950
vn 0.9185 -0.2323 -0.3200
vn 0.3713 0.5641 -0.7375
vn 0.9316 -0.2686 -0.2449
vn -0.3781 -0.7555 -0.5350
vn 0.9322 -0.1826 -0.3126
vn 0.5411 0.4154 -0.7312
vn 0.9452 -0.1800 -0.2725
vn 0.9427 -0.1704 -0.2870
vn -0.3646 -0.7806 -0.5077
vn -0.1388 0.9889 0.0520
vn 0.0802 0.8834 -0.4617
vn 0.0895 0.8705 -0.4839
vn -0.0230 0.8803 0.4739
vn 0.0294 0.8274 -0.5608
vn -0.1881 0.9735 0.1298
vn 0.8748 -0.4368 -0.2098
vn 0.8941 -0.4127 -0.1741
vn -0.0328 0.9619 0.2716
vn 0.8838 -0.3831 -0.2684
vn -0.0378 0.9246 0.3790
vn 0.4642 0.5537 -0.6913
vn 0.7023 0.4186 -0.5758
vn -0.3084 -0.7687 -0.5603
vn -0.0162 0.9408 0.3387
vn 0.6437 0.4137 -0.6438
vn 0.6990 0.4013 -0.5919
vn -0.2732 -0.7701 -0.5765
vn 0.5407 0.5370 -0.6475
vn 0.7860 0.1887 -0.5887
vn 0.7876 0.2007 -0.5826
vn 0.7296 0.1802 -0.6597
vn 0.6382 0.3200 -0.7002
vn 0.4626 0.4604 -0.7577
vn -0.0008 0.9796 0.2008
vn -0.5120 -0.7977 -0.3187
vn 0.2948 0.5869 -0.7541
vn 0.5589 0.3221 -0.7641
vn 0.3850 0.4709 -0.7937
vn 0.0540 0.9321 0.3581
vn 0.3586 0.4149 -0.8362
vn 0.3566 0.4153 -0.8369
vn 0.0369 0.8230 -0.5669
vn -0.1701 0.9847 0.0371
vn 0.1022 0.9449 0.3110
vn -0.1618 0.9862 0.0347
vn -0.1501 0.9864 0.0675
vn 0.0173 0.7486 -0.6628
vn 0.5678 0.3141 -0.7609
vn -0.0054 0.7404 -0.6722
vn -0.1017 0.9944 -0.0290
vn 0.7988 -0.2393 -0.5520
vn 0.8014 -0.2521 -0.5424
vn -0.3359 0.8862 0.3190
vn -0.0422 0.6389 -0.7682
vn -0.0180 0.6561 -0.7545
vn -0.4964 -0.7564 -0.4259
vn -0.4568 -0.8029 -0.3829
vn -0.2619 0.9387 0.2241
vn -0.2637 0.9438 0.1994
vn -0.3273 0.9115 0.2491
vn -0.0682 0.9898 0.1249
vn 0.8006 -0.1041 -0.5901
vn 0.5406 0.3702 -0.7554
vn -0.4062 -0.7991 -0.4433
vn -0.4065 -0.8194 -0.4043
vn 0.0251 0.9795 0.1997
vn -0.3799 -0.8738 -0.3036
vn -0.3794 -0.8429 -0.3816
vn -0.2873 -0.8652 -0.4109
vn -0.2761 -0.8498 -0.4490
vn 0.5780 0.0757 -0.8125
vn 0.5813 0.0337 -0.8130
vn -0.2367 0.9695 0.0639
vn 0.7164 0.0644 -0.6948
vn 0.7326 -0.0072 -0.6807
vn -0.3133 0.9496 0.0003
vn 0.6790 -0.1041 -0.7267
vn 0.6165 0.1516 -0.7726
vn -0.3916 0.9168 0.0782
vn -0.3476 0.9273 0.1392
vn 0.8532 -0.2825 -0.4384
vn 0.8834 -0.2095 -0.4192
vn -0.4275 0.9015 0.0680
vn 0.8470 -0.0402 -0.5301
vn 0.8718 -0.0612 -0.4861
vn -0.4400 0.8979 -0.0121
vn -0.2666 0.9627 0.0469
vn -0.4018 -0.8043 -0.4377
vn -0.2579 -0.9544 0.1502
vn -0.2413 -0.9583 0.1529
vn -0.2355 0.9668 0.0994
vn -0.3738 0.3350 0.8649
vn 0.7185 -0.6908 0.0808
vn 0.7237 -0.6884 0.0491
vn -0.3239 -0.8056 -0.4961
vn 0.8386 -0.4003 -0.3694
vn 0.7904 -0.5523 -0.2651
vn -0.3262 -0.7934 -0.5140
vn -0.3223 -0.7976 -0.5099
vn 0.7625 -0.6400 -0.0950
vn 0.7350 -0.6275 -0.2569
vn 0.7168 -0.6747 -0.1758
vn -0.2521 0.9666 0.0466
vn -0.1964 0.9804 -0.0154
vn 0.5619 -0.8211 0.1002
vn 0.4928 -0.8659 0.0865
vn 0.4845 -0.8719 0.0717
vn -0.3132 0.9488 -0.0413
vn -0.3692 0.9261 -0.0781
vn -0.3358 0.9260 -0.1724
vn -0.3767 0.9184 -0.1211
vn 0.6005 -0.7962 0.0744
vn -0.3698 0.7082 0.6014
vn -0.4212 0.8969 -0.1351
vn 0.6957 -0.7182 -0.0138
vn 0.6840 -0.7292 -0.0165
vn 0.6098 -0.7913 0.0447
vn -0.1967 0.9798 -0.0369
vn 0.5872 -0.8061 -0.0737
vn -0.2496 0.9616 -0.1144
vn -0.2526 0.9639 -0.0848
vn -0.1689 0.9679 -0.1862
vn 0.4935 -0.8697 0.0057
vn -0.1554 0.9708 -0.1828
vn 0.4539 -0.8826 -0.1226
vn 0.5720 -0.8185 -0.0535
vn 0.5394 -0.8407 -0.0480
vn 0.4866 -0.8647 -0.1244
vn -0.1450 0.9875 0.0611
vn -0.1754 0.9845 0.0084
vn 0.6499 -0.7536 -0.0989
vn 0.6695 -0.7282 -0.1466
vn -0.3753 -0.9213 -0.1014
vn -0.3949 -0.9177 -0.0441
vn -0.3581 -0.8898 -0.2828
vn -0.3644 -0.9009 -0.2357
vn -0.2824 -0.9075 -0.3110
vn 0.5893 0.4512 -0.6702
vn -0.1468 0.9884 0.0383
vn 0.8400 -0.5422 -0.0186
vn -0.1747 0.9846 0.0085
vn 0.7899 -0.6131 0.0103
vn 0.7991 -0.6012 -0.0007
vn 0.8078 -0.5893 0.0135
vn 0.8134 -0.5723 -0.1039
vn -0.7872 -0.5472 -0.2845
vn -0.7612 -0.5866 -0.2763
vn 0.8036 -0.5880 -0.0923
vn 0.8365 -0.5158 -0.1852
vn 0.8123 -0.4513 -0.3694
vn 0.7604 -0.4145 -0.5000
vn 0.7664 -0.4735 -0.4341
vn 0.7213 -0.5606 -0.4067
vn 0.6666 -0.5964 -0.4470
vn 0.6473 -0.5806 -0.4938
vn 0.7198 -0.6343 -0.2821
vn -0.6696 -0.6473 -0.3642
vn 0.6837 -0.3728 -0.6274
vn -0.1150 0.9904 -0.0765
vn -0.6709 -0.6303 -0.3907
vn 0.8508 0.4424 0.2836
vn 0.6760 -0.1869 -0.7129
vn -0.8387 0.4480 0.3097
vn 0.8595 0.2835 0.4254
vn 0.5962 -0.2105 -0.7748
vn 0.6444 -0.5387 -0.5428
vn 0.5883 -0.5241 -0.6159
vn 0.9177 0.2191 0.3314
vn 0.9051 0.1992 0.3757
vn -0.8542 0.3050 0.4212
vn 0.5774 -0.4119 -0.7049
vn 0.5949 -0.3843 -0.7060
vn -0.8492 0.0291 0.5272
vn 0.6922 -0.4154 -0.5902
vn -0.9051 0.2035 0.3734
vn 0.6993 -0.2601 -0.6658
vn -0.6459 -0.6639 -0.3769
vn 0.6273 -0.7414 -0.2385
vn 0.6283 -0.6950 -0.3496
vn 0.5563 -0.8060 -0.2023
vn -0.3656 0.8198 0.4407
vn 0.5618 -0.7973 -0.2206
vn 0.5285 -0.7938 -0.3008
vn 0.5627 -0.7425 -0.3634
vn 0.6502 -0.7043 -0.2849
vn 0.5408 -0.7036 -0.4609
vn 0.4901 -0.7053 -0.5122
vn 0.5131 -0.5997 -0.6140
vn -0.3507 0.7450 0.5675
vn -0.5510 -0.7008 -0.4530
vn -0.0852 0.9963 -0.0131
vn -0.5359 -0.6930 -0.4822
vn -0.5084 -0.7001 -0.5014
vn 0.9086 0.0099 0.4176
vn -0.0517 0.9948 -0.0875
vn 0.8992 0.0697 0.4319
vn -0.0201 0.9936 -0.1108
vn -0.0719 0.9956 -0.0604
vn -0.0819 0.9940 -0.0718
vn -0.8980 0.0590 0.4361
vn -0.9086 0.0087 0.4176
vn -0.4554 0.6321 0.6270
vn 0.8342 0.5354 0.1322
vn 0.8195 0.5310 0.2155
vn 0.8617 0.4926 0.1215
vn -0.0263 0.9978 -0.0615
vn 0.9044 0.3874 0.1788
vn -0.5889 -0.6432 -0.4894
vn 0.0237 0.9932 -0.1140
vn -0.0084 0.9889 -0.1483
vn -0.8753 0.4375 0.2058
vn -0.8698 0.4486 0.2054
vn -0.1231 0.9887 -0.0861
vn -0.1155 0.9854 -0.1247
vn -0.8556 0.5132 0.0679
vn -0.8606 0.4753 0.1829
vn 0.6824 0.2834 -0.6738
vn 0.8124 0.5792 -0.0672
vn -0.5106 -0.6293 -0.5859
vn -0.5598 -0.6615 -0.4991
vn -0.4574 -0.6406 -0.6168
vn 0.8910 0.4534 0.0240
vn -0.0614 0.9899 -0.1279
vn -0.4346 -0.6229 -0.6505
vn -0.8162 0.5692 -0.0991
vn -0.3301 -0.5707 -0.7519
vn -0.8799 0.4748 0.0200
vn 0.0242 0.9910 -0.1316
vn 0.8873 0.3835 0.2562
vn -0.9189 0.2163 0.3298
vn -0.0070 0.9887 -0.1496
vn -0.3451 -0.6141 -0.7098
vn -0.0050 0.9819 -0.1894
vn 0.8340 -0.2846 0.4728
vn 0.8759 -0.1631 0.4541
vn -0.4410 -0.6839 -0.5811
vn -0.4117 -0.6960 -0.5883
vn 0.8242 -0.3710 0.4279
vn 0.0630 0.9697 -0.2360
vn 0.0467 0.9788 -0.1994
vn -0.0727 0.9877 -0.1386
vn -0.0259 0.9802 -0.1962
vn -0.0144 0.9804 -0.1967
vn -0.5844 0.4214 0.6935
vn -0.8764 -0.1519 0.4570
vn -0.8220 -0.1872 0.5378
vn 0.8540 -0.2029 0.4791
vn -0.6237 0.3122 0.7166
vn -0.8832 -0.1917 0.4281
vn -0.3766 -0.6917 -0.6162
vn -0.3875 0.0915 0.9173
vn -0.8495 -0.2981 0.4354
vn -0.3256 -0.6607 -0.6764
vn -0.3199 -0.6389 -0.6997
vn -0.2468 -0.6129 -0.7507
vn 0.8296 -0.3747 0.4139
vn -0.7513 -0.4760 0.4572
vn -0.4317 0.2799 0.8575
vn -0.8659 -0.3296 0.3762
vn -0.5539 -0.7207 -0.4169
vn -0.5852 -0.7170 -0.3788
vn -0.5059 -0.7468 -0.4317
vn -0.7972 -0.4669 0.3828
vn -0.4039 0.3168 0.8582
vn -0.4495 0.2904 0.8448
vn 0.6746 -0.6180 0.4038
vn 0.7759 -0.5327 0.3380
vn 0.8022 -0.4897 0.3415
vn -0.7959 -0.4990 0.3429
vn -0.7831 -0.5245 0.3343
vn -0.4393 -0.7442 -0.5032
vn -0.4480 -0.7427 -0.4977
vn -0.4159 -0.7351 -0.5353
vn 0.5380 0.1735 -0.8249
vn 0.5833 0.2564 -0.7708
vn -0.4261 0.0717 0.9018
vn -0.4244 0.0785 0.9020
vn -0.3624 0.1073 0.9258
vn -0.3953 0.0963 0.9135
vn -0.3325 0.5254 0.7832
vn -0.3359 0.5215 0.7844
vn -0.3774 0.1877 0.9068
vn -0.1970 -0.5539 -0.8089
vn -0.1659 -0.5469 -0.8206
vn -0.5052 0.4554 0.7331
vn -0.4666 0.5201 0.7154
vn 0.6548 0.1859 -0.7326
vn -0.0669 -0.4905 -0.8689
vn -0.0632 -0.5330 -0.8438
vn -0.3194 0.0054 0.9476
vn -0.3753 0.1644 0.9122
vn -0.3101 -0.0078 0.9507
vn -0.5023 0.3372 0.7963
vn 0.6638 0.1909 -0.7232
vn -0.3447 -0.7350 -0.5839
vn -0.3364 -0.7367 -0.5865
vn -0.2772 -0.7311 -0.6234
vn -0.5942 0.4728 0.6507
vn -0.2741 -0.1113 0.9552
vn -0.1877 -0.2426 0.9518
vn -0.2996 0.0160 0.9539
vn -0.2765 -0.6861 -0.6729
vn -0.3527 0.1711 0.9199
vn -0.2750 -0.0721 0.9587
vn -0.2853 -0.1174 0.9512
vn -0.2029 -0.6545 -0.7284
vn -0.2121 -0.6557 -0.7246
vn -0.2978 -0.7266 -0.6191
vn -0.3271 -0.0947 0.9402
vn -0.3208 -0.1933 0.9272
vn -0.3187 -0.1880 0.9290
vn -0.3572 -0.2062 0.9110
vn -0.1559 -0.6212 -0.7680
vn -0.1368 -0.6141 -0.7773
vn -0.4984 0.6231 0.6027
vn -0.0127 -0.5293 -0.8483
vn -0.5719 0.5596 0.5998
vn -0.1996 -0.6940 -0.6917
vn -0.1068 -0.6299 -0.7693
vn -0.3213 -0.0782 0.9437
vn -0.2220 -0.2481 0.9429
vn -0.2079 -0.3303 0.9207
vn -0.0908 -0.4848 -0.8699
vn -0.0854 -0.4417 -0.8931
vn 0.0602 -0.2801 -0.9581
vn -0.6191 0.5732 0.5368
vn -0.2236 -0.3281 0.9178
vn 0.1774 -0.1467 -0.9731
vn 0.0535 -0.3586 -0.9319
vn -0.4200 -0.7668 -0.4854
vn -0.3832 -0.7735 -0.5048
vn -0.1265 -0.4671 0.8751
vn -0.3458 -0.7587 -0.5520
vn -0.2680 -0.4364 0.8589
vn 0.5826 -0.0662 -0.8100
vn -0.3421 -0.3621 0.8671
vn 0.6349 0.0291 -0.7721
vn 0.6030 0.0015 -0.7977
vn 0.6477 -0.2527 -0.7188
vn -0.2982 -0.7666 -0.5688
vn -0.2130 -0.2362 0.9481
vn -0.3340 -0.7451 -0.5773
vn -0.1927 -0.2464 0.9498
vn -0.1082 -0.3718 0.9220
vn -0.6992 0.3201 0.6392
vn -0.1081 -0.3559 0.9282
vn 0.6222 0.7325 -0.2762
vn -0.2247 -0.7205 -0.6560
vn 0.6112 0.7192 -0.3304
vn 0.7446 0.6183 -0.2514
vn 0.7730 0.5337 -0.3429
vn -0.1409 -0.4228 0.8952
vn -0.1622 -0.3779 0.9115
vn -0.0679 -0.4749 0.8774
vn -0.1152 -0.4604 0.8802
vn -0.2488 -0.6938 -0.6758
vn -0.3282 -0.7313 -0.5979
vn -0.6411 0.2976 0.7074
vn -0.0558 -0.4647 0.8837
vn -0.0072 -0.4850 0.8745
vn 0.8037 0.4722 -0.3621
vn 0.8705 0.3557 -0.3401
vn 0.0164 -0.5384 0.8426
vn -0.1839 -0.1276 0.9746
vn -0.2758 -0.7277 -0.6281
vn -0.2479 -0.7020 -0.6677
vn -0.2597 -0.7504 -0.6078
vn -0.2291 -0.2055 0.9515
vn -0.1730 -0.1854 0.9673
vn -0.2264 0.5412 0.8099
vn -0.1037 -0.3021 0.9476
vn -0.0388 -0.3189 0.9470
vn -0.3802 0.3747 0.8456
vn -0.1682 0.6370 0.7523
vn -0.1959 0.3946 0.8977
vn 0.6821 0.6065 -0.4086
vn 0.0164 -0.4331 0.9012
vn 0.0133 -0.4191 0.9078
vn -0.0090 -0.4407 0.8976
vn -0.0876 -0.3592 0.9291
vn 0.6709 0.5758 -0.4673
vn 0.0232 0.9023 0.4304
vn 0.1045 -0.5665 0.8174
vn -0.1834 0.8230 0.5377
vn -0.1195 -0.3812 0.9167
vn -0.1201 -0.3786 0.9177
vn -0.2991 0.6607 0.6884
vn 0.0066 -0.5013 0.8652
vn -0.0199 -0.5150 0.8570
vn -0.0307 -0.5100 0.8596
vn -0.2348 0.7013 0.6731
vn -0.0537 0.5279 -0.8476
vn -0.0443 0.7370 0.6745
vn -0.0086 0.6428 0.7660
vn -0.0543 0.5271 -0.8481
vn 0.7912 0.3677 -0.4887
vn -0.1931 0.8862 0.4212
vn -0.1811 0.8250 0.5353
vn -0.0876 0.5272 0.8452
vn 0.0667 -0.5714 0.8180
vn -0.0474 0.4945 0.8679
vn 0.0413 -0.5886 0.8073
vn 0.7558 0.3949 -0.5224
vn 0.0805 -0.6145 0.7848
vn 0.0861 -0.5648 0.8207
vn 0.0678 0.9840 0.1646
vn 0.1390 -0.6572 0.7408
vn 0.0829 -0.6153 0.7839
vn -0.4144 0.1563 0.8966
vn 0.7255 0.3433 -0.5964
vn 0.1443 -0.6786 0.7202
vn -0.4487 -0.0416 0.8927
vn -0.1355 -0.4977 0.8567
vn 0.7261 0.3306 -0.6029
vn -0.2283 -0.4979 0.8367
vn -0.2441 -0.4840 0.8403
vn -0.1957 -0.6189 0.7607
vn 0.0627 0.9884 0.1384
vn 0.1100 0.9916 0.0682
vn -0.0438 -0.5801 0.8133
vn -0.0360 -0.6156 0.7873
vn -0.0301 -0.5675 0.8228
vn -0.0124 -0.5696 0.8218
vn 0.1446 0.9863 0.0787
vn 0.0581 -0.6372 0.7685
vn 0.0394 -0.6820 0.7303
vn 0.1021 0.9805 0.1679
vn 0.0924 0.9811 0.1702
vn 0.0284 -0.6575 0.7530
vn 0.9037 0.1330 -0.4070
vn 0.0980 -0.6132 0.7838
vn 0.0771 -0.6372 0.7668
vn 0.1466 0.9829 0.1110
vn 0.0304 0.9616 0.2727
vn 0.1013 0.9602 0.2604
vn 0.2026 0.9790 0.0231
vn 0.8496 0.2247 -0.4771
vn 0.3204 0.9472 -0.0138
vn 0.1717 -0.6446 0.7450
vn 0.0819 -0.6130 0.7858
vn 0.1845 -0.6941 0.6958
vn 0.0996 0.9941 0.0425
vn 0.1756 0.9844 -0.0103
vn -0.5592 0.2057 0.8031
vn 0.1336 -0.7006 0.7010
vn 0.1407 0.9898 -0.0219
vn 0.1447 0.9895 -0.0028
vn 0.2342 -0.7229 0.6500
vn 0.8806 0.2166 -0.4215
vn 0.9346 -0.0978 -0.3420
vn 0.2405 -0.7222 0.6486
vn -0.1302 -0.6629 0.7373
vn 0.1743 0.9787 -0.1084
vn 0.2329 0.9707 -0.0592
vn -0.1068 -0.7192 0.6866
vn -0.1278 -0.7462 0.6533
vn -0.1069 -0.7944 0.5979
vn 0.0585 -0.7785 0.6249
vn 0.0585 -0.7873 0.6138
vn 0.0891 -0.8146 0.5732
vn 0.0166 -0.7410 0.6713
vn -0.0593 -0.8232 0.5647
vn -0.0461 -0.8440 0.5343
vn 0.2088 0.9751 -0.0744
vn 0.8563 -0.0654 -0.5122
vn 0.3020 0.9431 -0.1393
vn 0.8394 -0.0408 -0.5420
vn 0.2012 0.9790 0.0328
vn 0.8599 -0.1396 -0.4910
vn -0.1045 -0.8711 0.4799
vn 0.2579 0.9655 -0.0372
vn 0.2606 0.9647 -0.0383
vn 0.0478 -0.8770 0.4782
vn 0.0368 -0.8660 0.4988
vn 0.1344 -0.6996 0.7018
vn -0.5397 0.1638 0.8258
vn -0.5561 0.2053 0.8053
vn 0.1469 -0.7447 0.6510
vn 0.2350 0.9667 -0.1013
vn 0.2019 -0.7037 0.6812
vn 0.2124 -0.7506 0.6257
vn -0.5718 -0.0797 0.8165
vn -0.6450 -0.0916 0.7587
vn 0.2341 -0.7231 0.6499
vn 0.2957 -0.7030 0.6468
vn 0.2933 -0.7654 0.5729
vn 0.2476 0.9522 -0.1791
vn 0.2016 0.9700 -0.1356
vn 0.3252 -0.7275 0.6042
vn 0.2486 0.9506 -0.1861
vn 0.2763 0.9533 -0.1218
vn 0.3018 0.9396 -0.1615
vn 0.3349 -0.7469 0.5744
vn 0.2587 -0.7499 0.6089
vn 0.3013 0.9398 -0.1612
vn -0.5350 -0.1229 0.8359
vn -0.6725 -0.2324 0.7026
vn 0.3115 -0.7690 0.5582
vn 0.2806 -0.7732 0.5687
vn 0.3840 -0.7527 0.5347
vn 0.3241 0.9203 -0.2190
vn 0.3736 0.8902 -0.2609
vn 0.3959 -0.7711 0.4986
vn -0.3181 0.1035 0.9424
vn -0.4092 0.1399 0.9017
vn 0.8204 0.1190 -0.5592
vn 0.7787 0.1349 -0.6127
vn 0.7550 0.0916 -0.6494
vn 0.2456 0.9374 -0.2470
vn 0.2961 0.9325 -0.2069
vn 0.3165 0.9012 -0.2961
vn 0.3362 0.8661 -0.3699
vn 0.3208 0.8996 -0.2964
vn 0.0641 0.6842 0.7265
vn 0.3044 0.8982 -0.3171
vn 0.1627 -0.8190 0.5502
vn 0.2027 -0.7603 0.6171
vn 0.2127 -0.7826 0.5851
vn 0.3291 -0.7940 0.5111
vn 0.2659 -0.7877 0.5558
vn 0.0828 0.8147 0.5740
vn 0.0669 0.7795 0.6228
vn 0.2491 -0.8560 0.4530
vn 0.1098 0.7406 0.6629
vn 0.2036 -0.8721 0.4450
vn 0.3297 -0.7934 0.5117
vn 0.7709 -0.1081 -0.6277
vn 0.2893 -0.8048 0.5183
vn 0.7452 -0.0789 -0.6621
vn 0.3941 -0.7729 0.4973
vn 0.3938 -0.8207 0.4141
vn 0.3956 -0.8102 0.4326
vn -0.3626 -0.1072 0.9258
vn 0.7397 -0.0417 -0.6717
vn 0.3382 0.9273 -0.1602
vn 0.3811 0.9193 -0.0986
vn 0.6778 -0.5791 -0.4531
vn 0.0542 0.8859 0.4606
vn 0.0763 0.8884 0.4527
vn -0.0492 0.9048 0.4230
vn -0.3030 -0.0328 0.9524
vn 0.9816 -0.1515 -0.1161
vn 0.4155 0.9053 -0.0884
vn 0.9704 -0.1925 -0.1456
vn -0.2835 -0.0339 0.9584
vn 0.4205 -0.8642 0.2763
vn 0.3504 -0.8549 0.3827
vn 0.3457 -0.8797 0.3266
vn 0.4566 0.8774 -0.1475
vn 0.2078 -0.8687 0.4496
vn -0.0482 0.9549 0.2930
vn -0.0130 -0.9181 0.3962
vn 0.9582 -0.1338 -0.2527
vn 0.9368 -0.1718 -0.3048
vn -0.0808 -0.9133 0.3991
vn -0.0968 -0.9183 0.3838
vn 0.5247 0.8429 -0.1191
vn -0.0783 0.9531 0.2924
vn 0.0838 0.9196 0.3839
vn 0.0539 0.9360 0.3477
vn 0.0096 0.9380 0.3465
vn 0.9017 -0.2742 -0.3343
vn 0.0798 0.9494 0.3037
vn 0.0278 0.8488 0.5281
vn 0.1688 0.8218 0.5442
vn 0.3787 0.8892 -0.2568
vn 0.3961 0.8807 -0.2598
vn 0.2137 0.5139 -0.8308
vn -0.4869 0.7703 0.4118
vn -0.0658 -0.9500 0.3052
vn 0.1294 -0.8956 0.4257
vn 0.1218 -0.9180 0.3773
vn -0.5159 0.7385 0.4342
vn 0.8877 -0.3257 -0.3256
vn -0.3295 0.8986 0.2898
vn -0.3218 0.8583 0.3997
vn -0.4803 0.8206 0.3098
vn 0.4556 0.8632 -0.2175
vn 0.0550 -0.9435 0.3269
vn 0.3670 0.8874 -0.2791
vn 0.0534 -0.9435 0.3270
vn 0.4672 -0.5293 -0.7082
vn 0.0321 -0.9494 0.3125
vn 0.3992 0.8268 -0.3961
vn 0.4375 0.8185 -0.3723
vn 0.1227 -0.9586 0.2571
vn 0.4270 0.8258 -0.3684
vn 0.1323 -0.9734 0.1870
vn 0.1365 -0.9387 0.3167
vn 0.5656 0.8035 -0.1857
vn 0.4277 -0.5443 -0.7217
vn 0.5964 0.7834 -0.1749
vn 0.2364 -0.9138 0.3304
vn 0.1861 -0.9307 0.3149
vn 0.1759 -0.9432 0.2819
vn -0.4217 0.8639 0.2754
vn 0.2963 -0.9078 0.2970
vn 0.5282 0.8068 -0.2648
vn 0.5210 0.8114 -0.2647
vn 0.8924 -0.3684 -0.2606
vn 0.8477 -0.4558 -0.2714
vn -0.0960 0.6642 0.7414
vn 0.2862 -0.9337 0.2151
vn 0.2819 -0.9316 0.2292
vn 0.2460 -0.9569 0.1543
vn 0.0535 0.5587 -0.8277
vn 0.1017 0.5103 -0.8540
vn 0.5742 0.7384 -0.3536
vn 0.0637 0.4778 -0.8762
vn 0.6274 0.6892 -0.3623
vn 0.6045 0.7045 -0.3718
vn 0.0256 0.4834 -0.8750
vn -0.1975 0.3962 0.8967
vn -0.0728 0.5216 0.8501
vn 0.0348 0.5422 0.8396
vn -0.0881 0.8274 0.5547
vn 0.7994 -0.4515 -0.3964
vn 0.2050 -0.9684 0.1421
vn 0.3645 -0.9192 0.1489
vn 0.3750 -0.9162 0.1415
vn 0.6425 0.7365 -0.2118
vn 0.0241 0.4806 -0.8766
vn 0.0750 0.4679 0.8806
vn 0.0238 0.7483 0.6629
vn 0.7076 0.6937 -0.1345
vn 0.0462 0.8622 0.5045
vn -0.0000 1.0000 -0.0000
vn 0.3580 -0.9177 0.1724
vn 0.0724 0.7161 0.6942
vn 0.0747 0.7070 0.7032
vn 0.6566 0.7011 -0.2780
vn 0.0256 0.4797 0.8771
vn 0.0258 0.4809 0.8764
vn 0.0300 0.5205 0.8533
vn 0.2088 0.6024 0.7704
vn 0.1089 0.6253 0.7728
vn 0.0834 0.5770 0.8125
vn 0.8044 -0.4953 -0.3279
vn -0.1539 0.9011 0.4055
vn -0.1352 0.9456 0.2959
vn 0.2653 0.9454 -0.1895
vn -0.1127 0.9562 0.2702
vn 0.3338 0.8873 -0.3183
vn 0.1739 0.4813 -0.8591
vn 0.2325 0.5010 0.8336
vn 0.1963 0.4049 -0.8930
vn 0.1744 0.3808 0.9081
vn 0.1478 0.5093 0.8478
vn 0.1412 0.4825 0.8644
vn 0.2851 0.3395 -0.8964
vn 0.3265 0.8864 -0.3281
vn 0.3249 0.2161 -0.9207
vn 0.3274 0.2167 0.9197
vn 0.3404 0.8442 -0.4140
vn 0.3750 0.8265 -0.4199
vn 0.2951 0.3190 0.9006
vn 0.3324 0.8998 -0.2824
vn 0.5693 -0.3319 -0.7522
vn -0.1074 0.9801 0.1669
vn 0.3690 0.8619 -0.3479
vn 0.1111 0.8649 0.4895
vn 0.0847 0.8729 0.4805
vn 0.0323 0.9191 0.3927
vn -0.1939 0.2793 0.9404
vn -0.1667 0.2525 0.9531
vn 0.6528 -0.2179 -0.7255
vn 0.5339 -0.5053 -0.6779
vn 0.3677 0.8401 -0.3987
vn 0.4521 -0.1781 -0.8740
vn 0.3950 -0.2008 -0.8965
vn 0.4339 -0.1870 0.8813
vn 0.3916 0.8086 -0.4391
vn 0.3980 -0.2011 0.8951
vn -0.1632 0.0418 0.9857
vn -0.1349 0.0199 0.9907
vn -0.1171 0.0238 0.9928
vn 0.6833 -0.4486 -0.5761
vn 0.6795 -0.4157 -0.6046
vn 0.3653 0.8069 -0.4641
vn -0.0558 0.9588 0.2785
vn -0.0340 0.9416 0.3351
vn 0.5617 -0.4016 -0.7233
vn 0.5569 -0.3663 -0.7455
vn 0.0170 0.9340 0.3568
vn -0.0181 0.3630 0.9316
vn 0.0077 0.3064 0.9519
vn -0.0074 0.4913 0.8710
vn 0.0050 0.9843 0.1763
vn -0.0202 0.1317 0.9911
vn 0.4172 0.7344 -0.5354
vn 0.6303 -0.5174 -0.5788
vn 0.4137 0.7352 -0.5370
vn 0.3353 0.8385 -0.4295
vn 0.4211 -0.3689 -0.8286
vn 0.3776 -0.4043 -0.8330
vn 0.6430 -0.5863 -0.4928
vn 0.4460 -0.4744 0.7590
vn 0.6214 -0.5800 -0.5268
vn 0.3554 0.7768 -0.5199
vn -0.5252 -0.2293 0.8195
vn -0.6694 -0.2508 0.6993
vn -0.6282 -0.2937 0.7205
vn -0.0127 0.9916 0.1289
vn -0.0463 0.9909 0.1265
vn 0.5317 -0.4841 -0.6949
vn 0.3936 0.6287 -0.6707
vn 0.0895 0.9800 0.1778
vn -0.5236 -0.2203 0.8230
vn 0.4297 -0.4343 0.7916
vn 0.4264 -0.4316 0.7949
vn -0.6870 -0.4184 0.5941
vn 0.4091 0.7172 -0.5641
vn 0.4791 -0.5857 -0.6538
vn -0.5822 -0.4088 0.7028
vn 0.3916 -0.4258 0.8157
vn 0.3697 -0.4779 -0.7968
vn 0.3866 0.4920 -0.7800
vn 0.3964 0.5189 -0.7574
vn 0.4586 -0.6288 0.6279
vn -0.5913 -0.4406 0.6754
vn 0.3906 0.4035 -0.8274
vn 0.4340 -0.5773 0.6916
vn 0.4127 -0.6986 0.5845
vn -0.2648 0.8032 0.5337
vn -0.2685 0.7976 0.5402
vn -0.2617 0.6653 0.6992
vn 0.4615 -0.7584 0.4602
vn 0.4700 -0.8160 0.3365
vn -0.1955 0.6588 0.7265
vn -0.1730 0.7597 0.6269
vn -0.1938 0.8134 0.5484
vn -0.2178 0.8237 0.5236
vn 0.4168 0.6732 -0.6108
vn 0.4498 -0.8654 0.2210
vn 0.4381 0.6331 -0.6382
vn 0.8197 -0.2555 -0.5126
vn -0.1751 0.6952 0.6972
vn 0.7703 -0.2489 -0.5871
vn -0.2764 0.5544 0.7850
vn 0.8180 -0.3064 -0.4868
vn -0.2353 0.4934 0.8374
vn -0.3831 -0.2071 0.9002
vn -0.3682 -0.3016 0.8795
vn 0.7644 -0.4246 -0.4852
vn 0.7705 -0.4603 -0.4409
vn -0.2238 0.4148 0.8819
vn 0.4386 -0.8954 0.0761
vn -0.4817 -0.3739 0.7926
vn -0.2776 0.6405 0.7161
vn -0.4757 -0.3768 0.7948
vn -0.5247 -0.5535 0.6467
vn -0.5301 -0.5675 0.6300
vn 0.7232 -0.2998 -0.6222
vn 0.4390 0.5449 -0.7144
vn 0.4317 0.5200 -0.7370
vn -0.1841 0.5641 0.8049
vn 0.3906 -0.9201 -0.0285
vn 0.3899 -0.9205 -0.0254
vn 0.4251 0.3805 -0.8213
vn 0.4342 0.3962 -0.8090
vn -0.4203 -0.5061 0.7531
vn -0.4252 -0.5231 0.7386
vn 0.2390 0.7397 0.6290
vn 0.2472 0.6412 0.7265
vn 0.3915 0.6326 0.6682
vn -0.1277 0.4663 0.8753
vn 0.3742 0.6843 0.6258
vn 0.2048 0.7099 0.6738
vn -0.1343 0.5032 0.8537
vn 0.1565 0.8635 0.4795
vn 0.1930 0.8713 0.4513
vn -0.1282 0.1946 0.9725
vn 0.2065 0.9024 0.3781
vn 0.1968 0.9003 0.3882
vn -0.1470 0.3492 0.9255
vn -0.1182 0.2606 0.9582
vn -0.1986 0.8787 0.4341
vn 0.1045 0.6045 -0.7897
vn -0.2318 0.8971 0.3761
vn -0.6660 -0.4474 0.5969
vn 0.1755 0.9419 0.2864
vn -0.6688 -0.4936 0.5559
vn -0.5744 -0.5754 0.5822
vn -0.2569 0.7161 0.6490
vn -0.2870 0.6813 0.6734
vn -0.3978 0.6307 0.6663
vn 0.3507 0.1689 -0.9212
vn -0.0823 0.6714 0.7365
vn 0.3146 0.2660 -0.9112
vn -0.0829 0.8067 0.5850
vn 0.3367 0.2669 -0.9030
vn -0.0609 0.6406 0.7655
vn -0.0802 0.7726 0.6298
vn 0.2329 0.0113 -0.9724
vn -0.0583 0.5964 0.8006
vn -0.0942 0.7045 0.7034
vn -0.1027 0.7415 0.6630
vn -0.0846 0.7028 0.7063
vn -0.6850 -0.5609 0.4649
vn 0.2195 0.9201 0.3245
vn -0.5948 -0.6182 0.5138
vn 0.2932 0.5143 -0.8059
vn -0.0853 0.7835 0.6155
vn 0.2726 0.8933 0.3575
vn -0.1067 0.8792 0.4644
vn -0.0956 0.8795 0.4662
vn 0.4623 0.3595 -0.8106
vn 0.0453 0.6989 0.7138
vn 0.2136 0.3637 -0.9067
vn 0.4092 0.8318 -0.3751
vn 0.2797 0.8872 0.3668
vn 0.2600 0.8905 0.3735
vn 0.2905 0.3938 -0.8721
vn 0.3927 0.7534 -0.5274
vn 0.4390 0.7422 -0.5065
vn 0.4495 0.7487 -0.4872
vn -0.2872 -0.3257 0.9008
vn 0.4855 0.7322 -0.4777
vn -0.3053 -0.3356 0.8912
vn 0.3628 0.8146 0.4526
vn -0.4541 0.8040 0.3838
vn 0.4973 0.7471 0.4411
vn 0.3951 0.8278 0.3984
vn 0.0154 0.4609 0.8873
vn -0.4658 0.7989 0.3805
vn -0.2203 -0.2306 0.9478
vn -0.2309 -0.2385 0.9433
vn -0.3817 0.8259 0.4149
vn 0.1510 0.5169 0.8426
vn 0.0973 0.4562 0.8845
vn 0.4223 0.6781 -0.6015
vn 0.3975 0.8403 0.3686
vn 0.3713 0.8332 0.4098
vn -0.1368 -0.2381 0.9616
vn -0.0833 -0.1742 0.9812
vn -0.4401 0.8022 0.4035
vn -0.0503 0.8453 0.5319
vn -0.0487 0.8411 0.5386
vn -0.7609 0.4640 0.4537
vn -0.3993 0.7253 0.5608
vn 0.0182 0.8058 0.5918
vn 0.4223 0.2243 -0.8783
vn 0.4002 0.6367 -0.6592
vn 0.4684 0.8026 0.3693
vn 0.3627 0.8165 0.4492
vn 0.3286 0.8138 0.4794
vn 0.3177 0.7815 0.5369
vn 0.3900 0.7021 0.5958
vn 0.2231 0.7896 0.5717
vn -0.3363 -0.4557 0.8241
vn 0.4435 0.6673 -0.5983
vn -0.2089 -0.4102 0.8878
vn -0.0522 0.2311 0.9715
vn -0.4827 0.7324 0.4802
vn -0.4682 0.7009 0.5380
vn 0.4897 0.7351 0.4688
vn -0.2894 -0.4954 0.8190
vn -0.0018 0.3256 0.9455
vn -0.3319 -0.5689 0.7525
vn 0.5448 0.6005 0.5853
vn 0.4663 0.6776 0.5687
vn 0.4104 0.1601 -0.8977
vn -0.5401 0.6123 0.5774
vn -0.5269 0.5761 0.6249
vn 0.6300 0.5581 0.5400
vn -0.6499 0.5701 0.5027
vn -0.1726 -0.3888 0.9050
vn -0.6295 0.5627 0.5358
vn 0.4784 0.6005 -0.6408
vn 0.4653 0.6133 -0.6383
vn 0.6231 0.6104 0.4890
vn 0.6526 0.5294 0.5421
vn 0.4904 0.7340 0.4698
vn 0.3040 0.0830 -0.9491
vn 0.3020 0.0428 -0.9523
vn -0.2553 -0.4805 0.8390
vn 0.5150 0.6782 -0.5243
vn 0.4622 0.7513 -0.4710
vn 0.4947 0.4629 -0.7355
vn 0.5100 0.7434 0.4327
vn 0.4953 0.6093 -0.6192
vn 0.5155 0.7498 0.4148
vn 0.5352 0.5190 -0.6665
vn 0.5680 0.6574 -0.4952
vn 0.4253 0.5861 -0.6897
vn 0.4204 0.5496 -0.7219
vn 0.4900 -0.1257 -0.8626
vn 0.4424 -0.1609 -0.8823
vn 0.4385 0.4711 -0.7653
vn 0.4324 0.2300 -0.8719
vn -0.0072 0.3241 0.9460
vn 0.1647 0.8998 0.4041
vn 0.1087 0.1831 0.9771
vn 0.3951 0.4056 -0.8242
vn -0.6699 0.6265 0.3984
vn 0.4499 0.4678 -0.7608
vn 0.4667 0.4816 -0.7418
vn 0.1796 0.2366 0.9549
vn -0.7125 0.5281 0.4619
vn -0.6484 0.5903 0.4808
vn 0.1457 0.1742 0.9739
vn 0.1018 0.9598 0.2616
vn 0.1911 0.8941 0.4049
vn 0.2097 0.9109 0.3553
vn 0.6120 0.6499 0.4508
vn 0.1847 0.9426 0.2782
vn 0.6409 0.6112 0.4644
vn -0.2565 -0.7872 -0.5608
vn -0.2367 -0.7924 -0.5622
vn 0.4924 -0.1203 -0.8620
vn -0.1984 -0.8277 -0.5249
vn -0.2118 -0.8463 -0.4887
vn 0.1267 0.9623 0.2408
vn -0.0941 -0.8228 -0.5604
vn 0.5725 0.7153 0.4008
vn 0.2064 -0.0396 0.9777
vn 0.1583 0.9561 0.2468
vn 0.2759 -0.1181 0.9539
vn -0.0969 -0.8251 -0.5567
vn -0.0760 -0.8686 -0.4897
vn -0.2039 0.2097 0.9563
vn 0.0142 -0.8710 -0.4911
vn 0.3004 -0.2094 -0.9305
vn 0.1851 0.6223 0.7606
vn 0.6649 0.6275 0.4052
vn -0.7521 0.4594 0.4725
vn -0.7533 0.4515 0.4782
vn 0.4186 -0.2208 -0.8809
vn 0.0276 -0.8121 -0.5828
vn 0.0380 -0.8191 -0.5723
vn 0.1317 -0.8093 -0.5724
vn -0.7989 0.4175 0.4329
vn -0.1670 0.0198 0.9858
vn -0.8102 0.4213 0.4074
vn -0.8489 0.3306 0.4124
vn 0.1853 0.6316 0.7528
vn 0.4333 -0.3259 -0.8403
vn 0.6130 0.6707 0.4177
vn 0.6932 0.5818 0.4255
vn 0.1429 0.7989 0.5842
vn 0.2101 0.7614 0.6133
vn 0.3871 -0.3852 -0.8377
vn 0.3794 -0.7100 -0.5932
vn -0.0571 -0.0141 0.9983
vn -0.0654 -0.0030 0.9979
vn 0.1762 -0.7607 -0.6247
vn 0.2321 -0.7423 -0.6286
vn 0.2758 -0.7053 -0.6531
vn 0.3664 -0.6918 -0.6222
vn 0.6422 0.5973 0.4805
vn 0.1618 -0.8460 -0.5081
vn 0.2771 -0.7958 -0.5384
vn -0.0264 -0.1040 0.9942
vn 0.2128 -0.8418 -0.4961
vn 0.3416 -0.7696 -0.5394
vn -0.7845 0.4534 0.4229
vn -0.7394 0.5284 0.4172
vn -0.7392 0.5287 0.4173
vn -0.3123 -0.9400 -0.1373
vn 0.3925 -0.4579 -0.7977
vn -0.3083 -0.9292 -0.2039
vn -0.0511 -0.2250 0.9730
vn -0.5556 0.7075 0.4367
vn -0.4802 0.7478 0.4585
vn 0.7422 0.4776 0.4702
vn -0.6232 0.6283 0.4656
vn 0.7632 0.4627 0.4510
vn 0.7686 0.4678 0.4364
vn -0.5766 0.6779 0.4562
vn 0.7181 0.5542 0.4210
vn -0.4760 0.7462 0.4654
vn 0.2338 0.8418 0.4865
vn 0.9529 -0.0322 0.3016
vn 0.2229 0.7259 0.6507
vn 0.2462 0.7164 0.6528
vn -0.0379 -0.2559 0.9659
vn -0.5692 0.7141 0.4075
vn -0.6336 0.6541 0.4131
vn -0.5712 0.7130 0.4067
vn 0.0687 -0.3676 0.9274
vn 0.0491 -0.3298 0.9428
vn 0.7885 0.4268 0.4428
vn 0.1269 0.4004 0.9075
vn 0.1294 0.5094 0.8507
vn -0.2027 -0.9451 -0.2561
vn -0.2972 -0.9204 -0.2542
vn -0.1933 0.8710 0.4516
vn 0.8017 0.4326 0.4125
vn 0.9502 -0.2389 0.1999
vn -0.2460 -0.9389 -0.2407
vn -0.0570 0.8838 0.4643
vn -0.0758 0.8862 0.4570
vn 0.0096 0.0305 0.9995
vn -0.1590 0.8637 0.4782
vn 0.0730 -0.0652 0.9952
vn -0.2051 0.9025 0.3786
vn -0.1970 0.9008 0.3871
vn 0.1099 -0.1581 0.9813
vn 0.0930 -0.0418 0.9948
vn -0.1404 -0.9352 -0.3251
vn -0.1410 -0.9334 -0.3299
vn 0.0705 -0.2072 0.9757
vn -0.2584 -0.8941 -0.3658
vn 0.8539 0.3104 0.4177
vn -0.1765 -0.9083 -0.3793
vn -0.1497 -0.8912 -0.4283
vn -0.1013 -0.8894 -0.4458
vn 0.4384 0.2853 -0.8523
vn 0.4425 0.2388 -0.8644
vn 0.9498 -0.2461 0.1931
vn 0.1653 0.3476 0.9230
vn 0.5468 -0.1478 -0.8241
vn 0.5383 -0.0408 -0.8417
vn -0.0515 -0.9148 -0.4005
vn 0.5052 -0.4137 -0.7574
vn 0.4894 -0.3867 -0.7816
vn 0.2356 0.5230 0.8191
vn 0.3862 0.3841 0.8386
vn 0.3319 0.4288 0.8402
vn 0.3233 0.4421 0.8367
vn 0.1688 0.3152 0.9339
vn 0.4434 0.5630 0.6974
vn 0.4337 0.5342 0.7257
vn 0.5663 0.3266 0.7567
vn -0.0455 -0.9157 -0.3992
vn 0.4812 0.4201 0.7693
vn 0.3279 0.5507 0.7676
vn 0.2483 0.6280 0.7376
vn 0.0353 -0.8857 -0.4629
vn 0.5155 0.5380 0.6670
vn 0.2188 -0.2757 0.9360
vn 0.2288 -0.3552 0.9063
vn 0.7193 0.1753 0.6722
vn 0.6278 0.3884 0.6745
vn 0.6279 0.3253 0.7071
vn 0.9523 -0.0954 0.2899
vn 0.9504 -0.2463 0.1901
vn 0.3906 0.1803 -0.9027
vn 0.5478 0.1936 0.8139
vn 0.5643 0.1474 0.8123
vn 0.4113 0.1338 0.9016
vn 0.4383 0.2732 0.8563
vn 0.8791 -0.4765 0.0078
vn 0.0207 -0.9019 -0.4314
vn 0.0988 -0.8786 -0.4673
vn -0.1752 0.9422 0.2857
vn -0.3276 0.8727 0.3621
vn -0.3601 0.8168 0.4507
vn 0.0798 -0.2514 0.9646
vn 0.3901 0.1815 0.9027
vn 0.4265 0.0394 -0.9036
vn 0.4070 0.0081 -0.9134
vn 0.1744 -0.3872 0.9053
vn 0.5278 -0.0665 0.8468
vn 0.5326 0.0359 0.8456
vn 0.5413 -0.0209 0.8406
vn 0.3993 0.0067 0.9168
vn 0.4577 -0.0783 0.8857
vn 0.2452 0.3344 0.9100
vn 0.6737 0.0334 0.7383
vn 0.2923 0.4438 0.8471
vn 0.2792 0.5232 0.8052
vn 0.7212 0.1033 0.6849
vn 0.8011 -0.1130 0.5878
vn 0.3023 0.6174 0.7262
vn 0.3424 0.6501 0.6783
vn 0.9268 -0.3653 0.0872
vn -0.2727 0.8932 0.3574
vn 0.9073 -0.4147 0.0699
vn 0.9316 -0.3195 0.1735
vn -0.2569 0.8898 0.3772
vn 0.6859 -0.0709 0.7242
vn 0.6711 -0.1039 0.7340
vn 0.7908 -0.1089 0.6023
vn -0.0839 0.9195 0.3839
vn 0.7740 -0.1370 0.6182
vn 0.1609 -0.4514 0.8777
vn 0.0001 0.9420 0.3355
vn -0.0809 0.9503 0.3007
vn 0.7530 0.3132 0.5787
vn 0.7772 0.1911 0.5995
vn 0.8113 0.1432 0.5668
vn -0.0534 0.9361 0.3477
vn 0.0142 0.9383 0.3456
vn 0.6849 0.3954 0.6121
vn 0.8349 -0.2904 0.4676
vn 0.7943 0.3578 0.4911
vn 0.7374 0.4614 0.4933
vn 0.8003 0.3288 0.5014
vn 0.2897 0.8277 0.4806
vn 0.3388 -0.4492 0.8267
vn 0.9407 -0.3026 0.1536
vn 0.2608 0.8902 0.3735
vn 0.3399 -0.4592 0.8207
vn 0.7488 0.6050 -0.2707
vn 0.7575 0.6085 -0.2363
vn 0.3230 0.7645 0.5578
vn 0.3228 0.7605 0.5634
vn 0.2962 0.8210 0.4882
vn -0.3595 0.8249 0.4362
vn -0.3202 0.8181 0.4777
vn -0.3235 0.7744 0.5437
vn -0.2596 0.7753 0.5758
vn 0.1742 0.9126 0.3699
vn -0.1770 0.8215 0.5420
vn 0.8671 0.1876 0.4615
vn -0.0256 0.8475 0.5302
vn 0.8720 0.1811 0.4548
vn 0.9102 0.0152 0.4139
vn 0.9028 -0.4176 0.1031
vn 0.8108 0.3580 0.4630
vn 0.1016 0.8994 0.4252
vn 0.8742 0.1928 0.4457
vn 0.8466 0.3100 0.4327
vn 0.9005 -0.4260 0.0871
vn 0.8299 0.5198 -0.2024
vn 0.0981 0.9582 0.2687
vn 0.8581 0.3205 0.4011
vn -0.8662 0.4446 -0.2282
vn 0.1783 0.9240 0.3383
vn 0.2688 0.9213 0.2810
vn 0.2810 0.9035 0.3236
vn -0.5465 -0.0500 -0.8360
vn -0.8860 0.4115 -0.2138
vn 0.8384 0.4164 -0.3518
vn 0.0311 0.0858 0.9958
vn 0.8815 0.4320 -0.1906
vn 0.0728 0.1159 0.9906
vn 0.8244 0.5231 -0.2161
vn 0.6844 0.5890 -0.4298
vn 0.7619 0.5244 -0.3802
vn 0.7479 0.5266 -0.4041
vn 0.8606 0.3175 0.3981
vn 0.9225 0.1136 0.3690
vn 0.9161 0.1531 0.3707
vn 0.8851 -0.4445 0.1380
vn -0.0342 -0.1530 0.9876
vn -0.0243 -0.1621 0.9865
vn 0.9159 -0.3944 0.0752
vn 0.9024 -0.4248 0.0721
vn 0.9253 0.1456 0.3501
vn 0.9359 0.1283 0.3279
vn 0.1451 0.2326 0.9617
vn 0.9366 0.0330 0.3488
vn -0.5954 0.4665 0.6541
vn 0.9182 0.0058 0.3961
vn 0.8401 0.3349 -0.4267
vn 0.8323 0.4124 -0.3704
vn -0.4253 0.6020 0.6758
vn -0.5948 0.2281 0.7708
vn -0.6030 0.3217 0.7300
vn -0.5623 0.4020 0.7226
vn -0.9023 0.2013 -0.3813
vn 0.0978 0.9767 0.1911
vn 0.8697 -0.4936 0.0014
vn 0.9144 0.1214 0.3863
vn 0.9312 -0.0134 0.3642
vn -0.7043 0.2671 0.6577
vn 0.8490 -0.5283 -0.0039
vn -0.7198 0.0632 0.6913
vn -0.7086 -0.0598 0.7030
vn -0.7677 0.1047 0.6322
vn -0.7649 0.0844 0.6386
vn 0.8565 0.2727 -0.4383
vn -0.8066 -0.0892 0.5843
vn 0.9496 -0.0101 0.3134
vn 0.9632 -0.0772 0.2574
vn -0.9135 0.2112 -0.3477
vn 0.9162 0.2060 -0.3438
vn 0.9026 0.1798 -0.3912
vn -0.6798 -0.0778 0.7292
vn -0.7774 -0.1598 0.6084
vn -0.7790 -0.2119 0.5901
vn -0.4476 0.3729 0.8128
vn 0.8484 -0.0416 0.5276
vn 0.8738 -0.0702 0.4812
vn 0.8493 -0.5267 0.0349
vn -0.2048 0.6139 0.7624
vn -0.1720 0.6317 0.7559
vn 0.8613 -0.2633 0.4347
vn 0.8832 -0.2082 0.4202
vn -0.9047 0.3670 -0.2164
vn 0.9073 0.3629 -0.2126
vn 0.9013 0.3314 -0.2791
vn 0.2285 0.9519 0.2042
vn 0.9406 -0.1151 0.3195
vn -0.8962 0.1167 -0.4280
vn 0.2392 0.9310 0.2758
vn -0.1282 -0.4108 0.9027
vn -0.9224 0.0064 -0.3861
vn -0.1788 0.4846 -0.8563
vn -0.0891 -0.3843 0.9189
vn -0.0435 -0.3212 0.9460
vn 0.9216 0.0076 -0.3880
vn -0.3526 0.4041 0.8440
vn -0.3389 0.4222 0.8408
vn 0.8996 0.1040 -0.4241
vn 0.3510 0.8882 0.2965
vn 0.0985 -0.0540 0.9937
vn 0.0834 -0.0938 0.9921
vn 0.8138 -0.5768 -0.0707
vn 0.9192 -0.2642 0.2919
vn 0.9194 -0.2338 0.3164
vn 0.9371 -0.1199 0.3277
vn -0.1957 0.4702 0.8606
vn -0.1979 0.4676 0.8615
vn -0.0911 0.5267 0.8451
vn 0.1884 0.0896 0.9780
vn 0.2130 0.1041 0.9715
vn 0.2539 0.1866 0.9491
vn 0.9484 -0.1748 0.2644
vn 0.9542 -0.2314 0.1895
vn 0.9542 -0.1654 0.2493
vn 0.8388 -0.5443 -0.0123
vn 0.9405 -0.3011 0.1573
vn 0.8195 -0.5717 -0.0396
vn 0.7907 -0.6098 -0.0542
vn 0.7907 0.1110 -0.6020
vn 0.7682 -0.0013 -0.6402
vn 0.8234 0.1169 -0.5553
vn 0.7769 0.1417 -0.6134
vn 0.9301 -0.2624 0.2571
vn 0.3820 0.9047 0.1887
vn 0.8745 -0.4037 0.2687
vn 0.8585 0.0451 -0.5108
vn 0.9256 -0.3338 0.1787
vn 0.3180 0.4325 0.8437
vn 0.8830 -0.4609 0.0888
vn -0.4342 0.5340 0.7255
vn -0.4883 0.4557 0.7443
vn -0.3165 0.5525 0.7711
vn -0.2619 0.6059 0.7512
vn -0.3814 0.1965 -0.9033
vn 0.9070 -0.3908 0.1570
vn -0.5467 0.1829 0.8171
vn -0.8755 -0.1497 -0.4594
vn -0.5505 0.2047 0.8094
vn 0.8437 -0.5054 0.1810
vn -0.8851 -0.2149 -0.4128
vn 0.2840 0.2084 0.9359
vn 0.8794 -0.1385 -0.4554
vn 0.1312 0.9889 0.0698
vn 0.4798 -0.1939 -0.8557
vn 0.2318 0.9712 0.0554
vn 0.6650 -0.1947 0.7210
vn 0.5796 -0.2527 0.7748
vn 0.5703 -0.2915 0.7680
vn 0.0956 -0.1857 0.9779
vn 0.5826 -0.4569 0.6722
vn 0.5965 -0.3924 0.7002
vn 0.2925 0.9496 0.1127
vn 0.1135 -0.1793 0.9772
vn 0.5058 -0.2965 0.8101
vn 0.6600 -0.5337 0.5286
vn 0.5927 -0.5228 0.6127
vn 0.6206 -0.5496 0.5592
vn 0.6871 -0.5804 0.4371
vn 0.7229 -0.3476 0.5972
vn 0.7245 -0.3551 0.5907
vn 0.6994 -0.3253 0.6364
vn -0.8514 -0.3001 -0.4302
vn -0.4463 0.0327 -0.8943
vn -0.4573 0.0288 -0.8889
vn 0.5370 -0.6891 0.4866
vn 0.2915 0.9515 0.0984
vn 0.5673 -0.6729 0.4748
vn -0.3894 0.1263 -0.9124
vn 0.5095 -0.6295 0.5866
vn -0.5803 0.0317 0.8138
vn 0.8823 -0.2169 -0.4177
vn 0.8469 -0.3003 -0.4388
vn 0.2045 -0.0625 0.9769
vn 0.5165 -0.7648 -0.3851
vn -0.6187 0.7827 0.0680
vn 0.8019 -0.5885 -0.1030
vn 0.7809 -0.6113 -0.1282
vn -0.5384 -0.0419 0.8417
vn -0.4585 -0.0130 0.8886
vn 0.4245 0.9052 0.0231
vn -0.2743 0.3279 -0.9040
vn -0.3919 0.2064 0.8965
vn 0.1130 0.6467 0.7543
vn -0.2260 0.3412 -0.9124
vn -0.3564 0.2795 0.8915
vn 0.9416 -0.3310 0.0624
vn -0.2152 0.3223 0.9219
vn -0.7698 -0.4025 -0.4954
vn 0.4855 -0.7538 0.4428
vn 0.4887 -0.7974 0.3541
vn -0.6571 0.7484 -0.0897
vn 0.8179 -0.4998 0.2852
vn 0.7956 -0.5467 0.2610
vn 0.7859 -0.4483 0.4259
vn 0.7912 -0.4022 0.4606
vn 0.7208 -0.5623 0.4053
vn 0.7242 -0.6330 0.2736
vn 0.7197 -0.6356 0.2794
vn -0.3872 0.1293 0.9129
vn 0.7700 -0.4337 -0.4680
vn 0.8565 -0.5117 -0.0667
vn -0.7903 0.6117 0.0340
vn -0.8571 0.5141 0.0324
vn 0.8741 -0.4839 -0.0418
vn 0.8925 -0.4499 -0.0316
vn 0.7765 -0.6139 0.1419
vn 0.7169 -0.6843 0.1331
vn 0.6119 -0.6931 0.3810
vn 0.6177 -0.6896 0.3780
vn -0.6445 0.7535 -0.1299
vn 0.7918 -0.3708 -0.4854
vn 0.5543 -0.8055 0.2095
vn 0.5616 -0.7972 0.2213
vn 0.5438 -0.7750 0.3220
vn 0.4703 -0.8616 0.1909
vn 0.6335 -0.7353 0.2407
vn 0.6527 -0.7060 0.2748
vn 0.6360 -0.3699 -0.6773
vn 0.5907 -0.8043 0.0655
vn 0.5768 -0.8139 0.0702
vn 0.1553 0.5460 0.8232
vn 0.4589 -0.5610 -0.6889
vn 0.5011 -0.5813 -0.6411
vn 0.5248 -0.8501 0.0438
vn 0.6193 -0.5195 -0.5887
vn 0.6773 -0.4068 -0.6130
vn 0.7034 -0.7094 0.0452
vn -0.8367 -0.1520 -0.5262
vn 0.8246 -0.1250 -0.5518
vn 0.6957 -0.7101 0.1085
vn 0.6655 -0.7374 0.1158
vn 0.7490 -0.3366 -0.5707
vn 0.7905 -0.1800 -0.5855
vn 0.7999 -0.1581 -0.5789
vn 0.8678 -0.4240 0.2591
vn -0.8485 0.2754 0.4520
vn 0.8831 -0.4487 0.1374
vn -0.7733 0.3954 0.4957
vn -0.8309 0.1225 0.5428
vn -0.8337 0.1570 0.5295
vn 0.2964 0.5142 0.8048
vn -0.8597 0.1742 0.4801
vn 0.5011 -0.7179 -0.4831
vn -0.9118 0.0881 0.4012
vn 0.7846 -0.5926 -0.1824
vn -0.5699 0.8059 -0.1604
vn -0.7233 0.6896 -0.0372
vn -0.7037 0.3970 0.5892
vn -0.7193 0.3439 0.6037
vn -0.7027 0.3920 0.5938
vn -0.8151 0.5674 -0.1165
vn -0.7555 0.6333 -0.1680
vn 0.6176 -0.5822 -0.5288
vn 0.6614 -0.5723 -0.4848
vn -0.8557 0.2814 0.4342
vn -0.8400 0.2944 0.4558
vn -0.8961 0.1870 0.4026
vn 0.4433 -0.8929 0.0792
vn 0.6960 -0.6655 -0.2696
vn 0.7181 -0.6456 -0.2598
vn 0.3585 -0.7750 -0.5203
vn 0.9098 -0.4103 -0.0633
vn 0.8282 -0.5389 -0.1538
vn -0.4945 0.8611 -0.1187
vn 0.4723 -0.6654 -0.5781
vn 0.5208 -0.6722 -0.5263
vn -0.9641 0.2449 0.1029
vn -0.5193 0.8393 -0.1607
vn -0.9022 0.2414 0.3573
vn -0.9223 0.1413 0.3596
vn 0.1160 0.8351 0.5378
vn -0.9602 0.2791 0.0077
vn -0.9640 0.2657 -0.0011
vn 0.7996 -0.5532 -0.2336
vn 0.1747 0.6915 0.7010
vn 0.1961 -0.1934 -0.9613
vn 0.8127 -0.5565 -0.1724
vn 0.2004 -0.1907 -0.9610
vn -0.6890 0.7122 -0.1342
vn -0.7648 0.5851 -0.2697
vn 0.1676 0.8397 0.5165
vn 0.2135 0.7780 0.5909
vn -0.9893 0.0211 0.1442
vn -0.9545 0.0301 0.2966
vn -0.5840 0.7977 -0.1505
vn -0.9069 0.2033 0.3690
vn -0.9097 0.0857 0.4063
vn -0.6097 0.7667 -0.2011
vn -0.9974 -0.0139 0.0700
vn 0.2982 0.0333 -0.9539
vn -0.8857 0.4630 -0.0337
vn -0.9427 -0.0103 0.3335
vn -0.9427 -0.1616 0.2920
vn 0.3372 0.6862 0.6445
vn -0.9406 -0.0707 0.3320
vn -0.6104 0.7533 -0.2449
vn -0.6668 0.6291 -0.3995
vn -0.6828 0.6664 -0.2996
vn -0.5161 0.8134 -0.2683
vn -0.4984 0.8347 -0.2344
vn -0.5941 0.7122 -0.3738
vn -0.5913 0.7591 -0.2723
vn 0.7534 -0.6413 -0.1450
vn 0.7267 -0.6733 -0.1360
vn 0.0980 -0.3604 -0.9276
vn 0.0815 -0.3722 -0.9246
vn 0.7408 -0.6585 -0.1325
vn 0.2357 0.8629 0.4471
vn -0.9533 0.0108 0.3019
vn 0.6632 -0.7155 -0.2194
vn -0.8498 0.5170 -0.1026
vn -0.4931 0.7964 -0.3501
vn -0.5577 0.7205 -0.4120
vn -0.6254 0.5768 -0.5256
vn -0.4994 0.6030 -0.6221
vn -0.6259 0.5420 -0.5608
vn -0.5280 0.6810 -0.5074
vn -0.8993 0.4178 -0.1290
vn -0.5415 0.6803 -0.4939
vn -0.5355 0.5198 -0.6657
vn -0.9982 0.0544 0.0241
vn -0.9669 -0.0626 0.2474
vn 0.6997 -0.6742 -0.2363
vn 0.6168 -0.7093 -0.3412
vn -0.9679 0.2296 -0.1021
vn -0.9534 0.2884 -0.0888
vn -0.9193 -0.0968 0.3815
vn -0.5648 0.7939 -0.2252
vn 0.6313 -0.7252 -0.2749
vn 0.6470 -0.7175 -0.2580
vn -0.8296 0.5286 -0.1797
vn 0.7596 -0.6486 -0.0492
vn -0.8352 0.4341 -0.3375
vn -0.8398 0.3511 -0.4141
vn -0.8837 -0.1379 0.4472
vn 0.7693 -0.6387 0.0164
vn -0.7507 0.6295 -0.2006
vn 0.3003 0.6150 0.7291
vn 0.6762 -0.7299 -0.1000
vn -0.8729 -0.3705 0.3175
vn -0.8776 -0.1904 0.4401
vn -0.8836 -0.1383 0.4474
vn -0.8302 -0.4123 0.3753
vn -0.8173 -0.3153 0.4824
vn -0.8156 -0.3288 0.4762
vn 0.3132 0.5611 0.7662
vn -0.8500 0.0518 -0.5242
vn -0.8382 -0.0230 -0.5448
vn -0.7459 0.6172 -0.2506
vn -0.7500 0.6277 -0.2085
vn -0.6759 0.6013 -0.4261
vn -0.7255 0.5334 -0.4350
vn -0.7419 0.4674 -0.4808
vn -0.7707 0.5529 -0.3168
vn 0.6972 -0.7099 -0.1003
vn -0.8316 0.3467 -0.4338
vn -0.8086 0.1406 -0.5714
vn -0.8032 0.2536 -0.5391
vn 0.2921 -0.0361 -0.9557
vn -0.7210 -0.1947 -0.6650
vn -0.9403 -0.2002 0.2753
vn -0.9244 -0.1031 0.3673
vn -0.7547 -0.4374 -0.4889
vn -0.9468 -0.2495 0.2035
vn -0.7054 0.6674 -0.2388
vn -0.7794 -0.2581 -0.5709
vn -0.9424 -0.2432 0.2295
vn -0.9371 -0.2033 0.2838
vn -0.5737 0.7656 -0.2911
vn -0.9527 -0.2233 0.2063
vn -0.9559 -0.2201 0.1942
vn -0.7603 -0.3156 -0.5678
vn -0.6469 -0.4049 -0.6462
vn -0.8772 -0.3772 0.2971
vn -0.4480 -0.5569 -0.6994
vn 0.3463 0.0245 -0.9378
vn 0.3801 0.1829 -0.9067
vn 0.3920 0.2009 -0.8978
vn 0.3233 0.7249 0.6082
vn -0.9141 -0.3243 0.2435
vn -0.9104 -0.3610 0.2023
vn -0.9129 -0.3821 0.1436
vn -0.9211 -0.3436 0.1831
vn -0.9242 0.3122 -0.2197
vn -0.5723 -0.5435 -0.6141
vn 0.6781 -0.6945 -0.2405
vn 0.6617 -0.7103 -0.2399
vn 0.6205 -0.7328 -0.2792
vn -0.8317 0.5073 -0.2258
vn -0.5717 -0.5281 -0.6279
vn -0.7417 0.6003 -0.2991
vn -0.7080 0.6478 -0.2812
vn 0.7035 -0.6974 -0.1370
vn -0.8787 0.4296 -0.2080
vn 0.2990 -0.0385 -0.9535
vn 0.7116 -0.6894 -0.1355
vn 0.3618 0.8257 0.4329
vn 0.2160 -0.2124 -0.9530
vn -0.6196 -0.6004 -0.5056
vn -0.6407 -0.5590 -0.5264
vn -0.8596 -0.4944 0.1292
vn 0.2099 -0.2461 -0.9462
vn -0.7557 -0.4421 0.4832
vn -0.7003 -0.3207 0.6377
vn -0.6841 -0.5871 0.4328
vn 0.3925 0.7634 0.5130
vn 0.2907 -0.1120 -0.9502
vn 0.5951 -0.7582 -0.2666
vn -0.9251 -0.3096 0.2199
vn -0.9781 -0.1848 0.0958
vn -0.9591 -0.2305 0.1645
vn -0.4537 -0.2395 0.8583
vn -0.6586 -0.2129 0.7217
vn -0.5814 -0.2014 0.7883
vn -0.4474 -0.7777 -0.4417
vn -0.5744 -0.4117 0.7075
vn -0.5460 -0.3847 0.7442
vn -0.9940 0.0871 -0.0660
vn -0.5372 -0.3062 0.7859
vn -0.4758 -0.2505 -0.8431
vn -0.4137 -0.1020 -0.9047
vn -0.9795 -0.1794 0.0921
vn -0.4134 -0.1038 0.9046
vn 0.2560 -0.0921 -0.9623
vn -0.2438 -0.8499 -0.4671
vn 0.6563 -0.7291 -0.1942
vn 0.5449 -0.8320 -0.1041
vn 0.4961 -0.8647 -0.0788
vn 0.6475 -0.7485 -0.1435
vn -0.8971 -0.3818 0.2226
vn 0.6547 -0.7552 -0.0322
vn 0.6182 -0.7856 -0.0250
vn 0.4933 0.6733 0.5507
vn 0.5544 -0.8189 -0.1485
vn 0.5260 -0.8228 -0.2153
vn -0.7637 -0.5536 0.3321
vn -0.7904 -0.5211 0.3222
vn 0.5422 -0.8018 -0.2513
vn 0.6503 -0.7346 -0.1933
vn -0.4608 -0.2940 -0.8374
vn 0.5935 -0.7641 -0.2529
vn -0.3728 -0.4668 -0.8019
vn 0.8284 -0.5599 0.0153
vn 0.0082 -0.5089 -0.8608
vn 0.8008 -0.5954 0.0650
vn -0.0543 -0.5911 -0.8048
vn -0.0221 -0.5506 -0.8344
vn 0.5621 0.6462 0.5162
vn 0.1183 -0.3777 -0.9183
vn -0.1363 -0.6697 -0.7300
vn -0.1043 -0.6286 -0.7707
vn -0.4588 -0.4975 0.7362
vn -0.9220 -0.3651 0.1287
vn -0.3603 -0.3124 -0.8790
vn -0.4853 -0.6593 -0.5743
vn -0.5091 -0.6753 -0.5336
vn -0.3931 -0.4651 0.7932
vn -0.3862 -0.6992 -0.6016
vn 0.8157 -0.5751 0.0628
vn -0.2407 -0.7353 -0.6335
vn -0.2748 -0.7060 -0.6527
vn -0.3780 -0.6896 -0.6177
vn -0.1491 -0.8211 -0.5509
vn -0.2219 -0.7958 -0.5635
vn -0.2626 -0.8045 -0.5328
vn -0.3439 -0.7648 -0.5448
vn -0.8890 -0.4195 0.1835
vn -0.8706 -0.4532 0.1914
vn -0.3604 -0.3122 0.8790
vn 0.8282 -0.5596 0.0296
vn -0.9886 0.0611 -0.1376
vn -0.6429 -0.5283 0.5547
vn -0.7036 -0.4164 0.5758
vn -0.6787 -0.2925 0.6737
vn -0.5994 -0.5312 0.5988
vn -0.6117 -0.5434 0.5749
vn -0.9869 -0.1608 -0.0106
vn -0.9888 -0.1491 -0.0043
vn 0.0420 -0.4917 -0.8697
vn -0.9958 0.0535 -0.0743
vn -0.9213 0.3261 -0.2119
vn -0.9567 0.2017 -0.2098
vn -0.4214 -0.4928 -0.7613
vn 0.7723 -0.6298 -0.0827
vn -0.4707 -0.5896 0.6564
vn -0.6722 0.1753 -0.7193
vn -0.7062 0.3200 -0.6315
vn -0.7248 0.3458 -0.5959
vn 0.7714 -0.6337 -0.0575
vn -0.7237 0.3999 -0.5625
vn -0.6081 0.3848 -0.6944
vn -0.4733 -0.5826 0.6608
vn 0.0237 -0.4763 -0.8790
vn 0.0047 -0.5286 -0.8489
vn -0.5856 0.4920 -0.6442
vn -0.0708 -0.5782 -0.8128
vn -0.5014 0.3288 -0.8003
vn -0.5787 0.3132 -0.7530
vn -0.0300 -0.5403 -0.8409
vn 0.7546 -0.6367 -0.1587
vn 0.7796 -0.6193 -0.0933
vn 0.7546 -0.6366 -0.1591
vn 0.4798 0.5788 0.6594
vn 0.4771 0.5785 0.6616
vn -0.5995 0.1911 -0.7772
vn -0.5668 0.1432 -0.8113
vn -0.4548 0.1811 -0.8720
vn -0.6849 0.1033 -0.7212
vn -0.7383 0.0334 -0.6737
vn -0.5878 -0.1130 -0.8011
vn -0.6182 -0.1370 -0.7740
vn -0.7242 -0.0710 -0.6859
vn -0.7340 -0.1039 -0.6711
vn -0.5277 -0.0416 -0.8484
vn -0.6023 -0.1089 -0.7908
vn 0.5247 -0.7846 -0.3304
vn -0.4347 -0.2633 -0.8613
vn -0.4202 -0.2081 -0.8833
vn -0.4676 -0.2904 -0.8349
vn -0.4948 -0.7074 0.5048
vn -0.4813 -0.0702 -0.8738
vn 0.5310 -0.7627 -0.3692
vn -0.4496 -0.5600 -0.6959
vn -0.5989 -0.3376 -0.7262
vn -0.5719 -0.6552 0.4936
vn -0.6044 -0.6976 0.3848
vn -0.6298 -0.3343 -0.7012
vn -0.4715 -0.6897 0.5495
vn -0.4611 -0.3977 -0.7932
vn -0.4944 -0.4195 -0.7613
vn -0.2860 -0.6276 -0.7241
vn -0.2799 -0.6236 -0.7299
vn -0.4776 -0.7571 0.4457
vn -0.9614 -0.2751 -0.0030
vn 0.1757 -0.3213 -0.9305
vn -0.5017 -0.7783 0.3775
vn 0.1530 -0.3021 -0.9409
vn 0.1066 -0.4181 -0.9021
vn 0.1594 -0.2995 -0.9407
vn 0.1897 -0.2317 -0.9541
vn -0.9897 -0.0524 -0.1332
vn -0.9618 -0.2716 -0.0345
vn -0.7443 0.5935 -0.3062
vn -0.3444 0.9388 -0.0064
vn 0.1643 -0.3833 -0.9089
vn 0.0730 -0.4241 -0.9027
vn -0.2031 0.9783 0.0411
vn -0.8610 0.4035 -0.3096
vn 0.0762 -0.3930 -0.9164
vn -0.1894 0.9787 0.0786
vn 0.1154 -0.4346 -0.8932
vn -0.7972 -0.4917 0.3504
vn -0.7411 -0.5391 0.4002
vn 0.1147 -0.4352 -0.8930
vn -0.7338 -0.5512 0.3971
vn -0.7106 -0.6432 0.2850
vn -0.7665 -0.6074 0.2086
vn -0.8363 -0.5048 0.2139
vn -0.8003 -0.5532 0.2314
vn -0.8555 -0.5081 0.0997
vn -0.2613 0.9652 0.0077
vn -0.7914 -0.6101 0.0384
vn -0.7819 -0.6221 0.0415
vn -0.7472 -0.6474 0.1502
vn -0.6179 -0.6895 0.3778
vn -0.6267 -0.7746 0.0850
vn -0.6708 -0.7346 0.1018
vn -0.6697 -0.7355 0.1023
vn -0.6427 -0.7260 0.2444
vn -0.8103 0.4863 -0.3269
vn -0.6542 -0.7071 0.2683
vn -0.0103 0.9818 0.1894
vn 0.0464 0.9790 0.1985
vn 0.4590 0.4677 0.7554
vn 0.6029 -0.7432 -0.2901
vn 0.5421 -0.7656 -0.3462
vn 0.6276 0.5470 -0.5540
vn 0.6511 0.5378 -0.5356
vn -0.5506 -0.7588 0.3479
vn -0.5532 -0.8207 0.1430
vn -0.5660 -0.7944 0.2203
vn -0.5496 -0.7997 0.2417
vn 0.4917 0.3559 -0.7947
vn 0.5012 0.3291 -0.8003
vn 0.6112 0.3617 -0.7040
vn 0.5846 0.4926 -0.6446
vn -0.9532 0.1815 -0.2418
vn -0.4499 -0.8386 0.3072
vn -0.5249 -0.8434 0.1148
vn -0.5597 -0.8286 -0.0085
vn -0.5358 -0.8443 -0.0053
vn -0.4858 -0.8732 -0.0390
vn -0.9024 0.2913 -0.3176
vn 0.5832 0.3120 -0.7500
vn 0.5815 0.1379 -0.8018
vn -0.9797 -0.1629 -0.1173
vn -0.0582 0.9887 0.1381
vn -0.9853 -0.0805 -0.1510
vn -0.1116 0.9913 0.0700
vn 0.4095 0.3236 -0.8530
vn -0.9706 0.0450 -0.2366
vn -0.1127 0.9907 0.0768
vn 0.6158 -0.7276 -0.3023
vn 0.5286 -0.7654 -0.3670
vn 0.5586 -0.7455 -0.3635
vn 0.3599 0.2119 -0.9086
vn 0.3662 0.1867 -0.9116
vn 0.3104 0.0413 -0.9497
vn -0.4783 -0.8460 0.2355
vn 0.4637 0.3582 -0.8104
vn -0.9771 -0.0214 -0.2118
vn 0.4941 -0.7457 -0.4470
vn -0.4466 -0.8753 0.1852
vn -0.9027 0.2745 -0.3314
vn 0.4307 0.1679 -0.8867
vn 0.4336 0.3117 -0.8454
vn -0.8708 0.3259 -0.3682
vn -0.4224 -0.9029 0.0802
vn -0.4625 -0.8771 0.1292
vn -0.0062 0.9907 0.1361
vn -0.9382 0.1528 -0.3106
vn 0.3131 -0.0038 -0.9497
vn 0.0126 0.9872 0.1592
vn 0.4175 -0.7675 -0.4865
vn 0.0144 0.9928 0.1192
vn -0.4221 -0.9061 -0.0284
vn -0.4891 0.8720 -0.0191
vn 0.4699 -0.7760 -0.4206
vn 0.3662 -0.0191 -0.9303
vn -0.2871 0.9575 0.0283
vn 0.4161 0.2011 -0.8868
vn -0.4921 0.8695 -0.0414
vn 0.4501 -0.7640 -0.4622
vn 0.4143 0.0156 -0.9100
vn 0.3491 0.0329 -0.9365
vn 0.4615 0.1871 -0.8672
vn 0.4552 0.1809 -0.8718
vn -0.0612 0.9844 0.1648
vn 0.5195 -0.0656 -0.8520
vn 0.5871 0.1192 -0.8007
vn -0.9514 0.0452 0.3046
vn -0.9233 0.1412 0.3571
vn 0.4159 -0.2107 -0.8847
vn 0.4344 -0.7517 -0.4961
vn 0.4171 -0.3549 -0.8367
vn -0.2130 0.9770 0.0105
vn -0.1236 0.9780 0.1678
vn -0.1038 0.9794 0.1733
vn 0.5716 -0.1162 -0.8123
vn 0.2495 -0.1639 -0.9544
vn 0.5201 -0.7604 -0.3889
vn 0.2654 -0.1740 -0.9483
vn -0.8652 0.3324 0.3755
vn 0.6034 0.3370 0.7227
vn -0.1931 0.9793 -0.0611
vn -0.3779 0.9185 -0.1164
vn -0.3307 0.9383 -0.1016
vn -0.8151 0.4473 0.3682
vn 0.0046 0.9721 0.2343
vn -0.7789 0.5012 0.3770
vn -0.9262 0.2160 0.3090
vn 0.0534 0.9678 0.2460
vn 0.1808 -0.3317 -0.9259
vn 0.2573 -0.2554 -0.9320
vn 0.3200 -0.1155 -0.9404
vn 0.1038 0.9644 0.2432
vn 0.0632 0.9694 0.2371
vn 0.3960 0.0057 -0.9182
vn -0.2686 0.9570 -0.1097
vn 0.3277 -0.1198 -0.9372
vn 0.2980 -0.2573 -0.9192
vn -0.0101 0.9819 0.1893
vn 0.3168 -0.2340 -0.9192
vn -0.1518 0.9838 0.0951
vn 0.1741 -0.4125 -0.8942
vn 0.5167 -0.7920 -0.3251
vn 0.2675 -0.3880 -0.8820
vn -0.0310 0.9974 0.0650
vn 0.4921 -0.0813 -0.8667
vn -0.0767 0.9970 -0.0056
vn 0.0463 0.9943 0.0964
vn -0.1338 0.9892 -0.0597
vn -0.0757 0.9971 0.0005
vn -0.8963 0.2666 0.3543
vn 0.4397 -0.8061 -0.3960
vn 0.4308 -0.7853 -0.4446
vn -0.2367 0.9695 -0.0628
vn -0.9578 0.0770 0.2769
vn -0.9744 -0.1155 0.1929
vn -0.4232 0.8876 -0.1819
vn 0.4743 -0.7110 -0.5192
vn 0.4654 -0.7099 -0.5286
vn -0.7837 0.5392 0.3083
vn -0.7519 0.5603 0.3476
vn -0.1839 -0.7361 -0.6514
vn -0.1850 -0.7360 -0.6512
vn -0.3742 0.9234 -0.0855
vn -0.8543 0.4150 0.3130
vn 0.5843 0.4728 0.6596
vn -0.1560 -0.7366 -0.6581
vn -0.4183 0.9014 -0.1115
vn -0.4128 0.9053 -0.1005
vn -0.7769 0.5558 0.2959
vn -0.6987 0.6564 0.2846
vn -0.2644 0.9634 -0.0438
vn -0.2711 0.9624 -0.0161
vn -0.2549 0.9520 -0.1696
vn -0.1894 -0.7313 -0.6553
vn 0.1493 -0.5637 -0.8123
vn -0.3068 0.9286 -0.2090
vn 0.2684 -0.6568 -0.7047
vn -0.1215 0.9862 -0.1126
vn -0.3098 0.9435 -0.1179
vn -0.5724 0.7936 0.2065
vn -0.2965 0.9409 -0.1638
vn -0.1415 -0.6920 -0.7079
vn -0.7782 0.5988 0.1893
vn -0.0887 -0.6784 -0.7293
vn -0.6931 0.6822 0.2330
vn 0.2760 -0.6041 -0.7476
vn -0.6212 0.7562 0.2055
vn -0.0793 -0.6343 -0.7690
vn -0.1957 0.9659 -0.1694
vn -0.0630 0.9913 -0.1155
vn -0.4738 0.8773 -0.0763
vn 0.0020 -0.6020 -0.7985
vn 0.5712 0.6514 0.4993
vn -0.5432 0.8162 -0.1969
vn 0.2477 -0.5766 -0.7786
vn -0.2355 0.9668 -0.0997
vn -0.0358 -0.7035 -0.7098
vn -0.3498 0.9107 -0.2197
vn -0.0882 -0.6789 -0.7289
vn 0.3813 -0.6614 -0.6459
vn -0.0503 -0.6874 -0.7245
vn 0.0010 -0.6011 -0.7992
vn 0.3730 -0.6333 -0.6781
vn 0.3333 -0.6051 -0.7230
vn 0.0928 -0.6643 -0.7417
vn 0.4478 -0.6744 -0.5871
vn -0.4169 0.8809 -0.2242
vn -0.4115 0.8856 -0.2151
vn -0.3702 0.9010 -0.2264
vn -0.4384 0.8179 -0.3726
vn -0.4444 0.8136 -0.3750
vn -0.4022 0.8636 -0.3039
vn -0.5477 0.7877 -0.2819
vn -0.7187 0.6831 0.1300
vn -0.7836 0.6005 0.1591
vn -0.1555 -0.6454 -0.7478
vn -0.1590 -0.6447 -0.7477
vn -0.1094 -0.6246 -0.7733
vn -0.0921 -0.6217 -0.7779
vn -0.9206 0.3374 0.1966
vn 0.0152 -0.5388 -0.8423
vn -0.9304 0.3241 0.1709
vn 0.0718 -0.5129 -0.8554
vn 0.0945 0.9877 0.1248
vn 0.0614 0.9938 0.0925
vn -0.0862 -0.7749 -0.6262
vn -0.0378 -0.7491 -0.6613
vn 0.0619 0.9970 0.0461
vn 0.0317 -0.7709 -0.6362
vn 0.1057 -0.5735 -0.8124
vn 0.1562 -0.5410 -0.8264
vn 0.2021 -0.4314 -0.8792
vn 0.6149 0.4890 0.6188
vn 0.0943 -0.5878 -0.8035
vn 0.1500 0.9789 0.1389
vn 0.2613 -0.5593 -0.7867
vn -0.8360 0.4972 0.2321
vn -0.3654 0.8748 -0.3182
vn -0.3729 0.8708 -0.3204
vn -0.9226 0.3706 0.1065
vn -0.4167 0.8225 -0.3872
vn 0.3396 -0.4221 -0.8406
vn 0.3132 -0.4963 -0.8097
vn 0.4997 -0.3490 -0.7928
vn -0.8680 0.4865 0.0993
vn 0.3365 -0.7226 -0.6038
vn 0.3894 -0.7526 -0.5310
vn 0.3472 -0.7470 -0.5669
vn 0.4570 -0.5400 -0.7068
vn 0.4126 -0.5565 -0.7211
vn 0.4827 -0.4992 -0.7196
vn 0.1670 0.9716 0.1679
vn 0.2585 -0.6256 -0.7360
vn 0.2796 -0.6353 -0.7199
vn 0.1229 -0.6935 -0.7098
vn 0.1142 -0.7250 -0.6792
vn 0.0051 0.9996 -0.0272
vn 0.1498 0.9835 0.1011
vn 0.1150 0.9924 0.0428
vn -0.2997 0.9403 -0.1613
vn 0.7010 0.3248 -0.6349
vn 0.7322 0.3544 -0.5817
vn 0.7552 0.3177 -0.5733
vn 0.7307 0.3702 -0.5736
vn 0.5440 -0.2964 -0.7850
vn 0.6570 -0.2556 -0.7093
vn 0.2239 0.9534 0.2024
vn -0.3005 0.9400 -0.1615
vn 0.6709 -0.0406 -0.7404
vn -0.3358 0.9111 -0.2389
vn 0.6686 0.1088 -0.7356
vn 0.6806 0.0819 -0.7280
vn 0.3345 -0.7525 -0.5673
vn 0.4941 -0.7348 -0.4647
vn 0.5091 -0.7357 -0.4468
vn -0.2471 0.9524 -0.1787
vn -0.2016 0.9701 -0.1354
vn 0.6870 -0.0740 -0.7229
vn 0.6539 -0.2494 -0.7143
vn 0.2403 0.9393 0.2448
vn -0.3356 0.9146 -0.2257
vn -0.9063 0.3151 0.2816
vn 0.2357 0.9589 0.1579
vn -0.9217 0.2640 0.2842
vn -0.9287 0.3052 0.2106
vn -0.2458 0.9391 -0.2401
vn -0.9825 0.0692 0.1732
vn 0.4296 -0.7183 -0.5472
vn 0.2170 0.9691 0.1174
vn 0.4245 -0.7669 -0.4813
vn -0.3175 0.9010 -0.2957
vn -0.2925 0.9099 -0.2941
vn 0.0029 0.9990 -0.0437
vn -0.3306 0.8757 -0.3518
vn 0.2439 -0.6672 -0.7038
vn -0.1752 0.9845 -0.0084
vn -0.1709 0.9853 -0.0089
vn 0.2518 -0.6975 -0.6709
vn -0.0615 0.9883 -0.1393
vn -0.9781 -0.0341 0.2053
vn 0.0658 0.9967 -0.0478
vn 0.3521 -0.6901 -0.6323
vn 0.3566 -0.7035 -0.6147
vn 0.1169 0.9929 0.0227
vn -0.9864 -0.0062 0.1644
vn -0.9647 -0.2596 0.0438
vn -0.9814 0.0928 0.1680
vn -0.1691 0.9812 -0.0932
vn 0.2159 0.9703 0.1095
vn -0.1521 0.9878 -0.0335
vn 0.1618 0.9866 0.0232
vn 0.0663 0.9955 -0.0683
vn -0.9878 -0.1525 0.0305
vn -0.9953 0.0744 0.0620
vn 0.1611 0.9865 0.0283
vn 0.0412 -0.3755 -0.9259
vn 0.0796 -0.4115 -0.9079
vn 0.1093 -0.4978 -0.8604
vn 0.1207 -0.5085 -0.8526
vn 0.2181 -0.5215 -0.8249
vn -0.2494 0.9357 -0.2496
vn -0.9946 0.0866 0.0566
vn -0.9955 0.0891 0.0331
vn -0.0190 0.9983 0.0543
vn -0.0748 0.9963 0.0422
vn -0.1811 0.9578 -0.2234
vn 0.7528 -0.5932 -0.2854
vn -0.1913 0.9558 -0.2235
vn -0.9775 -0.1901 -0.0910
vn -0.1603 0.9564 -0.2443
vn -0.9729 -0.2216 -0.0659
vn -0.0974 0.9949 -0.0242
vn 0.6981 -0.6027 -0.3865
vn -0.4060 0.8731 -0.2699
vn -0.4800 0.8273 -0.2919
vn -0.0551 0.9942 0.0926
vn -0.9842 -0.1673 0.0583
vn -0.3512 0.8885 -0.2953
vn -0.1440 0.9894 0.0195
vn -0.9274 -0.3681 -0.0662
vn -0.9647 -0.2599 0.0437
vn -0.0747 0.9957 0.0553
vn 0.5842 -0.6857 -0.4341
vn -0.1954 0.9785 -0.0664
vn 0.6491 -0.6846 -0.3316
vn -0.6779 0.6425 -0.3572
vn -0.9332 -0.3452 -0.1000
vn -0.8474 -0.5096 -0.1495
vn -0.2721 0.9240 -0.2687
vn -0.1567 0.9589 0.2366
vn -0.4908 0.7956 -0.3551
vn 0.6361 -0.6643 -0.3926
vn -0.4138 0.8393 -0.3525
vn -0.3729 0.8659 -0.3334
vn -0.5564 0.7398 -0.3783
vn 0.5508 -0.6779 -0.4869
vn -0.6096 0.7074 -0.3577
vn -0.7122 0.5862 -0.3861
vn -0.7653 0.5177 -0.3824
vn -0.5544 0.7413 -0.3784
vn -0.2396 0.9610 -0.1380
vn 0.7325 -0.5846 -0.3489
vn -0.1664 0.9850 -0.0467
vn -0.6278 0.6681 0.3994
vn -0.2283 0.9648 -0.1304
vn -0.1505 0.9870 -0.0568
vn -0.6702 0.6214 -0.4059
vn -0.2414 0.9608 -0.1365
vn 0.5543 -0.6675 -0.4973
vn -0.2855 0.9357 -0.2074
vn -0.3468 0.8662 0.3598
vn -0.3257 0.8845 0.3340
vn -0.3180 0.8870 -0.3349
vn 0.5413 -0.6255 -0.5618
vn -0.4024 0.7956 -0.4529
vn 0.4783 -0.6010 -0.6404
vn 0.4958 -0.6211 -0.6070
vn -0.3567 0.8632 -0.3573
vn 0.5623 -0.7167 -0.4125
vn -0.3249 0.9003 -0.2897
vn 0.5883 -0.7194 -0.3692
vn -0.2945 0.8989 0.3243
vn -0.2087 0.9328 -0.2938
vn -0.3699 0.8613 -0.3484
vn 0.3463 -0.7825 -0.5174
vn 0.4183 -0.7671 -0.4865
vn -0.2692 0.9091 -0.3180
vn -0.2828 0.9051 -0.3176
vn 0.2617 0.2423 0.9342
vn 0.2654 0.2508 0.9309
vn -0.7965 0.4549 -0.3982
vn -0.3419 0.8815 -0.3256
vn 0.3781 0.2813 0.8820
vn 0.3590 0.2943 0.8857
vn -0.4583 0.7981 0.3913
vn -0.4632 0.7958 0.3902
vn 0.0054 0.9912 -0.1321
vn -0.0377 0.9879 -0.1504
vn -0.3801 0.8027 -0.4595
vn -0.3522 0.8668 0.3529
vn -0.3475 0.8767 0.3327
vn -0.3892 0.7963 -0.4630
vn -0.4732 0.8009 0.3668
vn -0.0589 0.9790 -0.1949
vn 0.3482 -0.0224 0.9372
vn -0.6207 0.6793 0.3915
vn -0.4856 0.7945 0.3646
vn -0.6373 0.6820 0.3588
vn -0.3718 0.8282 -0.4193
vn -0.3956 0.8020 -0.4475
vn -0.4181 0.7123 -0.5637
vn -0.4180 0.7124 -0.5637
vn 0.0596 0.9977 -0.0335
vn 0.0979 0.9928 -0.0686
vn -0.4544 0.7471 -0.4852
vn -0.2610 0.9163 0.3039
vn 0.4359 -0.0492 0.8986
vn -0.2097 0.9339 0.2897
vn 0.4727 0.2805 0.8354
vn -0.3702 0.8699 0.3260
vn -0.4840 0.5321 -0.6947
vn -0.0176 0.9942 -0.1058
vn -0.7313 0.5222 0.4387
vn -0.7431 0.5105 0.4326
vn -0.6097 0.6712 0.4216
vn -0.6440 0.6227 0.4443
vn -0.4510 0.7474 -0.4879
vn 0.4604 -0.0139 0.8876
vn -0.5591 0.7096 0.4287
vn 0.4970 0.0025 0.8677
vn 0.0616 0.9969 -0.0482
vn 0.0799 0.9944 -0.0691
vn -0.4352 0.7157 -0.5462
vn -0.8394 0.3549 0.4116
vn -0.8827 0.2229 0.4137
vn -0.4044 0.7286 -0.5528
vn -0.0822 0.9819 -0.1709
vn -0.4121 0.6271 -0.6610
vn -0.4291 0.6062 -0.6696
vn -0.1251 0.9627 -0.2399
vn 0.4899 0.3722 0.7883
vn -0.7369 0.5416 0.4044
vn -0.0680 0.9830 -0.1705
vn -0.0201 0.9908 -0.1340
vn -0.4439 0.6156 -0.6512
vn -0.4725 0.6074 -0.6386
vn -0.4640 0.6150 -0.6376
vn -0.0463 0.9790 0.1985
vn 0.0789 0.9900 -0.1168
vn -0.3934 0.7153 -0.5776
vn 0.5946 0.1542 0.7891
vn -0.4510 0.4627 -0.7632
vn -0.4702 0.4776 -0.7421
vn 0.0109 0.9819 0.1893
vn 0.5182 0.1826 0.8356
vn -0.4210 0.5542 -0.7181
vn -0.4364 0.4678 -0.7686
vn -0.0467 0.9788 -0.1994
vn -0.4125 0.4326 -0.8017
vn 0.0098 0.9885 -0.1511
vn 0.0262 0.9802 -0.1964
vn -0.4443 0.6249 -0.6419
vn 0.0071 0.9819 -0.1891
vn -0.4320 0.5654 -0.7026
vn -0.0942 0.9802 0.1739
vn -0.1439 0.9649 -0.2196
vn -0.1423 0.9673 -0.2102
vn -0.1280 0.9677 0.2174
vn -0.0574 0.9820 0.1801
vn -0.0719 0.9779 0.1962
vn -0.4353 0.5501 -0.7126
vn -0.0666 0.9829 0.1718
vn -0.4305 0.4458 -0.7848
vn -0.7266 -0.5753 0.3757
vn -0.4273 -0.6387 0.6399
vn 0.0113 0.9894 0.1447
vn -0.4367 0.4280 -0.7913
vn -0.4746 -0.6339 0.6107
vn 0.6126 0.3189 0.7232
vn -0.0161 0.9925 0.1213
vn -0.0161 0.9942 0.1062
vn -0.5143 -0.6604 0.5471
vn 0.0179 0.9896 0.1426
vn -0.6067 -0.6183 0.4995
vn -0.6178 -0.6559 0.4338
vn -0.4080 0.2852 -0.8673
vn -0.4239 0.3080 -0.8517
vn -0.2955 0.9078 0.2976
vn -0.2300 0.9161 0.3285
vn -0.1608 0.9397 0.3018
vn -0.2967 0.8991 0.3218
vn 0.6428 0.0637 0.7634
vn -0.5832 -0.6873 0.4331
vn 0.6644 0.0852 0.7425
vn -0.5018 -0.7012 0.5065
vn -0.1720 0.9786 -0.1129
vn -0.1988 0.9693 -0.1449
vn -0.1602 0.9407 0.2990
vn -0.1792 0.9576 -0.2255
vn -0.2465 0.9379 0.2440
vn -0.2070 0.9564 -0.2061
vn -0.3883 -0.5703 0.7239
vn 0.6634 0.2677 0.6988
vn -0.3360 -0.6533 0.6785
vn -0.1758 0.9528 0.2475
vn -0.1503 0.9560 0.2520
vn -0.1418 0.9672 0.2108
vn -0.1720 -0.5099 0.8429
vn -0.2954 0.9197 -0.2587
vn -0.1976 -0.5373 0.8199
vn -0.3063 -0.5986 0.7402
vn -0.3550 0.8379 -0.4147
vn -0.3904 -0.6666 0.6350
vn -0.3812 -0.6679 0.6392
vn -0.2780 0.9217 -0.2705
vn 0.7023 0.2694 0.6589
vn -0.3428 0.8356 -0.4292
vn -0.3855 0.7023 -0.5985
vn -0.0535 0.9678 0.2460
vn -0.3555 0.7540 -0.5524
vn 0.0099 0.9820 0.1887
vn -0.3749 0.7115 -0.5943
vn -0.0047 0.9721 0.2344
vn -0.4563 -0.7122 0.5335
vn -0.0631 0.9695 0.2367
vn -0.1041 0.9645 0.2427
vn -0.2910 0.8723 -0.3930
vn -0.1596 0.9572 0.2415
vn -0.2873 0.8786 -0.3814
vn -0.2839 -0.6702 0.6857
vn -0.4835 -0.7116 0.5098
vn -0.3114 0.9161 0.2525
vn -0.2704 0.8403 -0.4698
vn -0.3174 0.9236 0.2150
vn -0.3111 0.7770 -0.5472
vn -0.2969 0.7052 -0.6439
vn -0.3382 0.6400 -0.6899
vn -0.2564 0.9339 0.2493
vn -0.2147 0.9491 0.2305
vn -0.3372 0.5942 -0.7302
vn 0.5629 -0.0403 0.8256
vn -0.3562 0.5238 -0.7738
vn -0.3835 -0.7313 0.5641
vn -0.1901 0.9656 0.1777
vn -0.4106 0.5768 -0.7062
vn -0.3838 0.3840 -0.8398
vn -0.3901 0.4150 -0.8219
vn -0.2161 -0.5766 0.7879
vn -0.1145 0.9829 0.1440
vn -0.3825 0.5035 -0.7747
vn -0.2134 -0.5856 0.7820
vn 0.0179 -0.3036 0.9526
vn -0.0397 -0.4386 0.8978
vn -0.2444 0.9562 0.1611
vn 0.6383 0.0343 0.7690
vn -0.3463 0.2085 -0.9147
vn -0.3427 0.1725 -0.9235
vn -0.3812 0.3065 -0.8722
vn 0.5953 -0.2100 0.7756
vn -0.2804 0.5340 -0.7976
vn -0.2787 0.5352 -0.7974
vn -0.2986 0.3936 -0.8694
vn -0.3568 0.9279 0.1084
vn -0.4086 0.9026 0.1354
vn -0.2974 0.9489 0.1055
vn -0.2420 0.9609 0.1344
vn -0.3117 0.3066 -0.8993
vn -0.1760 0.9837 0.0382
vn -0.1732 0.9818 0.0784
vn -0.2636 0.1705 -0.9495
vn -0.3022 0.2514 -0.9195
vn 0.6913 -0.2022 0.6937
vn -0.3005 0.4054 -0.8634
vn 0.7011 -0.1651 0.6937
vn -0.0007 -0.4050 0.9143
vn -0.1009 0.9861 0.1323
vn -0.1880 0.1612 -0.9688
vn -0.0902 0.9919 0.0894
vn 0.7075 0.3928 0.5875
vn -0.2335 0.0116 -0.9723
vn -0.2536 0.0059 -0.9673
vn -0.1473 -0.1672 -0.9749
vn -0.1866 -0.0540 -0.9810
vn -0.0518 0.9972 0.0532
vn -0.1019 -0.2228 -0.9695
vn 0.0346 0.9987 -0.0367
vn 0.4520 -0.8645 -0.2201
vn 0.1149 -0.3006 0.9468
vn 0.4049 -0.8727 -0.2728
vn 0.0296 -0.4060 0.9134
vn -0.6258 0.7150 0.3116
vn -0.0673 -0.4797 0.8748
vn -0.1130 -0.8759 -0.4691
vn -0.1085 -0.8747 -0.4724
vn -0.5104 0.7929 0.3329
vn -0.0735 -0.7784 -0.6234
vn -0.6131 0.7151 0.3358
vn -0.0246 -0.8586 -0.5121
vn -0.0999 -0.8626 -0.4959
vn 0.0938 -0.3473 0.9331
vn 0.0861 -0.7747 -0.6264
vn 0.0946 -0.8250 -0.5572
vn 0.0969 -0.8262 -0.5550
vn -0.0428 -0.7898 -0.6119
vn -0.3668 0.8844 0.2885
vn -0.4710 0.8326 0.2914
vn -0.5004 0.8262 0.2589
vn -0.0013 -0.8279 -0.5609
vn -0.2389 -0.6476 0.7236
vn -0.4993 0.8286 0.2531
vn -0.4046 0.8909 0.2065
vn -0.4988 0.8572 0.1280
vn 0.3838 -0.7325 -0.5623
vn 0.3785 -0.7524 -0.5391
vn 0.3752 -0.7552 -0.5375
vn -0.1935 -0.6582 0.7276
vn -0.1716 -0.6488 0.7414
vn -0.3599 -0.7238 0.5887
vn -0.0428 0.9904 0.1314
vn -0.0088 0.9940 0.1088
vn -0.3317 -0.7239 0.6049
vn -0.3027 -0.7117 0.6339
vn 0.0219 0.9920 0.1243
vn 0.3115 -0.7738 -0.5515
vn 0.4608 -0.8127 -0.3566
vn 0.4460 -0.7978 -0.4056
vn -0.2456 -0.7147 0.6549
vn 0.3586 -0.8663 -0.3479
vn -0.1380 -0.5966 0.7906
vn 0.4005 -0.8597 -0.3172
vn 0.3485 -0.8289 -0.4375
vn 0.2698 -0.8593 -0.4345
vn -0.0854 -0.5576 0.8257
vn -0.0864 -0.5577 0.8255
vn -0.0061 -0.5016 0.8651
vn 0.2181 -0.8484 -0.4823
vn -0.0828 -0.6152 0.7840
vn 0.2441 -0.7792 -0.5774
vn 0.2480 -0.7902 -0.5604
vn -0.1391 -0.6571 0.7409
vn 0.2092 -0.8268 -0.5222
vn 0.0602 0.9973 0.0425
vn 0.3035 -0.7863 -0.5382
vn -0.1376 -0.6511 0.7464
vn 0.7602 0.1306 0.6365
vn 0.0886 0.9952 0.0415
vn 0.7448 0.0761 0.6629
vn 0.0819 0.9944 0.0664
vn 0.1511 0.9885 0.0025
vn 0.1209 0.9926 0.0081
vn 0.0204 0.9981 0.0574
vn -0.2550 -0.7391 0.6235
vn -0.2431 -0.7191 0.6510
vn 0.3579 -0.8005 -0.4808
vn 0.3623 -0.7977 -0.4822
vn -0.1975 -0.7093 0.6767
vn 0.3574 -0.8205 -0.4462
vn 0.0431 0.9983 0.0389
vn 0.2451 -0.9474 -0.2059
vn 0.0587 0.9983 -0.0007
vn -0.2018 -0.7038 0.6811
vn -0.2143 -0.7023 0.6789
vn 0.1313 0.9902 -0.0482
vn 0.3097 -0.9421 -0.1288
vn -0.6833 -0.6263 0.3753
vn 0.1360 0.9891 -0.0557
vn 0.4523 -0.8871 -0.0919
vn 0.2169 0.9678 -0.1277
vn 0.2049 0.9738 -0.0988
vn -0.8507 -0.4958 0.1749
vn 0.4227 -0.8922 -0.1591
vn 0.3177 -0.9354 -0.1553
vn 0.7583 -0.0698 0.6481
vn -0.6389 0.7668 0.0616
vn -0.7641 -0.5946 0.2502
vn -0.5242 0.8457 0.0999
vn -0.7716 -0.5869 0.2453
vn -0.9023 -0.4254 0.0705
vn -0.8098 -0.5546 0.1916
vn -0.9306 -0.3612 0.0595
vn 0.3916 0.8492 0.3542
vn -0.8839 -0.4647 0.0524
vn -0.8896 -0.4541 0.0492
vn -0.7092 0.6980 0.0992
vn -0.8134 -0.5629 0.1466
vn 0.1845 -0.9469 -0.2634
vn 0.2462 -0.9389 -0.2407
vn -0.8505 0.5260 -0.0061
vn 0.2947 -0.9160 -0.2722
vn 0.3517 -0.9173 -0.1868
vn 0.3450 -0.9092 -0.2332
vn 0.2884 -0.8973 -0.3341
vn -0.7089 0.7028 -0.0596
vn -0.6081 0.7929 -0.0394
vn -0.9376 -0.3451 -0.0418
vn -0.0369 -0.9110 -0.4107
vn -0.6411 0.7670 -0.0262
vn -0.7556 0.6406 -0.1368
vn -0.9407 -0.3305 -0.0764
vn -0.9691 -0.0923 -0.2288
vn -0.5527 0.8178 -0.1602
vn 0.0925 -0.8836 -0.4591
vn 0.1402 -0.8915 -0.4308
vn 0.0358 -0.8956 -0.4433
vn 0.1113 -0.9296 -0.3515
vn -0.9515 -0.2858 -0.1142
vn 0.0344 -0.9152 -0.4016
vn -0.8279 -0.5568 0.0672
vn 0.0269 -0.9056 -0.4232
vn -0.8612 -0.5072 0.0337
vn 0.2619 -0.8964 -0.3575
vn 0.1716 -0.9196 -0.3535
vn 0.1577 -0.9186 -0.3622
vn -0.4911 0.3578 -0.7943
vn -0.8613 0.4865 -0.1466
vn -0.8749 0.4709 -0.1132
vn -0.9618 -0.0647 -0.2662
vn -0.9395 0.0992 -0.3279
vn -0.8485 0.5289 -0.0181
vn -0.4933 0.4615 -0.7374
vn 0.4720 0.8066 0.3558
vn -0.9534 -0.2616 -0.1500
vn -0.8851 -0.4635 -0.0421
vn -0.9413 -0.2943 -0.1652
vn -0.4630 0.3580 -0.8108
vn -0.4162 0.2020 -0.8865
vn -0.8705 0.4335 -0.2330
vn -0.4346 0.3128 -0.8446
vn -0.4020 0.3281 -0.8548
vn -0.8744 0.4850 0.0145
vn -0.3940 0.3187 -0.8621
vn -0.9692 0.2336 -0.0783
vn 0.5114 0.8434 0.1648
vn -0.9602 0.2779 -0.0264
vn -0.4311 0.1675 -0.8866
vn -0.6927 -0.6443 0.3241
vn -0.6648 -0.6764 0.3171
vn -0.3220 0.1306 -0.9377
vn -0.3757 0.1856 -0.9079
vn -0.5876 -0.7034 0.4000
vn -0.4613 0.1874 -0.8672
vn -0.9687 0.2469 0.0243
vn -0.6672 -0.6820 0.2994
vn -0.7097 -0.6604 0.2453
vn -0.3651 -0.0173 -0.9308
vn -0.9915 -0.0021 -0.1298
vn -0.6226 -0.7199 0.3067
vn -0.4878 -0.7374 0.4672
vn -0.5533 -0.7334 0.3949
vn 0.5612 0.7981 0.2192
vn -0.4460 -0.7648 0.4649
vn -0.5552 -0.7425 0.3748
vn 0.6453 0.6825 0.3432
vn -0.3493 0.0307 -0.9365
vn -0.9583 0.2544 -0.1299
vn -0.9564 0.1383 -0.2573
vn -0.9596 0.1425 -0.2425
vn 0.5666 0.7721 0.2878
vn -0.7184 -0.6596 0.2210
vn 0.6650 0.7216 0.1925
vn -0.7923 -0.5933 0.1422
vn -0.7563 -0.6325 0.1673
vn 0.6293 0.6178 0.4715
vn 0.7084 0.5063 0.4917
vn -0.9449 -0.0149 -0.3270
vn -0.3677 0.1150 -0.9228
vn -0.3676 0.1133 -0.9230
vn -0.2573 -0.0777 -0.9632
vn -0.3175 -0.0049 -0.9482
vn -0.2995 -0.0478 -0.9529
vn -0.5612 0.8062 -0.1874
vn -0.3978 -0.7625 0.5101
vn -0.3245 -0.7561 0.5684
vn 0.7322 0.4081 0.5453
vn -0.2972 -0.0993 -0.9496
vn -0.6501 0.7155 -0.2556
vn -0.2101 -0.2464 -0.9461
vn -0.5966 0.7170 -0.3604
vn -0.2161 -0.2120 -0.9531
vn -0.2686 -0.4038 -0.8745
vn -0.8822 -0.4695 -0.0369
vn -0.3200 -0.1143 -0.9405
vn -0.4143 0.0154 -0.9100
vn -0.3947 0.0050 -0.9188
vn -0.2919 -0.2643 -0.9192
vn -0.3170 -0.2335 -0.9192
vn -0.6597 -0.7171 0.2248
vn -0.6662 -0.7124 0.2205
vn -0.7791 -0.6210 0.0857
vn -0.7369 0.6207 -0.2677
vn -0.7429 -0.6547 0.1397
vn -0.3278 -0.1187 -0.9373
vn -0.2574 -0.2622 -0.9301
vn -0.2643 -0.1748 -0.9485
vn -0.9276 -0.3433 -0.1472
vn -0.8493 0.4536 -0.2700
vn 0.8049 0.3126 0.5043
vn -0.2493 -0.1654 -0.9542
vn -0.1894 -0.2315 -0.9542
vn -0.1787 -0.3338 -0.9256
vn -0.8009 0.4332 -0.4134
vn 0.7682 0.4972 0.4034
vn -0.8521 0.3812 -0.3587
vn -0.7143 0.6537 -0.2499
vn -0.1607 -0.2997 -0.9404
vn -0.1573 -0.3011 -0.9405
vn -0.7638 0.4960 -0.4130
vn -0.8968 -0.4352 -0.0795
vn -0.1177 -0.3944 -0.9114
vn -0.1783 -0.3164 -0.9317
vn -0.0871 -0.3718 -0.9242
vn -0.8315 -0.5553 0.0147
vn -0.1059 -0.4332 -0.8951
vn -0.8075 -0.5866 0.0615
vn -0.1608 -0.3813 -0.9104
vn 0.7163 0.6186 0.3228
vn -0.0775 -0.4255 -0.9016
vn -0.1994 -0.1951 -0.9603
vn -0.7893 -0.6055 0.1021
vn -0.8491 -0.5282 -0.0119
vn -0.7213 0.5205 -0.4569
vn -0.1906 -0.2036 -0.9603
vn 0.8147 0.4113 0.4087
vn -0.2540 -0.0771 -0.9641
vn 0.8197 0.3305 0.4677
vn 0.8031 0.5448 0.2413
vn -0.7646 -0.6328 -0.1222
vn -0.0935 -0.3638 -0.9268
vn -0.0983 -0.3603 -0.9276
vn -0.8558 -0.5169 0.0201
vn -0.4795 -0.7723 0.4167
vn -0.5342 -0.7592 0.3717
vn 0.5190 0.8483 0.1050
vn -0.0157 -0.4755 -0.8796
vn 0.6145 0.7861 0.0666
vn -0.6257 -0.7323 0.2688
vn 0.0570 -0.4964 -0.8662
vn -0.7262 0.4536 -0.5166
vn 0.6769 0.7313 0.0834
vn 0.7031 0.7071 0.0750
vn -0.5453 -0.7670 0.3381
vn 0.7437 0.6145 0.2632
vn 0.0985 -0.5810 -0.8079
vn -0.8029 0.2679 -0.5325
vn 0.8264 0.5457 0.1389
vn 0.2368 -0.7095 -0.6637
vn 0.8568 0.4074 0.3160
vn -0.6235 0.6431 -0.4445
vn -0.5656 -0.7411 0.3617
vn -0.5400 -0.7586 0.3646
vn -0.5323 -0.7667 0.3590
vn -0.1210 -0.3798 -0.9171
vn -0.4309 -0.7664 0.4764
vn -0.3768 -0.7659 0.5210
vn -0.0110 -0.5074 -0.8616
vn 0.8459 0.5173 0.1297
vn 0.0622 -0.5860 -0.8079
vn 0.0220 -0.5522 -0.8334
vn -0.3276 -0.7555 0.5673
vn -0.0449 -0.4903 -0.8704
vn -0.0246 -0.4726 -0.8809
vn -0.0040 -0.5288 -0.8487
vn 0.0716 -0.5796 -0.8117
vn 0.0307 -0.5406 -0.8407
vn 0.8067 0.1453 0.5728
vn -0.2735 -0.7176 0.6405
vn 0.1344 -0.6574 -0.7414
vn -0.2736 -0.7176 0.6405
vn 0.0593 -0.5843 -0.8093
vn 0.1565 -0.6230 -0.7664
vn 0.1447 -0.6087 -0.7801
vn -0.2573 -0.7623 0.5939
vn 0.1477 -0.6615 -0.7353
vn 0.1012 -0.6327 -0.7678
vn -0.3869 -0.7551 0.5294
vn -0.3368 -0.7452 0.5755
vn -0.3353 -0.7455 0.5760
vn 0.1883 -0.6961 -0.6928
vn -0.3128 -0.7668 0.5606
vn -0.6779 0.4466 -0.5840
vn -0.5017 -0.7446 0.4404
vn -0.4551 -0.7591 0.4656
vn -0.3960 -0.7706 0.4993
vn -0.4161 -0.7842 0.4603
vn -0.0564 -0.3390 -0.9391
vn 0.8985 0.1809 0.3999
vn 0.0319 -0.4749 -0.8795
vn -0.0067 -0.3858 -0.9226
vn -0.2591 -0.4240 -0.8678
vn -0.2873 -0.5060 -0.8133
vn 0.8506 0.0091 0.5258
vn -0.1245 -0.6869 -0.7160
vn -0.7087 0.3261 -0.6256
vn 0.8371 -0.0540 0.5444
vn -0.2733 -0.5390 -0.7967
vn -0.1287 -0.6205 -0.7736
vn -0.0764 -0.5825 -0.8092
vn -0.0017 -0.6021 -0.7984
vn 0.8361 -0.1948 0.5129
vn 0.0884 -0.6788 -0.7290
vn -0.4434 -0.8027 0.3988
vn -0.3969 -0.8090 0.4336
vn 0.8989 0.0580 0.4343
vn -0.4719 -0.7774 0.4159
vn -0.3188 -0.7966 0.5137
vn -0.3928 -0.7738 0.4970
vn 0.0404 -0.6894 -0.7232
vn -0.3246 -0.7908 0.5188
vn -0.0103 -0.6077 -0.7941
vn -0.2856 -0.8010 0.5261
vn -0.1765 -0.4416 -0.8797
vn -0.0971 -0.5081 -0.8558
vn -0.3983 -0.8077 0.4347
vn -0.3593 -0.8166 0.4517
vn -0.4154 -0.8222 0.3892
vn -0.3105 -0.8508 0.4239
vn -0.7067 0.2865 -0.6469
vn -0.0954 -0.5069 -0.8567
vn -0.0132 -0.5377 -0.8431
vn 0.9135 -0.1401 0.3820
vn -0.7384 -0.6591 0.1424
vn 0.0455 -0.7533 -0.6561
vn 0.0294 -0.7082 -0.7054
vn -0.1124 -0.7028 -0.7025
vn -0.1117 -0.7373 -0.6663
vn 0.9071 0.2930 0.3022
vn 0.9471 0.2488 0.2030
vn -0.6129 -0.7410 0.2744
vn -0.9362 0.2074 -0.2838
vn 0.0791 -0.6341 -0.7692
vn 0.9363 0.2801 0.2117
vn 0.9625 0.2399 0.1267
vn 0.1790 -0.7297 -0.6599
vn -0.6724 -0.7047 0.2264
vn 0.1555 -0.7365 -0.6583
vn -0.6245 -0.7269 0.2857
vn 0.9612 0.0627 0.2685
vn 0.1755 -0.7334 -0.6567
vn -0.8924 0.2353 -0.3851
vn 0.9259 -0.0388 0.3757
vn 0.9749 -0.0424 0.2184
vn 0.1983 -0.7291 -0.6551
vn -0.6247 -0.7272 0.2845
vn -0.5880 -0.7628 0.2692
vn 0.3484 -0.2520 0.9029
vn 0.2891 -0.1892 0.9384
vn -0.7348 -0.6642 0.1373
vn 0.4502 -0.2115 0.8675
vn -0.7510 -0.6461 0.1364
vn 0.1412 -0.6918 -0.7082
vn -0.8766 0.1602 -0.4538
vn -0.8121 -0.5818 0.0440
vn -0.7678 -0.6393 0.0420
vn 0.3240 -0.6794 -0.6583
vn 0.3814 -0.3963 0.8351
vn -0.8065 0.2375 -0.5414
vn 0.2190 -0.6641 -0.7149
vn -0.6753 -0.7070 0.2103
vn -0.6575 -0.7311 0.1821
vn 0.5007 -0.4437 0.7433
vn 0.4616 -0.3953 0.7942
vn -0.6566 -0.7303 0.1884
vn -0.8327 0.2226 -0.5070
vn 0.5604 -0.2803 0.7794
vn 0.2692 -0.7478 -0.6070
vn 0.5004 -0.2853 0.8174
vn 0.5914 -0.3622 0.7204
vn -0.6557 -0.7353 0.1715
vn -0.7383 -0.6658 0.1078
vn 0.2610 -0.7549 -0.6016
vn 0.2640 -0.7157 -0.6466
vn 0.2346 -0.7098 -0.6642
vn -0.7225 -0.6835 0.1043
vn 0.7076 -0.2685 0.6536
vn 0.7266 -0.2985 0.6189
vn 0.2509 -0.7604 -0.5990
vn 0.1422 -0.6472 -0.7489
vn 0.1579 -0.6439 -0.7486
vn 0.1094 -0.6246 -0.7733
vn -0.5861 -0.7696 0.2534
vn 0.0919 -0.6217 -0.7778
vn -0.5271 -0.7818 0.3332
vn -0.8850 0.0060 -0.4656
vn 0.0869 0.9810 0.1737
vn 0.0666 0.9828 0.1720
vn -0.8641 -0.0647 -0.4991
vn -0.8556 -0.1429 -0.4975
vn 0.1677 0.9534 0.2506
vn 0.0651 0.9785 0.1957
vn 0.5822 -0.4019 0.7067
vn 0.0402 0.9905 0.1313
vn -0.4657 -0.8087 0.3594
vn -0.4850 -0.8086 0.3331
vn -0.5600 -0.7898 0.2504
vn 0.6317 -0.4692 0.6171
vn -0.5100 -0.7963 0.3252
vn 0.4060 -0.5377 0.7390
vn -0.3098 -0.8810 0.3576
vn -0.3411 -0.8757 0.3418
vn -0.7794 0.5930 0.2023
vn -0.5262 -0.8300 0.1849
vn 0.1776 0.9563 0.2323
vn -0.5257 -0.8296 0.1879
vn -0.4586 -0.8492 0.2619
vn 0.5337 -0.5712 0.6236
vn 0.4722 -0.5622 0.6789
vn 0.5085 -0.5470 0.6650
vn -0.7700 0.2811 -0.5728
vn 0.1621 0.9393 0.3024
vn 0.1608 0.9412 0.2973
vn -0.7691 0.2636 -0.5822
vn 0.3225 0.8982 0.2988
vn -0.7455 0.3375 -0.5748
vn -0.7908 0.1362 -0.5967
vn 0.1471 0.9636 0.2230
vn 0.1448 0.9670 0.2098
vn -0.3832 -0.9080 0.1697
vn -0.3800 -0.8887 0.2566
vn -0.2685 -0.9239 0.2725
vn -0.3237 -0.9188 0.2258
vn -0.3603 -0.9059 0.2224
vn 0.5512 -0.6290 0.5482
vn 0.6082 -0.5257 0.5948
vn -0.5317 0.7361 -0.4189
vn 0.1757 0.9532 0.2462
vn 0.2479 0.9370 0.2461
vn 0.6347 -0.5959 0.4920
vn 0.6580 -0.5652 0.4976
vn -0.6994 0.2660 -0.6634
vn -0.7302 0.1410 -0.6685
vn -0.3454 0.8633 -0.3680
vn 0.3763 0.8605 0.3435
vn 0.2913 0.9002 0.3237
vn 0.8345 -0.3244 0.4453
vn 0.8591 -0.2326 0.4559
vn -0.2940 0.9057 -0.3054
vn -0.3026 0.8969 -0.3225
vn 0.2908 0.9048 0.3111
vn 0.2836 0.9039 0.3201
vn 0.3814 0.8502 0.3629
vn -0.7868 0.0016 -0.6172
vn -0.7790 0.0919 -0.6203
vn 0.7131 -0.4005 0.5754
vn -0.4126 0.8321 -0.3707
vn 0.7537 -0.4176 0.5075
vn -0.4498 0.7979 -0.4013
vn 0.4481 0.8013 0.3964
vn 0.5057 0.7647 0.3994
vn -0.5491 0.7264 -0.4132
vn -0.3698 0.8663 -0.3359
vn -0.5687 0.7326 -0.3740
vn 0.3729 0.8601 0.3480
vn 0.9303 -0.2349 0.2817
vn 0.1270 0.9612 0.2449
vn 0.9396 -0.1844 0.2883
vn 0.2110 0.9328 0.2921
vn 0.2691 0.9128 0.3073
vn 0.2763 0.9204 0.2766
vn -0.4723 0.7988 -0.3725
vn -0.4938 0.7761 -0.3922
vn -0.3979 0.8393 -0.3706
vn -0.7457 -0.1051 -0.6580
vn -0.3776 0.8322 -0.4059
vn -0.3985 0.8268 -0.3969
vn -0.9967 -0.0360 -0.0722
vn 0.4312 0.8374 0.3359
vn 0.8651 -0.3675 0.3415
vn 0.8557 -0.3950 0.3343
vn 0.5178 0.7752 0.3618
vn 0.6888 0.6123 0.3880
vn 0.7207 -0.5242 0.4537
vn 0.6575 0.6439 0.3912
vn -0.9916 -0.0094 -0.1292
vn 0.5571 0.7491 0.3585
vn 0.7489 0.5644 0.3472
vn -0.9358 -0.2837 -0.2093
vn 0.7139 0.5511 0.4321
vn 0.5583 0.7110 0.4276
vn 0.6450 0.6253 0.4394
vn 0.6214 0.6567 0.4273
vn 0.7168 0.5452 0.4346
vn -0.9449 -0.2171 -0.2451
vn -0.9393 -0.2197 -0.2634
vn 0.7338 0.5369 0.4162
vn -0.9317 -0.1486 -0.3313
vn 0.8294 0.3982 0.3919
vn 0.8327 0.3666 0.4150
vn 0.7457 -0.5256 0.4096
vn 0.7454 -0.5388 0.3925
vn -0.6666 0.6042 -0.4365
vn -0.6608 0.6088 -0.4390
vn -0.1749 0.9684 0.1778
vn 0.8247 0.4026 0.3972
vn -0.6753 0.6146 -0.4076
vn -0.7716 0.4637 -0.4355
vn -0.1297 0.9792 0.1559
vn -0.7714 0.4643 -0.4352
vn -0.7926 0.4710 -0.3873
vn -0.1097 0.9922 0.0597
vn -0.0638 0.9978 0.0149
vn -0.8784 0.2647 -0.3978
vn -0.0342 0.9994 0.0099
vn -0.8532 0.3072 -0.4216
vn -0.8331 0.3660 -0.4146
vn -0.8498 -0.3810 -0.3642
vn -0.8878 -0.4206 -0.1866
vn -0.8928 -0.3940 -0.2183
vn 0.8144 0.4636 0.3490
vn 0.0557 0.9974 0.0457
vn 0.9155 0.2489 0.3161
vn 0.0994 0.9945 0.0318
vn 0.9182 0.2270 0.3246
vn 0.1180 0.9930 -0.0020
vn -0.6050 0.6817 -0.4114
vn -0.8691 -0.4561 -0.1915
vn -0.6834 0.5964 -0.4210
vn 0.9256 0.1987 0.3221
vn 0.9732 -0.1304 0.1896
vn 0.9693 -0.0167 0.2454
vn -0.8298 -0.4560 -0.3217
vn 0.9676 0.0171 0.2518
vn -0.8306 -0.4226 -0.3627
vn -0.7855 -0.5253 -0.3273
vn -0.7218 0.5417 -0.4308
vn -0.7142 -0.5604 -0.4195
vn -0.7164 -0.5658 -0.4083
vn -0.8940 -0.2081 -0.3967
vn -0.0045 1.0000 -0.0075
vn 0.0436 0.9835 0.1758
vn 0.0373 0.9978 -0.0547
vn 0.1074 0.9922 -0.0630
vn -0.8505 -0.3129 -0.4228
vn -0.8065 -0.2427 -0.5391
vn -0.0006 0.9923 0.1240
vn -0.8041 -0.3383 -0.4888
vn -0.0861 0.9956 -0.0381
vn 0.1442 0.9718 0.1863
vn 0.2661 0.9265 0.2659
vn 0.1003 0.9811 0.1654
vn -0.7643 -0.4025 -0.5039
vn -0.7156 0.5046 -0.4830
vn -0.7461 0.4864 -0.4548
vn -0.5781 0.6838 -0.4452
vn -0.0639 0.9978 0.0177
vn -0.4772 0.7555 -0.4488
vn 0.0514 0.9965 -0.0653
vn -0.5000 0.7482 -0.4360
vn -0.6294 0.6153 -0.4746
vn -0.7163 -0.4242 -0.5541
vn -0.7554 -0.2470 -0.6069
vn 0.1545 0.9736 -0.1682
vn -0.7098 -0.3039 -0.6355
vn -0.0057 0.9990 0.0444
vn 0.0755 0.9895 -0.1235
vn -0.0898 0.9957 -0.0215
vn -0.6987 -0.3346 -0.6324
vn -0.7607 -0.4783 -0.4388
vn -0.7301 -0.5192 -0.4442
vn 0.1658 0.9717 -0.1683
vn 0.0285 0.9955 0.0900
vn 0.0583 0.9925 0.1070
vn -0.4825 0.7421 -0.4653
vn -0.4884 0.7318 -0.4752
vn -0.6870 0.4888 -0.5377
vn 0.1818 0.9690 0.1674
vn -0.6198 0.6118 -0.4915
vn -0.6299 0.6127 -0.4772
vn -0.6233 0.5733 -0.5318
vn -0.2267 0.9358 -0.2701
vn 0.2522 0.9664 -0.0496
vn 0.2800 0.9566 -0.0805
vn 0.4055 0.9138 0.0240
vn 0.0258 0.9996 0.0074
vn -0.1962 0.9424 -0.2710
vn 0.3056 0.9486 -0.0829
vn -0.4719 0.8816 -0.0032
vn 0.1081 0.9909 0.0799
vn -0.2264 0.9733 0.0376
vn 0.2467 0.9621 -0.1160
vn -0.3665 0.9304 -0.0084
vn -0.4097 0.9119 -0.0232
vn 0.2995 0.9291 0.2168
vn 0.1714 0.9783 -0.1167
vn 0.4933 0.8638 -0.1025
vn 0.2763 0.9428 0.1862
vn -0.2795 0.9596 -0.0332
vn 0.4177 0.8988 -0.1331
vn -0.2820 0.8940 -0.3483
vn -0.4165 0.9023 -0.1115
vn -0.1698 0.9475 -0.2710
vn -0.1634 0.9371 -0.3086
vn -0.2364 0.9076 -0.3469
vn 0.2709 0.9450 0.1833
vn 0.3641 0.9163 0.1667
vn 0.2225 0.9701 0.0971
vn 0.2052 0.9746 0.0895
vn 0.1545 0.9828 0.1014
vn 0.3105 0.9466 0.0874
vn 0.3509 0.9086 -0.2264
vn 0.2964 0.9324 -0.2069
vn -0.2623 0.9633 -0.0566
vn 0.5133 0.8563 -0.0580
vn -0.1071 0.9643 -0.2422
vn -0.0632 0.9696 -0.2364
vn 0.5742 0.8179 -0.0361
vn -0.0479 0.9664 -0.2527
vn -0.0504 0.9589 -0.2792
vn 0.0149 0.9805 -0.1962
vn -0.1246 0.9391 -0.3202
vn 0.0111 0.9511 -0.3086
vn 0.7195 0.6922 -0.0565
vn -0.3086 0.8690 -0.3867
vn -0.2990 0.8611 -0.4113
vn -0.1792 0.9794 -0.0929
vn -0.1393 0.9875 -0.0742
vn 0.4069 0.8611 0.3048
vn -0.1949 0.9053 -0.3774
vn -0.2203 0.8810 -0.4186
vn -0.3686 0.8201 -0.4377
vn -0.3785 0.8069 -0.4535
vn 0.4205 0.8665 0.2690
vn -0.2305 0.8767 -0.4222
vn -0.1358 0.9269 -0.3499
vn 0.8593 0.5112 -0.0144
vn 0.4142 0.8719 0.2613
vn -0.1387 0.9903 -0.0003
vn 0.5961 0.7412 0.3087
vn 0.5885 0.7537 0.2926
vn 0.7342 0.6753 -0.0700
vn -0.0525 0.8980 -0.4368
vn 0.7145 0.6853 -0.1407
vn 0.0164 0.9118 -0.4103
vn 0.0135 0.9097 -0.4151
vn 0.6140 0.7438 0.2640
vn 0.7071 0.6606 0.2523
vn -0.1364 0.8725 -0.4692
vn -0.0497 0.8999 -0.4333
vn 0.6146 0.7701 -0.1706
vn -0.0300 0.9994 -0.0157
vn -0.0291 0.9995 -0.0148
vn -0.5296 0.6059 -0.5936
vn -0.4613 0.6749 -0.5760
vn 0.0720 0.9933 -0.0904
vn 0.7447 0.5759 0.3374
vn 0.8054 0.5312 0.2631
vn -0.3109 0.7770 -0.5473
vn 0.9046 0.4255 -0.0263
vn -0.0366 0.9933 -0.1100
vn 0.7847 0.5568 0.2724
vn -0.2628 0.7963 -0.5448
vn -0.2183 0.7989 -0.5605
vn 0.9013 0.3549 0.2484
vn -0.0546 0.9915 -0.1178
vn -0.3800 0.7084 -0.5947
vn -0.1531 0.8283 -0.5389
vn -0.0562 0.8256 -0.5614
vn -0.0592 0.8272 -0.5587
vn -0.3447 0.6625 -0.6650
vn -0.2433 0.6930 -0.6786
vn 0.9898 -0.0030 0.1422
vn 0.9051 0.3427 0.2517
vn 0.9874 0.1191 0.1046
vn 0.4403 0.8766 0.1939
vn 0.0505 0.9837 -0.1726
vn 0.0813 0.9844 -0.1559
vn -0.2122 0.7192 -0.6616
vn -0.0908 0.7470 -0.6586
vn -0.1128 0.7339 -0.6698
vn -0.3522 0.9215 -0.1636
vn -0.1236 0.6559 -0.7446
vn 0.4313 0.8830 0.1852
vn -0.3487 0.9196 -0.1808
vn 0.5036 0.8602 0.0803
vn 0.5786 0.7877 0.2115
vn -0.9203 0.1323 -0.3682
vn -0.9208 0.1111 -0.3738
vn -0.8652 0.3213 -0.3849
vn 0.9070 0.4199 -0.0309
vn 0.9784 0.2037 -0.0355
vn 0.9831 0.1740 -0.0567
vn -0.9409 0.1330 -0.3116
vn -0.9545 -0.0893 -0.2847
vn -0.9531 -0.1055 -0.2838
vn -0.2511 0.9386 -0.2366
vn 0.6437 0.7512 0.1461
vn 0.6394 0.7547 0.1470
vn -0.1687 0.9702 -0.1736
vn -0.2446 0.9237 -0.2948
vn 0.4279 0.8839 -0.1886
vn 0.7413 0.6501 0.1669
vn 0.8272 0.5571 0.0738
vn 0.7946 0.5888 0.1484
vn -0.9461 -0.2493 -0.2069
vn 0.8559 0.4811 0.1896
vn 0.9129 0.3721 0.1677
vn 0.5610 0.7930 -0.2378
vn -0.9637 -0.0745 -0.2565
vn -0.9472 0.0029 -0.3206
vn 0.7752 0.6030 -0.1883
vn 0.7683 0.6065 -0.2046
vn 0.5591 0.7953 -0.2345
vn 0.9463 0.3185 0.0559
vn -0.1988 0.8728 -0.4457
vn -0.1776 0.9149 -0.3626
vn 0.9406 0.3146 0.1275
vn -0.8946 0.1918 -0.4035
vn -0.9010 0.2035 -0.3831
vn 0.9594 0.2804 0.0303
vn 0.6469 0.7108 -0.2761
vn 0.6496 0.7085 -0.2758
vn 0.8614 0.4830 -0.1568
vn 0.8709 0.3749 0.3177
vn -0.0617 0.9721 -0.2265
vn -0.0726 0.9691 -0.2357
vn -0.0842 0.9400 -0.3308
vn 0.9507 0.2090 0.2293
vn -0.0418 0.9225 -0.3838
vn 0.9040 0.3913 -0.1721
vn 0.0492 0.9686 -0.2435
vn 0.0896 0.9485 -0.3038
vn 0.0969 0.9313 -0.3512
vn 0.7969 0.5446 -0.2614
vn -0.8217 0.3605 -0.4415
vn -0.8396 0.2863 -0.4616
vn -0.7284 0.4700 -0.4986
vn 0.9733 0.1227 0.1942
vn -0.8407 0.2877 -0.4588
vn -0.8409 0.2465 -0.4817
vn 0.9806 0.0657 0.1848
vn 0.9750 -0.1641 0.1497
vn -0.9095 0.0887 -0.4062
vn 0.8927 0.3829 -0.2375
vn 0.0855 0.9194 -0.3838
vn 0.8701 0.4222 -0.2544
vn 0.9556 -0.2855 0.0722
vn 0.9902 -0.0461 0.1318
vn -0.9418 0.0002 -0.3363
vn 0.9909 -0.0703 0.1144
vn -0.9397 -0.0724 -0.3342
vn -0.4497 0.8554 -0.2569
vn -0.4520 0.8312 -0.3236
vn -0.9016 0.0786 -0.4254
vn -0.9018 0.0540 -0.4288
vn 0.9601 -0.2355 0.1511
vn 0.9481 -0.2574 0.1868
vn 0.9999 -0.0138 0.0054
vn 0.9986 0.0315 0.0433
vn 0.9831 0.1466 0.1100
vn 0.9960 -0.0839 0.0294
vn 0.9982 -0.0594 -0.0002
vn 0.9967 0.0762 -0.0279
vn 0.9594 -0.2517 0.1272
vn 0.9903 -0.1383 -0.0102
vn 0.9800 -0.1945 0.0422
vn 0.9440 -0.2850 -0.1661
vn 0.8637 -0.4233 0.2735
vn -0.9385 -0.3229 -0.1219
vn -0.4065 0.8351 -0.3707
vn -0.9430 -0.2901 -0.1631
vn 0.9611 -0.2746 0.0290
vn 0.9481 -0.3172 -0.0217
vn 0.9568 -0.2851 -0.0575
vn 0.9921 -0.0978 0.0784
vn 0.7823 -0.5359 0.3175
vn 0.8494 -0.4604 0.2578
vn 0.9333 -0.3358 -0.1275
vn 0.8865 -0.4475 -0.1173
vn 0.8518 -0.4742 -0.2225
vn 0.8931 -0.4224 -0.1548
vn -0.9480 -0.1831 -0.2604
vn -0.9514 -0.1781 -0.2514
vn -0.9535 -0.2359 -0.1873
vn -0.8740 -0.4836 -0.0469
vn -0.9167 -0.3846 -0.1081
vn -0.9030 -0.4241 -0.0685
vn 0.8551 -0.4652 0.2289
vn -0.1230 0.9853 -0.1187
vn 0.8967 -0.4179 0.1460
vn -0.5058 0.6806 -0.5301
vn -0.9166 -0.3508 -0.1919
vn -0.9104 -0.3867 -0.1472
vn -0.0841 0.9927 -0.0870
vn 0.9769 0.1942 -0.0889
vn -0.8694 -0.4912 -0.0544
vn -0.8766 -0.4670 -0.1163
vn 0.9798 0.1335 -0.1487
vn -0.1736 0.9540 -0.2446
vn -0.0512 0.9941 -0.0953
vn 0.0711 0.9973 0.0172
vn 0.0814 0.9966 0.0087
vn -0.9447 -0.1953 -0.2633
vn -0.3059 0.8019 -0.5132
vn -0.4049 0.8019 -0.4393
vn 0.9437 0.2389 -0.2289
vn 0.1542 0.9880 0.0099
vn -0.0424 0.9919 -0.1198
vn 0.9128 -0.3999 0.0826
vn 0.8974 -0.4248 0.1194
vn -0.9168 -0.3513 -0.1898
vn -0.9243 -0.2041 -0.3226
vn -0.9212 -0.2135 -0.3254
vn 0.9738 -0.2272 0.0088
vn 0.9567 -0.2906 0.0158
vn -0.9345 -0.0825 -0.3462
vn 0.9863 -0.0845 -0.1420
vn -0.8647 -0.4114 -0.2882
vn 0.9927 -0.0562 -0.1067
vn -0.9210 -0.3441 -0.1828
vn 0.9925 -0.0533 -0.1099
vn -0.0013 0.9934 -0.1149
vn -0.0659 0.9787 -0.1947
vn -0.8699 -0.4758 -0.1302
vn -0.3986 0.6533 -0.6437
vn -0.9062 -0.3238 -0.2719
vn -0.8722 -0.2074 -0.4431
vn -0.7996 0.2506 -0.5457
vn -0.7193 0.3426 -0.6044
vn -0.6915 0.4098 -0.5949
vn 0.0501 0.9890 -0.1391
vn -0.5474 0.5209 -0.6550
vn -0.5423 0.5165 -0.6627
vn 0.0561 0.9928 -0.1062
vn 0.0731 0.9781 -0.1951
vn 0.0775 0.9778 -0.1946
vn 0.1336 0.9871 -0.0878
vn -0.6988 0.2809 -0.6579
vn 0.0734 0.9903 -0.1184
vn -0.6004 0.3268 -0.7299
vn -0.1834 0.9382 -0.2934
vn -0.5925 0.3193 -0.7396
vn -0.5474 0.3299 -0.7691
vn -0.8532 -0.2824 -0.4386
vn -0.8731 0.0053 -0.4876
vn -0.8709 -0.1945 -0.4513
vn 0.1337 0.9662 -0.2205
vn -0.8076 0.0694 -0.5856
vn -0.7568 0.1173 -0.6431
vn -0.8110 0.0612 -0.5818
vn -0.8104 -0.0988 -0.5775
vn -0.5898 0.6342 -0.4999
vn -0.1732 0.9177 -0.3576
vn -0.1896 0.8969 -0.3996
vn -0.7110 0.0600 -0.7007
vn -0.6516 0.1274 -0.7478
vn -0.6772 -0.1029 -0.7286
vn -0.7226 -0.0665 -0.6880
vn -0.7725 -0.1412 -0.6191
vn 0.2416 0.9468 -0.2124
vn -0.4144 0.4839 -0.7708
vn -0.4007 0.5300 -0.7474
vn -0.4112 0.5577 -0.7211
vn -0.0526 0.9732 -0.2239
vn -0.1004 0.9244 -0.3679
vn -0.3621 0.4088 -0.8377
vn -0.2386 0.6069 -0.7581
vn -0.2184 0.5967 -0.7722
vn -0.2253 0.5185 -0.8249
vn -0.3537 0.4118 -0.8398
vn -0.6363 0.4936 -0.5929
vn -0.5670 0.1305 -0.8133
vn -0.5826 0.1072 -0.8057
vn -0.5157 0.2529 -0.8186
vn -0.4317 0.2976 -0.8515
vn -0.5947 0.0161 -0.8038
vn -0.8189 -0.5730 -0.0345
vn 0.0672 0.9793 -0.1909
vn 0.1794 0.9481 -0.2624
vn 0.0280 0.9699 -0.2421
vn 0.0672 0.9828 -0.1719
vn 0.0314 0.9530 -0.3014
vn -0.8050 -0.5925 0.0305
vn 0.0059 0.9341 -0.3569
vn -0.0995 0.8764 -0.4712
vn -0.0969 0.9224 -0.3740
vn 0.0940 0.9802 -0.1742
vn 0.2506 0.9355 -0.2491
vn -0.8131 -0.5805 -0.0432
vn -0.7733 -0.6322 0.0492
vn -0.7142 -0.6944 0.0875
vn -0.7144 -0.6942 0.0876
vn 0.0403 0.8856 -0.4628
vn -0.7896 -0.6125 -0.0370
vn 0.0281 0.8902 -0.4547
vn -0.7815 -0.6224 -0.0422
vn -0.7001 -0.7140 -0.0062
vn 0.2043 0.9389 -0.2771
vn 0.1499 0.9559 -0.2526
vn 0.1422 0.9669 -0.2118
vn 0.1082 0.9643 -0.2418
vn -0.5963 0.4860 -0.6390
vn -0.2399 0.8223 -0.5161
vn -0.8588 -0.4945 -0.1339
vn -0.8391 -0.5037 -0.2056
vn -0.2910 0.8367 -0.4639
vn -0.7517 -0.6449 -0.1381
vn -0.7571 -0.6035 -0.2502
vn -0.7727 -0.5972 -0.2151
vn -0.5879 -0.7991 0.1260
vn -0.5968 -0.7986 0.0786
vn -0.6880 -0.7249 0.0338
vn -0.6138 -0.7859 -0.0749
vn -0.2503 0.6989 -0.6700
vn -0.6713 -0.7343 -0.1005
vn -0.6834 -0.7243 -0.0919
vn -0.2385 0.7311 -0.6393
vn -0.6639 -0.7202 -0.2013
vn -0.4711 -0.8731 0.1253
vn -0.1600 0.8430 -0.5136
vn -0.5609 -0.8275 0.0262
vn -0.5629 -0.8265 0.0040
vn 0.2025 0.9387 -0.2791
vn -0.4800 -0.8744 0.0712
vn -0.4591 -0.8874 0.0429
vn 0.1676 0.9581 -0.2324
vn -0.6351 -0.7391 -0.2246
vn -0.1934 0.8557 -0.4800
vn -0.4967 -0.8659 -0.0600
vn -0.4892 -0.8671 -0.0934
vn -0.5198 -0.8429 -0.1393
vn -0.5840 -0.7994 -0.1408
vn 0.3860 0.8511 -0.3558
vn -0.7919 -0.4746 -0.3842
vn 0.2861 0.9014 -0.3249
vn -0.1589 0.7793 -0.6062
vn -0.8378 -0.4053 -0.3657
vn -0.7750 -0.3186 -0.5458
vn -0.7606 -0.4483 -0.4696
vn -0.7549 -0.5825 -0.3014
vn -0.0655 0.8597 -0.5066
vn -0.6929 -0.5122 -0.5075
vn -0.6999 -0.3257 -0.6356
vn -0.7640 -0.2911 -0.5758
vn -0.6737 -0.6450 -0.3606
vn 0.3402 0.8801 -0.3311
vn -0.6767 -0.3870 -0.6263
vn -0.6628 -0.1909 -0.7240
vn -0.5694 -0.2279 -0.7899
vn -0.5734 -0.2167 -0.7901
vn -0.6741 -0.5524 -0.4903
vn -0.5871 -0.4200 -0.6921
vn -0.5952 -0.4059 -0.6936
vn -0.4909 -0.4387 -0.7527
vn -0.4594 -0.5009 -0.7335
vn -0.5831 -0.7185 -0.3791
vn -0.6466 -0.6839 -0.3379
vn -0.6346 -0.7389 -0.2262
vn -0.5432 -0.7933 -0.2750
vn -0.5456 -0.7662 -0.3395
vn 0.3818 0.8585 -0.3423
vn -0.5058 -0.8334 -0.2229
vn 0.3796 0.8852 -0.2688
vn 0.3283 0.8994 -0.2888
vn 0.4609 0.8352 -0.3001
vn -0.4627 -0.7955 -0.3912
vn -0.4341 -0.8235 -0.3652
vn 0.6216 0.7157 -0.3184
vn -0.5722 -0.6569 -0.4910
vn -0.5659 -0.5675 -0.5980
vn -0.5903 -0.6172 -0.5203
vn -0.4769 -0.7145 -0.5119
vn -0.4776 -0.5879 -0.6528
vn 0.4693 0.8274 -0.3083
vn 0.5436 0.7700 -0.3339
vn -0.4495 -0.6555 -0.6069
vn 0.7015 0.6157 -0.3590
vn 0.7504 0.5938 -0.2904
vn -0.4541 -0.7524 -0.4771
vn -0.5178 0.5546 -0.6514
vn -0.4827 0.6217 -0.6169
vn 0.7517 0.5639 -0.3420
vn 0.8368 0.4417 -0.3235
vn 0.4249 0.8331 -0.3541
vn -0.3301 -0.9411 0.0728
vn -0.3632 -0.9312 0.0321
vn -0.3323 -0.9413 0.0590
vn 0.6773 0.6242 -0.3893
vn 0.5448 0.7468 -0.3813
vn 0.5520 0.7389 -0.3864
vn -0.3770 -0.9232 -0.0751
vn -0.4207 -0.9007 -0.1085
vn 0.9429 0.2063 -0.2617
vn -0.4403 -0.8664 -0.2355
vn -0.4121 -0.8938 -0.1769
vn -0.4240 -0.8663 -0.2642
vn 0.3618 0.5049 0.7837
vn 0.3522 0.6352 0.6874
vn 0.8097 0.4771 -0.3416
vn 0.9196 0.2495 -0.3036
vn 0.3327 0.8631 0.3800
vn 0.3475 0.8412 0.4143
vn 0.3428 0.8462 0.4079
vn 0.3700 0.7686 0.5218
vn 0.9791 -0.0269 -0.2016
vn 0.3977 0.6326 0.6645
vn 0.9615 -0.2625 -0.0810
vn 0.9777 -0.0304 -0.2076
vn 0.4061 0.7234 0.5584
vn 0.6918 0.5985 -0.4040
vn 0.3975 0.8087 0.4336
vn 0.6725 0.5983 -0.4356
vn 0.8241 0.4025 -0.3986
vn 0.9097 0.1852 -0.3716
vn 0.3719 0.8089 0.4554
vn 0.9164 0.2490 -0.3135
vn 0.8211 0.4207 -0.3857
vn 0.8241 0.4184 -0.3819
vn 0.4133 0.7453 0.5232
vn 0.3857 0.7498 0.5375
vn 0.9569 0.0358 -0.2883
vn -0.6094 0.3567 -0.7081
vn 0.3242 0.3332 0.8854
vn 0.3884 0.4817 0.7856
vn 0.4098 0.5294 0.7429
vn -0.5691 0.3351 -0.7509
vn 0.9335 0.1453 -0.3278
vn 0.3746 0.3399 0.8626
vn 0.2226 -0.0595 0.9731
vn 0.2651 0.0013 0.9642
vn 0.3130 0.1483 0.9381
vn 0.3238 0.1622 0.9321
vn 0.3842 0.3581 0.8510
vn 0.1585 -0.4455 0.8812
vn 0.3931 0.1830 0.9011
vn 0.4144 0.6863 0.5977
vn 0.2116 -0.5886 0.7803
vn 0.4412 0.5451 0.7129
vn 0.1110 -0.5352 0.8374
vn 0.1127 -0.5353 0.8371
vn 0.4371 0.6551 0.6163
vn -0.3843 0.5644 -0.7306
vn 0.3649 0.6618 0.6548
vn 0.4125 0.3471 0.8422
vn 0.4346 0.4134 0.8002
vn -0.4756 0.4179 -0.7741
vn 0.4298 0.5192 0.7387
vn -0.4728 0.4314 -0.7684
vn 0.2539 -0.6425 0.7230
vn 0.2370 -0.6322 0.7377
vn 0.2305 -0.5315 0.8151
vn 0.4160 0.3115 0.8544
vn 0.3861 0.3218 0.8645
vn 0.3938 0.7540 0.5258
vn -0.4286 0.3303 -0.8410
vn 0.4292 0.5458 0.7196
vn 0.4439 0.7124 0.5436
vn 0.4204 0.6135 0.6685
vn 0.4570 0.6443 0.6132
vn 0.4571 0.6551 0.6015
vn -0.3160 0.7378 -0.5965
vn -0.2188 0.6957 -0.6842
vn 0.2902 -0.5433 0.7878
vn 0.3534 -0.6169 0.7032
vn 0.3483 -0.6009 0.7195
vn -0.1090 0.8059 -0.5819
vn 0.4377 0.4123 0.7990
vn 0.4051 0.3901 0.8269
vn 0.4372 0.3728 0.8184
vn -0.1766 0.7194 -0.6718
vn 0.4341 0.5374 0.7231
vn -0.2783 0.5908 -0.7573
vn 0.3288 -0.6449 0.6899
vn -0.6640 0.2807 -0.6931
vn 0.4558 0.5340 0.7121
vn 0.5081 0.5803 0.6365
vn 0.4793 0.5912 0.6487
vn 0.4945 0.4499 0.7437
vn 0.4901 0.4517 0.7455
vn 0.4532 -0.6733 0.5841
vn 0.4244 -0.7033 0.5704
vn 0.1756 -0.6492 0.7400
vn 0.1730 -0.6483 0.7414
vn 0.2408 -0.6991 0.6732
vn -0.6044 0.1802 -0.7761
vn 0.2757 -0.6930 0.6661
vn 0.3269 -0.7127 0.6206
vn 0.2827 -0.7411 0.6089
vn 0.3323 -0.7342 0.5920
vn 0.3601 -0.6979 0.6190
vn -0.6603 0.0713 -0.7476
vn 0.4733 -0.7293 0.4941
vn -0.6030 0.1532 -0.7829
vn -0.5590 0.1204 -0.8204
vn 0.4393 -0.7231 0.5331
vn 0.4289 -0.6357 0.6419
vn 0.5297 -0.6584 0.5347
vn -0.5543 -0.0382 -0.8314
vn 0.6333 -0.6369 0.4397
vn -0.4885 0.1739 -0.8551
vn 0.6737 -0.6278 0.3899
vn 0.5616 -0.6815 0.4691
vn 0.5505 -0.7034 0.4495
vn 0.5460 -0.7067 0.4500
vn 0.3815 -0.7592 0.5273
vn 0.3695 -0.7594 0.5355
vn 0.4746 -0.7497 0.4612
vn -0.6603 -0.1474 -0.7364
vn -0.6390 -0.2005 -0.7427
vn -0.6502 -0.1127 -0.7513
vn -0.0453 0.8228 -0.5665
vn -0.0256 0.8374 -0.5461
vn 0.0506 0.8396 -0.5409
vn 0.0948 0.8752 -0.4744
vn 0.1669 0.8436 -0.5103
vn 0.0898 0.7516 -0.6534
vn 0.1427 0.7382 -0.6593
vn -0.5947 -0.2692 -0.7576
vn -0.6093 -0.4120 -0.6775
vn -0.6062 -0.4804 -0.6338
vn -0.5779 -0.3814 -0.7215
vn -0.5140 -0.3918 -0.7631
vn -0.4424 -0.4816 -0.7565
vn -0.4206 -0.4757 -0.7725
vn -0.6550 -0.4952 -0.5708
vn -0.6528 -0.5221 -0.5489
vn -0.5553 -0.5849 -0.5912
vn -0.6095 -0.5787 -0.5419
vn -0.0057 0.0993 -0.9950
vn -0.0687 -0.0070 -0.9976
vn -0.0827 -0.0099 -0.9965
vn 0.3603 -0.8511 0.3819
vn 0.0485 -0.9739 0.2219
vn -0.1052 -0.9912 0.0800
vn 0.3794 -0.8778 -0.2926
vn 0.1124 -0.9715 0.2086
vn 0.1127 -0.9717 0.2074
vn 0.2663 -0.9408 -0.2096
vn 0.2922 -0.9286 -0.2289
vn 0.3159 -0.9104 -0.2672
vn 0.3397 -0.8768 -0.3404
vn -0.1510 -0.9878 -0.0388
vn -0.1041 -0.9932 0.0521
vn -0.0396 -0.9985 0.0368
vn -0.0404 -0.9991 -0.0087
vn 0.0342 -0.9922 0.1200
vn 0.0382 -0.9895 0.1395
vn 0.4024 -0.8062 -0.4338
vn 0.3614 -0.8738 -0.3254
vn -0.8862 0.4477 0.1193
vn -0.8951 0.3904 0.2154
vn -0.9277 0.2468 0.2802
vn 0.3265 -0.8866 0.3275
vn -0.9279 0.2466 0.2795
vn -0.8906 0.4225 0.1686
vn -0.9106 0.3806 0.1612
vn -0.8856 0.4590 0.0713
vn -0.8657 0.4905 0.0993
vn -0.9315 0.3084 0.1930
vn 0.4693 -0.7923 -0.3899
vn 0.5427 -0.6457 -0.5372
vn 0.5151 -0.6696 -0.5351
vn 0.4900 -0.7245 -0.4848
vn 0.4792 -0.7837 -0.3952
vn 0.2267 -0.9317 0.2838
vn 0.3943 -0.8790 -0.2681
vn 0.3690 -0.9171 -0.1510
vn 0.3474 -0.9013 -0.2588
vn 0.2213 -0.9309 0.2905
vn 0.4355 -0.8274 -0.3546
vn 0.3959 -0.8497 -0.3482
vn -0.9125 0.3349 0.2349
vn 0.4251 -0.6696 -0.6090
vn 0.4462 -0.7404 -0.5028
vn -0.9201 0.1320 0.3687
vn 0.4731 -0.7354 -0.4851
vn 0.4423 -0.7338 -0.5157
vn 0.4492 -0.7126 -0.5389
vn 0.1183 -0.9695 0.2147
vn -0.9022 0.0294 0.4304
vn -0.8943 0.0948 0.4373
vn 0.1259 -0.9702 0.2072
vn 0.4787 -0.6584 -0.5807
vn 0.4963 -0.5791 -0.6468
vn 0.1600 -0.9599 0.2302
vn 0.0412 -0.9898 0.1364
vn 0.3188 -0.8844 0.3409
vn 0.3219 -0.8832 0.3411
vn 0.7428 -0.6635 0.0896
vn 0.3760 -0.8445 -0.3814
vn 0.4351 -0.7970 -0.4190
vn 0.7446 -0.6625 -0.0812
vn -0.8709 -0.0612 0.4876
vn -0.8750 -0.1011 0.4734
vn -0.8166 -0.2287 0.5300
vn -0.8917 -0.1178 0.4370
vn 0.7740 -0.6257 -0.0969
vn 0.5078 -0.6512 -0.5640
vn 0.4698 -0.7143 -0.5186
vn 0.4507 -0.7278 -0.5169
vn 0.8232 -0.0591 0.5646
vn 0.8402 0.0362 0.5411
vn 0.4445 -0.0972 -0.8905
vn -0.9060 0.1480 0.3966
vn 0.7779 -0.6152 -0.1284
vn -0.9508 0.1863 0.2474
vn 0.4841 -0.2590 -0.8358
vn 0.7832 -0.6105 -0.1180
vn -0.9241 0.0264 0.3811
vn -0.9434 0.0428 0.3289
vn 0.4792 -0.1660 -0.8618
vn -0.9208 0.0350 0.3884
vn -0.9212 0.2212 0.3202
vn 0.7461 -0.6227 -0.2356
vn -0.2981 -0.8511 -0.4322
vn -0.3408 -0.8252 -0.4504
vn 0.6212 -0.6625 -0.4185
vn -0.9082 -0.0919 0.4082
vn 0.5939 -0.6862 -0.4200
vn -0.9141 0.0744 0.3986
vn 0.6524 -0.5593 -0.5115
vn -0.2789 -0.8575 -0.4324
vn -0.2377 -0.8237 -0.5148
vn -0.2422 -0.8495 -0.4687
vn -0.3508 -0.7881 -0.5058
vn 0.8854 0.2134 0.4129
vn 0.8978 0.1552 0.4122
vn 0.7450 -0.6128 -0.2634
vn 0.8423 0.5103 0.1737
vn -0.8890 -0.0734 0.4519
vn -0.9296 0.1796 0.3219
vn -0.9040 -0.0297 0.4264
vn -0.7731 -0.6053 -0.1896
vn -0.7906 -0.5774 -0.2038
vn 0.5310 -0.7637 -0.3670
vn -0.8954 0.2471 0.3704
vn -0.8542 0.2624 0.4489
vn -0.1436 -0.8088 -0.5703
vn 0.0162 -0.0287 -0.9995
vn 0.0057 0.0993 -0.9950
vn 0.0646 -0.0000 -0.9979
vn 0.0924 -0.0000 -0.9957
vn 0.8941 0.3930 0.2148
vn -0.8695 0.4499 0.2039
vn 0.7580 -0.5906 -0.2768
vn -0.8848 0.0776 0.4595
vn -0.8477 -0.0748 0.5252
vn -0.8598 -0.0577 0.5074
vn -0.8287 -0.1373 0.5426
vn 0.8329 0.5533 0.0119
vn 0.8747 0.4744 0.0989
vn 0.8318 0.5549 0.0115
vn 0.8651 0.4920 0.0980
vn -0.4082 -0.5053 0.7603
vn -0.6251 -0.3901 0.6761
vn -0.6358 -0.3565 0.6846
vn -0.6396 -0.4483 0.6245
vn 0.9130 0.2767 0.2999
vn -0.5589 -0.5525 0.6183
vn 0.8997 0.3345 0.2804
vn -0.5104 -0.4916 0.7056
vn -0.4759 -0.4700 0.7434
vn -0.5021 -0.5555 0.6629
vn -0.4092 -0.6565 0.6337
vn -0.3365 -0.5949 0.7300
vn 0.9271 0.2483 0.2808
vn 0.9143 0.2724 0.2996
vn 0.9269 0.2484 0.2814
vn 0.9314 0.2978 0.2093
vn -0.3441 -0.6750 0.6527
vn 0.8980 0.4080 0.1648
vn 0.9086 0.3854 0.1609
vn -0.4455 -0.7022 0.5554
vn -0.2765 -0.7290 0.6262
vn -0.8537 -0.2576 0.4526
vn -0.8429 -0.2665 0.4675
vn 0.8952 0.0164 0.4453
vn 0.8871 0.0713 0.4560
vn -0.8279 -0.2357 0.5090
vn -0.8712 -0.1556 0.4657
vn 0.9063 0.1546 0.3932
vn 0.9086 0.1501 0.3898
vn 0.9199 0.0216 0.3915
vn -0.8141 -0.3028 0.4956
vn 0.8377 -0.1093 0.5350
vn 0.8649 -0.0971 0.4925
vn 0.8121 -0.2326 0.5351
vn -0.7313 -0.4384 0.5225
vn -0.7094 -0.5016 0.4952
vn 0.8182 -0.2292 0.5273
vn 0.8660 -0.1270 0.4837
vn -0.7103 -0.5024 0.4930
vn 0.9504 0.1863 0.2490
vn 0.9475 0.0556 0.3147
vn 0.9137 0.0378 0.4046
vn 0.9191 0.2210 0.3262
vn -0.7504 -0.3360 0.5692
vn 0.9154 -0.0334 0.4012
vn -0.7728 -0.3728 0.5136
vn 0.9153 0.0984 0.3906
vn 0.8845 -0.1349 0.4466
vn -0.6856 -0.4425 0.5781
vn -0.6951 -0.4348 0.5725
vn -0.8321 -0.2234 0.5077
vn -0.7769 -0.3223 0.5408
vn -0.7771 -0.3747 0.5056
vn 0.9243 0.1312 0.3583
vn -0.7034 -0.4478 0.5520
vn -0.6522 -0.5365 0.5356
vn 0.7196 -0.3877 0.5761
vn 0.7663 -0.2933 0.5716
vn 0.7857 -0.2763 0.5535
vn -0.5636 -0.6175 0.5486
vn -0.5571 -0.6195 0.5530
vn -0.5798 -0.6265 0.5209
vn 0.7732 -0.3611 0.5214
vn -0.6655 -0.5394 0.5158
vn -0.7548 -0.4606 0.4670
vn -0.6502 -0.5725 0.4996
vn -0.6644 -0.5480 0.5081
vn 0.7421 -0.3942 0.5421
vn -0.5020 -0.6716 0.5450
vn -0.6485 -0.5817 0.4910
vn -0.5947 -0.6654 0.4512
vn -0.5068 -0.7300 0.4586
vn 0.7885 -0.3654 0.4947
vn 0.8299 -0.2840 0.4802
vn 0.7002 -0.4802 0.5284
vn 0.7910 -0.3516 0.5007
vn 0.7297 -0.4796 0.4875
vn -0.5399 -0.6857 0.4882
vn -0.5133 -0.7035 0.4916
vn -0.5501 -0.7102 0.4394
vn 0.6674 -0.5541 0.4976
vn 0.6980 -0.5084 0.5044
vn 0.8448 -0.2680 0.4631
vn 0.0613 0.4842 0.8728
vn -0.4898 -0.7556 0.4348
vn -0.3975 -0.7610 0.5127
vn 0.8837 -0.1696 0.4363
vn -0.2055 -0.8503 0.4844
vn -0.2652 -0.8010 0.5367
vn -0.3968 -0.7888 0.4695
vn 0.8691 -0.1563 0.4692
vn 0.8308 -0.2563 0.4940
vn 0.8403 -0.2422 0.4850
vn 0.1092 0.4776 0.8718
vn 0.1741 0.4601 0.8706
vn -0.4133 -0.7903 0.4523
vn -0.4557 -0.7659 0.4536
vn -0.3604 -0.8531 0.3771
vn 0.7224 -0.4735 0.5040
vn -0.2417 -0.8783 0.4124
vn -0.2685 -0.8755 0.4018
vn 0.7845 -0.3464 0.5143
vn 0.1727 0.4600 0.8710
vn 0.2225 0.4527 0.8635
vn -0.3575 -0.8469 0.3937
vn -0.3063 -0.8671 0.3929
vn -0.2504 -0.9064 0.3402
vn -0.2444 -0.8616 0.4449
vn 0.7370 -0.4734 0.4825
vn 0.7307 -0.4660 0.4989
vn 0.2487 0.4593 0.8528
vn 0.3144 0.4524 0.8346
vn 0.3298 0.4582 0.8254
vn 0.9041 -0.0225 0.4266
vn 0.9043 -0.0592 0.4229
vn 0.9011 -0.0752 0.4271
vn -0.1665 -0.9430 0.2881
vn -0.6387 -0.5785 0.5074
vn -0.5813 -0.6561 0.4813
vn 0.7630 0.4694 0.4443
vn 0.8438 0.4539 0.2865
vn 0.8430 0.4568 0.2840
vn 0.8174 0.4540 0.3545
vn -0.5781 -0.6619 0.4772
vn -0.5205 -0.7205 0.4583
vn -0.5068 -0.7299 0.4587
vn 0.6283 -0.5907 0.5063
vn 0.5871 -0.6560 0.4744
vn 0.8687 0.4696 0.1575
vn 0.8497 0.4803 0.2178
vn 0.8848 0.4446 0.1394
vn 0.6626 -0.5480 0.5106
vn 0.5813 -0.6659 0.4676
vn -0.4488 -0.8177 0.3605
vn 0.4988 -0.7324 0.4634
vn 0.5875 -0.6717 0.4513
vn 0.4745 -0.7688 0.4286
vn -0.4151 -0.8072 0.4197
vn -0.4053 -0.8207 0.4028
vn 0.4221 -0.8143 0.3985
vn 0.4261 -0.8100 0.4028
vn 0.2054 -0.7372 -0.6437
vn -0.2781 -0.9035 0.3261
vn -0.2817 -0.8999 0.3330
vn 0.2115 -0.8236 -0.5263
vn 0.2307 -0.8943 -0.3835
vn 0.2282 -0.8896 -0.3957
vn 0.1810 -0.8770 -0.4451
vn 0.2387 -0.8947 -0.3776
vn 0.1597 -0.8026 -0.5747
vn -0.2520 -0.9047 0.3436
vn 0.6696 -0.5669 -0.4798
vn -0.2948 -0.9089 0.2949
vn -0.2955 -0.9073 0.2993
vn 0.7212 -0.5116 -0.4671
vn 0.4462 0.7658 -0.4630
vn 0.6375 -0.5844 -0.5020
vn 0.6048 -0.5417 -0.5837
vn 0.6660 -0.4984 -0.5550
vn 0.6215 -0.5389 -0.5686
vn 0.7739 -0.5052 -0.3820
vn 0.7208 -0.6027 -0.3422
vn 0.7481 0.6524 -0.1216
vn 0.7494 -0.5316 -0.3949
vn -0.1680 -0.9553 0.2431
vn -0.0963 -0.9764 0.1933
vn 0.5632 0.7947 -0.2265
vn 0.7251 -0.5456 -0.4202
vn -0.1543 -0.9606 0.2311
vn -0.1570 -0.9609 0.2283
vn 0.7226 0.6486 -0.2391
vn -0.1422 -0.9665 0.2139
vn -0.0491 -0.9919 0.1174
vn 0.6096 0.7402 -0.2837
vn 0.7212 -0.4580 -0.5198
vn -0.0246 -0.9876 0.1551
vn 0.6968 -0.4908 -0.5231
vn 0.6942 -0.5447 -0.4705
vn 0.5419 0.7524 -0.3746
vn -0.4933 -0.1283 -0.8604
vn 0.3544 -0.7654 -0.5372
vn -0.0494 -0.9914 0.1211
vn -0.5260 -0.8496 0.0384
vn -0.5041 -0.8617 0.0578
vn -0.5881 -0.8069 0.0554
vn -0.5261 -0.8472 0.0748
vn -0.5094 -0.8597 -0.0375
vn -0.0920 -0.6986 0.7095
vn -0.2551 -0.6026 0.7562
vn 0.3913 -0.7391 -0.5482
vn -0.1787 -0.6953 0.6962
vn 0.3841 -0.7476 -0.5418
vn -0.4239 -0.9044 0.0477
vn -0.2045 -0.7403 0.6404
vn -0.0898 -0.8033 0.5887
vn -0.0681 -0.7934 0.6049
vn -0.0804 -0.8405 0.5358
vn -0.3769 -0.9213 -0.0959
vn -0.4380 -0.8976 -0.0506
vn 0.1154 -0.8066 0.5797
vn 0.1185 -0.8886 0.4431
vn 0.1096 -0.9010 0.4198
vn 0.1173 -0.8892 0.4423
vn 0.4702 -0.6801 -0.5624
vn 0.2998 -0.8718 0.3874
vn -0.2551 -0.9665 0.0296
vn -0.2551 -0.9665 -0.0296
vn -0.2907 -0.9542 0.0712
vn -0.2942 -0.9515 0.0902
vn -0.2737 -0.9604 -0.0512
vn -0.2839 0.2659 -0.9212
vn -0.3969 -0.9179 -0.0014
vn -0.3970 -0.9176 -0.0186
vn -0.3687 -0.9279 -0.0547
vn -0.1143 -0.8661 0.4866
vn 0.3656 -0.6799 -0.6356
vn -0.0246 -0.9182 0.3953
vn -0.0983 -0.9524 0.2886
vn -0.1092 -0.9499 0.2928
vn 0.3979 -0.7060 -0.5859
vn 0.0964 -0.9668 0.2367
vn 0.0944 -0.9669 0.2369
vn -0.0213 -0.9465 0.3219
vn -0.4498 0.0272 -0.8927
vn 0.3136 -0.9131 0.2605
vn 0.1640 -0.9440 0.2862
vn 0.2705 -0.9347 0.2305
vn 0.2932 -0.9474 0.1281
vn 0.4595 -0.6878 -0.5619
vn -0.3511 0.1111 -0.9297
vn -0.0708 -0.9712 0.2275
vn 0.0410 -0.9881 0.1481
vn -0.3623 0.1045 -0.9262
vn 0.1102 -0.9925 0.0527
vn 0.0459 -0.9901 0.1325
vn 0.1631 -0.9859 0.0362
vn -0.3862 -0.0420 -0.9215
vn -0.3965 0.0314 -0.9175
vn 0.0615 -0.9978 0.0255
vn 0.0983 -0.9949 0.0229
vn -0.4609 -0.1293 -0.8780
vn -0.4736 -0.1219 -0.8723
vn -0.3977 0.4568 0.7957
vn -0.1966 0.4583 0.8668
vn -0.4252 -0.0252 -0.9048
vn -0.3299 0.4617 0.8234
vn -0.2827 0.4415 0.8516
vn 0.5637 -0.6185 -0.5474
vn 0.2381 -0.9692 -0.0629
vn 0.2664 -0.9605 -0.0802
vn 0.4817 0.7545 -0.4458
vn 0.2944 0.7339 -0.6121
vn 0.6289 -0.5791 -0.5188
vn 0.3349 -0.9381 0.0887
vn 0.5406 -0.8094 -0.2293
vn 0.3678 -0.9297 -0.0185
vn 0.2083 -0.9699 0.1258
vn 0.4102 -0.9103 -0.0552
vn 0.4291 -0.8855 -0.1780
vn 0.3746 -0.9003 -0.2219
vn 0.6579 -0.6708 -0.3425
vn 0.5971 -0.6181 -0.5112
vn -0.3303 -0.9297 -0.1629
vn 0.4422 -0.8914 0.0990
vn 0.1382 0.6686 -0.7306
vn 0.4556 -0.8727 0.1755
vn -0.2674 -0.9467 -0.1797
vn -0.2567 -0.9471 -0.1928
vn -0.2547 -0.9407 -0.2239
vn 0.3655 0.7393 -0.5655
vn -0.1903 -0.9453 -0.2651
vn -0.2712 -0.8922 -0.3612
vn -0.2640 -0.9354 -0.2352
vn -0.2723 -0.8914 -0.3624
vn -0.2877 -0.9084 -0.3035
vn 0.2908 0.7348 -0.6127
vn 0.5119 -0.8588 -0.0208
vn 0.5128 -0.8584 -0.0171
vn 0.5725 -0.7932 -0.2074
vn 0.5201 -0.5948 -0.6130
vn 0.5430 -0.5897 -0.5978
vn 0.5648 -0.6196 -0.5451
vn 0.5808 -0.7922 -0.1872
vn -0.7971 -0.4874 -0.3565
vn -0.7924 -0.4250 -0.4377
vn -0.7496 -0.5600 -0.3529
vn -0.7544 -0.5425 -0.3694
vn -0.0545 0.4893 0.8704
vn -0.1482 0.4615 0.8747
vn -0.1262 0.4561 0.8809
vn -0.0593 0.4712 0.8801
vn -0.7167 0.6795 -0.1568
vn -0.7562 0.6421 -0.1260
vn 0.4946 -0.6207 -0.6084
vn 0.4210 -0.6283 -0.6541
vn 0.4960 -0.5999 -0.6278
vn -0.6847 0.6906 -0.2329
vn -0.1216 0.3892 -0.9131
vn -0.1460 0.4818 -0.8641
vn -0.6601 0.7026 -0.2657
vn -0.1827 0.2831 -0.9415
vn -0.1645 0.4155 -0.8946
vn 0.0046 0.4573 -0.8893
vn -0.0825 0.5100 -0.8562
vn -0.7264 -0.5515 -0.4101
vn -0.5559 0.7740 -0.3032
vn -0.7199 -0.4510 -0.5276
vn -0.5601 0.7521 -0.3473
vn -0.6985 -0.5228 -0.4886
vn -0.7214 -0.5247 -0.4520
vn -0.0432 0.5254 -0.8497
vn 0.0189 0.5873 -0.8091
vn -0.7251 -0.5478 -0.4173
vn -0.0427 0.5069 -0.8610
vn -0.6163 0.6331 -0.4684
vn 0.1214 0.6311 -0.7662
vn -0.3667 0.7587 -0.5385
vn -0.3681 0.7420 -0.5603
vn -0.6655 -0.5657 -0.4869
vn 0.1297 0.6381 -0.7590
vn -0.6478 -0.5785 -0.4956
vn -0.2845 0.2069 -0.9361
vn -0.2837 0.7163 -0.6376
vn -0.2389 0.3245 -0.9152
vn -0.3094 0.2177 -0.9257
vn -0.1889 0.3643 -0.9119
vn -0.2009 0.6571 -0.7265
vn -0.6239 -0.5770 -0.5271
vn -0.1159 0.6856 -0.7187
vn -0.6923 -0.4920 -0.5279
vn -0.6660 -0.4984 -0.5550
vn -0.6059 -0.5521 -0.5728
vn -0.5827 -0.4585 -0.6710
vn -0.8293 0.5588 -0.0022
vn -0.3157 0.1911 -0.9294
vn -0.3549 0.1132 -0.9280
vn -0.8239 0.5667 -0.0011
vn -0.3618 0.0874 -0.9281
vn -0.1053 0.4299 -0.8967
vn -0.8227 0.5683 0.0116
vn -0.1749 0.3829 -0.9071
vn -0.7501 0.6511 -0.1159
vn -0.7781 0.6221 -0.0868
vn 0.1156 0.5853 -0.8025
vn 0.0171 0.4770 -0.8787
vn 0.0300 0.5182 -0.8548
vn -0.8576 0.5113 0.0563
vn -0.8916 0.4215 0.1657
vn -0.8633 0.5022 0.0498
vn -0.2074 0.2482 -0.9463
vn -0.1976 0.2658 -0.9436
vn -0.0832 0.4048 -0.9106
vn -0.2111 0.2326 -0.9494
vn -0.1138 0.3490 -0.9302
vn -0.6728 0.7020 -0.2335
vn -0.6866 0.6927 -0.2208
vn -0.7965 0.5961 -0.1013
vn 0.3048 -0.8519 -0.4258
vn -0.5903 0.7122 -0.3799
vn -0.6272 -0.5769 -0.5232
vn -0.5952 -0.6442 -0.4804
vn 0.3210 -0.8251 -0.4649
vn 0.2975 -0.8034 -0.5158
vn -0.6108 -0.4466 -0.6538
vn -0.9535 0.1667 0.2512
vn -0.5681 -0.3286 -0.7545
vn -0.9140 0.3469 0.2103
vn -0.5596 -0.4292 -0.7090
vn -0.9232 0.3274 0.2012
vn -0.5561 -0.3961 -0.7306
vn 0.2942 -0.8016 -0.5206
vn 0.3124 -0.7790 -0.5437
vn -0.5252 -0.2903 -0.7999
vn -0.5833 -0.5425 -0.6045
vn -0.5687 -0.5536 -0.6084
vn -0.9061 0.4111 0.0995
vn -0.9298 0.1419 0.3397
vn -0.9365 0.2409 0.2550
vn -0.5352 -0.2193 -0.8157
vn -0.0124 0.5061 0.8624
vn -0.5445 -0.2568 -0.7985
vn 0.0219 0.5042 0.8633
vn -0.5257 -0.3555 -0.7728
vn -0.9232 0.3449 0.1694
vn -0.9494 0.2819 0.1385
vn 0.0649 0.4757 0.8772
vn 0.0407 0.4589 0.8876
vn -0.0215 0.4566 0.8894
vn -0.9161 0.3997 0.0321
vn -0.4801 -0.2874 -0.8288
vn -0.4986 -0.3718 -0.7831
vn -0.4393 -0.2457 -0.8641
vn -0.5448 -0.4596 -0.7014
vn -0.8809 0.4607 -0.1082
vn -0.9183 0.3960 -0.0019
vn -0.5302 -0.5422 -0.6518
vn -0.7805 0.6057 -0.1548
vn -0.8537 0.5204 -0.0205
vn -0.8669 0.4978 -0.0269
vn -0.7166 0.6508 -0.2510
vn -0.7266 0.6426 -0.2431
vn -0.5033 -0.5736 -0.6463
vn -0.5015 -0.5818 -0.6404
vn -0.4894 -0.4021 -0.7738
vn -0.4806 -0.5306 -0.6982
vn -0.5000 -0.4609 -0.7332
vn -0.8426 0.5258 -0.1162
vn -0.6098 0.6955 -0.3801
vn -0.9056 0.4229 0.0320
vn -0.8470 0.5113 -0.1454
vn -0.5199 -0.5223 -0.6759
vn -0.7538 0.5938 -0.2815
vn -0.8055 0.5472 -0.2274
vn -0.5695 -0.7487 -0.3393
vn -0.6069 -0.7014 -0.3739
vn -0.4485 0.7059 -0.5482
vn -0.5496 -0.7873 -0.2795
vn -0.5528 -0.6402 -0.5335
vn -0.4917 -0.6927 -0.5276
vn -0.4791 -0.7733 -0.4153
vn -0.4911 -0.7273 -0.4794
vn -0.5721 0.6723 -0.4698
vn -0.5735 0.6703 -0.4710
vn -0.4491 -0.8057 -0.3862
vn -0.3642 0.6531 -0.6639
vn -0.2908 -0.9462 -0.1422
vn -0.4455 -0.8122 -0.3766
vn -0.3924 -0.9187 -0.0447
vn -0.4170 0.6317 -0.6535
vn -0.7133 0.6034 -0.3566
vn -0.5468 0.6278 -0.5540
vn -0.7076 0.5559 -0.4362
vn -0.3753 -0.8680 -0.3252
vn -0.3343 -0.8997 -0.2808
vn -0.6497 0.5659 -0.5075
vn -0.3588 -0.8747 -0.3258
vn -0.3603 -0.8736 -0.3270
vn -0.5573 0.6162 -0.5565
vn -0.4461 0.5379 -0.7153
vn -0.4020 -0.8131 -0.4210
vn -0.3613 -0.8743 -0.3241
vn -0.2600 0.5726 -0.7775
vn -0.5214 -0.6469 -0.5564
vn -0.4712 -0.7181 -0.5121
vn -0.3808 0.5524 -0.7415
vn -0.3610 0.5478 -0.7547
vn -0.1749 0.4822 -0.8584
vn -0.1785 0.5237 -0.8330
vn -0.4574 -0.6535 -0.6032
vn -0.4594 -0.7368 -0.4962
vn -0.4521 -0.7260 -0.5182
vn -0.7802 0.6228 -0.0578
vn -0.4015 -0.8080 -0.4312
vn -0.6491 0.7183 -0.2504
vn -0.6828 0.6937 -0.2292
vn -0.5307 0.7470 -0.4004
vn -0.4383 0.7634 -0.4745
vn -0.4949 -0.6432 -0.5843
vn -0.2597 0.7287 -0.6337
vn -0.4885 -0.5903 -0.6426
vn -0.3879 0.7369 -0.5537
vn -0.3789 0.7367 -0.5601
vn -0.5403 0.7333 -0.4127
vn -0.4358 0.7241 -0.5345
vn -0.5090 -0.2178 -0.8327
vn -0.2311 0.7012 -0.6745
vn -0.1707 0.6866 -0.7067
vn -0.4968 -0.3991 -0.7706
vn -0.0817 0.6266 -0.7750
vn -0.1538 -0.9875 -0.0345
vn -0.1219 0.5866 -0.8007
vn 0.0248 0.5584 -0.8292
vn -0.2785 -0.9302 -0.2391
vn -0.1733 -0.9750 -0.1391
vn -0.2561 -0.9507 -0.1746
vn -0.2291 -0.9605 -0.1581
vn -0.0881 -0.9951 0.0448
vn -0.1388 -0.9890 -0.0509
vn 0.0294 0.5708 -0.8206
vn -0.3213 -0.9022 -0.2877
vn -0.2952 -0.9277 -0.2284
vn -0.2086 -0.9720 -0.1085
vn -0.2636 0.6923 -0.6718
vn -0.1820 0.6231 -0.7607
vn 0.0283 -0.9933 0.1118
vn -0.0196 -0.9975 0.0673
vn -0.0740 0.6147 -0.7853
vn 0.0147 0.5614 -0.8274
vn -0.0946 0.6036 -0.7917
vn -0.0519 -0.9986 -0.0107
vn -0.1034 -0.9932 -0.0536
vn 0.0891 -0.9887 0.1202
vn 0.0531 0.5170 -0.8544
vn 0.1091 0.4840 -0.8683
vn 0.1844 -0.9620 0.2014
vn 0.0678 -0.9961 0.0556
vn 0.1775 0.3880 -0.9044
vn -0.4452 -0.7392 -0.5054
vn -0.4447 -0.7369 -0.5092
vn -0.4333 -0.7402 -0.5142
vn -0.4250 -0.8017 -0.4202
vn -0.2444 0.6510 -0.7187
vn -0.2999 0.6426 -0.7051
vn -0.3945 -0.8305 -0.3933
vn 0.0354 0.4862 -0.8732
vn -0.0173 0.5119 -0.8589
vn -0.1263 0.5315 -0.8376
vn -0.0524 0.4973 -0.8660
vn -0.3668 -0.8212 -0.4372
vn 0.0016 0.4170 -0.9089
vn 0.0464 0.3892 -0.9200
vn -0.3764 -0.8060 -0.4568
vn -0.1777 -0.9696 -0.1681
vn 0.0048 -1.0000 -0.0033
vn 0.1051 0.3049 -0.9466
vn -0.1801 -0.9653 -0.1893
vn -0.0079 -0.9986 -0.0532
vn 0.0849 0.4241 -0.9016
vn 0.1566 0.3698 -0.9158
vn -0.3322 -0.8547 -0.3990
vn -0.2951 -0.8977 -0.3272
vn -0.2434 -0.9269 -0.2857
vn 0.1990 0.2819 -0.9386
vn -0.0992 -0.9791 -0.1778
vn -0.4247 -0.0250 -0.9050
vn 0.2994 0.1091 -0.9479
vn 0.2489 0.2046 -0.9467
vn 0.2728 0.1808 -0.9449
vn -0.4893 -0.2536 -0.8344
vn -0.9542 0.1332 0.2680
vn -0.9504 -0.0308 0.3094
vn -0.4563 -0.2075 -0.8653
vn -0.3301 0.0678 -0.9415
vn -0.4233 -0.0750 -0.9029
vn -0.4920 -0.3422 -0.8005
vn -0.5072 -0.4107 -0.7577
vn 0.3969 0.4558 0.7967
vn -0.9402 0.0834 0.3302
vn -0.9289 -0.0195 0.3699
vn -0.8998 -0.1661 0.4034
vn -0.9281 -0.0585 0.3677
vn -0.8278 -0.3130 0.4656
vn -0.8735 -0.2029 0.4424
vn 0.4652 0.4535 0.7602
vn -0.2870 0.0976 -0.9529
vn -0.3867 -0.0860 -0.9182
vn 0.8617 0.4891 0.1354
vn -0.2641 0.0424 -0.9636
vn -0.8210 -0.3387 0.4596
vn -0.8676 -0.2947 0.4006
vn -0.8900 -0.2407 0.3872
vn -0.9549 0.2575 0.1481
vn -0.4245 -0.2794 -0.8613
vn -0.4212 -0.2326 -0.8766
vn -0.9630 0.0608 0.2626
vn -0.3803 -0.1458 -0.9133
vn -0.3466 -0.1373 -0.9279
vn -0.4470 -0.3613 -0.8183
vn -0.9808 0.1096 0.1614
vn -0.9789 0.0828 0.1869
vn -0.9581 0.2855 0.0240
vn -0.3035 -0.0851 -0.9490
vn -0.9613 0.2754 0.0077
vn -0.4717 -0.5935 -0.6521
vn -0.4594 -0.5429 -0.7030
vn -0.4620 -0.5078 -0.7271
vn -0.4350 -0.6816 -0.5884
vn -0.9637 0.2315 0.1328
vn -0.9467 -0.1298 0.2949
vn -0.9209 -0.2128 0.3265
vn -0.9662 -0.1007 0.2374
vn -0.9918 0.1010 0.0789
vn -0.9949 0.0769 0.0646
vn -0.3987 -0.6379 -0.6589
vn -0.3950 -0.6968 -0.5987
vn -0.4384 -0.4355 -0.7862
vn -0.4056 -0.4470 -0.7973
vn -0.9946 -0.0609 0.0837
vn -0.3656 -0.3860 -0.8470
vn -0.3625 -0.3591 -0.8601
vn -0.3540 -0.6052 -0.7131
vn -0.3561 -0.6043 -0.7128
vn 0.8589 0.5068 0.0730
vn -0.9707 -0.1563 0.1826
vn -0.7700 -0.4418 0.4603
vn -0.6554 -0.6056 0.4514
vn -0.6116 -0.6537 0.4458
vn -0.5720 -0.7061 0.4173
vn -0.3689 -0.7430 -0.5585
vn -0.2957 -0.7951 -0.5296
vn -0.2728 -0.8241 -0.4965
vn -0.2669 -0.8585 -0.4379
vn -0.2115 -0.9175 -0.3370
vn -0.7604 -0.4806 0.4368
vn -0.8009 -0.4576 0.3863
vn 0.8742 0.4852 -0.0167
vn 0.8703 0.4918 0.0259
vn 0.8708 0.4866 0.0700
vn 0.8686 0.4922 0.0575
vn -0.6992 -0.5719 0.4290
vn 0.7789 0.6173 -0.1103
vn 0.8799 0.4690 -0.0759
vn -0.4486 -0.8189 0.3580
vn 0.8830 0.4676 -0.0407
vn 0.8619 0.4576 -0.2184
vn 0.8311 0.4676 -0.3009
vn 0.7570 0.6474 -0.0888
vn 0.8389 0.5441 -0.0138
vn 0.7986 0.6014 -0.0226
vn 0.7002 0.6888 -0.1880
vn 0.6657 0.7068 -0.2393
vn 0.7013 0.6888 -0.1834
vn -0.8318 -0.4094 0.3749
vn -0.8638 -0.3804 0.3303
vn -0.9018 -0.3004 0.3106
vn -0.8335 -0.4756 0.2813
vn -0.9415 -0.2686 0.2036
vn -0.9224 -0.3441 0.1752
vn 0.8967 0.4093 0.1688
vn 0.8047 0.5896 -0.0690
vn 0.8682 0.4873 0.0934
vn 0.5725 0.7425 -0.3479
vn -0.8680 -0.4540 0.2014
vn -0.8272 -0.5383 0.1613
vn -0.7063 -0.6786 0.2016
vn -0.7411 -0.5725 0.3506
vn 0.6356 0.7051 -0.3143
vn 0.6097 0.7153 -0.3415
vn 0.7694 0.6212 -0.1486
vn -0.6820 -0.6336 0.3653
vn 0.4047 0.7273 -0.5543
vn -0.7637 -0.5704 0.3023
vn 0.4867 0.7365 -0.4697
vn 0.5379 0.7183 -0.4412
vn -0.5985 -0.7299 0.3303
vn -0.6094 -0.7159 0.3407
vn -0.4814 -0.8246 0.2970
vn 0.9150 0.3515 0.1979
vn 0.9196 0.3161 0.2333
vn 0.9256 0.2739 0.2611
vn 0.8668 0.4914 0.0851
vn -0.4112 -0.8823 0.2292
vn 0.8783 0.4747 0.0578
vn 0.9185 0.3678 0.1448
vn -0.6913 -0.6876 0.2222
vn -0.6289 -0.7426 0.2304
vn -0.5383 -0.8253 0.1708
vn 0.9374 0.1212 0.3265
vn 0.9356 0.0483 0.3497
vn 0.9415 0.1785 0.2860
vn -0.4955 -0.8657 0.0718
vn 0.9541 0.2006 0.2225
vn -0.4131 -0.8878 0.2028
vn 0.6936 0.6621 -0.2836
vn 0.8689 0.4947 0.0176
vn 0.7630 0.6185 -0.1876
vn 0.7362 0.6482 -0.1946
vn -0.3116 -0.9477 0.0686
vn -0.2116 -0.9759 0.0525
vn -0.7340 0.4579 -0.5016
vn -0.3202 -0.9459 0.0518
vn -0.9266 0.3444 -0.1511
vn 0.8840 0.4668 -0.0248
vn -0.8146 0.4891 -0.3116
vn 0.9357 0.3259 0.1355
vn 0.9310 0.3601 0.0599
vn 0.9336 0.3509 0.0726
vn 0.8609 0.4996 -0.0961
vn 0.8662 0.4920 -0.0877
vn 0.7941 0.5659 -0.2219
vn -0.4341 0.4528 -0.7788
vn -0.3629 0.4560 -0.8127
vn -0.4798 0.4649 -0.7440
vn -0.4255 0.4441 -0.7885
vn -0.9319 0.3525 -0.0851
vn -0.2856 0.4737 -0.8331
vn -0.8758 0.4086 -0.2568
vn 0.3975 0.7149 -0.5753
vn 0.2770 0.6862 -0.6726
vn -0.8785 0.3631 -0.3105
vn -0.8012 0.3967 -0.4480
vn -0.7901 0.3896 -0.4732
vn 0.3083 0.6812 -0.6640
vn 0.3160 0.6626 -0.6790
vn 0.2775 0.6273 -0.7277
vn 0.4805 0.6851 -0.5475
vn 0.5396 0.6877 -0.4857
vn -0.9758 0.1682 -0.1398
vn 0.4318 0.6586 -0.6163
vn 0.1616 0.5793 -0.7989
vn -0.9739 0.1608 -0.1602
vn -0.9405 0.2164 -0.2621
vn -0.9195 0.1876 -0.3455
vn 0.0430 0.4658 -0.8839
vn -0.9920 -0.1258 -0.0146
vn 0.1535 0.5330 -0.8321
vn -0.0191 0.3499 -0.9366
vn 0.0227 0.3963 -0.9178
vn -0.9915 -0.0090 -0.1297
vn 0.3481 0.5712 -0.7434
vn -0.9923 -0.1206 -0.0266
vn 0.4452 0.6247 -0.6415
vn 0.3055 0.5738 -0.7599
vn 0.1996 0.5243 -0.8278
vn 0.0059 0.5323 -0.8465
vn -0.8062 0.2886 -0.5165
vn 0.3685 0.5119 -0.7759
vn -0.7578 0.2486 -0.6033
vn 0.6074 0.6565 -0.4472
vn 0.0066 0.5099 -0.8602
vn -0.6992 0.2896 -0.6536
vn 0.6574 0.6446 -0.3904
vn 0.7677 0.5585 -0.3141
vn 0.7672 0.5595 -0.3137
vn 0.8796 0.4577 -0.1301
vn -0.2071 0.4777 -0.8538
vn 0.5716 0.5932 -0.5669
vn -0.9211 0.0439 -0.3868
vn -0.1351 0.4912 -0.8605
vn 0.5661 0.5993 -0.5660
vn -0.0550 0.4832 -0.8738
vn 0.0320 0.5046 -0.8628
vn 0.0128 0.5010 -0.8654
vn -0.0486 0.4812 -0.8752
vn 0.9058 -0.1571 0.3934
vn -0.1863 0.4712 -0.8622
vn -0.0177 0.4820 -0.8760
vn -0.7762 0.1316 -0.6166
vn 0.8396 -0.3119 0.4447
vn 0.8191 -0.3609 0.4458
vn 0.8884 -0.2215 0.4021
vn -0.8243 0.0106 -0.5661
vn -0.8262 0.0262 -0.5628
vn 0.9684 0.1062 0.2258
vn 0.9511 -0.0054 0.3089
vn 0.9380 0.3447 -0.0359
vn 0.9013 0.4188 -0.1103
vn -0.7594 0.5182 -0.3934
vn -0.6284 0.5017 -0.5944
vn 0.0938 0.5033 -0.8590
vn 0.9817 0.1151 0.1515
vn 0.9814 0.1120 0.1560
vn 0.9759 0.1936 0.1005
vn 0.9525 0.3037 -0.0234
vn 0.9460 -0.0492 0.3205
vn -0.6777 0.4363 -0.5920
vn 0.8940 -0.2771 0.3521
vn 0.9435 -0.1715 0.2836
vn 0.2627 0.4674 -0.8441
vn -0.4862 0.4950 -0.7201
vn 0.2897 0.4809 -0.8275
vn -0.4741 0.4350 -0.7655
vn -0.6413 0.3826 -0.6651
vn -0.5108 0.3999 -0.7610
vn -0.3283 0.3942 -0.8584
vn -0.2254 0.4492 -0.8645
vn -0.2242 0.4326 -0.8732
vn 0.9947 0.0728 0.0725
vn 0.9453 -0.1704 0.2780
vn -0.8622 0.5018 0.0700
vn 0.9642 -0.1303 0.2310
vn 0.1784 0.4795 -0.8592
vn 0.1681 0.4758 -0.8634
vn 0.1404 0.4752 -0.8686
vn -0.4751 0.2363 -0.8476
vn -0.8715 0.4851 0.0724
vn 0.9751 -0.1721 0.1400
vn 0.9816 -0.1486 0.1199
vn 0.6908 -0.5667 0.4491
vn 0.5969 -0.6672 0.4455
vn -0.5127 0.2060 -0.8335
vn -0.8739 0.4859 0.0150
vn -0.8751 0.4800 0.0623
vn -0.8757 0.4815 -0.0359
vn -0.8806 0.4700 -0.0602
vn -0.8760 0.4745 -0.0868
vn 0.3054 -0.9078 0.2875
vn -0.5700 0.0484 -0.8202
vn -0.8723 0.4646 -0.1527
vn 0.1890 -0.9608 0.2028
vn -0.1281 0.3294 -0.9355
vn 0.4637 -0.8155 0.3463
vn -0.3610 0.2109 -0.9084
vn 0.5581 -0.7462 0.3629
vn 0.5404 -0.7651 0.3502
vn 0.3675 -0.8876 0.2776
vn 0.3584 -0.9007 0.2455
vn -0.8502 0.4654 -0.2459
vn 0.7017 -0.5683 0.4297
vn -0.2915 0.2369 -0.9268
vn -0.5390 0.0736 -0.8391
vn -0.8302 0.4617 -0.3124
vn -0.7915 0.4567 -0.4061
vn 0.6728 -0.6365 0.3771
vn 0.2062 -0.9711 0.1199
vn 0.1746 -0.9803 0.0927
vn 0.2214 -0.9643 0.1453
vn -0.3678 -0.0087 -0.9299
vn -0.3303 0.0187 -0.9437
vn -0.1979 -0.0076 -0.9802
vn 0.4099 -0.8857 0.2180
vn 0.0727 -0.9942 -0.0788
vn -0.1500 0.1692 -0.9741
vn -0.1362 0.1711 -0.9758
vn -0.0934 -0.9732 -0.2101
vn -0.1292 -0.9503 -0.2834
vn -0.0831 0.1349 -0.9874
vn 0.0257 -0.9882 -0.1507
vn 0.0217 0.1369 -0.9903
vn 0.0733 0.0854 -0.9936
vn 0.3195 -0.9416 0.1061
vn 0.4241 -0.8862 0.1865
vn 0.3078 -0.9490 0.0682
vn 0.0228 -0.0878 -0.9959
vn 0.0020 -0.1224 -0.9925
vn 0.0929 -0.0687 -0.9933
vn 0.1214 -0.9917 -0.0429
vn 0.2982 -0.9545 -0.0098
vn 0.2126 -0.9699 -0.1185
vn 0.3306 -0.9433 0.0311
vn 0.2697 -0.9627 0.0197
vn 0.1871 -0.9808 -0.0549
vn -0.0467 -0.9761 -0.2121
vn 0.2878 -0.9577 -0.0037
vn 0.7731 -0.5001 0.3901
vn 0.8156 -0.4254 0.3923
vn -0.9474 -0.3149 0.0569
vn 0.7318 -0.5879 0.3446
vn 0.7008 -0.6512 0.2913
vn 0.7342 -0.5945 0.3278
vn 0.8540 -0.3751 0.3605
vn -0.9262 -0.3768 0.0155
vn 0.8402 -0.4622 0.2835
vn 0.9096 -0.3552 0.2154
vn 0.8848 -0.4075 0.2259
vn 0.9611 -0.2399 0.1366
vn 0.8515 -0.4559 0.2591
vn -0.0212 -0.3282 0.9444
vn -0.0328 -0.3959 0.9177
vn -0.0217 -0.4073 0.9130
vn -0.9262 -0.3342 -0.1745
vn -0.0631 -0.5140 0.8555
vn 0.0183 -0.5344 0.8450
vn -0.8201 -0.5670 0.0767
vn 0.0003 -0.6307 0.7761
vn -0.0000 -0.8246 0.5658
vn -0.0000 -0.7928 0.6095
vn 0.0127 -0.9281 0.3720
vn -0.0053 -0.9391 0.3435
vn -0.0078 -0.9754 0.2204
vn -0.0000 -0.9977 0.0685
vn -0.0000 -0.9958 0.0912
vn -0.0007 -0.9977 -0.0681
vn 0.0030 -0.9959 -0.0900
vn 0.7597 -0.6231 0.1860
vn -0.8179 -0.5706 0.0733
vn 0.0072 -0.9741 -0.2259
vn -0.0213 -0.9400 -0.3405
vn -0.0546 -0.3909 -0.9188
vn -0.0248 -0.4157 -0.9092
vn -0.0631 -0.5140 -0.8555
vn 0.0183 -0.5344 -0.8450
vn 0.7656 -0.6276 0.1412
vn 0.8172 -0.5696 0.0883
vn -0.0129 -0.8930 -0.4499
vn -0.0000 -0.8246 -0.5658
vn -0.0000 -0.7928 -0.6095
vn -0.0004 -0.6308 -0.7759
vn 0.5534 -0.7704 0.3166
vn -0.1348 -0.3719 0.9184
vn 0.5866 -0.7614 0.2760
vn -0.0657 -0.5147 0.8549
vn -0.9061 -0.4131 -0.0916
vn -0.0822 -0.6270 0.7747
vn -0.8304 -0.5480 -0.1004
vn -0.0531 -0.7375 0.6733
vn -0.0412 -0.7757 0.6298
vn -0.1436 -0.8088 0.5703
vn -0.0932 -0.8505 0.5177
vn -0.1291 -0.8923 0.4325
vn -0.0881 -0.8822 0.4626
vn -0.0376 -0.8916 0.4512
vn -0.0859 -0.9409 0.3276
vn -0.0994 -0.9666 0.2364
vn -0.0196 -0.9930 0.1161
vn -0.1125 -0.9936 -0.0063
vn -0.1474 -0.9873 -0.0592
vn -0.1125 -0.9936 0.0063
vn 0.4128 -0.8944 0.1720
vn 0.5493 -0.8091 0.2091
vn -0.1474 -0.9873 0.0592
vn -0.1264 -0.9823 -0.1380
vn -0.1271 -0.9820 -0.1399
vn -0.1876 -0.9146 -0.3583
vn -0.1114 -0.9599 -0.2572
vn -0.0925 -0.9701 -0.2244
vn -0.0859 -0.9409 -0.3276
vn -0.7815 -0.5843 -0.2190
vn -0.0657 -0.5147 -0.8549
vn -0.0549 -0.7807 -0.6224
vn 0.7105 -0.6679 0.2217
vn -0.8161 -0.5742 -0.0649
vn -0.0291 -0.7008 -0.7128
vn -0.0840 -0.7115 -0.6976
vn -0.1417 -0.9119 -0.3851
vn -0.1291 -0.8923 -0.4325
vn -0.0881 -0.8822 -0.4626
vn -0.0932 -0.8505 -0.5177
vn -0.0219 -0.8941 -0.4474
vn -0.0921 -0.6126 -0.7850
vn -0.0484 -0.3089 -0.9499
vn -0.1078 -0.2990 -0.9481
vn 0.5751 -0.8122 0.0982
vn 0.5883 -0.7918 0.1639
vn -0.9442 -0.1705 -0.2820
vn -0.9554 -0.0793 -0.2845
vn 0.4205 -0.9058 0.0523
vn -0.9475 -0.2508 -0.1984
vn -0.0684 -0.2617 0.9627
vn -0.0270 -0.2844 -0.9583
vn -0.1206 0.4326 0.8935
vn 0.1889 0.4583 -0.8685
vn -0.8491 -0.1671 -0.5011
vn -0.1234 -0.1151 0.9857
vn -0.0858 -0.2648 0.9605
vn -0.0358 0.2986 -0.9537
vn -0.1759 0.1095 -0.9783
vn -0.1420 0.4321 -0.8906
vn -0.1569 0.1822 -0.9707
vn -0.1145 0.3983 -0.9101
vn 0.1507 0.4135 -0.8979
vn -0.8985 -0.2149 -0.3827
vn 0.1451 0.3500 -0.9254
vn -0.1234 0.1151 -0.9857
vn -0.1108 0.0186 -0.9937
vn -0.1033 -0.0490 -0.9934
vn 0.0164 0.2480 -0.9686
vn -0.1082 -0.2454 -0.9634
vn -0.1116 -0.2453 -0.9630
vn 0.2166 0.3249 -0.9206
vn -0.7748 -0.3508 -0.5259
vn -0.0448 0.4315 0.9010
vn -0.1143 0.4000 0.9094
vn -0.1142 0.4305 0.8953
vn -0.1203 0.4263 0.8966
vn -0.0463 0.4360 0.8987
vn -0.0217 0.4147 0.9097
vn 0.0223 0.4115 0.9111
vn -0.0510 0.4012 0.9146
vn 0.0338 0.4047 0.9138
vn 0.9232 0.3403 0.1787
vn -0.1465 0.0743 -0.9864
vn 0.9233 0.2176 0.3164
vn 0.9385 0.3340 0.0877
vn 0.9677 0.2308 0.1014
vn 0.9368 0.2254 0.2676
vn 0.9541 0.2383 0.1814
vn 0.9499 0.2051 0.2360
vn -0.1495 0.0422 -0.9879
vn -0.2419 -0.1251 -0.9622
vn 0.9347 0.3521 -0.0489
vn 0.9363 0.3478 0.0491
vn -0.1059 0.3870 0.9160
vn 0.9714 0.2191 0.0916
vn 0.9784 0.2067 -0.0000
vn 0.9351 0.3393 -0.1020
vn 0.9748 0.2220 -0.0203
vn 0.9711 0.2207 -0.0910
vn -0.2386 -0.1835 -0.9536
vn -0.8373 -0.3653 -0.4069
vn -0.0313 0.3479 0.9370
vn -0.0508 0.3369 0.9402
vn -0.0312 0.3703 0.9284
vn 0.9432 0.3322 -0.0063
vn -0.1006 0.3481 0.9320
vn -0.0477 0.2448 0.9684
vn -0.0281 0.2287 0.9731
vn -0.0488 0.3840 0.9220
vn 0.9541 0.2383 -0.1814
vn 0.9675 0.2309 -0.1028
vn 0.9499 0.2051 -0.2360
vn -0.0212 0.4217 0.9065
vn -0.1117 0.3822 0.9173
vn 0.9368 0.2254 -0.2676
vn -0.0057 0.0993 0.9950
vn 0.9233 0.2176 -0.3164
vn -0.0567 0.1314 0.9897
vn -0.1312 0.1131 0.9849
vn -0.0872 -0.0000 0.9962
vn -0.1107 -0.0175 0.9937
vn -0.0162 -0.0287 0.9995
vn -0.0646 -0.0000 0.9979
vn -0.0214 -0.1504 0.9884
vn 0.9276 0.0015 0.3736
vn -0.0335 -0.1370 0.9900
vn 0.9562 0.0813 0.2812
vn 0.9587 0.0637 0.2772
vn 0.9909 0.0908 0.0998
vn 0.9837 0.1273 0.1271
vn 0.9881 0.1016 0.1152
vn 0.0013 0.2060 -0.9785
vn -0.0287 -0.2292 0.9730
vn 0.9582 0.1717 0.2288
vn 0.9698 0.0277 0.2421
vn 0.9726 -0.0174 0.2320
vn 0.0353 0.4527 -0.8909
vn 0.9276 -0.0015 0.3736
vn 0.9587 -0.0637 0.2772
vn 0.9562 -0.0813 0.2812
vn -0.0982 0.4377 -0.8937
vn -0.0267 0.4217 -0.9063
vn -0.0228 0.4157 -0.9092
vn 0.0482 0.0980 -0.9940
vn 0.9799 -0.0279 0.1974
vn 0.9582 -0.1717 0.2288
vn -0.0703 -0.0323 -0.9970
vn 0.9837 -0.1272 0.1270
vn 0.9834 -0.1294 0.1269
vn 0.9991 0.0430 0.0018
vn -0.0955 -0.1387 -0.9857
vn 0.9890 0.1480 -0.0000
vn 0.9951 0.0553 0.0823
vn 0.9905 0.0923 -0.1019
vn 0.9837 0.1273 -0.1271
vn 0.9881 0.1016 -0.1152
vn 0.9943 0.0948 -0.0488
vn 0.9947 -0.0147 0.1019
vn 0.9954 -0.0358 0.0886
vn 0.9946 -0.0148 -0.1028
vn 0.9582 0.1717 -0.2288
vn 0.9587 0.0637 -0.2772
vn 0.9562 0.0813 -0.2812
vn 0.9698 0.0277 -0.2421
vn 0.9984 -0.0531 0.0203
vn 0.9832 -0.1571 0.0928
vn 0.9873 -0.1573 0.0208
vn 0.9992 -0.0293 -0.0264
vn 0.9913 -0.0973 -0.0886
vn 0.9965 -0.0409 -0.0730
vn 0.9835 -0.1283 -0.1276
vn 0.9872 -0.1585 0.0187
vn 0.0419 0.0758 -0.9962
vn -0.7503 -0.2097 -0.6269
vn 0.0337 0.4039 -0.9142
vn -0.6317 -0.2929 -0.7178
vn -0.0514 0.4008 -0.9147
vn -0.7373 -0.1182 -0.6651
vn -0.1141 0.4302 -0.8955
vn -0.0474 0.4365 -0.8985
vn 0.9711 -0.2207 -0.0910
vn 0.9837 -0.1273 -0.1271
vn 0.9799 -0.0279 -0.1974
vn 0.9587 -0.0637 -0.2772
vn 0.9582 -0.1717 -0.2288
vn 0.9726 -0.0174 -0.2320
vn -0.1198 0.4262 -0.8967
vn 0.9562 -0.0813 -0.2812
vn 0.9276 0.0015 -0.3736
vn -0.0480 0.3835 -0.9223
vn -0.1117 0.3822 -0.9173
vn 0.9276 -0.0015 -0.3736
vn 0.9118 -0.1260 -0.3909
vn -0.0207 0.4219 -0.9064
vn 0.9368 -0.2254 0.2676
vn 0.9233 -0.2176 0.3164
vn 0.9499 -0.2051 0.2360
vn -0.1059 0.3870 -0.9160
vn 0.9541 -0.2383 0.1814
vn 0.9651 -0.2327 0.1202
vn -0.0312 0.3713 -0.9280
vn 0.0319 0.3728 -0.9273
vn 0.9748 -0.2220 -0.0203
vn -0.1006 0.3481 -0.9320
vn -0.0313 0.3479 -0.9370
vn 0.9750 -0.2213 -0.0190
vn -0.0508 0.3369 -0.9402
vn -0.0477 0.2448 -0.9684
vn 0.9579 -0.2750 0.0825
vn 0.9397 -0.3414 -0.0202
vn -0.0281 0.2287 -0.9731
vn 0.9427 -0.3234 0.0822
vn 0.9323 -0.3470 -0.1019
vn 0.9367 -0.3490 -0.0293
vn -0.0567 0.1314 -0.9897
vn 0.9675 -0.2309 -0.1028
vn -0.0418 -0.1570 -0.9867
vn 0.9287 -0.3246 -0.1793
vn -0.0797 -0.1350 -0.9876
vn 0.9541 -0.2383 -0.1814
vn 0.9499 -0.2051 -0.2360
vn 0.9368 -0.2254 -0.2676
vn 0.9233 -0.2176 -0.3164
vn -0.0084 -0.2943 -0.9557
vn 0.9075 -0.3294 0.2605
vn 0.9027 -0.3372 0.2673
vn 0.9263 -0.3564 0.1223
vn 0.9287 -0.3246 0.1793
vn -0.1086 -0.2445 -0.9635
vn -0.0443 -0.1932 -0.9802
vn 0.8960 -0.4355 0.0868
vn 0.9114 -0.3927 0.1229
vn 0.9263 -0.3565 -0.1222
vn 0.9075 -0.3294 -0.2605
vn 0.9027 -0.3372 -0.2673
vn 0.9065 -0.4223 -0.0005
vn 0.9041 -0.4047 -0.1372
vn 0.8879 -0.4235 -0.1797
vn 0.8785 0.4371 -0.1929
vn -0.5902 -0.1064 -0.8002
vn -0.7855 -0.2440 -0.5688
vn 0.7429 0.5257 -0.4143
vn 0.0140 -0.3464 -0.9380
vn -0.0458 -0.1970 -0.9793
vn -0.0423 -0.1668 -0.9851
vn 0.0458 -0.1881 -0.9811
vn 0.0457 -0.1873 -0.9812
vn -0.2094 -0.3451 -0.9149
vn -0.1485 -0.3109 -0.9388
vn -0.1834 -0.3512 -0.9182
vn -0.1821 -0.3492 -0.9192
vn -0.1506 -0.3947 -0.9064
vn -0.1732 -0.4709 -0.8650
vn -0.1572 -0.4912 -0.8567
vn -0.2208 -0.5834 -0.7816
vn -0.2815 -0.6323 -0.7218
vn -0.2327 -0.6169 -0.7518
vn -0.1893 -0.5720 -0.7982
vn -0.1337 -0.6801 -0.7209
vn -0.1269 -0.6961 -0.7066
vn -0.1009 -0.5995 -0.7940
vn 0.8967 0.3443 0.2781
vn 0.8926 0.4355 0.1168
vn -0.2251 -0.2857 -0.9315
vn 0.9058 0.3345 0.2601
vn 0.9274 0.3501 0.1319
vn 0.9305 0.3630 0.0484
vn 0.9685 0.2369 -0.0771
vn 0.9153 0.3482 0.2025
vn 0.9372 0.3223 0.1334
vn 0.9033 0.3827 0.1940
vn 0.8720 0.3455 0.3467
vn 0.8914 0.3787 -0.2489
vn 0.8800 0.2064 0.4279
vn 0.8966 0.1520 0.4160
vn 0.8929 0.2414 0.3801
vn 0.8395 0.4140 -0.3519
vn 0.9360 0.2908 -0.1984
vn 0.8912 0.4373 -0.1206
vn -0.6439 -0.2916 -0.7074
vn 0.9234 0.3813 -0.0434
vn 0.9257 0.3759 -0.0419
vn 0.5657 0.5259 -0.6352
vn 0.9238 0.3805 0.0432
vn 0.9257 0.3759 0.0419
vn 0.7007 0.4860 -0.5223
vn 0.9305 0.3631 -0.0484
vn -0.7175 -0.4186 -0.5567
vn -0.2779 0.3194 -0.9060
vn 0.5533 0.5347 -0.6387
vn -0.2913 -0.1688 -0.9416
vn -0.2738 -0.2501 -0.9287
vn -0.3035 -0.2519 -0.9189
vn 0.3963 0.4955 -0.7730
vn -0.2227 -0.2097 -0.9521
vn -0.2334 -0.2710 -0.9338
vn 0.8967 0.3443 -0.2781
vn 0.9274 0.3501 -0.1319
vn 0.9232 0.3403 -0.1787
vn 0.9153 0.3482 -0.2026
vn 0.9371 0.3225 -0.1333
vn 0.9033 0.3825 -0.1941
vn 0.9058 0.3346 -0.2601
vn 0.9138 0.0462 0.4035
vn 0.9188 0.1200 0.3761
vn 0.9178 0.1232 0.3775
vn 0.8922 -0.1541 0.4244
vn 0.9106 -0.0554 0.4095
vn 0.9161 -0.1102 0.3855
vn 0.9118 -0.1260 0.3909
vn -0.1989 0.3975 -0.8958
vn 0.3905 0.4221 -0.8182
vn -0.1851 0.4711 -0.8624
vn -0.1782 0.4421 -0.8791
vn -0.1473 0.4141 -0.8982
vn 0.8878 -0.2450 0.3897
vn 0.8929 0.2414 -0.3801
vn 0.8800 0.2064 -0.4279
vn 0.8966 0.1520 -0.4160
vn 0.9178 0.1232 -0.3775
vn 0.9188 0.1200 -0.3761
vn 0.9138 0.0462 -0.4035
vn 0.8780 0.0479 -0.4763
vn 0.8922 -0.1541 -0.4244
vn 0.9161 -0.1102 -0.3855
vn 0.9106 -0.0554 -0.4095
vn 0.8711 -0.2789 -0.4043
vn 0.8878 -0.2450 -0.3897
vn 0.6256 -0.3344 -0.7048
vn 0.5827 -0.4585 -0.6710
vn 0.5069 -0.4414 -0.7404
vn 0.5403 -0.4324 -0.7219
vn 0.4724 -0.4830 -0.7373
vn 0.5806 -0.4588 -0.6727
vn 0.4685 -0.5336 -0.7041
vn 0.5085 -0.5469 -0.6651
vn 0.4260 -0.2454 -0.8708
vn 0.5251 -0.3108 -0.7923
vn 0.6014 -0.2553 -0.7570
vn 0.5767 -0.2603 -0.7744
vn 0.5249 -0.3116 -0.7921
vn 0.4544 -0.3642 -0.8130
vn 0.5681 -0.3595 -0.7403
vn 0.4522 -0.3853 -0.8044
vn 0.6422 -0.2923 -0.7086
vn 0.6086 0.3817 -0.6957
vn 0.6162 0.3764 -0.6918
vn 0.4319 0.3852 -0.8156
vn 0.6317 -0.2761 -0.7244
vn -0.2214 0.2142 -0.9514
vn -0.1577 0.4308 -0.8886
vn -0.1600 0.3716 -0.9145
vn 0.6862 -0.2218 -0.6928
vn 0.6880 -0.2573 -0.6785
vn -0.1739 0.3443 -0.9226
vn -0.1513 0.3323 -0.9310
vn -0.1773 0.2157 -0.9602
vn -0.1484 0.2430 -0.9586
vn -0.1344 0.1200 -0.9836
vn -0.2265 0.0187 -0.9738
vn -0.2015 -0.0819 -0.9761
vn 0.4239 -0.2232 -0.8778
vn -0.1608 -0.1602 -0.9739
vn 0.4526 -0.2256 -0.8627
vn 0.5115 -0.2576 -0.8198
vn -0.2497 0.4312 -0.8670
vn -0.2594 0.4129 -0.8730
vn 0.7480 0.5129 -0.4213
vn -0.2837 0.4052 -0.8691
vn -0.2796 0.4610 -0.8422
vn -0.2240 0.3697 -0.9018
vn -0.2223 0.3918 -0.8928
vn -0.2387 0.3802 -0.8936
vn -0.2696 0.3183 -0.9089
vn -0.2265 0.3424 -0.9118
vn -0.2532 0.1830 -0.9499
vn -0.2442 0.0968 -0.9649
vn -0.2334 0.0856 -0.9686
vn -0.2346 0.0265 -0.9717
vn -0.2056 -0.0800 -0.9754
vn -0.1908 -0.2146 -0.9579
vn -0.1694 -0.1897 -0.9671
vn -0.1666 -0.2214 -0.9608
vn -0.1780 -0.2108 -0.9612
vn -0.2975 -0.3844 -0.8739
vn -0.2974 -0.4180 -0.8584
vn -0.2698 -0.4527 -0.8499
vn 0.7214 0.4193 -0.5511
vn 0.9928 0.1182 -0.0200
vn 0.5073 0.3970 -0.7648
vn 0.5022 0.4562 -0.7346
vn -0.3527 0.4132 -0.8395
vn 0.5322 0.4300 -0.7293
vn 0.5140 0.3809 -0.7686
vn 0.9887 0.0580 -0.1379
vn -0.3096 0.4250 -0.8506
vn -0.2887 0.4000 -0.8699
vn -0.2850 0.3779 -0.8809
vn -0.3033 0.3668 -0.8795
vn -0.3056 0.3526 -0.8845
vn 0.9471 0.2088 -0.2436
vn 0.5750 0.3745 -0.7274
vn 0.9963 0.0364 -0.0776
vn -0.3310 -0.0063 -0.9436
vn -0.2868 -0.1744 -0.9420
vn -0.4005 0.0364 -0.9156
vn -0.3126 -0.1519 -0.9377
vn -0.2755 -0.1005 -0.9560
vn 0.5828 0.3816 -0.7174
vn 0.5766 0.3422 -0.7419
vn 0.6235 0.3266 -0.7103
vn 0.4622 0.3832 -0.7997
vn 0.5094 0.3994 -0.7623
vn 0.4589 0.3995 -0.7936
vn -0.7981 -0.5153 -0.3123
vn 0.4538 0.3771 -0.8074
vn -0.8288 -0.4576 -0.3221
vn 0.5203 0.3761 -0.7667
vn 0.9947 -0.1017 -0.0118
vn 0.4559 0.3613 -0.8134
vn -0.5806 -0.4588 -0.6727
vn 0.4693 0.2913 -0.8336
vn 0.4784 0.3326 -0.8127
vn -0.5069 -0.4414 -0.7404
vn -0.5403 -0.4324 -0.7219
vn -0.4685 -0.5336 -0.7041
vn -0.3661 -0.5623 -0.7415
vn -0.4041 -0.5717 -0.7141
vn -0.4543 -0.3644 -0.8129
vn -0.5681 -0.3593 -0.7404
vn -0.4522 -0.3853 -0.8044
vn -0.4724 -0.4830 -0.7373
vn -0.3885 -0.4509 -0.8036
vn -0.3895 -0.4819 -0.7849
vn -0.3546 -0.5305 -0.7700
vn -0.2979 -0.5251 -0.7972
vn -0.6255 -0.3341 -0.7050
vn 0.5941 0.3264 -0.7353
vn 0.5257 0.3561 -0.7725
vn 0.4997 0.2531 -0.8284
vn -0.5243 -0.3114 -0.7925
vn 0.5767 0.2386 -0.7814
vn 0.6061 0.1818 -0.7744
vn -0.3995 -0.3248 -0.8573
vn 0.6318 0.1795 -0.7541
vn -0.3568 -0.3233 -0.8765
vn -0.6413 -0.2946 -0.7085
vn 0.7155 0.1147 -0.6891
vn 0.4919 0.1682 -0.8543
vn 0.5441 0.0704 -0.8361
vn 0.5947 0.1667 -0.7865
vn 0.5804 0.0846 -0.8100
vn 0.4865 0.1199 -0.8654
vn 0.4762 0.1502 -0.8664
vn 0.6872 0.1212 -0.7163
vn -0.3481 -0.2775 -0.8954
vn 0.7381 0.0675 -0.6713
vn -0.6173 -0.2600 -0.7425
vn -0.5244 -0.3111 -0.7926
vn -0.4223 -0.2470 -0.8721
vn 0.6769 0.0028 -0.7361
vn 0.7151 0.0135 -0.6989
vn 0.6868 0.0014 -0.7269
vn -0.3037 -0.3328 -0.8928
vn 0.4355 0.0224 -0.8999
vn 0.5422 0.0596 -0.8381
vn 0.6128 0.0455 -0.7889
vn 0.6426 0.0402 -0.7651
vn 0.6153 0.0437 -0.7871
vn 0.6412 0.0446 -0.7661
vn 0.4866 0.0033 -0.8736
vn -0.5757 -0.2608 -0.7749
vn 0.4631 0.1975 -0.8640
vn -0.4552 -0.2257 -0.8613
vn -0.4510 -0.2029 -0.8691
vn -0.2963 -0.3435 -0.8912
vn -0.4395 -0.2183 -0.8713
vn -0.5112 -0.2578 -0.8199
vn -0.5074 0.3970 -0.7648
vn 0.7175 -0.0058 -0.6965
vn 0.7839 -0.0943 -0.6137
vn 0.7608 -0.0754 -0.6446
vn -0.4631 0.3957 -0.7931
vn 0.8515 -0.1311 -0.5077
vn -0.3745 0.4067 -0.8333
vn 0.6984 -0.1733 -0.6944
vn -0.5022 0.4563 -0.7346
vn -0.4367 0.4666 -0.7691
vn -0.4354 0.4137 -0.7996
vn 0.4788 0.0029 -0.8779
vn -0.3642 0.4460 -0.8176
vn -0.3208 0.4246 -0.8467
vn 0.4517 -0.0473 -0.8909
vn 0.4344 -0.1500 -0.8881
vn 0.4059 -0.1045 -0.9079
vn -0.6987 -0.5576 -0.4481
vn 0.4326 -0.1405 -0.8906
vn 0.4490 0.0082 -0.8935
vn 0.4464 -0.0643 -0.8925
vn -0.6235 0.3266 -0.7104
vn -0.6318 0.1795 -0.7541
vn -0.5767 0.2386 -0.7814
vn -0.6061 0.1818 -0.7744
vn -0.5946 0.1667 -0.7865
vn -0.7153 0.1141 -0.6894
vn -0.6882 0.1201 -0.7155
vn -0.7384 0.0674 -0.6710
vn -0.5803 0.0843 -0.8100
vn -0.6425 0.0403 -0.7652
vn -0.5462 0.0685 -0.8348
vn 0.8144 0.3499 -0.4630
vn -0.5842 0.3827 -0.7157
vn -0.5104 0.3994 -0.7615
vn -0.5326 0.4297 -0.7292
vn -0.5750 0.3745 -0.7274
vn -0.5200 0.3770 -0.7664
vn -0.4598 0.3995 -0.7931
vn -0.4152 0.4286 -0.8024
vn -0.4065 0.4277 -0.8074
vn -0.4627 0.3832 -0.7994
vn -0.3932 0.3824 -0.8362
vn 0.8147 0.2429 -0.5266
vn 0.8400 0.2767 -0.4668
vn -0.5151 0.3808 -0.7679
vn 0.6218 0.3015 -0.7229
vn -0.5257 0.3561 -0.7725
vn -0.7225 -0.4102 -0.5565
vn 0.6491 0.2773 -0.7084
vn -0.5766 0.3422 -0.7419
vn 0.3580 -0.3227 -0.8762
vn 0.3510 -0.2895 -0.8905
vn 0.4000 -0.3239 -0.8574
vn -0.4539 0.3767 -0.8075
vn -0.4025 0.3753 -0.8350
vn -0.3983 0.3898 -0.8303
vn -0.4561 0.3606 -0.8136
vn -0.3564 0.3879 -0.8500
vn 0.9193 0.1875 -0.3461
vn -0.3680 0.3483 -0.8622
vn -0.4695 0.2910 -0.8336
vn -0.4784 0.3326 -0.8128
vn -0.4176 0.2803 -0.8643
vn -0.3665 0.2473 -0.8969
vn -0.5941 0.3264 -0.7353
vn -0.4997 0.2531 -0.8284
vn -0.3934 0.2525 -0.8840
vn 0.2975 -0.3842 -0.8740
vn 0.3885 -0.4509 -0.8036
vn 0.3895 -0.4819 -0.7849
vn 0.3546 -0.5305 -0.7700
vn 0.2979 -0.5251 -0.7972
vn 0.2974 -0.4180 -0.8584
vn 0.3661 -0.5623 -0.7415
vn 0.4041 -0.5717 -0.7141
vn 0.2728 -0.7181 -0.6402
vn 0.3016 -0.6902 -0.6578
vn -0.4514 0.1568 -0.8784
vn 0.1562 -0.3233 -0.9333
vn 0.0493 -0.3094 -0.9496
vn 0.1823 -0.3511 -0.9184
vn 0.2102 -0.3447 -0.9149
vn -0.4919 0.1682 -0.8543
vn -0.4865 0.1199 -0.8654
vn -0.4762 0.1502 -0.8664
vn 0.0538 -0.3916 -0.9186
vn 0.0248 -0.4157 -0.9092
vn 0.0591 -0.5038 -0.8618
vn 0.1505 -0.3947 -0.9064
vn 0.2698 -0.4527 -0.8499
vn -0.3683 0.1259 -0.9212
vn -0.3355 0.1795 -0.9248
vn -0.3603 0.0957 -0.9279
vn -0.3776 0.0368 -0.9252
vn 0.1731 -0.5658 -0.8062
vn 0.2208 -0.5834 -0.7816
vn -0.7155 0.0121 -0.6985
vn 0.1732 -0.4709 -0.8650
vn 0.1492 -0.5011 -0.8524
vn -0.6832 0.0011 -0.7302
vn 0.2327 -0.6169 -0.7518
vn 0.1312 -0.6815 -0.7200
vn 0.2815 -0.6323 -0.7218
vn 0.1289 -0.6972 -0.7051
vn 0.0354 -0.6148 -0.7879
vn 0.0802 -0.6247 -0.7767
vn 0.0263 -0.2884 -0.9572
vn -0.5461 0.0679 -0.8349
vn -0.0531 -0.4018 -0.9142
vn -0.6184 0.0415 -0.7848
vn 0.0830 -0.3020 -0.9497
vn -0.6152 0.0438 -0.7871
vn 0.1223 -0.3041 -0.9448
vn 0.7402 0.4614 -0.4891
vn -0.6463 0.0269 -0.7626
vn 0.1860 -0.3563 -0.9157
vn -0.4355 0.0224 -0.8999
vn -0.4698 0.0025 -0.8827
vn 0.2256 -0.2877 -0.9308
vn 0.0793 0.4482 -0.8904
vn -0.5372 0.0457 -0.8422
vn 0.8638 0.0384 -0.5024
vn 0.9345 0.0719 -0.3487
vn -0.7179 -0.0258 -0.6957
vn -0.7241 -0.0401 -0.6885
vn -0.7995 -0.1020 -0.5920
vn 0.0193 0.4239 -0.9055
vn -0.6013 -0.4958 -0.6265
vn 0.0313 0.4330 -0.9008
vn -0.7258 -0.2578 -0.6378
vn 0.0467 0.3844 -0.9220
vn 0.0321 0.3478 -0.9370
vn 0.9626 -0.0018 -0.2709
vn -0.6687 -0.5123 -0.5389
vn 0.0281 0.2287 -0.9731
vn 0.0508 0.3372 -0.9401
vn 0.0477 0.2448 -0.9684
vn 0.0439 -0.1336 -0.9901
vn -0.0163 -0.3434 -0.9390
vn -0.6950 -0.7173 0.0500
vn -0.6886 -0.7240 -0.0403
vn -0.6851 -0.6932 -0.2238
vn 0.3667 0.4543 -0.8119
vn 0.3706 0.4566 -0.8088
vn 0.4673 0.4524 -0.7596
vn -0.6075 -0.1174 -0.7856
vn 0.4843 0.4623 -0.7428
vn 0.2717 0.4376 -0.8572
vn 0.4308 0.4642 -0.7739
vn 0.2620 0.4317 -0.8631
vn 0.1860 0.4382 -0.8794
vn 0.1502 0.4280 -0.8912
vn -0.4786 0.0029 -0.8780
vn 0.1530 0.4123 -0.8981
vn 0.5478 0.4555 -0.7017
vn 0.8117 0.1426 -0.5664
vn 0.1989 0.3975 -0.8958
vn 0.7021 0.1452 -0.6971
vn 0.1851 0.4711 -0.8624
vn 0.1577 0.4308 -0.8886
vn -0.4460 -0.0647 -0.8927
vn -0.4517 -0.0470 -0.8909
vn -0.4491 0.0082 -0.8935
vn -0.3846 -0.2240 -0.8955
vn -0.4331 -0.1412 -0.8902
vn -0.3878 -0.1043 -0.9158
vn -0.3337 -0.1493 -0.9308
vn -0.3707 -0.1858 -0.9100
vn -0.4236 -0.1939 -0.8849
vn -0.4342 -0.1463 -0.8889
vn -0.4059 -0.1045 -0.9079
vn -0.3374 -0.0047 -0.9413
vn 0.1739 0.3443 -0.9226
vn 0.2265 0.3424 -0.9118
vn 0.1600 0.3716 -0.9145
vn 0.1513 0.3323 -0.9309
vn 0.1484 0.2430 -0.9586
vn 0.1773 0.2157 -0.9602
vn -0.4725 -0.2097 -0.8560
vn 0.1344 0.1200 -0.9836
vn 0.1234 0.1151 -0.9857
vn 0.6569 0.0172 -0.7538
vn -0.9287 -0.3246 0.1793
vn -0.9263 -0.3564 0.1223
vn -0.9427 -0.3234 0.0822
vn -0.9323 -0.3470 -0.1019
vn -0.9367 -0.3490 -0.0294
vn -0.9397 -0.3414 -0.0202
vn -0.9263 -0.3565 -0.1222
vn -0.9287 -0.3246 -0.1793
vn 0.6733 -0.0233 -0.7390
vn 0.2334 0.0856 -0.9686
vn 0.1108 0.0186 -0.9937
vn 0.1227 -0.0555 -0.9909
vn 0.2014 -0.0818 -0.9761
vn 0.1596 -0.1629 -0.9736
vn 0.1611 -0.2247 -0.9610
vn 0.1655 -0.2223 -0.9608
vn 0.0944 0.4383 -0.8939
vn 0.0664 0.4092 -0.9100
vn 0.1122 0.3995 -0.9098
vn 0.1115 0.4324 -0.8947
vn 0.1203 0.4263 -0.8966
vn 0.1108 0.3828 -0.9171
vn 0.1057 0.3871 -0.9160
vn 0.1003 0.3482 -0.9320
vn 0.0567 0.1314 -0.9897
vn 0.0346 -0.1437 -0.9890
vn 0.0708 -0.1347 -0.9884
vn -0.4927 -0.4062 -0.7696
vn -0.4916 -0.4157 -0.7652
vn 0.2336 0.2252 -0.9459
vn -0.9541 -0.2382 0.1814
vn -0.9651 -0.2327 0.1202
vn -0.9579 -0.2750 0.0825
vn -0.9748 -0.2220 -0.0203
vn -0.9675 -0.2309 -0.1028
vn -0.9541 -0.2382 -0.1814
vn 0.2796 0.2003 -0.9390
vn -0.4838 -0.4574 -0.7461
vn -0.4793 -0.4520 -0.7523
vn 0.3855 0.2365 -0.8919
vn -0.5899 -0.3554 -0.7251
vn -0.5764 -0.4001 -0.7125
vn -0.5895 -0.3495 -0.7282
vn -0.9233 0.2176 0.3164
vn -0.9368 0.2254 0.2676
vn 0.1757 -0.2610 -0.9492
vn -0.9499 0.2051 0.2360
vn -0.9541 0.2383 0.1814
vn -0.9675 0.2309 0.1028
vn 0.0934 -0.2406 -0.9661
vn -0.9711 0.2207 0.0910
vn -0.9784 0.2067 -0.0000
vn 0.0829 -0.2374 -0.9679
vn -0.9714 0.2191 -0.0916
vn 0.1757 -0.2080 -0.9622
vn -0.9351 0.3393 0.1020
vn 0.2676 0.4149 -0.8696
vn -0.9385 0.3340 -0.0877
vn -0.9363 0.3478 -0.0491
vn -0.9347 0.3521 0.0489
vn 0.2836 0.4069 -0.8683
vn -0.9748 0.2220 0.0203
vn -0.9432 0.3322 0.0063
vn -0.9677 0.2308 -0.1014
vn -0.9541 0.2382 -0.1814
vn 0.2360 0.0390 -0.9710
vn -0.4808 -0.4531 -0.7507
vn 0.3756 0.4021 -0.8350
vn 0.1379 -0.0232 -0.9902
vn -0.5036 -0.3491 -0.7903
vn -0.9368 0.2254 -0.2676
vn -0.9499 0.2051 -0.2360
vn -0.9233 0.2176 -0.3164
vn -0.9582 0.1717 0.2288
vn -0.9837 0.1273 0.1271
vn -0.9881 0.1016 0.1152
vn -0.9799 -0.0279 0.1974
vn -0.9947 -0.0147 0.1019
vn -0.9837 -0.1272 0.1270
vn -0.9834 -0.1294 0.1269
vn -0.9188 0.1200 0.3761
vn -0.9276 0.0015 0.3736
vn -0.9276 -0.0015 0.3736
vn -0.9726 -0.0174 0.2320
vn -0.9562 0.0813 0.2812
vn -0.9698 0.0277 0.2421
vn -0.9587 0.0637 0.2772
vn -0.9587 -0.0637 0.2772
vn -0.9499 -0.2051 0.2360
vn -0.9562 -0.0813 0.2812
vn -0.4716 -0.3106 -0.8253
vn -0.9582 -0.1717 0.2288
vn -0.3770 -0.4140 -0.8285
vn -0.9368 -0.2254 0.2676
vn -0.9233 -0.2176 0.3164
vn -0.9890 0.1480 -0.0000
vn -0.9909 0.0908 0.0998
vn -0.9951 0.0553 0.0822
vn -0.9991 0.0430 0.0018
vn -0.9905 0.0923 -0.1019
vn -0.9943 0.0948 -0.0488
vn -0.9992 -0.0293 -0.0264
vn -0.9837 0.1273 -0.1271
vn -0.9881 0.1016 -0.1152
vn -0.9698 0.0277 -0.2421
vn -0.9726 -0.0174 -0.2320
vn 0.2796 0.4610 -0.8422
vn 0.2895 0.4004 -0.8694
vn 0.2240 0.3697 -0.9018
vn -0.6199 -0.6163 -0.4856
vn 0.2223 0.3918 -0.8928
vn 0.2387 0.3802 -0.8936
vn -0.9946 -0.0148 -0.1028
vn -0.9954 -0.0358 0.0886
vn 0.2696 0.3183 -0.9089
vn -0.9832 -0.1571 0.0928
vn -0.9873 -0.1573 0.0208
vn -0.9872 -0.1585 0.0187
vn -0.9913 -0.0973 -0.0886
vn -0.9965 -0.0409 -0.0730
vn 0.2214 0.2142 -0.9514
vn -0.5614 -0.6838 -0.4661
vn 0.2532 0.1830 -0.9499
vn 0.2442 0.0968 -0.9649
vn 0.2346 0.0265 -0.9717
vn 0.2265 0.0187 -0.9738
vn 0.2056 -0.0800 -0.9754
vn 0.3099 0.4246 -0.8507
vn -0.9835 -0.1283 -0.1276
vn -0.9984 -0.0531 0.0203
vn -0.9711 -0.2207 -0.0910
vn -0.9750 -0.2213 -0.0190
vn -0.9837 -0.1273 -0.1271
vn -0.9799 -0.0279 -0.1974
vn 0.2857 0.3778 -0.8807
vn -0.9582 0.1717 -0.2288
vn -0.9562 0.0813 -0.2812
vn -0.9587 0.0637 -0.2772
vn -0.9582 -0.1717 -0.2288
vn -0.9587 -0.0637 -0.2772
vn -0.9562 -0.0813 -0.2812
vn 0.3031 0.3674 -0.8793
vn 0.3056 0.3526 -0.8845
vn 0.2779 0.3194 -0.9060
vn -0.9368 -0.2254 -0.2676
vn -0.9499 -0.2051 -0.2360
vn -0.9233 -0.2176 -0.3164
vn -0.9188 0.1200 -0.3761
vn -0.9276 0.0015 -0.3736
vn -0.9276 -0.0015 -0.3736
vn -0.9232 0.3403 0.1787
vn -0.9274 0.3501 0.1319
vn 0.4857 0.0095 -0.8741
vn 0.3560 -0.0678 -0.9320
vn -0.9178 0.1232 0.3775
vn 0.3310 -0.0063 -0.9436
vn 0.2754 -0.1006 -0.9560
vn 0.4589 0.1902 -0.8679
vn 0.3146 -0.1555 -0.9364
vn -0.9232 0.3403 -0.1787
vn 0.4147 0.4108 -0.8120
vn 0.4160 0.4258 -0.8035
vn -0.3265 -0.2914 -0.8992
vn -0.2705 -0.2742 -0.9229
vn 0.4631 0.3957 -0.7931
vn 0.4367 0.4666 -0.7691
vn 0.4146 0.4277 -0.8032
vn -0.2668 -0.4716 -0.8405
vn 0.3637 0.4479 -0.8168
vn 0.3213 0.4241 -0.8467
vn 0.4101 0.4271 -0.8058
vn -0.9274 0.3501 -0.1319
vn 0.3583 0.3895 -0.8485
vn 0.3917 0.3843 -0.8360
vn -0.9106 -0.0554 0.4095
vn 0.4023 0.3760 -0.8347
vn 0.3979 0.3910 -0.8299
vn 0.3676 0.3483 -0.8623
vn 0.3665 0.2473 -0.8969
vn 0.3934 0.2525 -0.8840
vn 0.4180 0.2807 -0.8640
vn 0.3355 0.1795 -0.9248
vn 0.4514 0.1568 -0.8784
vn 0.3683 0.1259 -0.9212
vn 0.3603 0.0957 -0.9279
vn 0.3776 0.0368 -0.9252
vn 0.3374 -0.0047 -0.9413
vn 0.3878 -0.1043 -0.9158
vn 0.3297 -0.1525 -0.9317
vn 0.4223 -0.1926 -0.8858
vn 0.2559 -0.2566 -0.9320
vn 0.2397 -0.2675 -0.9333
vn -0.9161 -0.1102 0.3855
vn -0.9118 -0.1260 0.3909
vn -0.9178 0.1232 -0.3775
vn 0.1987 -0.2115 -0.9570
vn -0.9161 -0.1102 -0.3855
vn -0.8922 -0.1542 -0.4244
vn -0.9118 -0.1260 -0.3909
vn -0.3133 -0.4829 -0.8177
vn 0.2094 -0.2117 -0.9546
vn 0.3066 -0.3003 -0.9032
vn 0.2801 -0.1804 -0.9429
vn 0.2888 -0.1702 -0.9421
vn -0.2190 -0.5408 -0.8121
vn 0.3767 -0.1866 -0.9074
vn 0.3176 -0.2508 -0.9145
vn -0.2604 -0.3696 0.8920
vn -0.1709 -0.4739 0.8638
vn -0.1175 -0.3666 0.9229
vn -0.1648 -0.4040 0.8998
vn -0.1572 -0.4912 0.8567
vn -0.1009 -0.5995 0.7940
vn -0.2208 -0.5834 0.7816
vn -0.1893 -0.5720 0.7982
vn -0.2327 -0.6169 0.7518
vn -0.1312 -0.6815 0.7200
vn 0.4599 -0.1939 -0.8665
vn 0.4395 -0.2214 -0.8705
vn 0.0254 -0.4172 0.9085
vn 0.0591 -0.5038 0.8618
vn 0.0336 -0.6067 0.7942
vn 0.0291 -0.7008 0.7128
vn 0.0840 -0.7115 0.6976
vn -0.1346 -0.5381 -0.8321
vn 0.0549 -0.7807 0.6224
vn 0.0524 -0.8581 0.5107
vn -0.2041 -0.7366 0.6448
vn -0.2694 -0.7187 0.6410
vn 0.1067 -0.9174 0.3834
vn 0.0303 -0.9686 0.2467
vn -0.2522 -0.8272 0.5022
vn 0.1074 -0.9605 0.2567
vn 0.0868 -0.9674 0.2380
vn -0.0442 -0.6414 -0.7659
vn 0.0325 -0.9993 0.0161
vn -0.1289 -0.6972 0.7051
vn -0.1546 -0.8060 0.5714
vn 0.0206 -0.9940 -0.1075
vn 0.0428 -0.9510 -0.3061
vn -0.2363 -0.8521 0.4669
vn 0.0431 -0.9646 -0.2601
vn 0.1046 -0.9692 -0.2229
vn 0.0854 -0.9354 -0.3432
vn 0.0531 -0.7375 -0.6733
vn -0.2710 -0.8918 0.3624
vn 0.0412 -0.7757 -0.6298
vn 0.0859 -0.9141 -0.3963
vn 0.1370 -0.8070 -0.5745
vn 0.0489 -0.8561 -0.5145
vn 0.0756 -0.8544 -0.5140
vn 0.1392 -0.8833 -0.4477
vn -0.1903 -0.9453 0.2651
vn -0.2398 -0.9528 0.1860
vn -0.2480 -0.9415 0.2283
vn -0.1876 -0.9146 0.3583
vn -0.1417 -0.9119 0.3851
vn -0.1114 -0.9599 0.2572
vn -0.1347 -0.9805 0.1431
vn -0.1286 -0.9831 0.1299
vn 0.0695 0.4377 0.8964
vn -0.2311 -0.2999 0.9255
vn 0.0142 -0.6311 -0.7756
vn -0.4910 -0.5260 -0.6945
vn 0.0309 0.4329 0.9009
vn 0.0319 0.3704 0.9283
vn 0.0321 0.3478 0.9370
vn 0.0508 0.3372 0.9401
vn 0.0281 0.2287 0.9731
vn 0.0490 0.3838 0.9221
vn 0.0194 0.4242 0.9054
vn 0.0057 0.0993 0.9950
vn 0.0687 -0.0070 0.9976
vn 0.0792 -0.2726 0.9589
vn -0.2532 0.1830 0.9499
vn -0.2887 0.4000 0.8699
vn 0.1118 0.4322 0.8948
vn -0.2387 0.3802 0.8936
vn -0.2779 0.3194 0.9060
vn -0.2522 -0.1709 0.9525
vn -0.2393 -0.2522 0.9376
vn -0.2453 0.4429 0.8624
vn 0.1003 0.3482 0.9320
vn 0.0477 0.2448 0.9684
vn 0.0567 0.1314 0.9897
vn 0.0833 -0.0100 0.9965
vn -0.1011 -0.9354 -0.3389
vn 0.0883 -0.1414 0.9860
vn -0.2887 0.4461 0.8471
vn -0.1687 -0.8601 -0.4815
vn -0.1428 -0.8800 -0.4530
vn -0.2840 0.4008 0.8710
vn 0.0769 -0.2725 0.9591
vn 0.8711 -0.2789 0.4043
vn 0.8730 -0.3466 0.3431
vn 0.8749 -0.4263 0.2296
vn -0.1973 0.4064 0.8921
vn 0.8659 0.0945 0.4913
vn 0.8780 0.0479 0.4763
vn 0.8628 -0.0204 0.5051
vn 0.8390 -0.1360 0.5268
vn -0.1851 0.4711 0.8624
vn -0.2269 0.4140 0.8816
vn 0.8850 0.3893 0.2552
vn 0.8534 -0.1591 0.4964
vn -0.2796 0.4610 0.8422
vn 0.4811 -0.2422 0.8426
vn 0.4745 -0.2854 0.8327
vn -0.1577 0.4308 0.8886
vn -0.1426 0.4132 0.8994
vn 0.5783 -0.3004 0.7585
vn 0.6061 -0.3235 0.7266
vn 0.5180 -0.3267 0.7906
vn 0.6218 -0.3234 0.7133
vn 0.4402 -0.3982 0.8048
vn -0.2265 0.3424 0.9118
vn -0.2214 0.2142 0.9514
vn 0.0508 -0.9749 -0.2169
vn -0.2696 0.3183 0.9089
vn -0.2223 0.3918 0.8928
vn 0.4903 -0.3984 0.7751
vn 0.4724 -0.4830 0.7373
vn -0.3530 -0.4180 -0.8370
vn 0.5154 -0.4307 0.7409
vn 0.4685 -0.5336 0.7041
vn 0.5362 -0.4297 0.7265
vn 0.5806 -0.4588 0.6727
vn 0.5827 -0.4585 0.6710
vn 0.6498 -0.4120 0.6387
vn -0.2240 0.3697 0.9018
vn 0.6070 -0.5518 0.5719
vn 0.6660 -0.4984 0.5550
vn 0.6062 -0.5518 0.5727
vn 0.6923 -0.4920 0.5279
vn 0.6835 -0.2582 0.6827
vn 0.7058 -0.2538 0.6614
vn 0.0113 -0.9594 -0.2819
vn 0.7892 -0.2842 0.5444
vn 0.7323 -0.3416 0.5891
vn 0.7031 -0.3807 0.6006
vn 0.7580 -0.3328 0.5610
vn 0.2864 -0.9568 -0.0502
vn 0.6441 -0.4118 0.6447
vn -0.1739 0.3443 0.9226
vn 0.7199 -0.4510 0.5276
vn -0.1513 0.3323 0.9310
vn -0.1773 0.2157 0.9602
vn -0.1484 0.2430 0.9586
vn 0.4234 -0.6368 0.6444
vn 0.1540 -0.9743 -0.1641
vn 0.2160 -0.9750 -0.0528
vn -0.1600 0.3716 0.9145
vn -0.2440 0.0954 0.9651
vn -0.2219 0.0789 0.9719
vn -0.2347 -0.0190 0.9719
vn -0.2233 -0.0054 0.9747
vn -0.2443 -0.0970 0.9648
vn -0.2334 -0.0856 0.9686
vn -0.1344 -0.1200 0.9836
vn -0.1313 0.1131 0.9849
vn -0.1770 -0.2150 0.9604
vn -0.2179 -0.2228 0.9502
vn -0.2966 -0.3833 0.8747
vn -0.3019 -0.4197 0.8560
vn -0.2732 -0.4614 0.8441
vn -0.2815 -0.6323 0.7218
vn -0.3009 -0.6879 0.6605
vn -0.2999 -0.7544 0.5839
vn -0.3655 -0.7566 0.5422
vn 0.5085 -0.5469 0.6651
vn 0.4895 -0.6283 0.6047
vn 0.4951 -0.6596 0.5655
vn 0.5193 -0.5910 0.6173
vn -0.3134 -0.8126 0.4913
vn -0.2514 -0.8275 0.5021
vn 0.8491 -0.2837 0.4456
vn 0.8493 -0.3920 0.3537
vn 0.7748 -0.4110 0.4804
vn 0.7885 -0.4143 0.4545
vn 0.7791 -0.4661 0.4193
vn 0.7915 -0.4226 0.4415
vn 0.7968 -0.4927 0.3497
vn 0.6999 -0.5310 0.4777
vn 0.7321 -0.5201 0.4398
vn 0.7371 -0.5797 0.3474
vn -0.2783 -0.8858 0.3714
vn -0.2807 -0.9265 0.2507
vn -0.3316 -0.9119 0.2417
vn 0.8389 -0.4510 0.3048
vn 0.8504 -0.4581 0.2589
vn 0.8591 -0.4511 0.2417
vn 0.7680 -0.5532 0.3228
vn 0.7928 -0.5529 0.2564
vn 0.8388 -0.5264 0.1392
vn 0.8386 -0.5265 0.1401
vn 0.6243 -0.5896 0.5125
vn 0.6615 -0.5810 0.4742
vn 0.6657 -0.6162 0.4208
vn -0.4125 0.4456 0.7945
vn 0.5497 -0.6803 0.4849
vn 0.5578 -0.6770 0.4802
vn 0.4610 -0.7631 0.4529
vn 0.6046 -0.6858 0.4050
vn 0.0414 -0.9279 -0.3706
vn 0.6043 -0.7064 0.3686
vn 0.5635 -0.7545 0.3366
vn 0.6778 -0.6816 0.2756
vn 0.5865 -0.7688 0.2547
vn 0.6624 -0.7098 0.2394
vn 0.1939 -0.9526 -0.2344
vn -0.3471 0.4143 0.8413
vn -0.2998 -0.6876 -0.6613
vn 0.4595 -0.8318 0.3115
vn 0.5005 -0.7876 0.3594
vn 0.4058 -0.8732 0.2699
vn -0.3465 0.4186 0.8395
vn -0.1755 -0.7543 -0.6326
vn -0.3096 0.4250 0.8506
vn 0.4422 -0.8799 0.1739
vn 0.3964 -0.9079 0.1365
vn -0.3062 0.4251 0.8518
vn 0.5347 -0.8195 0.2063
vn 0.4817 -0.8607 0.1646
vn 0.5541 -0.8068 0.2050
vn -0.2305 -0.6993 -0.6767
vn 0.7241 -0.5957 0.3477
vn 0.6974 -0.6598 0.2798
vn 0.7896 -0.5779 0.2066
vn 0.7665 -0.6108 0.1982
vn 0.7370 -0.6660 0.1151
vn 0.6784 -0.7166 0.1621
vn -0.2850 0.3779 0.8809
vn -0.3033 0.3668 0.8795
vn -0.3056 0.3526 0.8845
vn -0.7580 -0.3328 0.5610
vn 0.8340 -0.2656 0.4836
vn 0.5439 0.4385 0.7155
vn -0.7323 -0.3416 0.5891
vn 0.6174 0.4368 0.6543
vn -0.7031 -0.3807 0.6006
vn 0.5769 0.4496 0.6819
vn -0.5827 -0.4585 0.6710
vn -0.6498 -0.4121 0.6387
vn -0.6441 -0.4118 0.6447
vn -0.6923 -0.4920 0.5279
vn -0.7199 -0.4510 0.5276
vn -0.6660 -0.4984 0.5550
vn -0.6062 -0.5518 0.5727
vn 0.4807 0.4125 0.7738
vn -0.3670 -0.3232 0.8723
vn -0.4903 -0.3984 0.7751
vn -0.4402 -0.3982 0.8048
vn -0.5154 -0.4307 0.7409
vn -0.4724 -0.4830 0.7373
vn -0.3661 -0.5623 0.7415
vn -0.5362 -0.4297 0.7266
vn -0.3950 -0.6446 -0.6546
vn 0.5593 0.4159 0.7171
vn -0.3885 -0.4509 0.8036
vn -0.3895 -0.4819 0.7849
vn -0.3546 -0.5305 0.7700
vn -0.2979 -0.5251 0.7972
vn 0.5260 0.4065 0.7471
vn -0.4685 -0.5336 0.7041
vn -0.6070 -0.5518 0.5719
vn -0.5806 -0.4588 0.6727
vn -0.4041 -0.5717 0.7141
vn 0.5808 0.4113 0.7025
vn -0.5085 -0.5469 0.6651
vn -0.4234 -0.6368 0.6444
vn -0.4895 -0.6283 0.6047
vn -0.5193 -0.5910 0.6173
vn -0.4951 -0.6596 0.5655
vn -0.4138 -0.7406 0.5294
vn -0.3649 -0.6803 0.6356
vn -0.3899 -0.7436 0.5432
vn 0.6093 0.4167 0.6746
vn -0.8730 -0.3466 0.3431
vn 0.6902 0.4149 0.5929
vn 0.7197 0.4002 0.5673
vn 0.0484 -0.8595 -0.5088
vn -0.9075 -0.3294 0.2605
vn -0.9027 -0.3372 0.2673
vn -0.8493 -0.3920 0.3537
vn -0.8389 -0.4510 0.3048
vn -0.7968 -0.4927 0.3497
vn -0.7885 -0.4143 0.4545
vn -0.7748 -0.4110 0.4804
vn -0.7915 -0.4226 0.4415
vn -0.0794 -0.7557 -0.6501
vn -0.7791 -0.4661 0.4193
vn -0.6999 -0.5310 0.4777
vn -0.7321 -0.5201 0.4398
vn -0.6615 -0.5810 0.4742
vn -0.7371 -0.5797 0.3474
vn -0.2457 -0.5686 -0.7851
vn -0.8749 -0.4263 0.2296
vn -0.8591 -0.4511 0.2417
vn -0.8504 -0.4581 0.2589
vn -0.9114 -0.3927 0.1229
vn -0.7928 -0.5529 0.2564
vn -0.7680 -0.5532 0.3228
vn -0.8388 -0.5264 0.1392
vn -0.7896 -0.5779 0.2066
vn -0.6243 -0.5896 0.5125
vn -0.6657 -0.6162 0.4208
vn -0.7241 -0.5957 0.3477
vn -0.6974 -0.6598 0.2798
vn 0.5727 0.4386 0.6926
vn 0.5591 0.4610 0.6891
vn 0.4964 0.5240 0.6921
vn 0.6266 0.4320 0.6486
vn 0.6677 0.4345 0.6044
vn 0.6328 0.4041 0.6605
vn 0.6798 0.4081 0.6094
vn -0.1584 -0.5402 -0.8265
vn -0.3146 -0.6702 -0.6722
vn 0.0209 -0.9041 -0.4267
vn -0.2508 -0.3550 -0.9006
vn 0.7000 0.4382 0.5639
vn 0.6399 0.4433 0.6277
vn 0.6812 0.4333 0.5901
vn 0.7148 0.4497 0.5356
vn 0.7335 0.4442 0.5144
vn -0.7665 -0.6108 0.1982
vn -0.7390 -0.6629 0.1201
vn -0.6778 -0.6816 0.2757
vn -0.6624 -0.7098 0.2394
vn -0.6781 -0.7165 0.1638
vn -0.5578 -0.6770 0.4802
vn -0.4610 -0.7631 0.4529
vn -0.4529 -0.7648 0.4582
vn -0.0717 -0.3337 -0.9399
vn -0.0909 -0.3564 -0.9299
vn -0.5497 -0.6803 0.4849
vn -0.6046 -0.6858 0.4050
vn -0.6043 -0.7064 0.3686
vn -0.5635 -0.7545 0.3365
vn -0.5865 -0.7688 0.2547
vn -0.4595 -0.8318 0.3115
vn -0.5005 -0.7876 0.3594
vn -0.3650 -0.8266 0.4285
vn -0.3557 -0.8536 0.3807
vn 0.8047 0.4380 0.4008
vn -0.4058 -0.8732 0.2699
vn -0.4422 -0.8799 0.1739
vn -0.4201 -0.8538 0.3073
vn -0.4817 -0.8607 0.1647
vn -0.5347 -0.8195 0.2063
vn -0.5541 -0.8068 0.2050
vn -0.3964 -0.9079 0.1365
vn -0.3951 -0.9090 0.1331
vn -0.6061 -0.3235 0.7266
vn -0.6218 -0.3234 0.7133
vn 0.7708 0.4159 0.4826
vn -0.0555 -0.2224 -0.9734
vn -0.4144 -0.3327 0.8471
vn -0.5180 -0.3267 0.7906
vn -0.5783 -0.3004 0.7585
vn -0.7892 -0.2842 0.5444
vn -0.4811 -0.2422 0.8426
vn -0.4745 -0.2854 0.8327
vn 0.8073 0.4249 0.4096
vn -0.0276 -0.5816 -0.8130
vn -0.0273 -0.5821 -0.8127
vn 0.7697 0.4116 0.4881
vn 0.6999 0.4461 0.5578
vn -0.6835 -0.2582 0.6828
vn -0.7058 -0.2538 0.6614
vn -0.3483 -0.2452 0.9048
vn -0.3562 -0.2513 0.9000
vn -0.4481 -0.2148 0.8678
vn -0.8340 -0.2656 0.4836
vn -0.8711 -0.2789 0.4043
vn 0.0790 -0.6199 -0.7807
vn -0.8491 -0.2837 0.4456
vn 0.8073 0.4249 0.4097
vn -0.6857 -0.7254 0.0608
vn 0.7951 0.4445 0.4127
vn 0.7947 0.4023 0.4546
vn 0.7327 0.4921 0.4701
vn 0.8050 0.4310 0.4077
vn 0.9143 -0.4041 0.0271
vn -0.8986 0.4235 0.1152
vn -0.9373 0.3220 0.1334
vn -0.9105 0.3611 0.2016
vn 0.8119 0.4716 0.3442
vn 0.8649 0.3770 0.3314
vn 0.8677 0.4261 0.2559
vn 0.8766 0.4248 0.2260
vn -0.5072 -0.8613 0.0319
vn 0.8662 0.4176 0.2745
vn -0.4698 -0.8814 -0.0483
vn -0.9058 0.3345 0.2601
vn -0.9153 0.3482 0.2025
vn -0.8832 0.3741 0.2829
vn 0.8428 0.4087 0.3501
vn -0.9041 0.3804 0.1945
vn -0.8800 0.2064 0.4279
vn -0.8929 0.2414 0.3801
vn -0.8966 0.1520 0.4160
vn -0.8967 0.3443 0.2782
vn 0.8917 0.4086 0.1946
vn -0.8659 0.0945 0.4913
vn 0.8390 0.4740 0.2670
vn -0.6228 -0.7720 -0.1269
vn -0.9138 0.0462 0.4035
vn -0.8780 0.0479 0.4763
vn -0.8628 -0.0204 0.5051
vn -0.8534 -0.1591 0.4964
vn -0.8922 -0.1542 0.4244
vn -0.8878 -0.2450 0.3897
vn -0.6198 -0.7715 -0.1439
vn 0.8524 0.4600 0.2486
vn 0.8558 0.4799 0.1933
vn 0.8742 0.4629 0.1467
vn -0.5178 -0.8215 -0.2387
vn -0.6556 0.4714 0.5898
vn -0.4692 -0.8823 -0.0378
vn 0.9053 0.4052 0.1278
vn 0.4462 0.4306 0.7845
vn 0.4519 0.4260 0.7838
vn -0.4121 -0.8845 -0.2185
vn 0.4031 0.3732 0.8356
vn 0.4583 0.3839 0.8016
vn 0.4534 0.3798 0.8064
vn -0.6855 0.4086 0.6026
vn 0.5154 0.3805 0.7679
vn 0.5089 0.4058 0.7592
vn 0.9622 -0.2478 -0.1129
vn -0.6666 0.4338 0.6061
vn -0.6440 0.4443 0.6228
vn -0.6036 0.4322 0.6700
vn -0.5804 0.4421 0.6839
vn 0.8595 -0.5051 0.0780
vn -0.5163 0.4453 0.7316
vn 0.8890 -0.4565 0.0360
vn -0.4451 0.4415 0.7791
vn -0.4054 -0.8965 -0.1788
vn 0.5199 0.3770 0.7665
vn 0.5257 0.3561 0.7725
vn 0.5766 0.3422 0.7419
vn 0.5751 0.3738 0.7277
vn -0.4608 0.4025 0.7910
vn -0.3755 0.4026 0.8348
vn -0.4445 0.4521 0.7733
vn -0.5063 0.4070 0.7603
vn -0.4464 0.4273 0.7862
vn 0.5623 0.4208 0.7119
vn 0.6174 0.3800 0.6888
vn -0.3564 0.4739 0.8052
vn -0.4354 0.4290 0.7915
vn -0.5842 0.4037 0.7041
vn 0.6745 0.3752 0.6359
vn 0.6265 0.4321 0.6487
vn 0.6555 0.4266 0.6232
vn 0.5842 0.3818 0.7162
vn 0.6784 0.3543 0.6437
vn 0.6270 0.3728 0.6840
vn -0.2770 -0.9590 -0.0606
vn -0.2227 -0.9681 -0.1145
vn -0.4803 0.4296 0.7647
vn 0.8166 -0.5500 -0.1750
vn -0.6912 0.4121 0.5936
vn -0.6318 0.4039 0.6615
vn 0.4558 0.3613 0.8134
vn -0.6057 0.4181 0.6770
vn 0.4784 0.3325 0.8128
vn 0.4693 0.2913 0.8336
vn 0.4997 0.2531 0.8284
vn 0.5941 0.3264 0.7353
vn 0.6235 0.3266 0.7103
vn 0.5767 0.2386 0.7814
vn 0.6346 0.1835 0.7507
vn -0.5729 0.4387 0.6924
vn -0.6249 0.4330 0.6496
vn 0.6011 0.1917 0.7758
vn 0.6358 0.3458 0.6900
vn -0.5594 0.4607 0.6891
vn 0.6805 0.3825 0.6250
vn 0.7171 0.3745 0.5878
vn -0.4964 0.5241 0.6920
vn -0.5612 0.4188 0.7139
vn -0.4834 0.4205 0.7678
vn -0.5266 0.4036 0.7482
vn -0.1242 -0.9850 -0.1199
vn -0.0549 -0.9831 -0.1748
vn -0.1080 -0.9452 -0.3080
vn -0.2144 -0.9514 -0.2209
vn 0.7678 -0.6151 -0.1792
vn 0.7086 0.4280 0.5611
vn -0.1951 -0.9475 -0.2532
vn 0.7167 0.3330 0.6127
vn 0.7190 0.3718 0.5872
vn -0.0198 -0.9639 -0.2654
vn 0.7190 0.3946 0.5722
vn 0.7759 0.3304 0.5374
vn 0.0394 -0.8884 -0.4573
vn -0.8750 0.4441 0.1926
vn -0.8646 0.3777 0.3313
vn -0.8086 0.4665 0.3585
vn 0.7270 0.3399 0.5966
vn 0.6767 0.2472 0.6935
vn 0.7684 0.3498 0.5359
vn -0.6531 0.4302 0.6233
vn -0.7663 0.4197 0.4864
vn -0.7453 0.4000 0.5334
vn 0.7673 0.3274 0.5513
vn 0.7898 0.2865 0.5423
vn 0.7172 0.2396 0.6543
vn 0.7433 0.2057 0.6366
vn -0.7869 0.4155 0.4562
vn -0.5098 -0.7683 -0.3871
vn 0.7671 0.2041 0.6082
vn -0.7039 0.4782 0.5252
vn 0.4557 0.0764 0.8869
vn 0.4430 -0.0005 0.8965
vn 0.4938 0.1862 0.8494
vn 0.5532 0.1241 0.8237
vn 0.5537 0.1350 0.8217
vn 0.5012 0.0763 0.8620
vn 0.6093 0.0356 0.7922
vn 0.6452 0.0563 0.7619
vn 0.5969 -0.0000 0.8023
vn 0.4927 -0.0449 0.8690
vn 0.4923 -0.0812 0.8666
vn 0.5433 -0.0000 0.8395
vn 0.6081 -0.0376 0.7930
vn 0.6856 -0.0871 0.7227
vn 0.5491 -0.1302 0.8256
vn 0.5490 -0.1296 0.8257
vn 0.6011 -0.1917 0.7758
vn 0.4736 -0.2258 0.8513
vn 0.5770 -0.2381 0.7813
vn 0.6346 -0.1835 0.7507
vn 0.7159 0.1159 0.6885
vn -0.7887 0.4138 0.4546
vn -0.7590 0.4826 0.4370
vn -0.5415 -0.7371 -0.4043
vn -0.3315 -0.8320 -0.4449
vn 0.6770 0.1225 0.7257
vn -0.8392 0.4015 0.3667
vn 0.8298 0.1322 0.5421
vn 0.7372 0.0728 0.6717
vn 0.7230 0.0104 0.6907
vn 0.8227 0.1312 0.5531
vn 0.7255 -0.0096 0.6882
vn 0.7969 0.0631 0.6008
vn 0.6877 -0.1059 0.7182
vn 0.8610 -0.0224 0.5082
vn 0.8100 -0.0046 0.5864
vn 0.7913 -0.0353 0.6104
vn 0.7905 -0.1006 0.6042
vn 0.7319 -0.1433 0.6662
vn 0.8171 -0.1388 0.5596
vn 0.7711 -0.2169 0.5986
vn 0.7352 -0.2165 0.6423
vn 0.7626 0.3893 0.5167
vn 0.5897 -0.4376 -0.6788
vn 0.7477 0.4271 0.5085
vn 0.8026 0.3819 0.4582
vn 0.7970 0.3908 0.4605
vn 0.8313 0.3904 0.3958
vn -0.8326 0.4797 0.2769
vn -0.8672 0.4433 0.2269
vn -0.8771 0.4536 0.1579
vn -0.8681 0.4562 0.1958
vn -0.2893 -0.8847 -0.3655
vn -0.9053 0.4052 0.1278
vn -0.2839 -0.8724 -0.3979
vn -0.8701 0.4259 0.2479
vn -0.8649 0.4118 0.2869
vn 0.8109 0.4389 0.3871
vn 0.8197 0.4256 0.3834
vn -0.8432 0.4129 0.3442
vn -0.8750 0.4265 0.2293
vn 0.8495 0.4133 0.3280
vn -0.2741 -0.7268 -0.6298
vn -0.1089 -0.7594 -0.6414
vn -0.8912 0.4087 0.1968
vn 0.8014 0.3610 0.4769
vn -0.6805 0.4345 0.5900
vn -0.5941 0.3264 0.7353
vn 0.4197 -0.2894 -0.8603
vn 0.7919 0.3799 0.4781
vn 0.8365 0.3673 0.4067
vn 0.8310 0.3792 0.4070
vn -0.7683 0.3498 0.5360
vn -0.6266 0.4319 0.6487
vn -0.6556 0.4269 0.6229
vn -0.0962 -0.8549 -0.5098
vn 0.8810 0.3186 0.3499
vn 0.8832 0.3741 0.2827
vn 0.8833 0.3738 0.2828
vn 0.8396 0.3514 0.4142
vn -0.0709 -0.7992 -0.5969
vn 0.8665 0.3299 0.3745
vn 0.8794 0.4023 0.2545
vn -0.7624 0.3898 0.5165
vn 0.8778 0.4086 0.2500
vn 0.9045 0.3833 0.1871
vn 0.9066 0.3757 0.1923
vn 0.0942 -0.8486 -0.5205
vn 0.9000 0.3951 0.1838
vn 0.8977 0.4156 0.1463
vn 0.8464 0.3403 0.4096
vn 0.8360 0.2598 0.4834
vn 0.8548 0.2212 0.4694
vn 0.2966 -0.3833 0.8747
vn 0.0949 -0.7542 -0.6497
vn 0.2327 -0.6169 0.7518
vn 0.1022 -0.7434 -0.6609
vn 0.4144 -0.3327 0.8471
vn 0.3670 -0.3232 0.8723
vn 0.3019 -0.4197 0.8560
vn -0.7088 0.4272 0.5613
vn -0.0355 -0.8992 -0.4362
vn -0.7063 0.4303 0.5622
vn 0.3895 -0.4819 0.7849
vn 0.3885 -0.4509 0.8036
vn -0.6813 0.3818 0.6245
vn -0.6358 0.3458 0.6901
vn -0.6784 0.3543 0.6437
vn 0.3546 -0.5305 0.7700
vn 0.2979 -0.5251 0.7972
vn 0.2815 -0.6323 0.7218
vn 0.3661 -0.5623 0.7415
vn 0.4041 -0.5717 0.7141
vn 0.3649 -0.6803 0.6356
vn 0.3009 -0.6879 0.6605
vn 0.4138 -0.7406 0.5294
vn 0.3899 -0.7436 0.5432
vn 0.3655 -0.7566 0.5422
vn 0.3134 -0.8126 0.4913
vn 0.4529 -0.7648 0.4582
vn 0.3650 -0.8266 0.4285
vn 0.3557 -0.8536 0.3807
vn 0.4201 -0.8538 0.3073
vn 0.6138 -0.2197 -0.7583
vn 0.2807 -0.9265 0.2507
vn 0.3316 -0.9119 0.2417
vn -0.6185 0.3798 0.6879
vn -0.6747 0.3742 0.6362
vn -0.6268 0.3736 0.6838
vn -0.7192 0.3950 0.5716
vn -0.7759 0.3304 0.5374
vn -0.7175 0.3742 0.5876
vn -0.7189 0.3721 0.5871
vn -0.7270 0.3399 0.5966
vn -0.6235 0.3266 0.7104
vn -0.6346 0.1835 0.7507
vn -0.5767 0.2386 0.7814
vn -0.6011 0.1917 0.7758
vn 0.1175 -0.3666 0.9229
vn 0.1233 -0.3684 0.9215
vn 0.1648 -0.4040 0.8998
vn -0.6770 0.1225 0.7257
vn 0.2604 -0.3696 0.8920
vn 0.2732 -0.4614 0.8441
vn 0.1709 -0.4739 0.8638
vn 0.1492 -0.5011 0.8524
vn 0.2208 -0.5834 0.7816
vn 0.1731 -0.5658 0.8062
vn 0.0943 -0.6163 0.7818
vn -0.7673 0.3275 0.5513
vn -0.7898 0.2865 0.5423
vn 0.1337 -0.6801 0.7209
vn 0.1269 -0.6961 0.7066
vn -0.7167 0.3330 0.6127
vn -0.7671 0.2041 0.6082
vn -0.6767 0.2472 0.6935
vn -0.7172 0.2396 0.6543
vn 0.2041 -0.7366 0.6448
vn -0.7433 0.2057 0.6366
vn -0.7159 0.1159 0.6885
vn 0.2694 -0.7187 0.6410
vn 0.2999 -0.7544 0.5839
vn 0.1436 -0.8088 0.5703
vn -0.6093 0.0356 0.7922
vn 0.1546 -0.8060 0.5714
vn -0.6452 0.0563 0.7619
vn -0.5969 -0.0000 0.8023
vn -0.3608 -0.1693 -0.9171
vn 0.2514 -0.8275 0.5021
vn 0.0827 -0.8584 0.5063
vn 0.1301 -0.8920 0.4328
vn 0.1238 -0.9102 0.3951
vn 0.1876 -0.9146 0.3583
vn 0.2363 -0.8521 0.4669
vn 0.2522 -0.8272 0.5022
vn 0.2710 -0.8918 0.3624
vn 0.2783 -0.8858 0.3714
vn 0.1903 -0.9453 0.2651
vn 0.2480 -0.9415 0.2283
vn 0.1271 -0.9820 0.1399
vn -0.8298 0.1322 0.5421
vn -0.8610 -0.0224 0.5082
vn -0.8227 0.1312 0.5531
vn -0.7969 0.0631 0.6008
vn -0.2964 -0.2220 -0.9289
vn 0.2398 -0.9528 0.1860
vn 0.2311 -0.2999 0.9255
vn -0.7372 0.0728 0.6717
vn -0.7230 0.0104 0.6908
vn -0.7255 -0.0096 0.6882
vn 0.1205 0.4327 0.8935
vn -0.6856 -0.0871 0.7227
vn -0.6081 -0.0376 0.7930
vn -0.6877 -0.1059 0.7182
vn -0.5490 -0.1296 0.8257
vn -0.6346 -0.1835 0.7507
vn -0.6011 -0.1917 0.7758
vn -0.5769 -0.2381 0.7813
vn -0.8390 -0.1360 0.5268
vn -0.8171 -0.1388 0.5596
vn -0.8100 -0.0046 0.5864
vn -0.7913 -0.0353 0.6104
vn -0.7905 -0.1006 0.6042
vn -0.7318 -0.1433 0.6662
vn -0.7711 -0.2169 0.5986
vn -0.7352 -0.2165 0.6423
vn -0.5812 0.3820 0.7185
vn -0.5206 0.3747 0.7672
vn -0.1145 -0.1400 -0.9835
vn 0.5215 -0.3478 -0.7792
vn -0.1193 -0.1370 -0.9834
vn -0.2650 -0.3319 -0.9053
vn 0.1124 0.3991 0.9100
vn -0.5122 0.3809 0.7698
vn -0.4440 0.4297 0.7863
vn 0.1426 0.4132 0.8994
vn 0.1203 0.4263 0.8966
vn -0.4046 0.3677 0.8373
vn 0.1851 0.4711 0.8624
vn -0.3983 0.3898 0.8303
vn 0.1973 0.4064 0.8921
vn -0.4499 0.3834 0.8066
vn 0.2298 0.4147 0.8805
vn -0.4525 0.3862 0.8038
vn -0.5766 0.3422 0.7419
vn -0.5750 0.3758 0.7268
vn -0.4560 0.3606 0.8136
vn -0.3589 0.3910 0.8476
vn 0.1739 0.3443 0.9226
vn 0.1513 0.3323 0.9309
vn 0.1484 0.2430 0.9586
vn 0.1773 0.2157 0.9602
vn 0.2214 0.2142 0.9514
vn 0.1116 0.3822 0.9173
vn -0.1753 -0.3828 -0.9070
vn 0.1057 0.3871 0.9160
vn -0.3595 0.3891 0.8481
vn 0.1577 0.4308 0.8886
vn 0.2387 0.3802 0.8936
vn -0.4695 0.2910 0.8336
vn -0.4997 0.2531 0.8284
vn -0.3934 0.2525 0.8840
vn -0.4176 0.2803 0.8643
vn 0.2223 0.3918 0.8928
vn -0.4783 0.3325 0.8128
vn -0.5257 0.3561 0.7725
vn -0.3665 0.2473 0.8969
vn -0.3680 0.3483 0.8622
vn 0.1600 0.3716 0.9145
vn -0.4451 0.1678 0.8796
vn -0.4189 0.1146 0.9008
vn 0.1313 0.1131 0.9849
vn 0.1312 0.1131 0.9849
vn -0.3752 0.1142 0.9199
vn -0.3355 0.1795 0.9248
vn -0.3466 0.0830 0.9343
vn -0.3673 -0.0273 0.9297
vn -0.3475 -0.0062 0.9376
vn -0.3754 -0.1141 0.9198
vn -0.3424 -0.1684 0.9243
vn -0.3656 -0.0956 0.9259
vn -0.4938 0.1862 0.8494
vn -0.4557 0.0764 0.8869
vn -0.5012 0.0763 0.8620
vn -0.5532 0.1241 0.8237
vn -0.5537 0.1350 0.8217
vn -0.5433 -0.0000 0.8395
vn -0.4927 -0.0449 0.8690
vn 0.5209 -0.3525 -0.7774
vn -0.4923 -0.0812 0.8666
vn -0.4430 -0.0005 0.8965
vn -0.4172 -0.1256 0.9001
vn -0.4736 -0.2258 0.8513
vn 0.0935 -0.0193 0.9954
vn 0.1122 -0.1051 0.9881
vn 0.1185 -0.2268 0.9667
vn -0.5491 -0.1302 0.8256
vn -0.0032 -0.3784 -0.9256
vn 0.3562 -0.2513 0.9000
vn 0.2393 -0.2522 0.9376
vn 0.2202 -0.2260 0.9489
vn -0.0763 -0.3345 -0.9393
vn 0.3483 -0.2452 0.9048
vn 0.4481 -0.2148 0.8678
vn 0.2836 0.4066 0.8685
vn 0.2796 0.4610 0.8422
vn 0.0741 -0.3329 -0.9400
vn 0.2532 0.1830 0.9499
vn 0.2240 0.3697 0.9018
vn -0.7951 0.4410 0.4163
vn -0.8103 0.4397 0.3873
vn -0.8201 0.4250 0.3831
vn -0.4632 -0.8020 0.3771
vn -0.5070 -0.7625 0.4018
vn 0.5648 -0.6432 -0.5170
vn -0.7919 0.3799 0.4781
vn -0.8396 0.3514 0.4142
vn -0.8365 0.3672 0.4068
vn -0.8497 0.4132 0.3274
vn -0.8315 0.3906 0.3950
vn -0.8313 0.3786 0.4070
vn 0.2265 0.3424 0.9118
vn 0.2696 0.3183 0.9089
vn 0.2440 0.0954 0.9651
vn 0.2219 0.0788 0.9719
vn 0.2328 -0.1034 0.9670
vn 0.2276 -0.0971 0.9689
vn 0.2417 -0.1710 0.9551
vn 0.2886 0.4000 0.8699
vn -0.3167 -0.9038 0.2877
vn 0.2233 -0.0054 0.9747
vn 0.2347 -0.0190 0.9719
vn 0.5319 -0.6892 -0.4921
vn 0.4071 0.4504 0.7946
vn -0.8810 0.3186 0.3498
vn -0.8464 0.3403 0.4096
vn -0.8665 0.3299 0.3745
vn -0.8720 0.3455 0.3467
vn -0.8014 0.3609 0.4769
vn -0.7970 0.3906 0.4606
vn -0.7479 0.4267 0.5085
vn -0.8022 0.3825 0.4585
vn -0.7944 0.4026 0.4549
vn -0.8722 0.4301 0.2328
vn 0.3265 0.4152 0.8491
vn -0.8793 0.4037 0.2528
vn -0.9072 0.3739 0.1930
vn -0.2947 -0.9211 0.2545
vn -0.3085 -0.9262 0.2166
vn 0.3743 0.4074 0.8330
vn -0.8853 0.3896 0.2540
vn 0.3153 -0.3820 -0.8687
vn -0.9097 0.3967 0.1231
vn -0.8833 0.3736 0.2831
vn -0.8360 0.2598 0.4834
vn -0.8548 0.2212 0.4694
vn -0.3290 0.4485 -0.8310
vn -0.3113 0.4511 -0.8364
vn -0.9075 -0.3294 -0.2605
vn -0.9027 -0.3372 -0.2673
vn -0.9080 -0.3967 -0.1347
vn -0.8730 -0.3466 -0.3431
vn -0.7580 -0.3328 -0.5610
vn -0.7323 -0.3416 -0.5891
vn 0.3096 0.4249 0.8506
vn -0.6498 -0.4121 -0.6387
vn -0.8475 -0.3951 -0.3544
vn 0.2849 0.3779 0.8809
vn 0.3032 0.3668 0.8795
vn -0.8076 -0.4309 -0.4027
vn -0.7885 -0.4143 -0.4545
vn -0.7748 -0.4110 -0.4804
vn -0.7031 -0.3807 -0.6006
vn -0.6441 -0.4118 -0.6447
vn 0.3056 0.3526 0.8845
vn 0.2779 0.3194 0.9060
vn -0.1495 -0.9737 0.1718
vn 0.3466 0.0830 0.9343
vn -0.8491 -0.2837 -0.4456
vn -0.8340 -0.2656 -0.4836
vn 0.3424 -0.1684 0.9243
vn -0.7892 -0.2842 -0.5444
vn -0.1356 -0.9839 0.1160
vn 0.4900 0.4434 0.7505
vn 0.5168 0.4448 0.7315
vn -0.8711 -0.2789 -0.4043
vn -0.1333 -0.9801 0.1474
vn 0.4084 0.4156 0.8127
vn 0.3642 0.4463 0.8174
vn 0.3239 0.4243 0.8456
vn 0.4595 0.4068 0.7896
vn -0.6796 -0.2646 -0.6842
vn -0.7068 -0.2568 -0.6591
vn 0.1016 -0.6565 -0.7475
vn -0.9290 0.3670 0.0482
vn -0.9260 0.3748 0.0444
vn 0.4445 0.4521 0.7733
vn 0.1827 -0.6131 -0.7686
vn 0.4451 0.1678 0.8796
vn -0.9260 0.3748 -0.0443
vn -0.9244 0.3787 0.0455
vn 0.4060 0.4291 0.8069
vn 0.3577 0.3886 0.8491
vn 0.3883 0.3833 0.8380
vn 0.3979 0.3910 0.8299
vn 0.3676 0.3483 0.8623
vn 0.3665 0.2473 0.8969
vn 0.3934 0.2525 0.8840
vn 0.4180 0.2807 0.8640
vn 0.0683 -0.9970 0.0358
vn 0.0207 -0.9974 0.0691
vn 0.3115 -0.6398 -0.7026
vn 0.1344 -0.9898 -0.0472
vn -0.0039 -0.9981 0.0620
vn 0.3752 0.1142 0.9199
vn 0.3355 0.1795 0.9248
vn 0.4189 0.1146 0.9008
vn -0.9244 0.3787 -0.0454
vn 0.3475 -0.0062 0.9376
vn 0.3754 -0.1141 0.9198
vn 0.3656 -0.0956 0.9259
vn 0.3673 -0.0273 0.9297
vn 0.4172 -0.1256 0.9001
vn 0.8730 -0.3466 -0.3431
vn 0.9130 0.3911 0.1159
vn 0.9166 0.3980 0.0377
vn 0.9171 0.3968 -0.0390
vn 0.9039 0.4168 -0.0958
vn -0.9290 0.3668 -0.0482
vn 0.9116 0.3934 -0.1193
vn -0.8994 0.4223 -0.1131
vn 0.8851 0.3901 -0.2539
vn 0.8659 0.0945 -0.4913
vn -0.9100 0.3625 -0.2015
vn -0.9373 0.3219 -0.1334
vn -0.9069 0.3746 -0.1930
vn -0.9040 0.3808 -0.1945
vn -0.8830 0.3744 -0.2831
vn 0.6441 -0.4118 -0.6447
vn 0.6498 -0.4120 -0.6387
vn 0.8491 -0.2837 -0.4456
vn -0.2135 -0.9687 0.1270
vn 0.7892 -0.2842 -0.5444
vn 0.7580 -0.3328 -0.5610
vn 0.7323 -0.3416 -0.5891
vn 0.7031 -0.3807 -0.6006
vn 0.7911 -0.4228 -0.4421
vn 0.8493 -0.3920 -0.3537
vn 0.7756 -0.4163 -0.4745
vn 0.7872 -0.4167 -0.4546
vn 0.8340 -0.2656 -0.4836
vn 0.6884 -0.2602 -0.6770
vn 0.7099 -0.2657 -0.6523
vn 0.8814 0.4532 0.1330
vn 0.8674 0.4821 0.1233
vn 0.8002 0.4497 -0.3968
vn 0.8304 0.4507 -0.3275
vn 0.8060 0.4440 -0.3914
vn -0.9153 0.3482 -0.2026
vn -0.8967 0.3443 -0.2782
vn -0.9058 0.3345 -0.2600
vn -0.8720 0.3455 -0.3467
vn -0.8800 0.2064 -0.4279
vn -0.8929 0.2414 -0.3801
vn -0.8548 0.2212 -0.4694
vn 0.8851 0.4608 0.0652
vn 0.8811 0.4512 -0.1414
vn -0.8966 0.1520 -0.4160
vn -0.8659 0.0945 -0.4913
vn -0.9138 0.0462 -0.4035
vn -0.8780 0.0479 -0.4763
vn -0.9106 -0.0554 -0.4095
vn -0.8534 -0.1591 -0.4964
vn -0.8878 -0.2450 -0.3897
vn -0.0361 -0.9985 -0.0413
vn -0.8926 0.4380 0.1070
vn -0.0367 -0.9993 0.0043
vn 0.0141 -0.9999 -0.0002
vn -0.8959 0.4425 -0.0399
vn -0.8889 0.4537 0.0635
vn -0.8984 0.4389 0.0122
vn 0.8950 0.4460 -0.0045
vn -0.8760 0.4492 -0.1756
vn -0.1526 -0.9883 -0.0034
vn 0.8716 0.4464 -0.2026
vn 0.8672 0.4204 -0.2668
vn 0.8753 0.4261 -0.2285
vn -0.8722 0.4444 -0.2046
vn 0.9102 0.4113 0.0491
vn 0.9036 0.4170 0.0978
vn 0.6689 -0.4589 -0.5848
vn 0.0007 -0.9956 -0.0935
vn -0.8757 0.4257 -0.2278
vn -0.8670 0.4198 -0.2684
vn -0.8299 0.4526 -0.3261
vn 0.9032 0.4191 -0.0929
vn 0.9082 0.4160 -0.0460
vn -0.9104 0.4105 0.0512
vn 0.9054 0.4244 -0.0107
vn -0.9092 0.4152 0.0314
vn -0.8675 0.4819 0.1233
vn 0.5221 -0.5465 -0.6548
vn 0.8703 0.4902 0.0465
vn 0.0103 -0.9888 -0.1492
vn 0.8712 0.4889 -0.0441
vn 0.8862 0.4632 0.0130
vn 0.8668 0.4834 -0.1221
vn 0.8805 0.4641 -0.0967
vn 0.8918 0.4086 -0.1945
vn -0.8705 0.4896 0.0499
vn 0.1200 -0.9815 -0.1490
vn 0.1534 -0.9578 -0.2431
vn 0.1309 -0.9552 -0.2656
vn -0.9152 0.4010 -0.0397
vn 0.4059 -0.4754 -0.7805
vn -0.8909 0.4542 -0.0000
vn -0.9055 0.4244 -0.0000
vn -0.8711 0.4896 -0.0391
vn -0.8672 0.4828 -0.1222
vn -0.9036 0.4172 0.0974
vn -0.9024 0.4222 -0.0859
vn -0.9025 0.4222 -0.0850
vn 0.8666 0.4161 -0.2754
vn 0.1332 -0.9832 -0.1245
vn 0.1187 -0.9882 -0.0962
vn -0.9054 0.4051 -0.1272
vn 0.8383 0.4066 -0.3632
vn -0.8679 0.4574 -0.1938
vn 0.9054 0.4051 -0.1272
vn 0.2388 -0.9456 -0.2208
vn 0.3746 -0.8432 -0.3857
vn -0.8767 0.4551 -0.1561
vn -0.8668 0.4438 -0.2274
vn -0.8400 0.4734 -0.2652
vn 0.8541 0.4829 -0.1932
vn 0.8605 0.4511 -0.2369
vn -0.8918 0.4086 -0.1945
vn -0.8667 0.4173 -0.2734
vn 0.2611 -0.9148 -0.3082
vn 0.2723 -0.9049 -0.3272
vn -0.8461 0.4062 -0.3450
vn 0.2840 -0.8747 -0.3927
vn -0.8042 0.4432 -0.3960
vn -0.8045 0.4404 -0.3985
vn 0.8376 0.4756 -0.2687
vn -0.9171 0.3967 0.0399
vn 0.3971 -0.7926 -0.4627
vn -0.9171 0.3968 -0.0398
vn -0.9099 0.3964 -0.1218
vn 0.8088 0.4687 -0.3551
vn -0.0276 0.4001 -0.9160
vn -0.8646 0.3781 -0.3309
vn -0.8793 0.4037 -0.2527
vn 0.1108 0.2534 -0.9610
vn 0.9094 0.4156 0.0126
vn 0.9021 0.3890 -0.1869
vn -0.8722 0.4300 -0.2332
vn 0.9070 0.3747 -0.1922
vn 0.9062 0.3775 -0.1904
vn -0.8833 0.3735 -0.2834
vn -0.8853 0.3899 -0.2535
vn 0.8648 0.3774 -0.3311
vn 0.8797 0.4028 -0.2528
vn 0.8742 0.4235 -0.2375
vn 0.3158 -0.7099 -0.6296
vn -0.8492 0.4139 -0.3278
vn -0.8809 0.3189 -0.3498
vn 0.8490 0.4139 -0.3284
vn 0.8809 0.3189 -0.3498
vn 0.8832 0.3740 -0.2831
vn 0.8831 0.3742 -0.2830
vn 0.2741 -0.0535 -0.9602
vn 0.8098 0.4241 -0.4054
vn -0.8176 0.4192 -0.3948
vn 0.3432 -0.1168 -0.9320
vn -0.8133 0.4746 -0.3365
vn 0.5552 -0.5631 -0.6121
vn 0.8313 0.3907 -0.3953
vn 0.8311 0.3784 -0.4074
vn 0.8720 0.3455 -0.3467
vn -0.8214 0.4236 -0.3818
vn 0.6905 0.4444 -0.5707
vn 0.7342 0.4447 -0.5130
vn 0.6321 0.4449 -0.6344
vn 0.6791 0.4380 -0.5890
vn 0.4079 -0.5475 -0.7307
vn -0.7323 0.4457 -0.5148
vn -0.7620 0.4247 -0.4888
vn 0.3539 -0.2490 -0.9016
vn 0.0030 0.2946 -0.9556
vn 0.1599 0.1845 -0.9697
vn 0.9501 -0.2421 -0.1968
vn 0.9483 -0.2072 -0.2403
vn -0.0105 0.2855 -0.9583
vn 0.8491 -0.0530 -0.5255
vn -0.7689 0.4090 -0.4915
vn -0.7696 0.4113 -0.4884
vn 0.6146 0.4383 -0.6559
vn 0.5598 0.4444 -0.6994
vn -0.7207 0.4000 -0.5662
vn -0.6901 0.4151 -0.5929
vn 0.7704 0.4136 -0.4851
vn 0.6902 0.4151 -0.5927
vn 0.7207 0.4001 -0.5662
vn -0.8096 0.4057 -0.4242
vn -0.7919 0.4496 -0.4132
vn -0.7322 0.4929 -0.4700
vn 0.5348 0.4258 -0.7298
vn 0.1833 0.0869 -0.9792
vn -0.6998 0.4470 -0.5573
vn 0.6162 0.4131 -0.6706
vn 0.6339 0.4038 -0.6597
vn 0.1662 -0.1390 -0.9762
vn -0.6671 0.4345 -0.6051
vn -0.6789 0.4077 -0.6107
vn -0.6397 0.4442 -0.6273
vn -0.6846 0.4416 -0.5799
vn -0.6789 0.4384 -0.5890
vn 0.5810 0.4030 -0.7071
vn 0.2768 -0.2497 -0.9279
vn -0.5695 0.4486 -0.6888
vn -0.5496 0.4425 -0.7086
vn -0.6146 0.4383 -0.6558
vn 0.2580 -0.0281 -0.9657
vn 0.2502 -0.0078 -0.9682
vn -0.4506 0.4336 -0.7803
vn -0.6161 0.4140 -0.6701
vn 0.6790 0.4077 -0.6106
vn -0.5804 0.4032 -0.7075
vn 0.5652 0.4402 -0.6977
vn -0.6357 0.4040 -0.6578
vn -0.5345 0.4262 -0.7298
vn 0.3713 -0.1063 -0.9224
vn 0.8863 -0.2339 -0.3998
vn 0.5404 0.4178 -0.7304
vn 0.6276 0.4315 -0.6480
vn 0.5554 0.4311 -0.7111
vn 0.8004 0.4182 -0.4295
vn 0.3370 0.0585 -0.9397
vn 0.8850 -0.2326 -0.4034
vn -0.6297 0.4310 -0.6463
vn -0.5404 0.4178 -0.7304
vn -0.5651 0.4398 -0.6980
vn -0.8107 0.4396 -0.3866
vn -0.7948 0.4457 -0.4118
vn -0.8317 0.3913 -0.3939
vn -0.8314 0.3779 -0.4075
vn 0.7906 0.4476 -0.4179
vn 0.7325 0.4910 -0.4715
vn -0.8367 0.3663 -0.4072
vn 0.7697 0.4111 -0.4884
vn 0.7002 0.4459 -0.5576
vn 0.7003 0.4378 -0.5639
vn 0.6269 0.4319 -0.6484
vn 0.4716 -0.4152 -0.7780
vn 0.6555 0.4266 -0.6232
vn 0.6677 0.4344 -0.6045
vn -0.8020 0.3888 -0.4535
vn -0.7962 0.3712 -0.4778
vn 0.7895 -0.0952 -0.6063
vn 0.6179 0.3796 -0.6885
vn 0.4033 -0.3142 -0.8595
vn 0.6745 0.3751 -0.6359
vn 0.6358 0.3458 -0.6900
vn 0.4030 -0.1438 -0.9038
vn 0.6270 0.3729 -0.6840
vn 0.4402 -0.2825 -0.8523
vn 0.4554 -0.3012 -0.8378
vn -0.8396 0.3513 -0.4142
vn -0.7918 0.3798 -0.4783
vn 0.7955 0.4415 -0.4151
vn 0.7949 0.4033 -0.4533
vn 0.8104 0.4394 -0.3874
vn 0.8199 0.4253 -0.3832
vn -0.7587 0.3921 -0.5203
vn 0.7587 0.3917 -0.5205
vn -0.7944 0.4035 -0.4540
vn 0.3121 -0.2982 -0.9020
vn 0.3050 -0.4115 -0.8588
vn -0.7616 0.3771 -0.5270
vn -0.7617 0.3770 -0.5269
vn 0.1794 -0.5205 -0.8348
vn -0.7225 0.3834 -0.5754
vn -0.6814 0.3818 -0.6245
vn 0.8367 0.3664 -0.4071
vn -0.7089 0.4270 -0.5614
vn -0.6999 0.4376 -0.5644
vn 0.8396 0.3513 -0.4142
vn 0.8464 0.3403 -0.4096
vn -0.6747 0.3742 -0.6363
vn 0.2584 -0.5931 -0.7625
vn -0.6554 0.4271 -0.6229
vn -0.6286 0.4317 -0.6469
vn -0.6184 0.3800 -0.6879
vn -0.7138 0.3750 -0.5915
vn 0.8021 0.3891 -0.4530
vn 0.7918 0.3798 -0.4783
vn 0.7962 0.3711 -0.4778
vn 0.7087 0.4276 -0.5611
vn 0.7221 0.3833 -0.5760
vn 0.7618 0.3769 -0.5270
vn 0.7614 0.3772 -0.5272
vn 0.7136 0.3753 -0.5916
vn -0.7692 0.3508 -0.5342
vn -0.7664 0.3291 -0.5517
vn -0.7272 0.3400 -0.5963
vn 0.6806 0.3825 -0.6249
vn -0.6784 0.3543 -0.6437
vn -0.6358 0.3458 -0.6901
vn 0.7271 0.3399 -0.5965
vn 0.6784 0.3543 -0.6437
vn 0.7691 0.3506 -0.5344
vn 0.7664 0.3291 -0.5517
vn 0.8665 0.3299 -0.3745
vn 0.2992 -0.5591 -0.7733
vn 0.7898 0.2865 -0.5423
vn 0.8548 0.2212 -0.4694
vn 0.8360 0.2598 -0.4834
vn 0.7167 0.3330 -0.6127
vn 0.7172 0.2396 -0.6543
vn 0.7671 0.2041 -0.6082
vn 0.7433 0.2057 -0.6366
vn 0.6767 0.2472 -0.6935
vn 0.8298 0.1322 -0.5421
vn 0.8227 0.1312 -0.5531
vn 0.7920 0.0517 -0.6083
vn 0.8628 -0.0204 -0.5051
vn -0.8424 0.4728 0.2585
vn 0.8534 -0.1591 -0.4964
vn -0.6267 0.3737 -0.6838
vn -0.8464 0.3403 -0.4096
vn 0.7475 -0.1996 -0.6336
vn -0.8665 0.3299 -0.3745
vn -0.8360 0.2598 -0.4834
vn -0.7898 0.2865 -0.5423
vn -0.7167 0.3330 -0.6127
vn -0.6767 0.2472 -0.6935
vn -0.7671 0.2041 -0.6082
vn -0.7172 0.2396 -0.6543
vn -0.7433 0.2057 -0.6366
vn -0.8298 0.1322 -0.5421
vn -0.8227 0.1312 -0.5531
vn -0.5563 0.4310 -0.7105
vn -0.8628 -0.0204 -0.5051
vn -0.7920 0.0517 -0.6083
vn -0.8094 -0.0082 -0.5872
vn -0.8501 -0.0333 -0.5256
vn -0.8407 -0.1386 -0.5235
vn -0.8799 0.4751 0.0047
vn -0.8598 0.4868 0.1538
vn -0.7910 -0.1607 -0.5904
vn -0.7214 -0.2311 -0.6528
vn -0.7703 -0.2143 -0.6006
vn -0.7580 -0.0824 -0.6471
vn -0.7623 -0.1204 -0.6359
vn -0.7430 -0.1393 -0.6546
vn -0.7501 -0.1269 -0.6490
vn -0.7249 -0.2404 -0.6455
vn -0.8386 -0.5265 0.1401
vn -0.8960 -0.4355 0.0868
vn -0.8752 -0.4752 0.0906
vn -0.9065 -0.4223 -0.0005
vn 0.8094 -0.0082 -0.5872
vn 0.8501 -0.0333 -0.5256
vn 0.8407 -0.1386 -0.5235
vn 0.3191 -0.3818 -0.8674
vn 0.7581 -0.0823 -0.6469
vn 0.7767 -0.1664 -0.6075
vn 0.7648 -0.1473 -0.6271
vn -0.8804 -0.4718 -0.0484
vn 0.7684 -0.2083 -0.6051
vn -0.8777 -0.4713 -0.0869
vn -0.8538 -0.5207 -0.0000
vn -0.8229 -0.5682 -0.0000
vn 0.3867 -0.4181 -0.8220
vn 0.6852 -0.1844 -0.7047
vn 0.6441 -0.2066 -0.7365
vn -0.8437 -0.5199 -0.1336
vn -0.8408 -0.5211 -0.1468
vn -0.8503 -0.4581 -0.2590
vn -0.8749 -0.4263 -0.2296
vn -0.8591 -0.4511 -0.2417
vn -0.8223 -0.4941 -0.2823
vn -0.7922 -0.5521 -0.2600
vn 0.3507 -0.5879 -0.7289
vn 0.4748 0.4367 -0.7641
vn -0.8021 -0.5427 -0.2494
vn 0.3658 0.4460 -0.8168
vn -0.7769 -0.5639 -0.2801
vn 0.2942 -0.9515 0.0902
vn 0.1188 -0.9928 0.0159
vn 0.1474 -0.9873 0.0592
vn 0.1264 -0.9823 0.1380
vn 0.3939 -0.5427 -0.7418
vn 0.1499 -0.9870 -0.0585
vn 0.2508 -0.9675 -0.0308
vn 0.2640 -0.9641 0.0271
vn 0.1347 -0.9805 -0.1431
vn 0.1229 -0.9854 -0.1177
vn 0.2248 -0.9576 -0.1800
vn 0.2359 -0.9440 -0.2306
vn 0.1873 -0.9462 -0.2639
vn 0.1671 -0.9307 -0.3255
vn -0.7519 -0.5696 -0.3320
vn -0.8618 0.4683 0.1950
vn -0.7318 0.4455 0.5157
vn 0.1441 -0.9302 -0.3376
vn -0.7184 0.4501 0.5303
vn 0.8085 -0.5872 0.0385
vn 0.8752 -0.4752 0.0906
vn 0.8743 -0.4818 -0.0583
vn 0.8743 -0.4811 -0.0643
vn 0.8509 -0.5252 -0.0097
vn 0.8168 -0.5769 0.0038
vn 0.8321 -0.5292 -0.1661
vn 0.0462 -0.9437 -0.3275
vn 0.8341 -0.5205 -0.1826
vn 0.8808 -0.4100 -0.2368
vn 0.8389 -0.4510 -0.3048
vn 0.8443 -0.4543 -0.2840
vn 0.8252 -0.5159 -0.2299
vn 0.7878 -0.5503 -0.2766
vn -0.7703 0.4646 0.4369
vn -0.8141 0.4457 0.3722
vn -0.7990 0.4439 0.4055
vn 0.7229 -0.6088 -0.3267
vn 0.7846 -0.5036 -0.3616
vn 0.6137 -0.7821 0.1082
vn 0.3951 -0.9090 0.1331
vn 0.7022 -0.7120 -0.0061
vn 0.7132 -0.6999 -0.0389
vn 0.2088 -0.8847 -0.4168
vn 0.6782 -0.7349 -0.0041
vn 0.2048 -0.8940 -0.3985
vn -0.8165 0.4504 0.3612
vn -0.7095 -0.6936 0.1243
vn -0.6049 -0.7866 0.1235
vn -0.8082 -0.5877 0.0377
vn -0.8129 -0.5795 -0.0583
vn -0.7746 -0.6304 0.0514
vn 0.7714 -0.0756 0.6318
vn -0.7347 -0.6773 -0.0399
vn -0.7614 -0.6302 -0.1523
vn -0.7685 -0.6331 -0.0923
vn -0.7573 -0.6475 -0.0856
vn 0.2269 -0.6864 -0.6909
vn -0.8319 0.4581 0.3131
vn -0.8367 0.4569 0.3019
vn -0.8587 0.4709 0.2020
vn 0.1949 -0.8337 -0.5166
vn -0.8487 0.1412 0.5098
vn 0.2649 -0.7436 -0.6139
vn 0.3121 -0.7224 -0.6171
vn 0.1846 -0.3978 -0.8987
vn 0.1687 -0.3605 -0.9174
vn -0.8213 0.1376 0.5536
vn 0.2036 -0.2361 -0.9502
vn -0.6335 -0.7727 0.0400
vn -0.6033 -0.7947 0.0666
vn -0.6640 -0.7470 0.0342
vn 0.6537 -0.7560 -0.0332
vn 0.6562 -0.2422 0.7147
vn 0.7203 -0.2124 0.6603
vn 0.4254 -0.6389 -0.6410
vn 0.4693 -0.5684 -0.6758
vn 0.4626 -0.4546 -0.7611
vn 0.4145 -0.6790 -0.6059
vn 0.5074 -0.8608 0.0389
vn 0.4042 -0.5029 -0.7640
vn 0.1037 -0.7583 0.6436
vn 0.0793 -0.7949 0.6015
vn 0.4539 -0.8908 0.0221
vn 0.4316 -0.9018 0.0230
vn 0.4060 -0.9139 0.0003
vn 0.2863 -0.9570 0.0475
vn 0.3559 -0.7947 -0.4918
vn 0.3660 -0.7464 -0.5558
vn 0.3303 -0.7455 -0.5790
vn -0.6070 -0.5518 -0.5719
vn -0.5058 -0.3692 0.7797
vn -0.7264 -0.6860 -0.0412
vn -0.6797 -0.7335 -0.0076
vn 0.3249 -0.9385 -0.1167
vn -0.7524 -0.0155 0.6585
vn -0.8001 0.0097 0.5998
vn -0.7325 -0.1376 0.6667
vn 0.2911 -0.9507 -0.1069
vn 0.4049 -0.9143 -0.0121
vn -0.7537 -0.2098 0.6229
vn 0.4719 0.0070 -0.8816
vn -0.7385 -0.2578 0.6230
vn -0.6168 -0.3114 0.7229
vn -0.6402 -0.1843 0.7457
vn -0.7954 -0.5701 -0.2058
vn -0.8835 0.3573 0.3031
vn -0.0339 -0.8066 0.5901
vn 0.3779 -0.9223 -0.0809
vn -0.1148 -0.8910 0.4394
vn -0.0596 -0.8724 0.4852
vn 0.6127 -0.7842 0.0981
vn 0.5910 -0.8062 -0.0272
vn 0.5528 -0.8311 0.0609
vn 0.5014 -0.8642 0.0420
vn 0.5604 -0.8274 0.0359
vn 0.2349 -0.6477 0.7248
vn 0.5083 -0.1305 -0.8512
vn 0.6846 -0.3955 -0.6123
vn 0.4975 -0.1443 -0.8554
vn -0.3824 -0.7504 -0.5391
vn -0.8861 0.3585 0.2939
vn 0.7862 -0.3092 -0.5351
vn -0.8977 0.0911 0.4312
vn 0.2045 -0.7175 0.6658
vn -0.8982 0.2397 0.3685
vn 0.7804 -0.3238 -0.5349
vn -0.4082 -0.7244 -0.5556
vn -0.8982 0.3459 0.2712
vn -0.3333 -0.7725 -0.5404
vn 0.3483 -0.6302 0.6940
vn 0.3787 -0.5852 0.7170
vn 0.3436 -0.6799 0.6478
vn 0.4043 -0.6831 0.6082
vn 0.4883 -0.4986 0.7162
vn -0.9029 0.2366 0.3588
vn 0.4940 -0.4647 0.7349
vn -0.9160 0.2703 0.2966
vn 0.6316 -0.3323 0.7005
vn 0.6755 -0.4387 0.5926
vn 0.6359 -0.4413 0.6332
vn 0.5326 -0.1461 -0.8336
vn 0.5340 -0.5260 0.6619
vn 0.5031 -0.6104 0.6118
vn 0.0942 -0.8474 0.5225
vn 0.1024 -0.8492 0.5180
vn 0.2346 -0.8019 0.5494
vn 0.2708 -0.7364 0.6200
vn 0.3875 -0.7414 0.5479
vn -0.8646 0.4820 0.1417
vn -0.8588 0.4943 0.1350
vn -0.8231 0.5643 0.0645
vn -0.8736 0.4474 0.1914
vn 0.3247 -0.9386 -0.1168
vn -0.2710 -0.9159 0.2962
vn -0.3147 -0.9238 0.2182
vn -0.5688 -0.5815 -0.5817
vn 0.0496 0.4241 -0.9043
vn -0.5204 -0.5959 -0.6116
vn -0.5085 -0.5469 -0.6651
vn 0.1795 0.3485 -0.9200
vn 0.5827 -0.3855 -0.7154
vn 0.3478 -0.9157 -0.2016
vn 0.6500 -0.3619 -0.6683
vn 0.6470 -0.2037 -0.7348
vn -0.4674 -0.8693 0.1608
vn -0.3124 -0.9439 0.1069
vn -0.2232 -0.9208 0.3197
vn -0.1184 -0.8968 0.4264
vn 0.2134 0.3510 -0.9117
vn -0.3023 -0.9455 0.1207
vn -0.1322 -0.9663 0.2208
vn 0.8474 -0.4831 -0.2201
vn -0.5065 -0.8580 -0.0853
vn 0.2772 -0.9251 -0.2595
vn -0.4263 -0.9027 0.0590
vn 0.2617 -0.9344 -0.2418
vn 0.2255 0.3571 -0.9064
vn 0.2823 -0.9083 -0.3087
vn -0.5658 -0.7936 -0.2239
vn -0.5075 -0.6276 -0.5904
vn 0.2861 0.2456 -0.9262
vn -0.4584 -0.8459 -0.2727
vn -0.4735 -0.8782 -0.0675
vn -0.3986 -0.8916 -0.2146
vn -0.4353 -0.8964 -0.0835
vn -0.3239 -0.9459 -0.0182
vn -0.4892 -0.6620 -0.5679
vn 0.8153 -0.4383 -0.3784
vn -0.1290 -0.9881 0.0838
vn -0.0246 -0.9913 0.1293
vn -0.1641 -0.9736 0.1586
vn -0.3684 -0.9040 -0.2169
vn -0.2694 -0.9615 -0.0537
vn -0.5098 -0.6077 -0.6089
vn -0.2220 -0.9745 -0.0322
vn -0.4232 -0.6359 -0.6454
vn -0.3994 -0.6652 -0.6309
vn 0.2963 0.1849 -0.9370
vn -0.2745 -0.9509 -0.1429
vn 0.6896 -0.5749 -0.4405
vn -0.2041 -0.9776 -0.0507
vn 0.6716 -0.4721 0.5710
vn 0.5510 -0.6342 0.5424
vn 0.6255 -0.5633 0.5398
vn 0.3344 0.2002 -0.9209
vn 0.3027 0.2255 -0.9260
vn 0.6349 -0.5879 0.5012
vn 0.2596 -0.8106 0.5249
vn -0.0109 -0.9347 0.3553
vn 0.1665 -0.9049 0.3916
vn 0.2458 -0.8748 0.4176
vn 0.2693 -0.8742 0.4040
vn 0.0848 -0.9012 0.4250
vn 0.0532 -0.9618 0.2686
vn -0.0206 -0.9529 0.3025
vn 0.3492 0.1374 -0.9269
vn 0.1158 -0.9482 0.2958
vn 0.3952 0.0411 -0.9177
vn 0.2396 -0.8547 0.4606
vn 0.2496 -0.9052 0.3440
vn 0.4205 0.0082 -0.9073
vn 0.1395 -0.9500 0.2793
vn 0.3835 -0.0107 -0.9235
vn 0.3889 0.0127 -0.9212
vn 0.6853 -0.6684 -0.2890
vn 0.4503 -0.1434 -0.8813
vn 0.4377 -0.1832 -0.8803
vn 0.4388 -0.7502 0.4946
vn -0.4201 -0.6926 -0.5864
vn 0.4116 -0.7966 0.4428
vn -0.4582 -0.6843 -0.5672
vn 0.7480 -0.4717 -0.4668
vn 0.4873 -0.7171 0.4983
vn 0.7425 -0.4780 -0.4692
vn 0.4145 0.0264 -0.9097
vn 0.3890 0.1435 -0.9100
vn 0.5460 -0.6365 0.5447
vn -0.3200 -0.7733 -0.5473
vn -0.2751 -0.7174 -0.6401
vn -0.2054 -0.7372 -0.6437
vn -0.1578 -0.8051 -0.5717
vn -0.3008 -0.6878 -0.6606
vn 0.4058 -0.7903 0.4591
vn 0.5143 -0.3169 -0.7969
vn 0.5142 -0.7142 0.4748
vn 0.5680 -0.6405 0.5169
vn 0.5026 -0.3798 -0.7766
vn 0.5104 -0.4096 -0.7561
vn 0.4313 -0.4632 -0.7743
vn 0.4406 -0.4232 -0.7917
vn 0.4358 -0.4842 -0.7587
vn 0.4365 -0.4964 -0.7504
vn 0.5068 -0.7331 0.4535
vn 0.5847 -0.6671 0.4617
vn 0.5205 -0.4645 -0.7165
vn 0.5209 -0.4675 -0.7142
vn 0.5041 -0.4367 -0.7451
vn 0.5133 -0.7302 0.4510
vn 0.4912 -0.5871 -0.6435
vn 0.4621 -0.5935 -0.6590
vn 0.4287 -0.8176 0.3844
vn 0.4830 -0.7565 0.4409
vn 0.3542 -0.8497 0.3907
vn 0.3087 -0.8661 0.3932
vn 0.2391 -0.9186 0.3148
vn 0.2322 -0.9224 0.3086
vn 0.5706 -0.3836 -0.7262
vn 0.5859 -0.4631 -0.6650
vn 0.6467 -0.4695 -0.6012
vn 0.5290 -0.2938 -0.7961
vn 0.5198 -0.2901 -0.8035
vn 0.6473 -0.7593 0.0668
vn 0.5452 -0.3891 -0.7425
vn 0.4394 -0.8970 -0.0490
vn 0.4863 -0.3910 -0.7814
vn 0.3006 -0.9140 -0.2724
vn 0.4854 -0.3077 -0.8183
vn 0.4766 -0.3297 -0.8150
vn 0.5798 -0.3198 -0.7494
vn 0.6691 -0.7409 -0.0577
vn 0.5385 -0.2869 -0.7923
vn 0.5590 -0.8168 -0.1429
vn 0.5242 -0.8188 -0.2341
vn 0.4884 -0.5735 -0.6577
vn 0.4699 -0.8822 0.0309
vn 0.3462 -0.9377 0.0283
vn 0.5106 -0.5896 -0.6259
vn 0.3652 -0.9253 -0.1020
vn 0.2822 -0.9309 -0.2319
vn 0.5767 -0.4930 -0.6515
vn 0.7010 -0.7103 -0.0638
vn 0.5947 -0.4923 -0.6356
vn 0.5726 -0.5321 -0.6237
vn 0.4931 -0.4625 -0.7369
vn 0.5410 -0.4993 -0.6767
vn 0.2378 -0.8683 -0.4352
vn 0.5165 -0.4491 -0.7291
vn 0.1429 -0.8444 -0.5163
vn 0.6338 -0.7112 -0.3040
vn 0.3872 -0.8446 -0.3697
vn 0.4037 -0.8167 -0.4124
vn 0.4310 -0.7509 -0.5004
vn 0.4068 -0.8025 -0.4364
vn 0.4687 -0.8390 -0.2765
vn 0.1662 -0.9820 -0.0897
vn 0.1881 -0.9770 -0.1001
vn 0.1724 -0.7818 -0.5992
vn 0.2493 -0.9543 -0.1650
vn 0.1130 -0.1192 -0.9864
vn 0.1894 -0.9788 -0.0775
vn 0.1973 -0.2055 -0.9586
vn 0.2784 -0.9303 -0.2388
vn 0.2420 -0.9548 -0.1725
vn 0.2505 -0.9515 -0.1788
vn 0.3012 -0.9414 -0.1516
vn 0.1893 -0.3749 -0.9075
vn 0.4231 -0.0660 -0.9037
vn 0.4480 -0.1309 -0.8844
vn 0.0802 -0.4189 -0.9045
vn 0.1668 -0.3975 -0.9023
vn -0.2413 0.7098 0.6618
vn -0.3148 0.7095 0.6304
vn -0.4831 0.7029 0.5221
vn -0.4890 0.7103 0.5064
vn -0.3147 0.7695 0.5557
vn -0.3438 0.7788 0.5247
vn -0.4845 0.7025 0.5213
vn 0.3062 -0.2056 -0.9295
vn 0.0394 0.6438 -0.7642
vn -0.0501 0.8374 0.5443
vn -0.1371 0.6116 -0.7792
vn -0.1273 0.7821 0.6100
vn -0.1486 0.7539 0.6400
vn -0.1072 0.7882 0.6060
vn -0.1941 0.8039 0.5622
vn -0.0641 -0.2636 -0.9625
vn 0.1308 -0.2462 -0.9603
vn 0.1085 -0.2241 -0.9685
vn -0.0252 -0.2432 -0.9697
vn -0.0724 -0.2778 -0.9579
vn -0.0592 0.6418 -0.7646
vn 0.2320 -0.2512 -0.9397
vn -0.0731 0.6252 -0.7770
vn -0.0227 0.6541 -0.7561
vn -0.1144 0.2714 0.9556
vn -0.3071 0.1362 0.9419
vn -0.3076 0.1460 0.9402
vn -0.1986 0.2307 0.9525
vn -0.2016 0.2069 0.9574
vn -0.1292 0.1542 0.9795
vn -0.1255 0.1319 0.9833
vn -0.9600 -0.0171 0.2796
vn -0.9583 0.0057 0.2857
vn -0.4302 0.5837 0.6886
vn -0.2367 0.4819 0.8436
vn -0.5477 0.4824 0.6835
vn -0.5317 0.4852 0.6942
vn -0.3632 0.5252 0.7696
vn -0.2652 0.5819 0.7688
vn -0.3500 0.4777 0.8058
vn -0.3734 0.4890 0.7883
vn -0.7215 0.4950 0.4841
vn -0.6489 0.5940 0.4756
vn -0.6676 0.5472 0.5048
vn -0.6093 0.5191 0.5994
vn -0.6039 0.5209 0.6033
vn -0.6933 0.4305 0.5780
vn -0.6884 0.4423 0.5748
vn -0.7925 0.4230 0.4393
vn -0.7639 0.4749 0.4369
vn -0.5342 0.6480 0.5429
vn -0.5358 0.5940 0.6001
vn -0.3959 0.6136 0.6832
vn -0.3664 0.6787 0.6364
vn -0.4267 0.5849 0.6897
vn 0.3042 -0.0729 -0.9498
vn 0.2706 -0.0302 -0.9622
vn 0.4024 -0.0653 -0.9132
vn 0.2768 -0.1213 -0.9532
vn 0.3499 0.2297 -0.9082
vn 0.4266 0.1427 -0.8931
vn 0.2992 0.0411 -0.9533
vn 0.4489 0.0124 -0.8935
vn 0.4019 0.0700 -0.9130
vn -0.6508 0.3510 0.6733
vn -0.6476 0.3792 0.6610
vn -0.7070 0.3071 0.6371
vn -0.6295 0.3418 0.6978
vn -0.7266 0.2260 0.6488
vn -0.4671 0.3646 0.8055
vn -0.3309 0.3794 0.8640
vn -0.2421 0.4268 0.8713
vn -0.4748 0.4375 0.7637
vn -0.5425 0.3026 0.7837
vn -0.4778 0.4301 0.7660
vn -0.5251 0.3068 0.7938
vn -0.5936 0.3435 0.7277
vn -0.4638 0.2536 0.8489
vn -0.6128 0.2160 0.7601
vn -0.3454 0.3593 0.8669
vn -0.3734 0.3485 0.8597
vn -0.4327 0.2608 0.8630
vn -0.3682 0.2130 0.9050
vn -0.2667 0.2830 0.9213
vn -0.2648 0.3004 0.9163
vn -0.7626 0.3695 0.5310
vn -0.7668 0.3138 0.5600
vn -0.8738 0.3077 0.3766
vn -0.8485 0.3115 0.4278
vn -0.7907 0.3758 0.4833
vn -0.8278 0.2258 0.5135
vn -0.8243 0.2390 0.5133
vn -0.8776 0.1675 0.4491
vn -0.8888 0.1329 0.4386
vn 0.3504 0.2459 -0.9037
vn 0.3099 0.2914 -0.9050
vn -0.2061 0.6323 0.7468
vn -0.1994 0.6427 0.7397
vn -0.2529 0.6094 0.7515
vn -0.0970 0.6839 0.7231
vn -0.0395 0.6787 0.7333
vn -0.0016 0.6465 0.7629
vn -0.1870 0.5242 0.8308
vn -0.1892 0.5190 0.8336
vn -0.1121 0.5736 0.8114
vn -0.0826 0.5777 0.8121
vn -0.0897 0.0554 -0.9944
vn 0.0046 0.1215 -0.9926
vn 0.2167 0.1329 -0.9672
vn 0.2162 0.1298 -0.9677
vn 0.0951 0.0460 -0.9944
vn 0.0941 0.0396 -0.9948
vn -0.0015 -0.0248 -0.9997
vn 0.1572 -0.0395 -0.9868
vn 0.1011 -0.1131 -0.9884
vn -0.0104 -0.1450 -0.9894
vn 0.1447 -0.1656 -0.9755
vn 0.0389 -0.1120 -0.9930
vn -0.1471 0.3858 0.9108
vn -0.0936 0.4088 0.9078
vn -0.0742 0.4428 0.8936
vn -0.1574 0.3694 0.9159
vn 0.0236 0.2990 -0.9540
vn 0.0777 0.3998 -0.9133
vn 0.1393 0.4070 -0.9027
vn 0.1884 0.2979 -0.9358
vn 0.0049 0.1400 -0.9901
vn -0.0450 0.2843 -0.9577
vn 0.1182 0.2301 -0.9660
vn 0.1181 0.2235 -0.9675
vn -0.6995 0.1330 0.7022
vn -0.6696 0.1965 0.7163
vn -0.6433 0.2115 0.7359
vn -0.5856 0.0336 0.8099
vn -0.6925 0.0657 0.7184
vn -0.6092 0.0660 0.7903
vn -0.7812 0.0390 0.6230
vn -0.7952 0.0075 0.6063
vn -0.6978 0.0707 0.7128
vn -0.3708 0.1857 0.9100
vn -0.4698 0.1327 0.8728
vn -0.5287 0.1728 0.8310
vn -0.5559 0.1662 0.8145
vn -0.9267 0.0491 0.3727
vn -0.9151 0.0998 0.3906
vn -0.7893 0.1752 0.5884
vn -0.8522 0.0814 0.5169
vn -0.8015 0.1216 0.5855
vn -0.7965 0.1324 0.5900
vn -0.9058 -0.0101 0.4235
vn -0.8660 0.0127 0.4999
vn 0.1151 0.7374 0.6656
vn 0.1875 0.8546 0.4843
vn 0.2226 0.7316 0.6444
vn 0.3855 0.7337 0.5595
vn 0.3849 0.7413 0.5498
vn 0.2691 0.8008 0.5351
vn 0.2357 0.7858 0.5719
vn 0.2659 0.8148 0.5152
vn 0.4475 0.7815 0.4347
vn 0.4414 0.7496 0.4932
vn 0.5796 0.6837 0.4435
vn 0.2287 0.2920 0.9287
vn 0.1549 0.3185 0.9352
vn 0.1505 0.2035 0.9674
vn 0.2131 0.2068 0.9549
vn 0.1153 0.2902 0.9500
vn 0.3613 0.2079 0.9089
vn 0.4326 0.1770 0.8841
vn 0.1191 0.1802 0.9764
vn 0.2116 0.0952 0.9727
vn 0.2484 0.1840 0.9510
vn 0.3177 0.1820 0.9306
vn 0.2286 0.6581 0.7174
vn 0.3461 0.6574 0.6693
vn 0.1391 0.5704 0.8095
vn 0.1607 0.5625 0.8110
vn 0.4218 0.5510 0.7200
vn 0.4457 0.5564 0.7013
vn 0.2926 0.5860 0.7556
vn 0.2699 0.5684 0.7773
vn 0.3278 0.5893 0.7384
vn 0.2708 0.6911 0.6702
vn 0.3004 0.6865 0.6622
vn 0.4240 0.6481 0.6325
vn 0.4502 0.6596 0.6019
vn -0.3989 0.1281 -0.9080
vn -0.3514 0.0797 -0.9328
vn -0.4295 -0.0568 -0.9013
vn -0.4070 -0.1695 -0.8976
vn -0.4039 -0.1667 -0.8995
vn -0.3590 0.0584 0.9315
vn -0.2966 0.0239 0.9547
vn -0.4362 0.0274 0.8994
vn -0.4413 -0.0342 0.8967
vn -0.3505 -0.0762 0.9335
vn -0.2944 -0.0465 -0.9545
vn -0.3588 -0.0217 -0.9331
vn 0.1213 0.4051 0.9062
vn 0.1924 0.4779 0.8571
vn 0.3043 0.4693 0.8289
vn 0.1203 0.4295 0.8950
vn 0.3017 0.4709 0.8290
vn 0.3126 0.3807 0.8703
vn 0.4363 0.4557 0.7759
vn 0.4110 0.4755 0.7778
vn 0.1453 0.3833 0.9121
vn 0.3140 0.3792 0.8704
vn 0.3301 0.3073 0.8925
vn 0.3163 0.3166 0.8943
vn -0.3652 0.2127 -0.9063
vn 0.4012 0.2007 0.8937
vn 0.5212 0.5364 0.6638
vn 0.5479 0.4537 0.7028
vn 0.5394 0.6466 0.5394
vn 0.5167 0.6434 0.5649
vn 0.6621 0.6363 0.3959
vn 0.6571 0.6420 0.3950
vn 0.7116 0.6023 0.3616
vn 0.5456 0.6792 0.4909
vn 0.6031 0.5327 0.5937
vn 0.6317 0.5777 0.5169
vn 0.5400 0.5444 0.6418
vn 0.6519 0.5740 0.4955
vn 0.7253 0.4903 0.4832
vn 0.7472 0.5477 0.3764
vn 0.7048 0.5362 0.4645
vn 0.7731 0.5268 0.3533
vn 0.8108 0.4445 0.3808
vn 0.5377 0.4415 0.7183
vn 0.6615 0.4328 0.6124
vn 0.5632 0.3703 0.7387
vn 0.4496 0.3067 0.8389
vn 0.4583 0.2885 0.8407
vn 0.4649 0.3496 0.8134
vn 0.4369 0.3769 0.8167
vn 0.5571 0.3581 0.7493
vn 0.6563 0.3759 0.6542
vn 0.7171 0.2888 0.6343
vn -0.2027 0.0688 0.9768
vn -0.2282 0.0687 0.9712
vn 0.6718 0.4409 0.5952
vn 0.6704 0.4411 0.5967
vn 0.7354 0.4019 0.5455
vn -0.3110 -0.0606 0.9485
vn 0.7698 0.2939 0.5666
vn -0.1350 -0.0116 0.9908
vn 0.7639 0.2824 0.5803
vn -0.1612 -0.0459 0.9859
vn 0.7870 0.4054 0.4650
vn 0.7852 0.4316 0.4441
vn -0.1087 -0.0050 0.9941
vn 0.8338 0.4286 0.3479
vn 0.8326 0.3296 0.4451
vn 0.8784 0.3551 0.3197
vn -0.2508 -0.0830 0.9645
vn -0.2465 -0.1476 0.9578
vn 0.8328 0.3149 0.4553
vn -0.1547 -0.1813 0.9712
vn 0.8801 0.3395 0.3319
vn 0.9181 0.2564 0.3021
vn 0.9184 0.2491 0.3073
vn 0.5979 0.2866 0.7486
vn 0.5630 0.2016 0.8015
vn 0.6895 0.1708 0.7039
vn 0.5526 0.2029 0.8084
vn 0.6868 0.2569 0.6799
vn -0.1110 -0.1440 0.9833
vn 0.4907 0.1756 0.8534
vn 0.5809 0.1818 0.7934
vn 0.6910 0.1688 0.7028
vn 0.7685 0.1400 0.6243
vn 0.8098 0.2021 0.5508
vn 0.8460 0.1812 0.5014
vn 0.8726 0.2344 0.4286
vn 0.8958 0.2221 0.3849
vn 0.9247 0.1425 0.3531
vn 0.9508 0.1545 0.2684
vn 0.9477 0.1354 0.2889
vn 0.9068 0.0960 0.4106
vn 0.8616 0.1422 0.4873
vn 0.8018 0.0495 0.5956
vn 0.6065 0.0526 0.7933
vn 0.6075 0.0536 0.7925
vn 0.5222 0.0249 0.8525
vn 0.0438 0.0605 0.9972
vn 0.1392 0.0520 0.9889
vn 0.1644 0.0794 0.9832
vn 0.3574 0.0853 0.9301
vn 0.1561 -0.0051 0.9877
vn 0.3305 0.0057 0.9438
vn 0.3306 0.0601 0.9419
vn 0.4230 -0.0288 0.9057
vn 0.6847 0.0524 0.7269
vn 0.6886 0.0483 0.7235
vn 0.7491 0.0271 0.6619
vn 0.8102 0.0444 0.5845
vn 0.2028 -0.1394 0.9692
vn 0.0523 -0.1256 0.9907
vn 0.2971 -0.0332 0.9543
vn 0.2221 -0.0425 0.9741
vn 0.8269 0.0146 0.5621
vn 0.0631 -0.1757 0.9824
vn 0.9122 0.0703 0.4036
vn 0.9659 0.0395 0.2560
vn 0.8748 -0.0155 0.4841
vn 0.8861 -0.0543 0.4603
vn 0.9138 -0.0647 0.4009
vn 0.9622 -0.0125 0.2720
vn 0.9588 0.0088 0.2840
vn 0.9485 0.0117 0.3166
vn 0.9278 -0.1429 0.3446
vn 0.9609 -0.1187 0.2500
vn 0.9540 -0.1392 0.2653
vn 0.9489 -0.1962 0.2473
vn 0.9570 -0.2430 0.1584
vn -0.7185 -0.0564 0.6932
vn -0.7088 -0.0662 0.7023
vn -0.6312 -0.0656 0.7728
vn -0.7878 -0.1030 0.6072
vn -0.7723 -0.0663 0.6318
vn -0.5959 -0.0231 0.8027
vn -0.4818 0.0645 0.8739
vn -0.4620 -0.0533 0.8852
vn -0.5297 -0.0740 0.8450
vn -0.9395 -0.0701 0.3352
vn -0.8505 -0.0068 0.5259
vn -0.9159 -0.0447 0.3989
vn -0.8653 -0.1436 0.4802
vn -0.8491 -0.1106 0.5165
vn -0.8824 -0.1461 0.4472
vn -0.9432 -0.1233 0.3084
vn -0.9068 -0.1918 0.3754
vn -0.9128 -0.1921 0.3604
vn -0.9246 -0.2455 0.2911
vn -0.9198 -0.2696 0.2851
vn 0.4073 0.0929 0.9085
vn 0.0735 0.8392 0.5389
vn 0.4847 0.0399 0.8738
vn 0.4718 0.0557 0.8799
vn 0.0747 0.8406 0.5365
vn -0.2229 0.6092 -0.7611
vn 0.0412 0.7524 0.6574
vn 0.1056 0.7881 0.6064
vn 0.0832 0.7567 0.6484
vn -0.2264 -0.3159 -0.9214
vn -0.2404 0.6194 -0.7474
vn -0.2605 -0.2900 -0.9209
vn -0.1530 0.6214 -0.7684
vn -0.0262 0.2592 0.9655
vn -0.0215 0.2602 0.9653
vn 0.0033 0.2858 0.9583
vn 0.0528 0.1744 0.9833
vn -0.0062 0.0957 0.9954
vn 0.0184 0.6448 0.7641
vn 0.1554 0.6539 0.7405
vn 0.1155 0.6699 0.7334
vn -0.0157 0.5386 0.8424
vn -0.0235 0.4719 0.8813
vn 0.0750 0.5538 0.8292
vn 0.1000 0.5685 0.8166
vn -0.0809 0.2029 -0.9759
vn -0.1953 0.0938 -0.9763
vn -0.1857 0.0806 -0.9793
vn -0.2164 -0.0259 -0.9760
vn -0.0697 -0.0138 -0.9975
vn -0.1413 -0.0632 -0.9880
vn -0.1752 -0.1629 -0.9710
vn -0.2899 -0.1668 -0.9424
vn -0.2630 -0.1802 -0.9478
vn -0.1376 -0.1209 -0.9831
vn 0.0526 0.4693 0.8815
vn 0.0042 0.3571 0.9341
vn -0.1223 0.3916 -0.9120
vn -0.1263 0.3484 -0.9288
vn -0.2417 0.2749 -0.9306
vn -0.2487 0.2542 -0.9346
vn -0.1719 0.1779 -0.9689
vn -0.0359 0.0922 0.9951
vn -0.0223 -0.0331 0.9992
vn -0.1388 -0.1769 0.9744
vn 0.0239 -0.1051 0.9942
vn 0.0393 -0.1101 0.9931
vn -0.4118 -0.3080 -0.8577
vn 0.3251 0.8413 0.4319
vn 0.3469 0.8364 0.4243
vn -0.4135 -0.3061 -0.8575
vn -0.3003 0.6052 -0.7373
vn 0.4118 0.8468 0.3366
vn 0.5004 0.7898 0.3547
vn -0.4545 0.6094 -0.6497
vn 0.5349 0.8045 0.2581
vn 0.5214 0.7824 0.3406
vn -0.0294 -0.2781 0.9601
vn -0.0883 -0.2763 0.9570
vn -0.5678 0.6725 -0.4747
vn -0.8863 -0.1839 -0.4250
vn -0.8195 -0.2587 -0.5113
vn -0.5130 0.6561 -0.5535
vn -0.7773 -0.2198 -0.5895
vn -0.7251 -0.2466 -0.6430
vn -0.4950 0.6313 -0.5970
vn -0.4951 0.6277 -0.6008
vn -0.6800 -0.2362 -0.6942
vn -0.6047 -0.3177 -0.7304
vn -0.5071 -0.2681 -0.8191
vn -0.3800 0.6019 -0.7023
vn -0.3220 0.6227 -0.7131
vn -0.4181 0.6256 -0.6587
vn -0.5982 0.6741 -0.4333
vn 0.5588 0.7534 0.3467
vn 0.6629 0.6941 0.2806
vn 0.6191 0.7744 0.1301
vn 0.6855 0.7281 -0.0011
vn 0.7281 0.6846 0.0342
vn 0.6903 0.7235 0.0129
vn 0.6251 0.7638 0.1608
vn 0.6643 0.7227 0.1907
vn -0.5687 0.6441 -0.5116
vn 0.7334 0.6686 -0.1228
vn 0.7058 0.7012 -0.1013
vn -0.6164 0.7028 -0.3550
vn -0.5924 0.7036 -0.3925
vn -0.7231 0.6023 -0.3381
vn 0.6914 0.6421 -0.3313
vn 0.7931 0.5974 -0.1186
vn -0.5666 0.7124 0.4140
vn 0.2558 0.6224 -0.7397
vn 0.3746 -0.2185 -0.9011
vn 0.0634 0.6723 -0.7376
vn 0.7289 0.6451 -0.2293
vn -0.7204 0.6403 0.2664
vn -0.7030 0.6849 -0.1917
vn -0.4938 0.1169 -0.8617
vn -0.4775 -0.0415 -0.8776
vn -0.6433 0.5972 0.4792
vn -0.6696 0.6350 0.3851
vn 0.3397 0.6967 -0.6318
vn -0.7646 0.5977 0.2412
vn -0.7704 0.6233 0.1342
vn -0.7997 0.5425 0.2572
vn -0.6763 0.6595 0.3280
vn -0.5341 0.7387 0.4112
vn 0.1174 0.6740 -0.7293
vn -0.6195 0.7152 0.3235
vn -0.7496 0.6552 0.0939
vn -0.7273 0.6770 -0.1127
vn -0.7858 0.6180 -0.0237
vn -0.8481 0.5276 -0.0487
vn -0.6910 0.7166 0.0951
vn 0.1848 0.7026 -0.6872
vn 0.1422 0.7034 -0.6964
vn -0.8833 0.4500 0.1310
vn -0.8790 0.4533 0.1483
vn -0.8046 0.4897 0.3358
vn -0.9123 0.3171 0.2590
vn -0.9757 0.2178 0.0248
vn -0.9607 0.2491 0.1224
vn -0.8726 0.3960 0.2859
vn -0.8871 0.3561 0.2938
vn -0.9286 0.3631 0.0769
vn -0.9190 0.3820 -0.0979
vn -0.8640 0.5030 -0.0232
vn -0.8626 0.5031 0.0532
vn -0.9539 0.1476 0.2612
vn -0.9608 0.1349 0.2422
vn -0.9122 0.4047 -0.0634
vn -0.9876 0.1566 -0.0086
vn -0.9404 0.3302 0.0816
vn -0.9889 0.1308 -0.0698
vn -0.9935 0.0915 0.0679
vn -0.9755 0.1493 0.1614
vn -0.7542 0.6147 -0.2310
vn -0.7240 0.6733 -0.1500
vn -0.7605 0.6050 -0.2358
vn -0.8397 0.5170 -0.1662
vn -0.9612 0.1427 -0.2360
vn -0.7790 0.5377 -0.3226
vn -0.7533 0.5252 -0.3958
vn -0.9898 0.1112 -0.0891
vn -0.9864 0.0996 -0.1304
vn -0.9598 0.1396 -0.2436
vn -0.6453 0.6232 -0.4418
vn -0.6256 0.6940 -0.3564
vn -0.4974 0.6494 -0.5751
vn -0.4452 0.6378 -0.6285
vn -0.9715 0.0640 0.2282
vn -0.9990 0.0146 -0.0429
vn -0.9995 0.0096 -0.0314
vn -0.9976 0.0409 0.0551
vn -0.9936 0.0075 0.1127
vn -0.9752 -0.0649 0.2117
vn -0.6243 0.4896 -0.6087
vn -0.9948 -0.0915 -0.0438
vn -0.9539 0.0436 -0.2969
vn -0.9575 0.0252 -0.2873
vn -0.9831 0.0014 -0.1833
vn -0.9823 -0.0011 -0.1873
vn -0.5984 0.6013 -0.5294
vn -0.9719 -0.0994 -0.2136
vn -0.9717 -0.0920 -0.2176
vn -0.5352 0.4752 -0.6984
vn -0.5203 0.4540 -0.7233
vn -0.7756 0.5067 0.3764
vn -0.8628 0.4341 -0.2591
vn -0.8653 0.4282 -0.2608
vn -0.8923 0.3898 -0.2275
vn -0.7667 0.4495 -0.4584
vn -0.8427 0.3821 -0.3794
vn -0.8561 0.2956 -0.4239
vn -0.8853 0.2404 -0.3981
vn -0.9219 0.2637 -0.2838
vn -0.7746 0.2477 -0.5819
vn -0.7337 0.4127 -0.5398
vn -0.7945 0.3003 -0.5279
vn 0.4464 -0.1378 -0.8841
vn -0.7145 0.2503 -0.6533
vn -0.8629 0.3652 0.3493
vn -0.9090 0.2481 0.3349
vn -0.9265 0.2298 0.2979
vn 0.3231 0.4087 -0.8535
vn -0.2228 0.4411 -0.8694
vn -0.0239 0.4511 -0.8922
vn -0.3180 0.3973 -0.8608
vn 0.2026 0.4571 -0.8660
vn -0.8026 0.5467 0.2386
vn -0.8077 0.5443 0.2266
vn -0.6750 0.6180 0.4031
vn 0.2283 0.7786 -0.5845
vn -0.8775 0.4739 0.0731
vn -0.7054 0.4157 -0.5741
vn -0.5263 0.3932 -0.7539
vn -0.4430 0.2829 -0.8507
vn -0.4347 0.3356 -0.8357
vn -0.8079 0.5704 0.1482
vn -0.6784 0.3112 -0.6656
vn -0.5985 0.3172 -0.7356
vn -0.5611 0.2151 -0.7993
vn -0.5472 0.2107 -0.8100
vn -0.3401 0.7065 -0.6206
vn -0.4082 0.6470 -0.6440
vn -0.3778 0.4899 -0.7857
vn -0.3360 0.3990 -0.8532
vn -0.9400 0.2230 0.2582
vn -0.8510 0.5188 0.0807
vn -0.8331 0.1326 -0.5370
vn -0.8859 0.2156 -0.4106
vn -0.8907 0.0422 -0.4527
vn -0.9315 0.1031 -0.3489
vn -0.6789 0.1630 -0.7159
vn 0.8921 0.0841 -0.4439
vn -0.8332 0.1339 -0.5364
vn -0.8006 0.0860 -0.5930
vn -0.6947 0.1030 -0.7119
vn -0.7345 0.0796 -0.6740
vn -0.5341 0.0436 -0.8443
vn 0.9349 0.1081 -0.3382
vn 0.3269 0.8301 -0.4518
vn 0.3469 0.8151 -0.4640
vn -0.8914 -0.0818 -0.4458
vn -0.8758 -0.0229 -0.4821
vn -0.9058 -0.2100 -0.3681
vn -0.8838 -0.1080 -0.4552
vn -0.7361 -0.0657 -0.6737
vn -0.7808 -0.0679 -0.6210
vn -0.7109 -0.0793 -0.6988
vn 0.8331 0.0327 -0.5522
vn 0.8766 0.0353 -0.4800
vn 0.2910 0.7937 -0.5342
vn -0.8150 -0.0225 -0.5791
vn -0.8079 -0.1398 -0.5725
vn -0.6641 -0.1874 -0.7238
vn -0.6187 0.0244 -0.7853
vn -0.6345 -0.0484 -0.7714
vn -0.5743 -0.1048 -0.8119
vn -0.5680 -0.1579 -0.8077
vn -0.5283 -0.1860 -0.8285
vn 0.3203 0.7850 -0.5303
vn 0.3330 0.8191 -0.4671
vn 0.3325 0.7738 -0.5391
vn -0.8765 0.3946 0.2758
vn -0.8745 0.3957 0.2806
vn -0.4579 0.7868 0.4139
vn -0.8040 0.4995 0.3226
vn -0.8885 0.4233 0.1770
vn -0.8775 0.4522 0.1594
vn 0.7895 0.0994 -0.6056
vn -0.9343 0.3539 0.0422
vn -0.6475 0.7481 0.1453
vn -0.4722 0.8465 0.2457
vn -0.6108 0.7418 0.2771
vn 0.9022 0.2748 -0.3326
vn 0.9026 0.2757 -0.3307
vn 0.8576 0.2738 -0.4353
vn 0.8535 0.1745 -0.4910
vn -0.5107 0.8537 0.1021
vn -0.4778 0.8659 0.1479
vn 0.8055 0.1461 -0.5743
vn 0.5464 0.1572 -0.8226
vn -0.5136 0.8566 0.0497
vn 0.5827 0.1887 -0.7905
vn -0.6677 0.7441 -0.0214
vn 0.6920 0.1589 -0.7041
vn -0.5734 0.8176 -0.0521
vn -0.5587 0.8219 -0.1112
vn -0.4183 0.8558 0.3044
vn -0.3640 0.8780 0.3108
vn -0.3270 0.9332 0.1487
vn -0.3774 0.9254 -0.0359
vn -0.3171 0.9484 -0.0089
vn -0.4395 0.8822 -0.1690
vn -0.4271 0.8829 -0.1952
vn -0.6252 0.7507 -0.2135
vn -0.5983 0.7280 -0.3348
vn -0.4969 0.7836 -0.3729
vn -0.4628 0.7834 -0.4148
vn -0.3768 0.8118 -0.4462
vn 0.8986 0.3643 0.2447
vn 0.6559 0.1502 -0.7397
vn 0.6568 0.7022 0.2748
vn 0.7349 0.6234 0.2671
vn 0.5272 0.0305 -0.8492
vn 0.5897 -0.0071 -0.8076
vn 0.6511 0.0245 -0.7586
vn 0.7551 0.0878 -0.6497
vn 0.7000 0.0084 -0.7141
vn 0.7893 -0.0720 -0.6098
vn 0.1985 0.7342 -0.6492
vn 0.7885 0.5811 0.2015
vn 0.7235 0.6798 0.1201
vn 0.8012 0.5965 0.0477
vn 0.2432 0.7425 -0.6241
vn 0.5733 -0.0999 -0.8132
vn 0.5366 -0.1390 -0.8323
vn 0.6793 -0.1065 -0.7261
vn 0.7106 -0.0422 -0.7023
vn 0.7859 0.6036 0.1341
vn 0.7938 0.5801 0.1828
vn -0.9469 0.0241 -0.3206
vn -0.9350 -0.0420 -0.3521
vn -0.8948 0.4460 0.0217
vn 0.8548 0.5189 -0.0058
vn 0.8070 0.5202 0.2795
vn -0.9298 0.0740 -0.3606
vn 0.8666 0.4851 0.1171
vn 0.8713 0.4808 0.0987
vn 0.8298 0.5403 -0.1397
vn 0.7726 0.6301 -0.0774
vn 0.8295 0.5418 -0.1355
vn 0.7663 0.6424 0.0030
vn 0.3131 0.8710 -0.3787
vn 0.4406 0.8066 -0.3940
vn 0.3646 0.8701 -0.3316
vn -0.9044 0.3845 -0.1851
vn -0.9495 0.3116 -0.0370
vn -0.9117 0.4012 -0.0884
vn -0.8950 0.4444 -0.0382
vn -0.9576 0.2836 -0.0496
vn -0.9755 0.0335 -0.2173
vn -0.9700 -0.1142 -0.2145
vn -0.9687 -0.1210 -0.2168
vn -0.9952 -0.0933 -0.0293
vn -0.9935 -0.0812 -0.0800
vn -0.9698 -0.1051 -0.2201
vn 0.7998 0.5574 -0.2228
vn 0.8028 0.4945 -0.3333
vn 0.9512 0.2591 -0.1674
vn 0.9429 0.3037 -0.1369
vn -0.9275 -0.3145 0.2022
vn -0.9456 -0.3192 0.0627
vn -0.9455 -0.2868 0.1540
vn -0.9517 -0.3031 -0.0483
vn -0.9980 -0.0018 0.0632
vn -0.9862 -0.0292 0.1628
vn -0.9517 -0.3054 0.0325
vn 0.9373 0.1276 -0.3244
vn 0.9690 0.1869 -0.1613
vn 0.9647 0.1976 -0.1741
vn -0.6151 0.7416 -0.2675
vn -0.5965 0.7391 -0.3129
vn -0.8672 0.3926 -0.3062
vn -0.9131 0.3714 -0.1682
vn 0.9432 0.3030 0.1359
vn 0.9531 0.2980 0.0530
vn -0.5676 0.7884 -0.2370
vn 0.9434 0.2966 0.1487
vn 0.9810 0.1942 0.0009
vn 0.8063 0.4943 -0.3250
vn 0.8405 0.4559 -0.2927
vn -0.9311 -0.2016 -0.3039
vn -0.9977 0.0389 0.0555
vn -0.9829 0.1125 0.1461
vn -0.9072 -0.2299 -0.3522
vn -0.9754 0.1610 0.1505
vn -0.9789 0.1962 0.0568
vn -0.9895 0.1441 -0.0110
vn -0.9644 0.1702 -0.2024
vn -0.9664 0.2057 -0.1543
vn -0.9629 0.1901 -0.1913
vn -0.9802 0.0594 -0.1888
vn -0.9961 0.0581 -0.0666
vn -0.9967 0.0758 -0.0289
vn 0.3589 0.8987 -0.2520
vn 0.3360 0.9142 -0.2264
vn 0.3751 0.8649 -0.3334
vn -0.9131 -0.3549 0.2006
vn 0.8573 0.5143 -0.0215
vn 0.8692 0.4517 -0.2010
vn 0.8869 0.4231 -0.1855
vn 0.9041 0.4209 -0.0745
vn 0.8504 0.4628 0.2504
vn 0.8706 0.4446 0.2109
vn 0.9262 0.3576 0.1194
vn 0.8990 0.3888 0.2017
vn -0.9280 -0.3673 0.0626
vn -0.9086 -0.3975 0.1285
vn 0.3500 0.8870 -0.3013
vn -0.9336 0.3393 0.1157
vn -0.9478 0.2816 0.1495
vn -0.9375 0.2887 0.1943
vn 0.6649 0.6837 -0.3008
vn 0.6869 0.6888 -0.2316
vn 0.9224 0.3861 0.0112
vn 0.9169 0.3965 0.0451
vn 0.9522 0.3037 -0.0334
vn 0.7677 0.5533 -0.3233
vn 0.9378 0.2600 0.2300
vn 0.9634 0.2252 0.1452
vn 0.9642 0.2352 0.1224
vn 0.6954 0.6030 -0.3909
vn -0.8935 -0.4288 0.1336
vn 0.6734 0.6283 -0.3896
vn 0.9566 0.2905 -0.0236
vn 0.9742 0.2217 -0.0409
vn 0.9515 0.2938 0.0911
vn -0.9599 0.2769 0.0431
vn -0.9586 0.2706 -0.0890
vn 0.9060 0.4101 -0.1048
vn 0.9420 0.3106 -0.1276
vn 0.6072 0.6410 -0.4696
vn 0.4432 0.7147 -0.5411
vn 0.3390 0.6087 -0.7173
vn 0.3657 0.5948 -0.7159
vn 0.5950 0.6106 -0.5227
vn 0.4900 0.6049 -0.6276
vn 0.4948 0.6019 -0.6268
vn 0.8932 0.3171 -0.3189
vn 0.8606 0.3601 -0.3602
vn 0.9057 0.3390 -0.2545
vn 0.9726 0.1791 -0.1483
vn 0.9424 0.2930 -0.1614
vn 0.9551 0.2241 -0.1940
vn 0.9023 0.2558 -0.3471
vn 0.5349 0.4844 -0.6923
vn 0.5449 0.4994 -0.6735
vn 0.9204 0.2243 -0.3201
vn 0.7309 0.4713 -0.4937
vn 0.7326 0.4740 -0.4886
vn 0.8094 0.4570 -0.3689
vn 0.8117 0.4628 -0.3563
vn 0.9836 0.1207 0.1341
vn 0.9742 0.1577 0.1616
vn 0.9919 0.1264 -0.0151
vn 0.9819 0.1894 -0.0018
vn 0.9855 0.0501 0.1621
vn 0.7630 0.3673 -0.5319
vn 0.4230 0.4703 -0.7745
vn 0.4051 0.4340 -0.8047
vn 0.9949 0.0966 0.0301
vn 0.4911 0.3305 -0.8059
vn 0.9633 0.1351 -0.2319
vn 0.9664 0.1836 -0.1801
vn 0.4833 0.3319 -0.8101
vn 0.9902 0.1007 -0.0966
vn 0.9377 0.1074 -0.3304
vn 0.9366 0.1034 -0.3349
vn 0.5582 0.3864 -0.7342
vn 0.9377 0.0861 -0.3365
vn 0.9832 0.0602 -0.1725
vn 0.9902 0.0665 -0.1231
vn 0.9546 -0.0150 -0.2976
vn 0.9084 -0.0002 -0.4181
vn 0.9273 -0.0518 -0.3706
vn -0.3798 0.3306 0.8640
vn 0.6331 0.4982 -0.5924
vn 0.6624 0.4751 -0.5792
vn 0.5798 0.2344 -0.7803
vn 0.6481 0.3382 -0.6823
vn 0.6703 0.3450 -0.6570
vn -0.9032 0.0809 0.4215
vn -0.5612 0.8232 -0.0863
vn -0.5735 0.8149 -0.0834
vn -0.6012 0.7852 -0.1484
vn 0.7491 0.2517 -0.6128
vn 0.7718 0.2371 -0.5900
vn 0.7269 0.3149 -0.6103
vn 0.8586 0.2773 -0.4312
vn 0.8299 0.3394 -0.4429
vn -0.8689 -0.1981 -0.4537
vn -0.9602 0.2468 -0.1311
vn -0.4975 0.8652 -0.0633
vn -0.9352 0.2864 -0.2083
vn -0.9551 0.2440 -0.1678
vn -0.9165 0.1808 -0.3568
vn -0.9085 0.2517 -0.3335
vn 0.8447 0.5190 0.1308
vn -0.5795 0.8143 0.0314
vn -0.4946 0.8677 0.0485
vn -0.4984 0.8666 0.0236
vn -0.7304 0.3152 0.6060
vn -0.7375 0.1823 0.6503
vn 0.8900 0.4326 0.1442
vn 0.8799 0.4480 0.1586
vn 0.9391 0.3437 -0.0035
vn -0.4928 0.8701 0.0054
vn -0.6805 0.2667 0.6825
vn 0.8509 0.5241 0.0354
vn -0.5640 0.3314 0.7563
vn -0.5651 0.3268 0.7575
vn -0.5429 0.3086 0.7811
vn -0.4245 0.9023 0.0750
vn -0.6418 0.2752 0.7158
vn -0.3902 0.9170 0.0833
vn -0.7278 -0.1979 -0.6566
vn 0.8473 0.4547 -0.2744
vn 0.8950 0.4434 -0.0480
vn 0.8904 0.4432 -0.1033
vn -0.7893 0.2681 0.5524
vn 0.9069 0.3813 -0.1794
vn 0.8954 0.3802 -0.2318
vn -0.8817 0.1452 0.4490
vn -0.8345 0.1619 0.5267
vn -0.8053 0.2037 0.5568
vn -0.9039 0.2022 0.3769
vn -0.9242 0.1906 0.3309
vn 0.9248 0.3804 0.0068
vn 0.5646 0.7433 0.3587
vn 0.6465 0.7137 0.2695
vn 0.6567 0.7358 0.1655
vn 0.7056 0.6408 0.3026
vn 0.7870 0.5844 0.1978
vn 0.6964 0.6209 0.3599
vn 0.6517 0.7469 -0.1319
vn 0.6680 0.7402 -0.0763
vn 0.5208 0.3761 -0.7664
vn 0.7426 0.6682 -0.0444
vn 0.2442 0.2519 -0.9364
vn -0.6687 -0.2545 -0.6986
vn -0.7500 -0.2262 -0.6216
vn -0.3679 0.9218 0.1220
vn -0.3161 0.9406 0.1236
vn -0.4453 0.8919 0.0791
vn -0.2845 0.9459 0.1562
vn 0.7661 0.6162 -0.1828
vn 0.7591 0.6510 -0.0013
vn 0.7868 0.5832 -0.2020
vn 0.7361 0.6700 0.0963
vn 0.8204 0.5714 -0.0215
vn 0.8399 0.5235 -0.1435
vn 0.8305 0.5288 -0.1751
vn 0.7900 0.5805 0.1971
vn -0.2443 0.5851 -0.7732
vn 0.3269 0.3035 -0.8950
vn 0.3926 0.3891 -0.8334
vn -0.3192 0.5733 -0.7546
vn -0.2020 0.5487 -0.8112
vn -0.5648 -0.2722 -0.7790
vn 0.3141 0.6764 -0.6662
vn 0.1549 0.7488 -0.6445
vn 0.1158 0.7269 -0.6770
vn 0.1929 0.5491 -0.8132
vn -0.0271 0.5506 -0.8343
vn 0.1001 0.5985 -0.7948
vn 0.0028 0.5794 -0.8150
vn -0.3807 0.6187 0.6873
vn -0.9118 -0.0820 -0.4024
vn -0.9362 -0.0776 -0.3428
vn -0.9336 -0.0724 -0.3510
vn 0.3137 0.8640 0.3938
vn 0.4922 0.7922 0.3608
vn -0.3301 0.7530 0.5692
vn 0.4859 0.8445 0.2255
vn 0.3530 0.8985 0.2610
vn -0.5005 0.6649 0.5544
vn -0.5334 0.6600 0.5290
vn -0.6833 0.5970 0.4205
vn -0.4573 0.6113 0.6459
vn -0.6077 0.6013 0.5188
vn 0.5057 0.8627 -0.0060
vn -0.5359 0.5401 0.6490
vn 0.4672 0.8807 0.0782
vn 0.5140 0.8401 0.1731
vn -0.3722 0.5268 0.7642
vn -0.3910 0.5350 0.7489
vn -0.3509 0.4328 0.8304
vn -0.4814 0.4215 0.7685
vn -0.3597 0.4375 0.8241
vn 0.3775 0.9218 -0.0887
vn -0.5309 0.4895 0.6917
vn 0.3519 0.9248 -0.1447
vn -0.6079 0.4248 0.6708
vn 0.5173 0.8455 -0.1326
vn 0.4917 0.8674 -0.0760
vn 0.6070 0.7840 0.1298
vn 0.6097 0.7921 0.0300
vn 0.3747 0.8916 -0.2543
vn 0.3714 0.8878 -0.2719
vn -0.4950 0.4860 0.7203
vn -0.7596 0.4753 0.4439
vn -0.7674 0.4999 0.4016
vn -0.6801 0.4903 0.5451
vn -0.6922 0.4094 0.5944
vn -0.6969 0.4045 0.5923
vn -0.8398 0.3258 0.4343
vn -0.8026 0.3661 0.4711
vn -0.8270 0.3333 0.4527
vn -0.6228 0.5510 0.5555
vn 0.1703 0.2732 -0.9468
vn 0.1930 0.2559 -0.9472
vn 0.2792 0.1888 -0.9415
vn 0.3279 0.3178 -0.8897
vn 0.4073 0.2525 -0.8777
vn 0.3962 0.1798 -0.9004
vn 0.3645 0.1617 -0.9170
vn 0.1945 0.0992 -0.9759
vn 0.2842 0.0320 -0.9582
vn 0.5592 0.7778 -0.2869
vn 0.2595 0.0313 -0.9652
vn 0.5658 0.8057 -0.1752
vn 0.3481 0.0676 -0.9350
vn 0.5041 0.7873 -0.3549
vn 0.5151 0.7256 -0.4562
vn 0.4040 0.8510 -0.3355
vn 0.3024 0.8245 -0.4783
vn 0.3845 0.7359 -0.5573
vn -0.2894 0.9315 0.2205
vn -0.1668 0.9289 0.3305
vn -0.1938 0.9480 0.2525
vn 0.1722 -0.0714 -0.9825
vn 0.1685 -0.0595 -0.9839
vn 0.3527 -0.0684 -0.9332
vn 0.4464 0.0313 -0.8943
vn 0.4153 -0.0566 -0.9079
vn 0.4253 -0.0674 -0.9026
vn 0.1736 0.9286 0.3280
vn 0.2975 -0.1190 -0.9473
vn -0.0678 0.9327 0.3543
vn 0.4334 -0.1426 -0.8899
vn 0.1491 0.9299 0.3361
vn 0.3069 0.9273 0.2143
vn 0.2484 0.9414 0.2282
vn 0.0396 0.9660 0.2555
vn 0.0157 0.9658 0.2588
vn -0.1014 0.9924 0.0695
vn -0.0970 0.9781 0.1840
vn 0.7387 0.5453 -0.3961
vn 0.7179 0.5250 -0.4572
vn 0.6821 0.5448 -0.4878
vn -0.9484 0.0726 0.3087
vn -0.9712 0.0460 0.2339
vn -0.9562 0.0524 0.2881
vn -0.5918 0.7899 -0.1608
vn -0.5848 0.8085 -0.0655
vn -0.5912 0.7925 -0.1500
vn 0.6486 0.4549 -0.6103
vn 0.6319 0.5272 -0.5681
vn 0.7558 0.4201 -0.5023
vn 0.7320 0.4543 -0.5078
vn 0.8051 0.4086 -0.4299
vn 0.5087 0.3849 -0.7701
vn 0.5820 0.4014 -0.7072
vn 0.6458 0.4498 -0.6170
vn 0.6032 0.4397 -0.6654
vn 0.6890 0.3548 -0.6320
vn 0.5145 0.2860 -0.8084
vn 0.8336 0.3634 -0.4161
vn 0.7502 0.3372 -0.5688
vn 0.7720 0.2959 -0.5626
vn 0.8203 0.3018 -0.4858
vn -0.2123 0.9682 -0.1323
vn -0.2970 0.9538 0.0443
vn 0.1189 0.9835 0.1366
vn 0.1616 0.9778 0.1330
vn 0.2541 0.9666 0.0324
vn 0.3569 0.9300 0.0881
vn 0.3183 0.9474 0.0338
vn 0.6395 0.2674 -0.7208
vn 0.6451 0.3135 -0.6968
vn 0.6441 0.2602 -0.7193
vn 0.6906 0.2263 -0.6869
vn 0.7682 0.2649 -0.5829
vn 0.7830 0.2154 -0.5836
vn 0.8259 0.1819 -0.5337
vn 0.8257 0.1180 -0.5516
vn 0.0106 0.9999 -0.0058
vn -0.0605 0.9980 0.0170
vn 0.0275 0.9992 -0.0298
vn 0.1748 0.9812 -0.0822
vn -0.2098 0.9622 -0.1736
vn -0.3171 0.9176 -0.2397
vn -0.1167 0.9631 -0.2427
vn 0.6424 0.1049 -0.7591
vn -0.2787 0.8616 -0.4242
vn -0.2636 0.8632 -0.4305
vn -0.1505 0.8982 -0.4130
vn 0.7314 0.1463 -0.6660
vn 0.7083 0.1574 -0.6882
vn -0.0768 0.8898 -0.4499
vn 0.8625 0.2188 -0.4562
vn 0.8613 0.2121 -0.4617
vn 0.8856 0.1167 -0.4496
vn 0.5055 0.1397 -0.8514
vn 0.5241 0.1489 -0.8386
vn 0.4645 0.0426 -0.8845
vn 0.5425 0.2586 -0.7993
vn -0.0205 0.9710 -0.2383
vn 0.6175 0.0985 -0.7804
vn 0.5943 0.1251 -0.7945
vn 0.0428 0.9290 -0.3675
vn 0.0359 0.9592 -0.2804
vn 0.1669 0.9577 -0.2343
vn 0.2350 0.9207 -0.3114
vn 0.5897 -0.0103 -0.8076
vn 0.1953 0.9721 -0.1300
vn 0.7576 0.0750 -0.6483
vn 0.7277 0.0493 -0.6842
vn 0.7711 0.0702 -0.6329
vn 0.7976 -0.0162 -0.6029
vn 0.7650 -0.0590 -0.6414
vn 0.6934 -0.0266 -0.7201
vn 0.6542 -0.0488 -0.7547
vn 0.8108 -0.0161 -0.5850
vn 0.8646 0.0491 -0.5001
vn 0.8649 0.0804 -0.4954
vn 0.8874 -0.0010 -0.4611
vn 0.8497 -0.0707 -0.5225
vn 0.1961 0.8857 -0.4208
vn 0.1467 0.8885 -0.4349
vn 0.5856 0.0106 -0.8105
vn 0.5392 -0.0704 -0.8392
vn -0.1829 0.6857 -0.7045
vn -0.2232 0.7348 -0.6405
vn -0.1910 0.7771 -0.5997
vn -0.0659 0.6923 -0.7186
vn -0.0160 0.7305 -0.6828
vn -0.0430 0.8413 -0.5389
vn 0.0818 0.8375 -0.5402
vn 0.9973 -0.0223 0.0702
vn 0.9924 -0.0335 -0.1183
vn 0.9998 0.0155 0.0102
vn 0.9952 0.0051 -0.0972
vn 0.9994 -0.0132 0.0322
vn 0.9891 -0.1056 0.1029
vn 0.9861 -0.1020 0.1311
vn 0.9937 -0.0878 -0.0697
vn 0.9911 -0.1117 -0.0722
vn 0.3064 0.8101 -0.4999
vn -0.0729 0.8123 -0.5786
vn 0.1659 0.7483 -0.6423
vn 0.9884 -0.1226 0.0891
vn 0.9803 -0.1542 -0.1232
vn -0.7825 0.3014 -0.5448
vn -0.8646 0.3032 -0.4008
vn -0.8499 0.2924 -0.4383
vn -0.8617 0.3176 -0.3957
vn 0.8088 0.4048 0.4266
vn 0.8126 0.3985 0.4254
vn 0.8861 0.3279 0.3275
vn 0.9700 -0.2137 -0.1161
vn 0.9685 -0.2490 -0.0062
vn 0.2675 0.9610 -0.0702
vn 0.8927 0.3478 0.2865
vn 0.3128 0.9389 -0.1436
vn 0.3173 0.9442 -0.0887
vn 0.9878 -0.1555 0.0119
vn 0.9779 -0.2084 -0.0151
vn 0.3453 0.9213 -0.1789
vn 0.9670 -0.0204 -0.2541
vn -0.7017 0.2433 -0.6697
vn 0.2399 0.9707 -0.0106
vn 0.2058 0.9780 0.0345
vn 0.9325 -0.1667 -0.3203
vn -0.5120 -0.2416 -0.8243
vn 0.2393 0.9707 -0.0213
vn 0.9653 -0.1155 -0.2340
vn 0.9739 -0.0606 -0.2189
vn 0.9678 -0.1586 -0.1957
vn 0.0781 0.9927 0.0916
vn 0.0997 0.9916 0.0827
vn 0.6079 0.4134 0.6779
vn 0.9210 -0.0803 -0.3812
vn -0.4225 -0.2700 -0.8652
vn -0.4366 -0.2757 -0.8564
vn 0.1299 0.9876 0.0878
vn 0.6484 0.4571 0.6088
vn -0.3170 -0.3211 -0.8924
vn 0.8786 -0.1366 -0.4576
vn -0.5136 0.2080 -0.8325
vn 0.1789 0.9832 0.0359
vn 0.9613 -0.2436 0.1289
vn -0.3619 0.2395 -0.9009
vn -0.3815 0.2172 -0.8985
vn 0.0001 0.9919 0.1272
vn 0.0500 0.9902 0.1308
vn -0.8046 0.1876 -0.5633
vn -0.8989 0.1506 -0.4115
vn -0.7784 0.2708 -0.5664
vn -0.8640 0.1993 -0.4623
vn 0.8255 0.4645 0.3205
vn 0.8587 0.4372 0.2675
vn -0.6914 0.2150 -0.6897
vn -0.8370 0.0526 -0.5446
vn -0.8985 0.1246 -0.4210
vn -0.9191 0.0530 -0.3904
vn -0.7362 0.0616 -0.6740
vn -0.6721 0.0840 -0.7356
vn -0.7911 0.1445 -0.5944
vn -0.7926 0.0921 -0.6027
vn -0.8224 0.0552 -0.5663
vn -0.6499 0.1847 -0.7372
vn -0.6503 0.1142 -0.7510
vn 0.9557 -0.2859 0.0701
vn 0.9557 -0.2847 0.0747
vn 0.9572 -0.2779 0.0812
vn -0.6089 0.2146 -0.7637
vn 0.3337 0.6655 0.6676
vn 0.9227 -0.3821 0.0516
vn -0.2777 -0.3118 -0.9087
vn -0.2716 -0.2890 -0.9180
vn -0.1064 -0.2859 -0.9523
vn 0.0078 -0.2671 -0.9636
vn -0.0006 -0.2750 -0.9614
vn -0.2347 -0.3507 -0.9066
vn -0.1361 -0.3557 -0.9246
vn 0.4379 0.8033 0.4037
vn 0.3984 0.7482 0.5306
vn 0.4121 0.7312 0.5437
vn 0.3773 0.6737 0.6354
vn 0.5546 0.6589 0.5083
vn 0.5550 0.6563 0.5111
vn 0.5864 0.6749 0.4480
vn -0.1486 -0.3625 -0.9200
vn 0.9133 -0.4030 0.0584
vn 0.9210 -0.3872 0.0424
vn 0.8908 -0.1787 0.4177
vn -0.1538 -0.4309 -0.8892
vn 0.0060 -0.3693 -0.9293
vn -0.0053 -0.3594 -0.9332
vn 0.4999 0.6089 0.6159
vn 0.3575 0.5729 0.7376
vn 0.3402 0.5863 0.7352
vn 0.3758 0.4710 0.7981
vn 0.3504 0.4852 0.8011
vn 0.4843 0.4565 0.7464
vn 0.4774 0.4632 0.7467
vn 0.5088 0.5696 0.6455
vn 0.4756 0.5509 0.6858
vn 0.6152 0.5190 0.5935
vn 0.7892 0.5156 0.3336
vn 0.7373 0.5499 0.3924
vn 0.6496 0.5513 0.5235
vn 0.7078 0.4261 0.5634
vn 0.7526 0.4449 0.4855
vn 0.7172 0.5265 0.4565
vn -0.5005 0.2215 -0.8369
vn -0.5068 0.1146 -0.8544
vn -0.3749 0.1351 -0.9172
vn -0.2704 0.1290 -0.9541
vn 0.2534 0.4778 0.8411
vn 0.2442 0.4654 0.8507
vn -0.4910 -0.0259 -0.8708
vn -0.5534 0.0803 -0.8290
vn -0.3434 0.0046 -0.9392
vn -0.2661 0.0462 -0.9628
vn -0.4067 0.0354 -0.9129
vn -0.4198 0.0816 -0.9039
vn -0.2422 0.2247 -0.9439
vn -0.2264 0.2054 -0.9521
vn -0.1246 0.2620 -0.9570
vn -0.0962 0.9843 0.1481
vn -0.0297 0.9874 0.1554
vn -0.1139 0.9790 0.1692
vn -0.2573 0.3612 0.8963
vn -0.2335 0.9625 0.1383
vn -0.1410 0.4371 0.8883
vn -0.1948 0.9692 0.1505
vn -0.1811 0.9693 0.1663
vn -0.3482 0.6398 0.6851
vn -0.2387 0.6478 0.7235
vn -0.0068 0.6963 0.7177
vn -0.0071 0.6970 0.7170
vn 0.1878 0.6587 0.7286
vn 0.0620 0.6565 0.7518
vn 0.2426 0.6935 0.6784
vn -0.2857 0.7646 0.5778
vn -0.3327 0.7507 0.5707
vn -0.1493 0.7407 0.6551
vn -0.1465 0.7343 0.6628
vn 0.0602 0.7687 0.6368
vn -0.0809 0.8038 0.5893
vn 0.2092 0.7511 0.6262
vn 0.1432 0.7733 0.6177
vn 0.3042 0.7835 0.5418
vn -0.1469 0.5960 0.7894
vn -0.1887 0.5941 0.7819
vn -0.2384 0.5530 0.7984
vn -0.2435 0.4820 0.8416
vn -0.0803 0.5567 0.8268
vn 0.0852 0.5614 0.8231
vn 0.0550 0.5807 0.8122
vn 0.2234 0.5859 0.7790
vn 0.1971 0.5600 0.8047
vn -0.1114 0.1115 -0.9875
vn -0.2240 0.1707 -0.9595
vn -0.0562 0.2107 -0.9759
vn 0.0471 0.4461 0.8938
vn 0.0566 0.4379 0.8973
vn 0.0112 0.2300 -0.9731
vn 0.0594 0.1521 -0.9866
vn 0.1246 0.1368 -0.9827
vn 0.0255 0.2506 -0.9678
vn -0.3446 0.3843 0.8565
vn -0.1037 0.4613 0.8811
vn -0.1375 0.4441 0.8854
vn -0.1836 0.0291 -0.9826
vn -0.0956 0.1153 -0.9887
vn -0.0004 0.0313 -0.9995
vn -0.0449 0.0980 -0.9942
vn 0.0759 0.0249 -0.9968
vn 0.1457 0.1070 -0.9835
vn -0.8184 -0.0910 -0.5673
vn -0.8754 -0.0245 -0.4828
vn -0.7931 -0.0486 -0.6071
vn -0.8904 -0.0250 -0.4546
vn -0.7362 -0.0471 -0.6752
vn -0.7011 -0.0763 -0.7090
vn -0.8158 -0.1137 -0.5670
vn -0.8655 -0.1688 -0.4715
vn -0.8303 -0.1607 -0.5336
vn -0.8033 -0.2026 -0.5600
vn -0.6992 -0.1332 -0.7025
vn -0.6256 -0.2156 -0.7498
vn -0.6273 -0.1814 -0.7573
vn -0.7298 -0.1655 -0.6634
vn -0.6303 -0.0472 -0.7749
vn -0.6091 -0.0533 -0.7913
vn 0.3165 0.8591 0.4022
vn -0.5393 -0.0118 -0.8421
vn -0.4562 -0.1007 -0.8842
vn -0.5697 -0.1426 -0.8094
vn -0.3298 -0.0562 -0.9424
vn -0.2899 -0.0868 -0.9531
vn -0.4640 -0.1311 -0.8761
vn -0.5291 -0.1565 -0.8340
vn -0.2885 -0.1613 -0.9438
vn -0.3497 -0.1982 -0.9156
vn -0.3800 -0.2016 -0.9028
vn -0.3715 0.7994 0.4722
vn -0.2768 0.8692 0.4098
vn -0.2389 0.8773 0.4163
vn -0.1866 0.8333 0.5203
vn -0.1841 0.8615 0.4732
vn -0.0455 0.8928 0.4481
vn -0.0228 0.8148 0.5793
vn 0.0226 0.8742 0.4850
vn 0.2666 0.8404 0.4718
vn 0.1681 0.8514 0.4968
vn 0.0893 0.8799 0.4667
vn -0.1605 -0.0468 -0.9859
vn -0.0557 -0.0525 -0.9971
vn -0.1400 -0.0572 -0.9885
vn -0.0057 -0.0870 -0.9962
vn 0.1024 -0.0366 -0.9941
vn -0.1388 -0.1823 -0.9734
vn -0.1724 -0.2080 -0.9628
vn -0.1753 -0.2082 -0.9622
vn -0.0110 -0.1712 -0.9852
vn -0.0020 -0.1613 -0.9869
vn -0.9598 -0.2084 0.1881
vn -0.9643 -0.1436 0.2225
vn -0.9912 -0.0944 0.0924
vn -0.9908 -0.0622 0.1205
vn -0.9926 -0.1204 0.0163
vn -0.9726 -0.1792 0.1484
vn -0.9665 -0.1837 0.1795
vn -0.9638 -0.2337 -0.1279
vn -0.9816 -0.1911 0.0015
vn -0.9742 -0.2219 0.0402
vn -0.9550 -0.2955 0.0247
vn -0.9402 -0.1999 -0.2759
vn -0.9824 -0.1278 -0.1361
vn -0.9422 -0.2228 -0.2503
vn -0.9647 -0.2167 -0.1495
vn -0.9632 -0.2365 -0.1280
vn -0.0202 -0.5235 -0.8518
vn -0.0396 -0.4526 -0.8908
vn -0.0269 -0.4759 -0.8791
vn 0.0276 -0.4736 -0.8803
vn -0.0136 -0.4609 -0.8874
vn 0.1348 -0.1472 -0.9799
vn 0.0968 -0.3808 -0.9196
vn 0.2955 -0.1444 -0.9444
vn 0.1878 -0.2156 -0.9583
vn 0.3690 -0.1949 -0.9088
vn 0.3623 -0.2416 -0.9002
vn 0.1187 -0.2689 -0.9558
vn 0.1840 -0.2341 -0.9546
vn 0.3525 -0.2353 -0.9058
vn 0.2697 -0.2848 -0.9199
vn 0.2642 -0.3163 -0.9111
vn 0.0949 -0.3795 -0.9203
vn 0.1591 -0.3846 -0.9093
vn 0.0862 -0.4342 -0.8967
vn 0.6373 -0.1329 -0.7591
vn 0.6388 -0.1344 -0.7575
vn 0.7564 -0.1058 -0.6454
vn 0.7217 -0.1471 -0.6764
vn 0.8493 -0.0759 -0.5225
vn 0.7988 -0.1441 -0.5841
vn 0.5351 -0.1602 -0.8294
vn 0.5303 -0.1544 -0.8336
vn 0.5501 -0.1647 -0.8187
vn 0.4560 -0.2527 -0.8533
vn 0.6506 -0.0777 -0.7554
vn 0.5507 -0.1106 -0.8273
vn 0.5640 -0.1381 -0.8141
vn 0.5586 -0.0736 -0.8261
vn 0.6004 -0.0417 -0.7986
vn 0.6306 -0.1396 -0.7634
vn 0.6311 -0.0397 -0.7747
vn 0.6076 -0.1762 -0.7744
vn 0.6082 -0.1571 -0.7781
vn -0.6367 -0.1517 -0.7560
vn -0.6312 -0.1378 -0.7633
vn -0.6508 -0.0776 -0.7552
vn -0.6311 -0.0394 -0.7747
vn -0.6002 -0.0415 -0.7988
vn -0.5708 -0.2276 -0.7889
vn -0.6262 -0.1876 -0.7567
vn -0.5586 -0.0735 -0.8262
vn -0.5508 -0.1105 -0.8273
vn -0.5544 -0.1179 -0.8239
vt 0.577285 0.124362
vt 0.577620 0.130972
vt 0.566220 0.127047
vt 0.569904 0.137729
vt 0.576435 0.138223
vt 0.573995 0.144130
vt 0.568679 0.151089
vt 0.142207 0.711222
vt 0.147225 0.712817
vt 0.142501 0.719767
vt 0.152045 0.715369
vt 0.533871 0.109160
vt 0.538114 0.105415
vt 0.536598 0.119202
vt 0.135168 0.721659
vt 0.548702 0.101171
vt 0.547233 0.110039
vt 0.542626 0.102954
vt 0.170474 0.292974
vt 0.162298 0.289274
vt 0.167367 0.282751
vt 0.158532 0.286556
vt 0.178035 0.287768
vt 0.181249 0.294071
vt 0.190752 0.291456
vt 0.557879 0.118242
vt 0.570483 0.109875
vt 0.198068 0.285641
vt 0.181946 0.276687
vt 0.566710 0.106237
vt 0.560757 0.102716
vt 0.555594 0.101426
vt 0.575921 0.119043
vt 0.573736 0.114268
vt 0.118508 0.713884
vt 0.123191 0.722996
vt 0.114199 0.716555
vt 0.548435 0.157043
vt 0.542939 0.155153
vt 0.537786 0.152135
vt 0.549403 0.146374
vt 0.131542 0.710341
vt 0.123599 0.711824
vt 0.560448 0.156051
vt 0.559502 0.142120
vt 0.554981 0.157239
vt 0.109202 0.721522
vt 0.538662 0.138640
vt 0.156754 0.248009
vt 0.163427 0.244145
vt 0.171901 0.250266
vt 0.168725 0.242749
vt 0.173009 0.242345
vt 0.186097 0.245412
vt 0.178459 0.254042
vt 0.179550 0.243090
vt 0.151845 0.253893
vt 0.159901 0.256779
vt 0.148577 0.266478
vt 0.149393 0.259487
vt 0.149821 0.273488
vt 0.154396 0.281882
vt 0.163981 0.269610
vt 0.151649 0.278012
vt 0.195340 0.252307
vt 0.191121 0.248639
vt 0.192825 0.271911
vt 0.201930 0.263263
vt 0.189227 0.259181
vt 0.198687 0.256685
vt 0.201756 0.279441
vt 0.203010 0.274016
vt 0.203010 0.268941
vt 0.011188 0.688559
vt 0.016205 0.690505
vt 0.015588 0.695017
vt 0.011061 0.693903
vt 0.019565 0.690672
vt 0.021143 0.693991
vt 0.027175 0.694602
vt 0.022793 0.689884
vt 0.034356 0.693211
vt 0.026636 0.689767
vt 0.030763 0.690966
vt 0.033341 0.698417
vt 0.037612 0.704380
vt 0.037881 0.696609
vt 0.040898 0.702263
vt 0.006014 0.689923
vt 0.003240 0.685938
vt 0.006094 0.683173
vt 0.236284 0.290557
vt 0.230149 0.286434
vt 0.233428 0.282656
vt 0.237049 0.286453
vt 0.239631 0.290458
vt 0.243738 0.300099
vt 0.240588 0.297009
vt 0.244466 0.294984
vt 0.224514 0.286444
vt 0.225833 0.280296
vt 0.222316 0.281206
vt 0.261609 0.495379
vt 0.262157 0.499368
vt 0.261609 0.504460
vt 0.215512 0.294690
vt 0.215108 0.289264
vt 0.217999 0.291028
vt 0.217749 0.284949
vt 0.221309 0.288047
vt 0.045896 0.720659
vt 0.042502 0.716807
vt 0.045516 0.713912
vt 0.049817 0.723368
vt 0.049162 0.717596
vt 0.054228 0.720123
vt 0.040344 0.712389
vt 0.054172 0.724891
vt 0.058419 0.720940
vt 0.059612 0.725060
vt 0.042222 0.707483
vt 0.039234 0.708224
vt 0.063850 0.723861
vt 0.061706 0.720770
vt 0.069015 0.719435
vt 0.070988 0.724281
vt 0.080241 0.723322
vt 0.075078 0.720549
vt 0.544912 0.180172
vt 0.548013 0.176564
vt 0.550162 0.182635
vt 0.078114 0.727607
vt 0.554432 0.178449
vt 0.552466 0.174451
vt 0.561922 0.175696
vt 0.557152 0.173490
vt 0.081001 0.029542
vt 0.073864 0.031529
vt 0.074527 0.024773
vt 0.084934 0.015809
vt 0.087053 0.024817
vt 0.080493 0.021029
vt 0.829515 0.816909
vt 0.819469 0.825627
vt 0.822829 0.815922
vt 0.921854 0.350202
vt 0.920690 0.341869
vt 0.926953 0.341043
vt 0.706691 0.634148
vt 0.698119 0.638743
vt 0.705060 0.620483
vt 0.093479 0.024122
vt 0.923565 0.333760
vt 0.925169 0.327913
vt 0.928105 0.331281
vt 0.691468 0.596150
vt 0.697061 0.604801
vt 0.685985 0.607800
vt 0.697828 0.616822
vt 0.690027 0.617930
vt 0.919020 0.365652
vt 0.923922 0.359025
vt 0.438511 0.792599
vt 0.435622 0.796483
vt 0.434259 0.793765
vt 0.925913 0.350514
vt 0.439902 0.798101
vt 0.685803 0.597771
vt 0.838468 0.797926
vt 0.843824 0.801643
vt 0.838073 0.817077
vt 0.928182 0.371047
vt 0.925673 0.364882
vt 0.930497 0.355243
vt 0.435705 0.802833
vt 0.680576 0.603207
vt 0.678686 0.620037
vt 0.847614 0.809748
vt 0.842669 0.817895
vt 0.931787 0.347762
vt 0.848363 0.817985
vt 0.837909 0.826729
vt 0.084395 0.003018
vt 0.089424 0.004492
vt 0.084055 0.006477
vt 0.932248 0.340942
vt 0.932675 0.335756
vt 0.929101 0.590088
vt 0.934682 0.605852
vt 0.925752 0.599185
vt 0.917421 0.612994
vt 0.915309 0.595469
vt 0.920111 0.598794
vt 0.926744 0.614341
vt 0.833283 0.823997
vt 0.432684 0.800070
vt 0.430838 0.796245
vt 0.689860 0.636853
vt 0.679352 0.637383
vt 0.432877 0.791552
vt 0.936967 0.343119
vt 0.854486 0.806533
vt 0.937371 0.349908
vt 0.428473 0.799808
vt 0.431802 0.806383
vt 0.428559 0.807260
vt 0.934202 0.623289
vt 0.676846 0.654264
vt 0.442879 0.801118
vt 0.438884 0.806779
vt 0.444423 0.806259
vt 0.846936 0.827663
vt 0.854503 0.819625
vt 0.855231 0.830217
vt 0.826075 0.826466
vt 0.837894 0.834990
vt 0.830903 0.834715
vt 0.923788 0.630620
vt 0.916826 0.629485
vt 0.938081 0.336223
vt 0.937171 0.329851
vt 0.441573 0.812453
vt 0.942065 0.340279
vt 0.445361 0.823273
vt 0.440678 0.818517
vt 0.942228 0.332727
vt 0.434361 0.809839
vt 0.911455 0.609941
vt 0.908641 0.630558
vt 0.907026 0.618549
vt 0.425593 0.807091
vt 0.900604 0.631530
vt 0.429970 0.815798
vt 0.436469 0.818134
vt 0.934888 0.361873
vt 0.939290 0.357965
vt 0.937745 0.372883
vt 0.822426 0.833756
vt 0.672055 0.638141
vt 0.432737 0.819889
vt 0.929386 0.640709
vt 0.850406 0.836522
vt 0.667020 0.655084
vt 0.840180 0.839921
vt 0.084796 0.009903
vt 0.089914 0.011919
vt 0.942524 0.371036
vt 0.944169 0.358638
vt 0.092782 0.006994
vt 0.932683 0.373571
vt 0.686431 0.653640
vt 0.095086 0.013200
vt 0.098717 0.011023
vt 0.934109 0.639699
vt 0.921226 0.641878
vt 0.097047 0.021265
vt 0.942085 0.347871
vt 0.945147 0.344697
vt 0.915876 0.642442
vt 0.831081 0.851216
vt 0.843304 0.851893
vt 0.851997 0.847356
vt 0.929991 0.650248
vt 0.071116 0.736373
vt 0.075504 0.739429
vt 0.066409 0.740639
vt 0.070436 0.743873
vt 0.063354 0.745315
vt 0.923128 0.651866
vt 0.860019 0.836245
vt 0.423619 0.818813
vt 0.728621 0.639052
vt 0.726991 0.648900
vt 0.718253 0.649882
vt 0.105621 0.018348
vt 0.102069 0.019813
vt 0.426533 0.818684
vt 0.862348 0.839155
vt 0.054760 0.744157
vt 0.053581 0.751033
vt 0.062766 0.752089
vt 0.711429 0.650455
vt 0.713728 0.625986
vt 0.075687 0.748815
vt 0.070308 0.754054
vt 0.847026 0.860327
vt 0.863883 0.848976
vt 0.868814 0.839054
vt 0.873226 0.849401
vt 0.867448 0.858820
vt 0.857698 0.857876
vt 0.850878 0.871273
vt 0.837324 0.867072
vt 0.815962 0.815652
vt 0.811479 0.824825
vt 0.903060 0.021502
vt 0.898833 0.023902
vt 0.899559 0.013672
vt 0.715242 0.663431
vt 0.705979 0.659778
vt 0.704994 0.651211
vt 0.906822 0.016018
vt 0.421474 0.817336
vt 0.698043 0.663872
vt 0.703009 0.669823
vt 0.696976 0.651973
vt 0.103161 0.030887
vt 0.109762 0.029039
vt 0.809878 0.831742
vt 0.815857 0.833526
vt 0.921419 0.198055
vt 0.917450 0.203414
vt 0.915064 0.199119
vt 0.470598 0.826784
vt 0.471019 0.839919
vt 0.466585 0.824730
vt 0.904045 0.007473
vt 0.911458 0.013731
vt 0.463410 0.834380
vt 0.460018 0.817130
vt 0.898984 0.007647
vt 0.722783 0.668472
vt 0.710265 0.671066
vt 0.457072 0.821600
vt 0.468176 0.845978
vt 0.920938 0.211850
vt 0.912394 0.212083
vt 0.929465 0.200661
vt 0.456273 0.837587
vt 0.460533 0.848960
vt 0.812567 0.843211
vt 0.820009 0.848305
vt 0.895291 0.010601
vt 0.940945 0.200004
vt 0.934522 0.210793
vt 0.918173 0.315547
vt 0.922328 0.309829
vt 0.925392 0.310791
vt 0.803732 0.844124
vt 0.802236 0.856458
vt 0.692549 0.672383
vt 0.812983 0.854452
vt 0.689241 0.663899
vt 0.896129 0.003515
vt 0.919544 0.323284
vt 0.917162 0.320086
vt 0.921317 0.317864
vt 0.451357 0.826301
vt 0.452205 0.817113
vt 0.825822 0.862000
vt 0.809005 0.865092
vt 0.818505 0.870214
vt 0.832094 0.874736
vt 0.675223 0.662472
vt 0.682573 0.665285
vt 0.467077 0.862196
vt 0.810030 0.878139
vt 0.804769 0.874376
vt 0.924973 0.317043
vt 0.926840 0.320281
vt 0.684153 0.673322
vt 0.964330 0.617054
vt 0.965708 0.617741
vt 0.965660 0.621122
vt 0.447167 0.813533
vt 0.818356 0.886397
vt 0.822843 0.879169
vt 0.451738 0.843262
vt 0.921282 0.326756
vt 0.444591 0.837353
vt 0.963556 0.619982
vt 0.894032 0.016338
vt 0.861626 0.872305
vt 0.890438 0.007318
vt 0.961441 0.615730
vt 0.963078 0.617783
vt 0.960880 0.619755
vt 0.844251 0.881349
vt 0.828935 0.887548
vt 0.836031 0.891997
vt 0.679504 0.684361
vt 0.671945 0.675063
vt 0.942162 0.650920
vt 0.935817 0.659720
vt 0.935642 0.651239
vt 0.945120 0.658604
vt 0.825396 0.895395
vt 0.831122 0.903851
vt 0.891147 0.021225
vt 0.889139 0.014760
vt 0.671000 0.667057
vt 0.707995 0.683478
vt 0.448374 0.858222
vt 0.693861 0.682578
vt 0.964926 0.623444
vt 0.962184 0.624192
vt 0.466108 0.712677
vt 0.475698 0.723344
vt 0.465300 0.724450
vt 0.442885 0.855831
vt 0.697839 0.698900
vt 0.438689 0.845085
vt 0.439901 0.830999
vt 0.780650 0.191427
vt 0.776824 0.189073
vt 0.787039 0.180186
vt 0.685037 0.695104
vt 0.436250 0.856830
vt 0.690129 0.706320
vt 0.668218 0.687068
vt 0.944949 0.646390
vt 0.664737 0.667102
vt 0.437747 0.714863
vt 0.447549 0.711928
vt 0.442214 0.723655
vt 0.453295 0.729878
vt 0.446057 0.735264
vt 0.457300 0.716673
vt 0.433983 0.830046
vt 0.890189 0.004411
vt 0.428919 0.828917
vt 0.883749 0.808828
vt 0.888836 0.825550
vt 0.884336 0.824488
vt 0.879512 0.809093
vt 0.461912 0.734626
vt 0.453427 0.742235
vt 0.462258 0.747246
vt 0.471302 0.737191
vt 0.470187 0.753381
vt 0.959096 0.614572
vt 0.886343 0.009908
vt 0.884196 0.016891
vt 0.770073 0.203518
vt 0.475574 0.712374
vt 0.482568 0.729662
vt 0.885577 0.004610
vt 0.486088 0.741545
vt 0.491773 0.726189
vt 0.494119 0.736149
vt 0.478585 0.746367
vt 0.434264 0.842471
vt 0.475060 0.760877
vt 0.482774 0.757961
vt 0.489017 0.745530
vt 0.781402 0.557482
vt 0.776994 0.561542
vt 0.777624 0.545248
vt 0.958146 0.619485
vt 0.770023 0.552541
vt 0.773698 0.566273
vt 0.422459 0.832136
vt 0.765808 0.560683
vt 0.428159 0.839520
vt 0.882071 0.010497
vt 0.765498 0.203326
vt 0.477133 0.769690
vt 0.887218 0.808257
vt 0.111992 0.025565
vt 0.886766 0.025380
vt 0.762863 0.208388
vt 0.773485 0.535919
vt 0.780474 0.530533
vt 0.788148 0.540633
vt 0.879508 0.831376
vt 0.879877 0.823518
vt 0.784597 0.516736
vt 0.778488 0.521047
vt 0.885676 0.832727
vt 0.431738 0.709568
vt 0.433319 0.727699
vt 0.425511 0.720610
vt 0.424915 0.710291
vt 0.426802 0.732643
vt 0.881122 0.018352
vt 0.877079 0.026646
vt 0.877078 0.017968
vt 0.419890 0.729812
vt 0.417500 0.718338
vt 0.412865 0.728955
vt 0.416674 0.740449
vt 0.443603 0.751327
vt 0.450328 0.753696
vt 0.450355 0.766416
vt 0.968587 0.619986
vt 0.968369 0.616280
vt 0.971555 0.620012
vt 0.796480 0.194226
vt 0.793302 0.206918
vt 0.789635 0.205612
vt 0.418592 0.828208
vt 0.436698 0.736472
vt 0.789816 0.529224
vt 0.424252 0.843423
vt 0.434761 0.749480
vt 0.416133 0.840242
vt 0.792532 0.511916
vt 0.459066 0.758156
vt 0.786843 0.554212
vt 0.802182 0.540755
vt 0.794708 0.551885
vt 0.425792 0.741550
vt 0.426486 0.751746
vt 0.970407 0.624497
vt 0.973446 0.624174
vt 0.431891 0.758699
vt 0.439787 0.762953
vt 0.975537 0.621331
vt 0.881712 0.005822
vt 0.797830 0.207695
vt 0.107106 0.751655
vt 0.105834 0.745348
vt 0.109906 0.749321
vt 0.420412 0.750727
vt 0.426199 0.763920
vt 0.408417 0.733236
vt 0.413155 0.750879
vt 0.433814 0.769572
vt 0.972230 0.629273
vt 0.801500 0.525225
vt 0.428416 0.859470
vt 0.471829 0.772678
vt 0.466176 0.765805
vt 0.422212 0.774384
vt 0.429581 0.774801
vt 0.428866 0.781703
vt 0.419482 0.763222
vt 0.418175 0.855111
vt 0.792530 0.697121
vt 0.799547 0.697588
vt 0.794427 0.709003
vt 0.805614 0.551423
vt 0.789789 0.683512
vt 0.794377 0.680606
vt 0.789347 0.190993
vt 0.102526 0.746447
vt 0.780479 0.204609
vt 0.783005 0.213519
vt 0.775912 0.203794
vt 0.110426 0.758160
vt 0.114074 0.756730
vt 0.811172 0.531225
vt 0.771142 0.210476
vt 0.884412 0.662678
vt 0.879473 0.652225
vt 0.882246 0.635727
vt 0.816696 0.553598
vt 0.813892 0.542998
vt 0.783186 0.689989
vt 0.820629 0.535538
vt 0.802236 0.709872
vt 0.796382 0.718531
vt 0.415678 0.769211
vt 0.773690 0.212245
vt 0.022882 0.056510
vt 0.024774 0.061950
vt 0.014169 0.080732
vt 0.778947 0.699968
vt 0.784879 0.707432
vt 0.765959 0.211044
vt 0.786549 0.716284
vt 0.786184 0.727452
vt 0.791909 0.728906
vt 0.799899 0.722800
vt 0.566379 0.292342
vt 0.559259 0.295954
vt 0.563594 0.284192
vt 0.034205 0.053365
vt 0.033156 0.045714
vt 0.024662 0.074315
vt 0.772390 0.706793
vt 0.775348 0.725690
vt 0.768017 0.719061
vt 0.035112 0.064958
vt 0.892300 0.000963
vt 0.929253 0.310643
vt 0.928276 0.314714
vt 0.786884 0.740673
vt 0.825543 0.546344
vt 0.830197 0.536196
vt 0.563745 0.304004
vt 0.569332 0.299099
vt 0.825590 0.556773
vt 0.835514 0.553131
vt 0.967492 0.622428
vt 0.782488 0.738359
vt 0.775318 0.735343
vt 0.833079 0.560430
vt 0.840070 0.539273
vt 0.044470 0.049461
vt 0.042081 0.044333
vt 0.764849 0.222728
vt 0.932344 0.311904
vt 0.931341 0.315788
vt 0.936639 0.729547
vt 0.930781 0.721057
vt 0.941965 0.712742
vt 0.045541 0.062104
vt 0.770695 0.217813
vt 0.777888 0.219329
vt 0.918544 0.718526
vt 0.927051 0.734898
vt 0.917895 0.732624
vt 0.915742 0.740827
vt 0.049424 0.038429
vt 0.056150 0.048153
vt 0.056327 0.039129
vt 0.928167 0.324433
vt 0.883093 0.840479
vt 0.876383 0.839273
vt 0.931524 0.320763
vt 0.757401 0.730248
vt 0.766169 0.732334
vt 0.880099 0.848200
vt 0.707578 0.729318
vt 0.693780 0.732611
vt 0.695428 0.721295
vt 0.684031 0.715619
vt 0.704705 0.717111
vt 0.891124 0.832112
vt 0.682174 0.728832
vt 0.675574 0.717785
vt 0.442192 0.673980
vt 0.447291 0.670827
vt 0.444143 0.688039
vt 0.681394 0.737139
vt 0.968644 0.626662
vt 0.445551 0.692184
vt 0.451101 0.686250
vt 0.881986 0.662922
vt 0.876599 0.662221
vt 0.965654 0.627516
vt 0.667643 0.728940
vt 0.888971 0.841414
vt 0.674454 0.740673
vt 0.945120 0.724885
vt 0.931853 0.326280
vt 0.932888 0.330153
vt 0.019207 0.083592
vt 0.452149 0.666066
vt 0.438545 0.689873
vt 0.438421 0.700084
vt 0.448867 0.705256
vt 0.444760 0.697883
vt 0.876616 0.859663
vt 0.886109 0.849281
vt 0.883187 0.861500
vt 0.758404 0.215551
vt 0.761886 0.217451
vt 0.892363 0.840775
vt 0.023714 0.085866
vt 0.015283 0.091858
vt 0.789371 0.495777
vt 0.792308 0.504543
vt 0.784233 0.509367
vt 0.439503 0.707736
vt 0.431855 0.701510
vt 0.978670 0.626022
vt 0.935446 0.324891
vt 0.975710 0.631352
vt 0.435153 0.690668
vt 0.891816 0.849975
vt 0.430223 0.691352
vt 0.751565 0.223507
vt 0.758520 0.224849
vt 0.020487 0.095927
vt 0.771938 0.229943
vt 0.760540 0.235357
vt 0.752267 0.233141
vt 0.028590 0.097516
vt 0.027615 0.087266
vt 0.889276 0.859473
vt 0.745070 0.239336
vt 0.744598 0.232418
vt 0.749933 0.244170
vt 0.800066 0.500175
vt 0.799470 0.510164
vt 0.968448 0.631494
vt 0.017620 0.100621
vt 0.025717 0.104608
vt 0.972861 0.634180
vt 0.791876 0.216200
vt 0.035468 0.088480
vt 0.794947 0.491812
vt 0.435321 0.674660
vt 0.800399 0.489724
vt 0.979815 0.632338
vt 0.976715 0.638586
vt 0.968884 0.634970
vt 0.972657 0.638846
vt 0.039054 0.076999
vt 0.804630 0.209709
vt 0.800843 0.219375
vt 0.806822 0.486961
vt 0.799771 0.478662
vt 0.431187 0.671123
vt 0.426665 0.677373
vt 0.807040 0.495880
vt 0.792623 0.223869
vt 0.051321 0.071426
vt 0.041818 0.089359
vt 0.804689 0.505122
vt 0.784595 0.220914
vt 0.059445 0.060302
vt 0.065511 0.035096
vt 0.068692 0.051703
vt 0.807957 0.513895
vt 0.811349 0.501550
vt 0.934882 0.318017
vt 0.815788 0.491757
vt 0.817807 0.509809
vt 0.813130 0.484179
vt 0.424958 0.700815
vt 0.425092 0.691951
vt 0.452232 0.645103
vt 0.448929 0.629142
vt 0.455576 0.632774
vt 0.463135 0.651501
vt 0.458319 0.652622
vt 0.935767 0.312942
vt 0.934137 0.315456
vt 0.781617 0.233996
vt 0.885542 0.871487
vt 0.892363 0.867825
vt 0.461369 0.665736
vt 0.456365 0.674021
vt 0.048462 0.090410
vt 0.964391 0.631367
vt 0.819067 0.496775
vt 0.804239 0.225611
vt 0.063019 0.073033
vt 0.437257 0.657049
vt 0.960910 0.627203
vt 0.811448 0.222752
vt 0.443381 0.653961
vt 0.825584 0.500552
vt 0.819093 0.488632
vt 0.075466 0.064964
vt 0.794144 0.231817
vt 0.438485 0.639217
vt 0.802736 0.237097
vt 0.785016 0.245062
vt 0.818688 0.229971
vt 0.813886 0.239146
vt 0.066618 0.089151
vt 0.434171 0.643832
vt 0.827575 0.494121
vt 0.831966 0.498145
vt 0.081525 0.087709
vt 0.075728 0.088163
vt 0.957170 0.621971
vt 0.824562 0.488510
vt 0.805956 0.473068
vt 0.429339 0.640122
vt 0.428695 0.648980
vt 0.425275 0.632653
vt 0.959074 0.630235
vt 0.036904 0.099741
vt 0.796366 0.250080
vt 0.445657 0.645893
vt 0.824926 0.242608
vt 0.823485 0.253258
vt 0.809003 0.251624
vt 0.809232 0.260529
vt 0.797610 0.265811
vt 0.771037 0.242455
vt 0.764376 0.249012
vt 0.966612 0.637207
vt 0.445819 0.634199
vt 0.754273 0.251717
vt 0.814190 0.471149
vt 0.818653 0.482477
vt 0.773677 0.255456
vt 0.969130 0.642098
vt 0.764199 0.260335
vt 0.755715 0.267535
vt 0.936962 0.315510
vt 0.425141 0.658884
vt 0.964416 0.641752
vt 0.961931 0.634536
vt 0.780092 0.262738
vt 0.790088 0.271375
vt 0.782717 0.275446
vt 0.421157 0.672328
vt 0.769105 0.276450
vt 0.822499 0.471307
vt 0.826033 0.479868
vt 0.821668 0.481077
vt 0.037647 0.106428
vt 0.033600 0.110339
vt 0.046185 0.102438
vt 0.045319 0.108479
vt 0.836057 0.265790
vt 0.824868 0.268917
vt 0.813051 0.274253
vt 0.415853 0.671447
vt 0.418831 0.654617
vt 0.797994 0.281416
vt 0.809150 0.287613
vt 0.893893 0.632704
vt 0.893872 0.643858
vt 0.889679 0.644249
vt 0.833910 0.279371
vt 0.819190 0.289241
vt 0.827606 0.291626
vt 0.954789 0.624175
vt 0.953150 0.620108
vt 0.421843 0.645152
vt 0.047635 0.116479
vt 0.830523 0.486080
vt 0.417478 0.638488
vt 0.413517 0.652213
vt 0.685754 0.741890
vt 0.681078 0.745526
vt 0.681760 0.740673
vt 0.832314 0.491306
vt 0.055882 0.089822
vt 0.953080 0.626326
vt 0.784701 0.288285
vt 0.815041 0.521322
vt 0.824869 0.523631
vt 0.829574 0.514308
vt 0.836318 0.528097
vt 0.057778 0.101063
vt 0.834343 0.506147
vt 0.055410 0.108365
vt 0.676202 0.751170
vt 0.675327 0.744365
vt 0.900771 0.643872
vt 0.956880 0.633981
vt 0.803066 0.287301
vt 0.792631 0.287458
vt 0.451537 0.697562
vt 0.457078 0.703683
vt 0.462921 0.701935
vt 0.468286 0.699920
vt 0.459273 0.693815
vt 0.777762 0.289403
vt 0.892494 0.652908
vt 0.887542 0.653365
vt 0.467208 0.690768
vt 0.766916 0.292275
vt 0.690547 0.747172
vt 0.687455 0.747082
vt 0.683510 0.749680
vt 0.066668 0.106925
vt 0.064690 0.099507
vt 0.870061 0.870153
vt 0.876643 0.874391
vt 0.027501 0.120052
vt 0.037802 0.126661
vt 0.866740 0.883963
vt 0.064454 0.119772
vt 0.052104 0.130097
vt 0.897816 0.651846
vt 0.061708 0.136735
vt 0.907760 0.643415
vt 0.456300 0.683209
vt 0.461740 0.681841
vt 0.080086 0.116505
vt 0.911294 0.643095
vt 0.855461 0.885768
vt 0.076070 0.125999
vt 0.670841 0.751121
vt 0.072611 0.138531
vt 0.846221 0.891780
vt 0.862550 0.895431
vt 0.880646 0.883411
vt 0.888760 0.880824
vt 0.871929 0.892478
vt 0.884314 0.889073
vt 0.887232 0.895448
vt 0.877473 0.898466
vt 0.682497 0.755453
vt 0.902901 0.653297
vt 0.469342 0.677582
vt 0.470916 0.686439
vt 0.841886 0.905175
vt 0.837674 0.490757
vt 0.739398 0.252119
vt 0.744305 0.256883
vt 0.746052 0.264923
vt 0.738594 0.266406
vt 0.888791 0.661245
vt 0.894463 0.662675
vt 0.073591 0.099642
vt 0.840857 0.497930
vt 0.747407 0.274724
vt 0.740084 0.279315
vt 0.735491 0.273213
vt 0.882443 0.901333
vt 0.760424 0.282687
vt 0.752009 0.285709
vt 0.742984 0.288801
vt 0.079043 0.104371
vt 0.901893 0.661175
vt 0.757553 0.295510
vt 0.977177 0.618027
vt 0.974851 0.611321
vt 0.979308 0.612529
vt 0.474260 0.697894
vt 0.749051 0.299412
vt 0.973140 0.603480
vt 0.977277 0.606042
vt 0.892563 0.673692
vt 0.886030 0.670736
vt 0.900714 0.669141
vt 0.981104 0.618896
vt 0.983840 0.615234
vt 0.981672 0.606386
vt 0.085137 0.068496
vt 0.090528 0.085626
vt 0.929079 0.218759
vt 0.915411 0.221753
vt 0.922037 0.227397
vt 0.953060 0.203244
vt 0.945370 0.211781
vt 0.477192 0.687235
vt 0.086007 0.103353
vt 0.481398 0.695178
vt 0.935463 0.321285
vt 0.484111 0.704892
vt 0.931244 0.230346
vt 0.916678 0.649732
vt 0.909662 0.652865
vt 0.477047 0.674182
vt 0.482511 0.683537
vt 0.926910 0.660260
vt 0.921034 0.663161
vt 0.984769 0.626481
vt 0.940773 0.219652
vt 0.937249 0.231458
vt 0.918152 0.659221
vt 0.912321 0.663536
vt 0.955247 0.193003
vt 0.960243 0.198025
vt 0.101184 0.082731
vt 0.094293 0.093387
vt 0.987640 0.610670
vt 0.470892 0.657587
vt 0.908010 0.674739
vt 0.907392 0.661283
vt 0.103118 0.093471
vt 0.937468 0.317155
vt 0.097935 0.101920
vt 0.988986 0.616132
vt 0.926844 0.243074
vt 0.937395 0.242883
vt 0.970558 0.597414
vt 0.975047 0.597326
vt 0.933291 0.255867
vt 0.465433 0.643111
vt 0.915756 0.677176
vt 0.980300 0.598789
vt 0.841235 0.516733
vt 0.108383 0.099364
vt 0.110237 0.090205
vt 0.845339 0.507652
vt 0.116007 0.096768
vt 0.884412 0.682836
vt 0.891755 0.685211
vt 0.854400 0.507784
vt 0.851935 0.516829
vt 0.847657 0.530688
vt 0.986424 0.603964
vt 0.854129 0.529829
vt 0.976761 0.592580
vt 0.852002 0.543837
vt 0.846856 0.547238
vt 0.939887 0.252716
vt 0.483319 0.670337
vt 0.850767 0.762579
vt 0.847095 0.770078
vt 0.845851 0.761384
vt 0.473500 0.649901
vt 0.944834 0.262224
vt 0.937156 0.266483
vt 0.485984 0.668597
vt 0.904359 0.698853
vt 0.897901 0.697425
vt 0.900325 0.682045
vt 0.907788 0.687935
vt 0.939655 0.277113
vt 0.951519 0.270172
vt 0.937804 0.321477
vt 0.097272 0.111895
vt 0.986051 0.597608
vt 0.091365 0.123180
vt 0.106727 0.121966
vt 0.108685 0.108744
vt 0.859727 0.523234
vt 0.859890 0.538274
vt 0.865608 0.531289
vt 0.486479 0.691318
vt 0.886016 0.694356
vt 0.890964 0.702687
vt 0.490508 0.701144
vt 0.488278 0.715476
vt 0.895121 0.711739
vt 0.842602 0.282157
vt 0.838325 0.296281
vt 0.959442 0.603491
vt 0.962000 0.604083
vt 0.960882 0.609295
vt 0.944052 0.670375
vt 0.934011 0.668184
vt 0.917967 0.689168
vt 0.925498 0.678104
vt 0.933995 0.679364
vt 0.930012 0.691795
vt 0.491343 0.687318
vt 0.674752 0.703147
vt 0.496445 0.714020
vt 0.503489 0.721956
vt 0.498922 0.728325
vt 0.965813 0.609389
vt 0.968438 0.607348
vt 0.969374 0.613866
vt 0.942804 0.682460
vt 0.665798 0.699191
vt 0.497254 0.698024
vt 0.943375 0.699532
vt 0.937589 0.694934
vt 0.501281 0.707718
vt 0.766426 0.543610
vt 0.666918 0.716123
vt 0.067804 0.148249
vt 0.053368 0.151894
vt 0.085315 0.134147
vt 0.098063 0.134585
vt 0.488387 0.679086
vt 0.059167 0.030629
vt 0.912714 0.701852
vt 0.922693 0.699570
vt 0.923251 0.711352
vt 0.074808 0.039763
vt 0.909165 0.713794
vt 0.902188 0.712420
vt 0.762432 0.525177
vt 0.768186 0.527547
vt 0.763160 0.533544
vt 0.852916 0.898986
vt 0.902107 0.722728
vt 0.911901 0.724894
vt 0.868234 0.905942
vt 0.859169 0.904968
vt 0.443424 0.774924
vt 0.073395 0.047685
vt 0.930947 0.705905
vt 0.971097 0.609630
vt 0.973095 0.615554
vt 0.082557 0.053648
vt 0.085266 0.036549
vt 0.088622 0.048119
vt 0.873811 0.909805
vt 0.762800 0.487109
vt 0.768166 0.509736
vt 0.763795 0.513728
vt 0.769962 0.496968
vt 0.768896 0.518072
vt 0.437503 0.778170
vt 0.965392 0.613738
vt 0.849553 0.908430
vt 0.773016 0.505707
vt 0.461751 0.775651
vt 0.452530 0.773633
vt 0.939177 0.314660
vt 0.838844 0.917345
vt 0.094490 0.036750
vt 0.772137 0.524336
vt 0.471525 0.781619
vt 0.774437 0.516349
vt 0.885371 0.908158
vt 0.876792 0.915257
vt 0.096005 0.052013
vt 0.735491 0.288377
vt 0.779459 0.511720
vt 0.962877 0.613243
vt 0.434007 0.782398
vt 0.100833 0.050747
vt 0.418403 0.710364
vt 0.106006 0.044048
vt 0.110754 0.041782
vt 0.739664 0.295278
vt 0.570240 0.285033
vt 0.575139 0.282167
vt 0.574144 0.289001
vt 0.743367 0.302517
vt 0.575139 0.295581
vt 0.095457 0.065888
vt 0.939720 0.319885
vt 0.940553 0.323835
vt 0.420917 0.692685
vt 0.418658 0.701856
vt 0.963237 0.609601
vt 0.965437 0.604597
vt 0.115839 0.042618
vt 0.940983 0.316652
vt 0.118448 0.033420
vt 0.124038 0.044403
vt 0.122940 0.055662
vt 0.416495 0.692661
vt 0.104345 0.073269
vt 0.110778 0.079829
vt 0.110105 0.059547
vt 0.412917 0.692707
vt 0.409422 0.692081
vt 0.413209 0.704307
vt 0.118328 0.061748
vt 0.409474 0.720103
vt 0.410360 0.710677
vt 0.126734 0.882726
vt 0.131417 0.872670
vt 0.134968 0.893665
vt 0.120138 0.075751
vt 0.126031 0.073125
vt 0.408417 0.701313
vt 0.781888 0.651214
vt 0.788307 0.658786
vt 0.786553 0.665081
vt 0.791788 0.667533
vt 0.423329 0.862934
vt 0.412366 0.853030
vt 0.778084 0.661127
vt 0.782147 0.659525
vt 0.086181 0.739347
vt 0.086497 0.734981
vt 0.090703 0.739201
vt 0.090531 0.735432
vt 0.093280 0.737804
vt 0.092513 0.742582
vt 0.772363 0.643866
vt 0.777571 0.643002
vt 0.778951 0.653193
vt 0.888342 0.001456
vt 0.932906 0.308521
vt 0.885937 0.000000
vt 0.772697 0.654380
vt 0.121997 0.082768
vt 0.764547 0.644423
vt 0.883884 0.001625
vt 0.767096 0.654750
vt 0.116107 0.088912
vt 0.411070 0.672631
vt 0.963400 0.599612
vt 0.757573 0.608067
vt 0.768378 0.625734
vt 0.757269 0.613323
vt 0.748566 0.601841
vt 0.967975 0.602245
vt 0.935559 0.309761
vt 0.752966 0.617554
vt 0.745209 0.602475
vt 0.763492 0.627712
vt 0.805832 0.684967
vt 0.810642 0.683401
vt 0.809255 0.695124
vt 0.750452 0.627032
vt 0.742132 0.613318
vt 0.757562 0.630898
vt 0.960243 0.277240
vt 0.964876 0.594543
vt 0.817157 0.725794
vt 0.824556 0.728260
vt 0.819983 0.738391
vt 0.950213 0.285653
vt 0.937389 0.308294
vt 0.938716 0.311405
vt 0.831888 0.742141
vt 0.761379 0.645584
vt 0.821816 0.747107
vt 0.757097 0.645838
vt 0.304533 0.893181
vt 0.315637 0.891384
vt 0.303037 0.899499
vt 0.743958 0.634743
vt 0.957685 0.610165
vt 0.746714 0.646260
vt 0.956094 0.605514
vt 0.953984 0.608070
vt 0.781679 0.673203
vt 0.297354 0.896120
vt 0.293214 0.907767
vt 0.770156 0.662190
vt 0.773160 0.676855
vt 0.302958 0.909648
vt 0.762771 0.664601
vt 0.761391 0.673079
vt 0.315112 0.895996
vt 0.308767 0.902233
vt 0.100820 0.742947
vt 0.757600 0.655318
vt 0.809160 0.669492
vt 0.802236 0.676107
vt 0.802644 0.666614
vt 0.324979 0.889095
vt 0.297362 0.920518
vt 0.102957 0.740741
vt 0.099261 0.739034
vt 0.294248 0.933217
vt 0.288788 0.930707
vt 0.752104 0.664916
vt 0.285856 0.903212
vt 0.289484 0.917497
vt 0.284003 0.917144
vt 0.280658 0.910932
vt 0.737904 0.648057
vt 0.101109 0.750029
vt 0.732576 0.628434
vt 0.599467 0.273007
vt 0.605650 0.265992
vt 0.605650 0.278448
vt 0.285777 0.924372
vt 0.769543 0.688217
vt 0.761753 0.692072
vt 0.752723 0.677458
vt 0.748865 0.691532
vt 0.759778 0.709560
vt 0.275117 0.922171
vt 0.275168 0.908558
vt 0.096762 0.744165
vt 0.261609 0.498555
vt 0.259913 0.508623
vt 0.259913 0.495379
vt 0.096836 0.740948
vt 0.748957 0.709694
vt 0.280109 0.926002
vt 0.743656 0.658220
vt 0.741538 0.666094
vt 0.955262 0.614993
vt 0.736504 0.658547
vt 0.474633 0.869213
vt 0.479268 0.877844
vt 0.474021 0.879458
vt 0.483414 0.871612
vt 0.476479 0.867170
vt 0.483414 0.892880
vt 0.727712 0.660500
vt 0.475781 0.891491
vt 0.733295 0.667191
vt 0.472554 0.885968
vt 0.467845 0.897692
vt 0.956444 0.599823
vt 0.095821 0.737314
vt 0.469685 0.873910
vt 0.466186 0.877124
vt 0.467085 0.889221
vt 0.461380 0.880163
vt 0.602169 0.878621
vt 0.593099 0.882649
vt 0.591914 0.874015
vt 0.740337 0.680543
vt 0.572197 0.867288
vt 0.581136 0.866378
vt 0.579756 0.877154
vt 0.724893 0.693304
vt 0.725646 0.679119
vt 0.951624 0.601436
vt 0.477305 0.902441
vt 0.285939 0.943112
vt 0.094912 0.762579
vt 0.085231 0.768346
vt 0.090639 0.755703
vt 0.573093 0.858205
vt 0.564422 0.854199
vt 0.561854 0.862679
vt 0.563952 0.843925
vt 0.114648 0.765935
vt 0.112267 0.769610
vt 0.294435 0.946752
vt 0.106503 0.759677
vt 0.952291 0.598260
vt 0.705732 0.699905
vt 0.290136 0.953189
vt 0.733096 0.702115
vt 0.555355 0.844101
vt 0.554787 0.831985
vt 0.752024 0.722735
vt 0.296978 0.956224
vt 0.558684 0.827671
vt 0.942800 0.101144
vt 0.949561 0.112580
vt 0.942698 0.111331
vt 0.555476 0.856576
vt 0.099083 0.754149
vt 0.943749 0.091066
vt 0.949764 0.097202
vt 0.935370 0.120144
vt 0.944409 0.125559
vt 0.939081 0.136105
vt 0.469084 0.907654
vt 0.747215 0.728560
vt 0.734991 0.713644
vt 0.100921 0.761097
vt 0.474335 0.915292
vt 0.737797 0.727702
vt 0.909634 0.734511
vt 0.460884 0.901132
vt 0.720740 0.720701
vt 0.463833 0.911982
vt 0.731039 0.727459
vt 0.719994 0.727870
vt 0.290326 0.965808
vt 0.301144 0.965347
vt 0.722167 0.709281
vt 0.466568 0.924705
vt 0.106073 0.768655
vt 0.099513 0.771693
vt 0.840354 0.564839
vt 0.846105 0.561900
vt 0.459264 0.915452
vt 0.843840 0.566592
vt 0.458682 0.935809
vt 0.454346 0.925345
vt 0.843361 0.567086
vt 0.960235 0.596138
vt 0.964076 0.587748
vt 0.960463 0.588283
vt 0.299732 0.973687
vt 0.843585 0.567260
vt 0.617540 0.882587
vt 0.616388 0.886357
vt 0.612528 0.881459
vt 0.970430 0.592160
vt 0.310757 0.977704
vt 0.263821 0.470573
vt 0.967731 0.586500
vt 0.294742 0.978378
vt 0.617661 0.882053
vt 0.262252 0.495918
vt 0.262189 0.495937
vt 0.262157 0.495379
vt 0.262157 0.495946
vt 0.932995 0.160870
vt 0.927370 0.156081
vt 0.936721 0.151310
vt 0.602569 0.886625
vt 0.443569 0.624005
vt 0.447132 0.619879
vt 0.454481 0.621494
vt 0.461619 0.870113
vt 0.925221 0.167863
vt 0.852547 0.554347
vt 0.617054 0.893139
vt 0.610595 0.892701
vt 0.860927 0.551071
vt 0.914073 0.175313
vt 0.918603 0.166569
vt 0.923028 0.173112
vt 0.454719 0.866947
vt 0.088673 0.744310
vt 0.082337 0.739802
vt 0.463363 0.632095
vt 0.855458 0.766184
vt 0.857464 0.758415
vt 0.441014 0.609008
vt 0.445400 0.607878
vt 0.443773 0.613160
vt 0.956820 0.593912
vt 0.085848 0.748467
vt 0.081843 0.754636
vt 0.460196 0.892432
vt 0.902709 0.731478
vt 0.895821 0.731854
vt 0.894598 0.724756
vt 0.903963 0.737808
vt 0.944566 0.857783
vt 0.943084 0.862940
vt 0.935677 0.860882
vt 0.456633 0.884482
vt 0.950138 0.862873
vt 0.950599 0.594064
vt 0.951613 0.589236
vt 0.093526 0.748151
vt 0.449384 0.612337
vt 0.078566 0.744208
vt 0.956248 0.585242
vt 0.455970 0.615138
vt 0.451312 0.886081
vt 0.909626 0.743677
vt 0.082946 0.764240
vt 0.938159 0.872928
vt 0.936989 0.866850
vt 0.953979 0.871016
vt 0.952012 0.608357
vt 0.952494 0.614002
vt 0.462041 0.624778
vt 0.444244 0.871718
vt 0.629825 0.763356
vt 0.625296 0.760699
vt 0.630830 0.754227
vt 0.948079 0.613546
vt 0.956841 0.866751
vt 0.439281 0.873990
vt 0.950548 0.877315
vt 0.941895 0.881879
vt 0.948772 0.620565
vt 0.433448 0.872292
vt 0.947138 0.884748
vt 0.438039 0.629334
vt 0.432855 0.631246
vt 0.944578 0.891985
vt 0.942383 0.900355
vt 0.931931 0.899648
vt 0.432658 0.620555
vt 0.436759 0.618629
vt 0.439722 0.619465
vt 0.940718 0.912078
vt 0.444973 0.888537
vt 0.429007 0.627429
vt 0.947757 0.606537
vt 0.925626 0.924442
vt 0.940586 0.923219
vt 0.835522 0.156273
vt 0.841724 0.159188
vt 0.835014 0.163175
vt 0.841475 0.166904
vt 0.441347 0.889090
vt 0.942345 0.935864
vt 0.932911 0.938541
vt 0.433763 0.889947
vt 0.828969 0.154860
vt 0.827425 0.160131
vt 0.929145 0.139881
vt 0.930646 0.130089
vt 0.925409 0.145292
vt 0.919838 0.132018
vt 0.429224 0.617460
vt 0.426818 0.621280
vt 0.934226 0.109502
vt 0.421388 0.635192
vt 0.422434 0.625087
vt 0.937310 0.097151
vt 0.948034 0.625212
vt 0.845685 0.163658
vt 0.836668 0.696560
vt 0.829150 0.712661
vt 0.825117 0.702056
vt 0.839284 0.709970
vt 0.843714 0.693213
vt 0.426442 0.878303
vt 0.436188 0.612837
vt 0.812962 0.708266
vt 0.818353 0.694629
vt 0.431838 0.610671
vt 0.815268 0.717776
vt 0.671917 0.758031
vt 0.933742 0.084935
vt 0.932823 0.091282
vt 0.845640 0.174394
vt 0.929652 0.103056
vt 0.436536 0.606580
vt 0.927589 0.094386
vt 0.453883 0.896023
vt 0.453068 0.904356
vt 0.945120 0.599772
vt 0.946730 0.595708
vt 0.922811 0.106255
vt 0.846263 0.664411
vt 0.838680 0.661294
vt 0.842585 0.651514
vt 0.921278 0.097897
vt 0.914861 0.109201
vt 0.913739 0.102536
vt 0.427256 0.611753
vt 0.849010 0.654131
vt 0.840713 0.670588
vt 0.833539 0.668939
vt 0.429835 0.604558
vt 0.433002 0.604307
vt 0.428671 0.607551
vt 0.448451 0.895224
vt 0.920328 0.085900
vt 0.945212 0.588764
vt 0.865778 0.677588
vt 0.859540 0.682646
vt 0.858238 0.675514
vt 0.838635 0.680999
vt 0.915082 0.089741
vt 0.924865 0.119264
vt 0.822488 0.157728
vt 0.816916 0.163542
vt 0.818286 0.156582
vt 0.423522 0.617729
vt 0.848406 0.672705
vt 0.849849 0.679432
vt 0.916956 0.118862
vt 0.821809 0.165171
vt 0.829582 0.167893
vt 0.911495 0.131487
vt 0.940873 0.328643
vt 0.854506 0.691065
vt 0.849809 0.702246
vt 0.907422 0.113980
vt 0.811173 0.160400
vt 0.444435 0.898626
vt 0.444945 0.907559
vt 0.904295 0.124662
vt 0.449984 0.917501
vt 0.439125 0.906188
vt 0.440275 0.917411
vt 0.081930 0.734611
vt 0.077801 0.735776
vt 0.437219 0.899322
vt 0.422677 0.614502
vt 0.857347 0.665406
vt 0.855032 0.655952
vt 0.859985 0.657916
vt 0.424249 0.608747
vt 0.861751 0.667642
vt 0.839720 0.769450
vt 0.851922 0.776213
vt 0.845258 0.781918
vt 0.908917 0.101429
vt 0.840887 0.782204
vt 0.905345 0.105309
vt 0.121664 0.104174
vt 0.117019 0.118368
vt 0.838775 0.776471
vt 0.130845 0.109413
vt 0.127345 0.118704
vt 0.909249 0.092265
vt 0.259913 0.512966
vt 0.259913 0.508623
vt 0.263538 0.509728
vt 0.725464 0.574083
vt 0.730776 0.579530
vt 0.721052 0.574645
vt 0.121577 0.127784
vt 0.126734 0.955466
vt 0.127953 0.944855
vt 0.134837 0.950386
vt 0.945399 0.334337
vt 0.868335 0.766871
vt 0.865427 0.771705
vt 0.864588 0.760218
vt 0.904610 0.094733
vt 0.866294 0.669926
vt 0.128704 0.934631
vt 0.136671 0.938400
vt 0.143337 0.948436
vt 0.864375 0.658693
vt 0.868553 0.640610
vt 0.869507 0.660541
vt 0.871311 0.668875
vt 0.861143 0.762260
vt 0.858340 0.774237
vt 0.149520 0.947073
vt 0.159176 0.945736
vt 0.158010 0.955867
vt 0.419082 0.624729
vt 0.144276 0.932968
vt 0.153925 0.937040
vt 0.139629 0.962712
vt 0.149567 0.961804
vt 0.415446 0.633362
vt 0.081105 0.144967
vt 0.750670 0.596082
vt 0.744699 0.592882
vt 0.853283 0.665817
vt 0.901246 0.113046
vt 0.898452 0.106447
vt 0.901195 0.095491
vt 0.883777 0.078061
vt 0.883997 0.098630
vt 0.878540 0.079147
vt 0.862379 0.777463
vt 0.739897 0.591602
vt 0.896469 0.097002
vt 0.897699 0.085067
vt 0.961299 0.580979
vt 0.089195 0.143020
vt 0.098334 0.140897
vt 0.828801 0.675822
vt 0.828009 0.686311
vt 0.818966 0.679872
vt 0.877892 0.098248
vt 0.875220 0.097616
vt 0.419739 0.615810
vt 0.824312 0.665292
vt 0.818067 0.670422
vt 0.739983 0.585504
vt 0.735163 0.585543
vt 0.110901 0.138117
vt 0.111617 0.132190
vt 0.889801 0.080019
vt 0.891250 0.097702
vt 0.120085 0.820363
vt 0.126734 0.812918
vt 0.124018 0.831272
vt 0.959392 0.575755
vt 0.866569 0.544727
vt 0.585167 0.292515
vt 0.592284 0.301314
vt 0.587637 0.303560
vt 0.870885 0.773066
vt 0.920210 0.152795
vt 0.913871 0.155858
vt 0.954109 0.574654
vt 0.913907 0.143485
vt 0.904404 0.150604
vt 0.591792 0.291418
vt 0.134619 0.963842
vt 0.725872 0.580312
vt 0.730532 0.588476
vt 0.894635 0.139587
vt 0.903210 0.136311
vt 0.121272 0.805401
vt 0.910450 0.165269
vt 0.901619 0.160739
vt 0.908151 0.171222
vt 0.108235 0.811378
vt 0.114536 0.804088
vt 0.112704 0.821480
vt 0.592284 0.282167
vt 0.816072 0.661429
vt 0.830648 0.658675
vt 0.867619 0.552392
vt 0.901038 0.173524
vt 0.898515 0.165327
vt 0.907985 0.178483
vt 0.874785 0.783341
vt 0.875985 0.776104
vt 0.895326 0.148644
vt 0.868578 0.783723
vt 0.885768 0.147625
vt 0.861492 0.794415
vt 0.120125 0.831626
vt 0.891193 0.154871
vt 0.885936 0.138032
vt 0.897222 0.127313
vt 0.891468 0.128499
vt 0.877682 0.135973
vt 0.896553 0.115678
vt 0.850746 0.788082
vt 0.718465 0.582223
vt 0.119643 0.839179
vt 0.723581 0.588820
vt 0.305466 0.985497
vt 0.854972 0.791764
vt 0.638333 0.759119
vt 0.634838 0.754249
vt 0.639520 0.753726
vt 0.889553 0.117006
vt 0.883921 0.125267
vt 0.114822 0.831865
vt 0.638444 0.749328
vt 0.892214 0.107494
vt 0.314011 0.990749
vt 0.633072 0.759133
vt 0.352748 0.889198
vt 0.364747 0.895013
vt 0.358579 0.898632
vt 0.742181 0.879599
vt 0.748145 0.881872
vt 0.743591 0.891408
vt 0.347091 0.889095
vt 0.313011 0.995828
vt 0.950351 0.582459
vt 0.319096 0.984506
vt 0.324979 0.988245
vt 0.951736 0.578535
vt 0.449326 0.934546
vt 0.456062 0.947784
vt 0.447185 0.943634
vt 0.112440 0.849597
vt 0.113665 0.841789
vt 0.945120 0.581031
vt 0.886640 0.106793
vt 0.884467 0.116758
vt 0.881820 0.108961
vt 0.858187 0.700984
vt 0.201594 0.943594
vt 0.194159 0.930870
vt 0.198351 0.927094
vt 0.298743 0.991547
vt 0.852633 0.715865
vt 0.862632 0.709062
vt 0.863204 0.718747
vt 0.364396 0.908017
vt 0.349707 0.902745
vt 0.107072 0.831061
vt 0.866434 0.697269
vt 0.104901 0.840935
vt 0.871145 0.709812
vt 0.872807 0.720144
vt 0.874131 0.699451
vt 0.194627 0.939473
vt 0.877909 0.705307
vt 0.350746 0.896906
vt 0.197699 0.953189
vt 0.203508 0.953192
vt 0.865036 0.729464
vt 0.878768 0.717327
vt 0.849896 0.727041
vt 0.844584 0.717395
vt 0.836124 0.725107
vt 0.830017 0.728549
vt 0.878566 0.130750
vt 0.321522 0.996299
vt 0.634788 0.764006
vt 0.879511 0.116416
vt 0.353228 0.910047
vt 0.808705 0.170275
vt 0.345064 0.907668
vt 0.938287 0.289006
vt 0.804128 0.169669
vt 0.802804 0.164872
vt 0.192027 0.956863
vt 0.191264 0.948213
vt 0.840259 0.734614
vt 0.637922 0.766324
vt 0.947816 0.572847
vt 0.101597 0.828284
vt 0.873979 0.119303
vt 0.877606 0.773093
vt 0.881839 0.783049
vt 0.881229 0.791305
vt 0.876119 0.108200
vt 0.125619 0.840532
vt 0.102731 0.819615
vt 0.183758 0.925249
vt 0.187387 0.936600
vt 0.181004 0.932699
vt 0.187148 0.919741
vt 0.633682 0.770339
vt 0.122915 0.851667
vt 0.126734 0.860136
vt 0.124587 0.865358
vt 0.873352 0.793037
vt 0.118381 0.848225
vt 0.937103 0.294534
vt 0.945851 0.296389
vt 0.933893 0.300686
vt 0.855307 0.732872
vt 0.346890 0.916057
vt 0.336203 0.911085
vt 0.877379 0.795231
vt 0.184467 0.951598
vt 0.624208 0.769905
vt 0.627751 0.773086
vt 0.892381 0.164557
vt 0.923599 0.866565
vt 0.925382 0.861610
vt 0.794728 0.175789
vt 0.793276 0.169335
vt 0.922248 0.872263
vt 0.913050 0.878141
vt 0.923185 0.882287
vt 0.932354 0.878433
vt 0.914441 0.888558
vt 0.905922 0.872861
vt 0.913170 0.867368
vt 0.335869 0.915359
vt 0.751209 0.881940
vt 0.748097 0.896752
vt 0.930884 0.888973
vt 0.948502 0.303546
vt 0.186911 0.964904
vt 0.182522 0.964323
vt 0.887366 0.797431
vt 0.078311 0.802253
vt 0.066246 0.796176
vt 0.075074 0.793388
vt 0.104069 0.797375
vt 0.097643 0.799668
vt 0.860803 0.740936
vt 0.851888 0.744670
vt 0.627899 0.778656
vt 0.633190 0.777095
vt 0.844121 0.741412
vt 0.114218 0.790949
vt 0.348378 0.926879
vt 0.982936 0.634319
vt 0.980115 0.639319
vt 0.896604 0.883326
vt 0.904869 0.887398
vt 0.892363 0.897407
vt 0.900877 0.897606
vt 0.908569 0.899476
vt 0.174778 0.954014
vt 0.176508 0.963494
vt 0.108273 0.789873
vt 0.114805 0.860233
vt 0.109843 0.868809
vt 0.104719 0.861578
vt 0.896176 0.906735
vt 0.922408 0.894760
vt 0.984698 0.642055
vt 0.915361 0.905057
vt 0.924965 0.910944
vt 0.167779 0.941506
vt 0.168557 0.930868
vt 0.177017 0.939614
vt 0.914236 0.922386
vt 0.905718 0.913728
vt 0.165081 0.950317
vt 0.093514 0.867416
vt 0.096800 0.856656
vt 0.360584 0.919673
vt 0.872395 0.679114
vt 0.866174 0.686907
vt 0.875569 0.689541
vt 0.649875 0.750044
vt 0.649344 0.754014
vt 0.646693 0.750245
vt 0.156979 0.961832
vt 0.167430 0.962566
vt 0.878788 0.680192
vt 0.098316 0.785397
vt 0.986794 0.634195
vt 0.979862 0.646576
vt 0.876760 0.669458
vt 0.091256 0.778746
vt 0.088048 0.796453
vt 0.110651 0.778877
vt 0.104627 0.779804
vt 0.573199 0.773103
vt 0.570900 0.767801
vt 0.579427 0.766851
vt 0.578716 0.760370
vt 0.873776 0.648206
vt 0.642895 0.748912
vt 0.974882 0.643765
vt 0.971703 0.646305
vt 0.644146 0.752489
vt 0.415517 0.872908
vt 0.420391 0.877645
vt 0.590139 0.759508
vt 0.592600 0.753909
vt 0.600949 0.755141
vt 0.608804 0.753341
vt 0.641617 0.756804
vt 0.695102 0.746022
vt 0.690999 0.742039
vt 0.696667 0.754013
vt 0.883190 0.669538
vt 0.006378 0.094143
vt 0.010136 0.085811
vt 0.010089 0.089518
vt 0.646935 0.755517
vt 0.644385 0.758025
vt 0.882540 0.679600
vt 0.586640 0.751084
vt 0.890845 0.429606
vt 0.887910 0.438551
vt 0.885221 0.430118
vt 0.596227 0.747090
vt 0.577156 0.755126
vt 0.568689 0.762153
vt 0.884641 0.421244
vt 0.092695 0.811404
vt 0.410907 0.869357
vt 0.090371 0.827036
vt 0.081637 0.824657
vt 0.889123 0.417852
vt 0.882502 0.410825
vt 0.897081 0.428238
vt 0.895932 0.438536
vt 0.896077 0.417170
vt 0.903431 0.422406
vt 0.900939 0.438230
vt 0.976730 0.649395
vt 0.906060 0.431589
vt 0.699130 0.750447
vt 0.083186 0.782950
vt 0.704344 0.758821
vt 0.705279 0.754999
vt 0.701349 0.748206
vt 0.884412 0.690276
vt 0.992086 0.640012
vt 0.988349 0.646084
vt 0.617661 0.752596
vt 0.608792 0.748091
vt 0.095777 0.845741
vt 0.103671 0.849612
vt 0.373442 0.903187
vt 0.983758 0.649100
vt 0.088092 0.845807
vt 0.083504 0.858412
vt 0.009706 0.116742
vt 0.003420 0.113629
vt 0.005079 0.104563
vt 0.883695 0.700747
vt 0.004931 0.123694
vt 0.884237 0.711089
vt 0.366670 0.917879
vt 0.378004 0.901021
vt 0.386075 0.911471
vt 0.375931 0.909315
vt 0.377315 0.918054
vt 0.358694 0.925901
vt 0.369397 0.929532
vt 0.010077 0.097951
vt 0.335044 0.923744
vt 0.995379 0.649993
vt 0.991333 0.651705
vt 0.359276 0.936250
vt 0.012863 0.107133
vt 0.350160 0.940836
vt 0.356262 0.948799
vt 0.427157 0.889710
vt 0.422687 0.888876
vt 0.713632 0.764324
vt 0.089480 0.834917
vt 0.079884 0.836958
vt 0.071463 0.830643
vt 0.983093 0.654084
vt 0.343026 0.934150
vt 0.095019 0.839005
vt 0.707440 0.753308
vt 0.642109 0.761796
vt 0.417698 0.887276
vt 0.333924 0.932867
vt 0.020254 0.114852
vt 0.415028 0.885913
vt 0.005089 0.133840
vt 0.000000 0.126233
vt 0.874574 0.731852
vt 0.013676 0.136041
vt 0.010444 0.142360
vt 0.069939 0.838690
vt 0.688630 0.754368
vt 0.692916 0.759861
vt 0.862897 0.749317
vt 0.856733 0.750253
vt 0.869814 0.734097
vt 0.331226 0.946113
vt 0.338670 0.941043
vt 0.871347 0.743904
vt 0.741577 0.902617
vt 0.735583 0.893837
vt 0.420155 0.898527
vt 0.334851 0.956796
vt 0.327880 0.955593
vt 0.081593 0.869731
vt 0.067364 0.860838
vt 0.916479 0.938119
vt 0.077396 0.849346
vt 0.646051 0.761134
vt 0.059430 0.847205
vt 0.681898 0.762501
vt 0.676858 0.763564
vt 0.734598 0.904606
vt 0.727867 0.910524
vt 0.734584 0.912032
vt 0.136735 0.882333
vt 0.130354 0.069037
vt 0.128043 0.071342
vt 0.131211 0.895181
vt 0.646263 0.764246
vt 0.642160 0.765228
vt 0.143172 0.879638
vt 0.143685 0.889306
vt 0.760529 0.840149
vt 0.766201 0.848844
vt 0.755112 0.846326
vt 0.688772 0.764794
vt 0.751209 0.838403
vt 0.345603 0.950898
vt 0.358079 0.958763
vt 0.349038 0.960596
vt 0.343453 0.965094
vt 0.857971 0.758415
vt 0.707386 0.769391
vt 0.700735 0.761990
vt 0.774280 0.862408
vt 0.774728 0.851039
vt 0.779647 0.860597
vt 0.881553 0.723270
vt 0.766456 0.855228
vt 0.700070 0.767299
vt 0.138789 0.891581
vt 0.712900 0.769595
vt 0.725500 0.909875
vt 0.389040 0.923479
vt 0.385101 0.930544
vt 0.389352 0.917557
vt 0.907189 0.440155
vt 0.756966 0.852407
vt 0.140083 0.899408
vt 0.132577 0.903320
vt 0.134024 0.077915
vt 0.912914 0.434769
vt 0.913755 0.425983
vt 0.133340 0.067242
vt 0.648446 0.758716
vt 0.394729 0.931948
vt 0.392510 0.937051
vt 0.918771 0.436083
vt 0.377259 0.927226
vt 0.373818 0.936926
vt 0.382667 0.939537
vt 0.059018 0.831314
vt 0.378526 0.948576
vt 0.383577 0.949236
vt 0.391409 0.945496
vt 0.767596 0.864731
vt 0.758241 0.859781
vt 0.056935 0.823060
vt 0.366936 0.948081
vt 0.772416 0.874688
vt 0.367161 0.959361
vt 0.758730 0.868458
vt 0.695147 0.772916
vt 0.411857 0.883736
vt 0.764502 0.874510
vt 0.409937 0.890992
vt 0.414497 0.896289
vt 0.701264 0.777483
vt 0.989873 0.657971
vt 0.561718 0.792498
vt 0.559983 0.785289
vt 0.566618 0.782118
vt 0.144654 0.894999
vt 0.151833 0.903102
vt 0.145698 0.902586
vt 0.552315 0.797652
vt 0.559111 0.801253
vt 0.549410 0.807924
vt 0.721402 0.781014
vt 0.408417 0.881008
vt 0.557640 0.813880
vt 0.144231 0.906834
vt 0.012457 0.125900
vt 0.021124 0.129652
vt 0.021226 0.143496
vt 0.037005 0.137432
vt 0.028499 0.137086
vt 0.722470 0.776351
vt 0.546459 0.827206
vt 0.548702 0.838064
vt 0.544116 0.832749
vt 0.544285 0.841764
vt 0.074415 0.821203
vt 0.064822 0.816667
vt 0.443997 0.928240
vt 0.033946 0.147995
vt 0.026641 0.151820
vt 0.433921 0.907742
vt 0.432863 0.918911
vt 0.435525 0.929433
vt 0.713825 0.777652
vt 0.757760 0.878315
vt 0.045209 0.144587
vt 0.426935 0.919046
vt 0.706194 0.782463
vt 0.549928 0.819406
vt 0.543247 0.820973
vt 0.431964 0.898642
vt 0.714918 0.788525
vt 0.543859 0.809404
vt 0.426212 0.898737
vt 0.764867 0.884541
vt 0.055183 0.811772
vt 0.754940 0.889042
vt 0.722418 0.794211
vt 0.728140 0.798630
vt 0.761628 0.896693
vt 0.751209 0.898088
vt 0.537775 0.826993
vt 0.538051 0.833085
vt 0.050834 0.799522
vt 0.050763 0.807826
vt 0.426769 0.907903
vt 0.988007 0.622704
vt 0.047646 0.817363
vt 0.419803 0.914549
vt 0.421649 0.906550
vt 0.426616 0.931348
vt 0.418110 0.927674
vt 0.877918 0.637264
vt 0.166989 0.914926
vt 0.158800 0.909944
vt 0.164017 0.902947
vt 0.158661 0.923993
vt 0.176440 0.914529
vt 0.173628 0.922177
vt 0.416620 0.905001
vt 0.873600 0.625758
vt 0.648508 0.762530
vt 0.650884 0.758526
vt 0.994671 0.623372
vt 0.992506 0.631309
vt 0.869895 0.621021
vt 0.864459 0.627739
vt 0.879686 0.620573
vt 0.550228 0.848139
vt 0.151594 0.894125
vt 0.411045 0.905978
vt 0.939593 0.084098
vt 0.941911 0.079915
vt 0.947385 0.085239
vt 0.157171 0.898293
vt 0.413374 0.918030
vt 0.150399 0.914600
vt 0.992398 0.606249
vt 0.838090 0.765916
vt 0.830830 0.774168
vt 0.995950 0.613323
vt 0.046865 0.826903
vt 0.546369 0.796425
vt 0.553697 0.787218
vt 0.063802 0.786222
vt 0.075050 0.766584
vt 0.076091 0.779214
vt 0.065095 0.770606
vt 0.872962 0.609316
vt 0.865292 0.615692
vt 0.127108 0.092074
vt 0.560986 0.776600
vt 0.129331 0.097469
vt 0.868925 0.602419
vt 0.862946 0.604012
vt 0.859185 0.225779
vt 0.864113 0.218772
vt 0.867116 0.226122
vt 0.051348 0.757324
vt 0.049538 0.762765
vt 0.042405 0.761784
vt 0.866250 0.231821
vt 0.052658 0.774276
vt 0.059422 0.764269
vt 0.871446 0.210716
vt 0.873446 0.219366
vt 0.858339 0.596254
vt 0.864305 0.590294
vt 0.880180 0.392237
vt 0.876766 0.395462
vt 0.876766 0.382277
vt 0.127311 0.082543
vt 0.867031 0.595022
vt 0.873080 0.596376
vt 0.134623 0.087292
vt 0.885792 0.209065
vt 0.131680 0.912213
vt 0.138685 0.907749
vt 0.549113 0.786859
vt 0.138538 0.092812
vt 0.137696 0.101037
vt 0.881937 0.399317
vt 0.070215 0.761545
vt 0.135127 0.917612
vt 0.134298 0.925855
vt 0.144296 0.921373
vt 0.560320 0.770142
vt 0.858112 0.234356
vt 0.886325 0.404239
vt 0.890558 0.410014
vt 0.870714 0.588137
vt 0.878890 0.602740
vt 0.877397 0.595465
vt 0.832206 0.782867
vt 0.824569 0.788794
vt 0.834022 0.791532
vt 0.154378 0.925993
vt 0.890126 0.399930
vt 0.885468 0.391401
vt 0.875037 0.589501
vt 0.059230 0.781084
vt 0.046328 0.785898
vt 0.872837 0.205093
vt 0.885005 0.202628
vt 0.827658 0.798064
vt 0.549530 0.779897
vt 0.556785 0.776576
vt 0.435964 0.938172
vt 0.440788 0.947782
vt 0.884122 0.384293
vt 0.041466 0.802746
vt 0.880607 0.379011
vt 0.886023 0.374792
vt 0.879112 0.369731
vt 0.878179 0.612770
vt 0.888495 0.382001
vt 0.882401 0.605770
vt 0.890898 0.387352
vt 0.894349 0.392925
vt 0.039761 0.777330
vt 0.883191 0.220995
vt 0.028451 0.042445
vt 0.899847 0.200236
vt 0.818622 0.806064
vt 0.039393 0.031928
vt 0.044300 0.035761
vt 0.539803 0.802262
vt 0.541710 0.793884
vt 0.901785 0.208582
vt 0.045646 0.026569
vt 0.038837 0.027537
vt 0.947371 0.370568
vt 0.044132 0.754319
vt 0.879191 0.231993
vt 0.043382 0.021017
vt 0.049988 0.017214
vt 0.538396 0.814360
vt 0.053619 0.020657
vt 0.052013 0.027850
vt 0.890151 0.231166
vt 0.867180 0.240890
vt 0.863420 0.245294
vt 0.526464 0.821503
vt 0.874578 0.237372
vt 0.530724 0.809532
vt 0.531507 0.799031
vt 0.995331 0.658226
vt 0.835901 0.617197
vt 0.837124 0.628462
vt 0.823678 0.643103
vt 0.875671 0.251487
vt 0.879539 0.245793
vt 0.867650 0.255099
vt 0.874587 0.259465
vt 0.860460 0.247234
vt 0.728661 0.784131
vt 0.731056 0.794370
vt 0.884389 0.367925
vt 0.894340 0.363366
vt 0.861363 0.644907
vt 0.854244 0.639937
vt 0.891255 0.356064
vt 0.523133 0.805275
vt 0.872870 0.264383
vt 0.845665 0.638761
vt 0.837213 0.649168
vt 0.843057 0.625610
vt 0.885769 0.244435
vt 0.895315 0.407697
vt 0.898935 0.373220
vt 0.833195 0.647246
vt 0.887465 0.237869
vt 0.895754 0.384557
vt 0.653891 0.752033
vt 0.650569 0.747090
vt 0.655237 0.748061
vt 0.653060 0.754648
vt 0.897131 0.215887
vt 0.898262 0.398938
vt 0.851536 0.622018
vt 0.893498 0.223304
vt 0.658147 0.752560
vt 0.857660 0.625440
vt 0.903242 0.384848
vt 0.908100 0.394299
vt 0.902978 0.403588
vt 0.908405 0.198869
vt 0.657060 0.757780
vt 0.826990 0.644648
vt 0.900046 0.410008
vt 0.897138 0.416269
vt 0.907086 0.209445
vt 0.653467 0.758429
vt 0.900340 0.223962
vt 0.906971 0.407187
vt 0.905707 0.415906
vt 0.904642 0.216920
vt 0.810765 0.658308
vt 0.811766 0.650072
vt 0.816984 0.651632
vt 0.651275 0.760858
vt 0.912176 0.418369
vt 0.909265 0.423117
vt 0.806220 0.653681
vt 0.910076 0.408752
vt 0.907875 0.221125
vt 0.914537 0.410923
vt 0.913988 0.395692
vt 0.818057 0.639837
vt 0.898100 0.230062
vt 0.830090 0.621171
vt 0.822308 0.628112
vt 0.917272 0.402119
vt 0.837852 0.174279
vt 0.807149 0.646430
vt 0.812393 0.637072
vt 0.850419 0.171387
vt 0.853298 0.183328
vt 0.922183 0.401762
vt 0.919701 0.412183
vt 0.827469 0.653311
vt 0.653778 0.763977
vt 0.846923 0.187616
vt 0.651188 0.763342
vt 0.897299 0.344556
vt 0.899696 0.347440
vt 0.820376 0.654283
vt 0.904929 0.340161
vt 0.903134 0.357501
vt 0.827623 0.181189
vt 0.822405 0.174153
vt 0.809499 0.175447
vt 0.834209 0.181207
vt 0.649170 0.766203
vt 0.907787 0.369461
vt 0.913911 0.382400
vt 0.913336 0.370305
vt 0.838319 0.192134
vt 0.908247 0.354687
vt 0.818748 0.188200
vt 0.852327 0.608397
vt 0.844107 0.609871
vt 0.914826 0.360440
vt 0.851817 0.597528
vt 0.920998 0.372558
vt 0.655459 0.761164
vt 0.921151 0.382039
vt 0.830141 0.198578
vt 0.841875 0.602069
vt 0.923314 0.388102
vt 0.813392 0.181026
vt 0.799697 0.181780
vt 0.928399 0.386902
vt 0.928805 0.397364
vt 0.657981 0.763609
vt 0.853538 0.586511
vt 0.858642 0.585658
vt 0.848837 0.592041
vt 0.841692 0.594566
vt 0.849820 0.585023
vt 0.654938 0.769389
vt 0.830870 0.610428
vt 0.934967 0.387386
vt 0.940051 0.385261
vt 0.831402 0.603533
vt 0.472244 0.819612
vt 0.464667 0.813277
vt 0.055049 0.859042
vt 0.045110 0.852174
vt 0.858910 0.613174
vt 0.324979 0.961081
vt 0.331035 0.965756
vt 0.359568 0.969932
vt 0.339241 0.972471
vt 0.006643 0.820074
vt 0.012127 0.809422
vt 0.017508 0.818253
vt 0.008883 0.833199
vt 0.017634 0.833342
vt 0.352648 0.973032
vt 0.000000 0.828234
vt 0.037138 0.806104
vt 0.038713 0.816329
vt 0.810882 0.199331
vt 0.803924 0.191511
vt 0.820002 0.623559
vt 0.822407 0.199973
vt 0.032285 0.813611
vt 0.047209 0.838324
vt 0.037288 0.841216
vt 0.031381 0.828592
vt 0.025660 0.841442
vt 0.023417 0.811483
vt 0.290857 0.895829
vt 0.652255 0.767934
vt 0.272467 0.900422
vt 0.281797 0.894215
vt 0.811069 0.210763
vt 0.821047 0.213324
vt 0.267860 0.894026
vt 0.946281 0.948069
vt 0.950303 0.955975
vt 0.939912 0.951951
vt 0.263821 0.901663
vt 0.670860 0.770464
vt 0.264531 0.910425
vt 0.478417 0.850105
vt 0.687812 0.772331
vt 0.925027 0.947506
vt 0.862967 0.583259
vt 0.868878 0.583441
vt 0.681142 0.779157
vt 0.676919 0.774812
vt 0.696964 0.787417
vt 0.689133 0.784801
vt 0.943968 0.962443
vt 0.956841 0.965217
vt 0.874773 0.583573
vt 0.928626 0.957368
vt 0.032798 0.855865
vt 0.866958 0.576983
vt 0.870442 0.580108
vt 0.862476 0.578497
vt 0.589357 0.268045
vt 0.590399 0.275240
vt 0.583894 0.270839
vt 0.870773 0.576731
vt 0.702822 0.796359
vt 0.712022 0.799734
vt 0.861916 0.575563
vt 0.015632 0.845695
vt 0.004459 0.840487
vt 0.590399 0.251429
vt 0.589175 0.261269
vt 0.581771 0.257402
vt 0.693852 0.801291
vt 0.686981 0.796970
vt 0.023779 0.858579
vt 0.874916 0.579569
vt 0.720266 0.803781
vt 0.701011 0.815898
vt 0.712096 0.815424
vt 0.923071 0.420314
vt 0.920889 0.427531
vt 0.062577 0.005456
vt 0.058075 0.007975
vt 0.060431 0.004029
vt 0.917293 0.419242
vt 0.053114 0.010703
vt 0.055188 0.013083
vt 0.637581 0.773783
vt 0.879101 0.589254
vt 0.669255 0.784043
vt 0.927308 0.412896
vt 0.854387 0.195876
vt 0.674829 0.793101
vt 0.929377 0.420959
vt 0.058014 0.013717
vt 0.668192 0.801176
vt 0.846068 0.201163
vt 0.640681 0.771018
vt 0.840135 0.220033
vt 0.855329 0.211971
vt 0.644225 0.768015
vt 0.926379 0.427166
vt 0.064133 0.007651
vt 0.679491 0.798626
vt 0.640035 0.775766
vt 0.646195 0.768431
vt 0.065425 0.010117
vt 0.934151 0.411876
vt 0.933192 0.403143
vt 0.864557 0.573425
vt 0.834578 0.218191
vt 0.827793 0.215506
vt 0.868568 0.572847
vt 0.937350 0.410665
vt 0.939323 0.400152
vt 0.445199 0.785809
vt 0.444207 0.782398
vt 0.447724 0.784425
vt 0.387838 0.957649
vt 0.926854 0.433465
vt 0.931862 0.426276
vt 0.394262 0.952786
vt 0.680861 0.817598
vt 0.673686 0.816834
vt 0.692966 0.816709
vt 0.686488 0.817266
vt 0.871130 0.574308
vt 0.396866 0.959056
vt 0.935973 0.419269
vt 0.706391 0.815887
vt 0.064614 0.002710
vt 0.649235 0.771408
vt 0.394500 0.965442
vt 0.068987 0.001889
vt 0.066969 0.003575
vt 0.644102 0.772142
vt 0.940600 0.408859
vt 0.942002 0.414598
vt 0.066870 0.000689
vt 0.590887 0.269596
vt 0.599467 0.273613
vt 0.590731 0.275044
vt 0.590399 0.265992
vt 0.599231 0.266645
vt 0.945213 0.406327
vt 0.695563 0.815980
vt 0.389297 0.969066
vt 0.387315 0.963540
vt 0.396866 0.970970
vt 0.690427 0.827709
vt 0.071524 0.000000
vt 0.647058 0.773151
vt 0.643679 0.777691
vt 0.945588 0.382587
vt 0.945317 0.396543
vt 0.698384 0.826404
vt 0.847770 0.223010
vt 0.033369 0.766455
vt 0.023743 0.768355
vt 0.034785 0.759035
vt 0.634708 0.780716
vt 0.071963 0.001359
vt 0.638124 0.782658
vt 0.856275 0.226636
vt 0.032816 0.775592
vt 0.031854 0.795663
vt 0.441606 0.783979
vt 0.855684 0.236030
vt 0.844941 0.229262
vt 0.847424 0.237459
vt 0.017804 0.779542
vt 0.641679 0.784611
vt 0.021691 0.785379
vt 0.020342 0.782358
vt 0.590399 0.280136
vt 0.010095 0.783116
vt 0.016096 0.775715
vt 0.013757 0.789413
vt 0.818283 0.222115
vt 0.023272 0.787383
vt 0.026826 0.790503
vt 0.826365 0.225596
vt 0.075185 0.000409
vt 0.837132 0.230826
vt 0.648436 0.777692
vt 0.376962 0.960885
vt 0.652294 0.774685
vt 0.369035 0.968875
vt 0.072757 0.001851
vt 0.381532 0.969409
vt 0.010154 0.798053
vt 0.006999 0.790946
vt 0.656920 0.773140
vt 0.016112 0.805127
vt 0.830545 0.234252
vt 0.841161 0.239364
vt 0.002667 0.803372
vt 0.834091 0.248289
vt 0.843404 0.254114
vt 0.073293 0.002465
vt 0.654301 0.781022
vt 0.650208 0.781695
vt 0.002895 0.812890
vt 0.668261 0.816392
vt 0.018895 0.796131
vt 0.646863 0.784604
vt 0.642549 0.789749
vt 0.024135 0.798050
vt 0.672755 0.830171
vt 0.666642 0.826954
vt 0.650334 0.788741
vt 0.027938 0.805879
vt 0.666364 0.835906
vt 0.719331 0.576768
vt 0.714514 0.572847
vt 0.682338 0.830070
vt 0.070098 0.005354
vt 0.695336 0.834539
vt 0.689188 0.834686
vt 0.673955 0.843177
vt 0.682616 0.836583
vt 0.713699 0.576946
vt 0.710678 0.581175
vt 0.071348 0.002815
vt 0.071516 0.002862
vt 0.708894 0.574328
vt 0.706439 0.576909
vt 0.682380 0.845332
vt 0.659629 0.767018
vt 0.855572 0.244437
vt 0.939511 0.066619
vt 0.936677 0.070831
vt 0.945627 0.076164
vt 0.072363 0.007603
vt 0.068129 0.012253
vt 0.932897 0.075296
vt 0.923977 0.061498
vt 0.930012 0.058291
vt 0.941372 0.063519
vt 0.853494 0.253828
vt 0.664737 0.846724
vt 0.701751 0.582305
vt 0.718572 0.590386
vt 0.263805 0.495301
vt 0.263654 0.498520
vt 0.263654 0.493312
vt 0.665173 0.861329
vt 0.918017 0.044424
vt 0.676040 0.860273
vt 0.851576 0.267568
vt 0.705455 0.588142
vt 0.712010 0.592893
vt 0.852824 0.282769
vt 0.703107 0.595139
vt 0.882266 0.264868
vt 0.928321 0.079471
vt 0.696855 0.592324
vt 0.076884 0.002080
vt 0.076125 0.004268
vt 0.884040 0.251576
vt 0.924784 0.082472
vt 0.658605 0.780140
vt 0.894218 0.240295
vt 0.891462 0.249718
vt 0.917143 0.062057
vt 0.912996 0.072134
vt 0.699616 0.577016
vt 0.694752 0.583043
vt 0.883280 0.258177
vt 0.906928 0.073269
vt 0.886477 0.264258
vt 0.654337 0.788761
vt 0.913562 0.047768
vt 0.889023 0.257796
vt 0.076997 0.007875
vt 0.894029 0.261149
vt 0.895545 0.254028
vt 0.905781 0.050192
vt 0.686549 0.586525
vt 0.690080 0.589477
vt 0.900008 0.055502
vt 0.902447 0.078893
vt 0.895937 0.068009
vt 0.890736 0.048794
vt 0.060134 0.022299
vt 0.063186 0.016527
vt 0.882061 0.271560
vt 0.890448 0.064531
vt 0.886785 0.269554
vt 0.738045 0.810155
vt 0.734027 0.811758
vt 0.739377 0.818602
vt 0.475705 0.642803
vt 0.729908 0.812220
vt 0.734751 0.820157
vt 0.068119 0.017932
vt 0.617661 0.768165
vt 0.619313 0.761229
vt 0.883058 0.056447
vt 0.886480 0.052464
vt 0.619605 0.774424
vt 0.888171 0.274807
vt 0.878562 0.055532
vt 0.873979 0.068682
vt 0.066481 0.025158
vt 0.743811 0.820597
vt 0.464843 0.623256
vt 0.929853 0.046553
vt 0.762432 0.466874
vt 0.764965 0.484478
vt 0.767329 0.470225
vt 0.766528 0.459406
vt 0.073626 0.012758
vt 0.526299 0.829250
vt 0.920270 0.035116
vt 0.073246 0.019326
vt 0.742135 0.829057
vt 0.746365 0.828805
vt 0.892396 0.270695
vt 0.517971 0.814917
vt 0.077730 0.014499
vt 0.776710 0.477484
vt 0.772203 0.463775
vt 0.080048 0.010188
vt 0.517297 0.824548
vt 0.771473 0.482330
vt 0.932272 0.043150
vt 0.921307 0.029310
vt 0.900935 0.267160
vt 0.897556 0.274273
vt 0.751209 0.842160
vt 0.744090 0.835635
vt 0.914295 0.030713
vt 0.893041 0.279640
vt 0.901814 0.284393
vt 0.619936 0.785549
vt 0.923875 0.025265
vt 0.916069 0.016304
vt 0.913989 0.022331
vt 0.774180 0.455169
vt 0.857224 0.579001
vt 0.907937 0.034150
vt 0.630818 0.785856
vt 0.625887 0.789312
vt 0.908091 0.025670
vt 0.898902 0.247524
vt 0.903942 0.229316
vt 0.900019 0.239513
vt 0.780095 0.468194
vt 0.782230 0.455636
vt 0.854423 0.577995
vt 0.913798 0.233198
vt 0.903242 0.257909
vt 0.848438 0.580868
vt 0.843878 0.587620
vt 0.910026 0.244259
vt 0.909523 0.254048
vt 0.902287 0.036242
vt 0.635567 0.792020
vt 0.896132 0.043794
vt 0.918111 0.249255
vt 0.628048 0.796394
vt 0.894721 0.030158
vt 0.891357 0.032108
vt 0.836925 0.591214
vt 0.908917 0.279152
vt 0.888030 0.037248
vt 0.913341 0.268578
vt 0.463225 0.803657
vt 0.458934 0.806656
vt 0.921381 0.261031
vt 0.883419 0.037483
vt 0.458070 0.799187
vt 0.920730 0.278568
vt 0.928240 0.271904
vt 0.645041 0.793506
vt 0.859458 0.573562
vt 0.723238 0.813789
vt 0.638137 0.796424
vt 0.642702 0.803702
vt 0.728962 0.820194
vt 0.716539 0.814896
vt 0.450127 0.788757
vt 0.455414 0.792451
vt 0.453385 0.795929
vt 0.447747 0.790876
vt 0.619171 0.796463
vt 0.723214 0.822870
vt 0.632447 0.802653
vt 0.628006 0.803447
vt 0.619828 0.803630
vt 0.881208 0.027230
vt 0.448456 0.798617
vt 0.444982 0.794354
vt 0.735438 0.829398
vt 0.623600 0.810124
vt 0.454021 0.805762
vt 0.450223 0.805610
vt 0.636962 0.805050
vt 0.627936 0.811400
vt 0.879323 0.038150
vt 0.738380 0.840559
vt 0.875316 0.049637
vt 0.728824 0.830083
vt 0.631047 0.815182
vt 0.119772 0.787489
vt 0.647981 0.796994
vt 0.724038 0.829892
vt 0.451010 0.785743
vt 0.729880 0.839877
vt 0.920663 0.572847
vt 0.924588 0.579942
vt 0.917494 0.579478
vt 0.925107 0.574730
vt 0.120541 0.775323
vt 0.116045 0.778600
vt 0.914974 0.587086
vt 0.911748 0.585412
vt 0.920811 0.586167
vt 0.931108 0.577161
vt 0.711068 0.822687
vt 0.715435 0.824246
vt 0.874246 0.039291
vt 0.931672 0.584864
vt 0.706679 0.826329
vt 0.443779 0.789070
vt 0.441517 0.786143
vt 0.709883 0.832627
vt 0.900968 0.332642
vt 0.703737 0.833876
vt 0.638508 0.814211
vt 0.910939 0.339667
vt 0.907776 0.326107
vt 0.718476 0.832998
vt 0.912257 0.328510
vt 0.722500 0.845894
vt 0.907364 0.596934
vt 0.713372 0.839821
vt 0.714576 0.853190
vt 0.441564 0.792155
vt 0.440347 0.789444
vt 0.731449 0.856950
vt 0.743622 0.846946
vt 0.750710 0.850393
vt 0.907535 0.290825
vt 0.914412 0.289137
vt 0.911506 0.320564
vt 0.779695 0.501371
vt 0.747030 0.858768
vt 0.914180 0.299116
vt 0.921339 0.299471
vt 0.924716 0.293115
vt 0.725272 0.858962
vt 0.734376 0.848774
vt 0.739738 0.857739
vt 0.915504 0.343677
vt 0.912201 0.353384
vt 0.744439 0.869956
vt 0.749623 0.867623
vt 0.736319 0.870009
vt 0.927664 0.284693
vt 0.915394 0.333020
vt 0.438843 0.785397
vt 0.784097 0.480224
vt 0.919140 0.334390
vt 0.704650 0.846053
vt 0.692167 0.842101
vt 0.697420 0.850674
vt 0.688248 0.857233
vt 0.783580 0.498890
vt 0.439011 0.787391
vt 0.917655 0.350867
vt 0.703235 0.859750
vt 0.708585 0.867943
vt 0.696764 0.867510
vt 0.689451 0.871953
vt 0.670716 0.875058
vt 0.681413 0.872325
vt 0.680380 0.882652
vt 0.698588 0.879384
vt 0.692272 0.888995
vt 0.788067 0.469558
vt 0.717805 0.868900
vt 0.727725 0.871348
vt 0.726244 0.884610
vt 0.735443 0.881715
vt 0.715614 0.881405
vt 0.728204 0.895812
vt 0.705919 0.880797
vt 0.711637 0.893990
vt 0.702478 0.893888
vt 0.788283 0.455811
vt 0.708216 0.904515
vt 0.701139 0.902178
vt 0.795347 0.453761
vt 0.797449 0.461929
vt 0.720778 0.897068
vt 0.716316 0.907153
vt 0.793750 0.468087
vt 0.806048 0.461424
vt 0.621656 0.822905
vt 0.627818 0.821603
vt 0.848632 0.303546
vt 0.858112 0.294225
vt 0.687339 0.897859
vt 0.677228 0.895231
vt 0.900617 0.600324
vt 0.903524 0.610654
vt 0.693594 0.899769
vt 0.867854 0.795680
vt 0.897733 0.609038
vt 0.866548 0.809567
vt 0.859510 0.819926
vt 0.817331 0.463869
vt 0.896744 0.621793
vt 0.626718 0.832065
vt 0.617661 0.833470
vt 0.861030 0.825077
vt 0.437075 0.786762
vt 0.872817 0.808612
vt 0.436183 0.789407
vt 0.739360 0.601752
vt 0.730391 0.599699
vt 0.871435 0.822523
vt 0.866636 0.821166
vt 0.876073 0.823006
vt 0.728473 0.610916
vt 0.737266 0.619424
vt 0.865650 0.830435
vt 0.720274 0.601965
vt 0.872803 0.831864
vt 0.077703 0.000946
vt 0.709338 0.605538
vt 0.720632 0.619131
vt 0.081282 0.000681
vt 0.080605 0.003649
vt 0.066445 0.640482
vt 0.053517 0.660205
vt 0.048129 0.647895
vt 0.038687 0.673825
vt 0.027535 0.650444
vt 0.306475 0.255530
vt 0.308647 0.247748
vt 0.313645 0.252151
vt 0.334923 0.254306
vt 0.326546 0.259723
vt 0.326122 0.254586
vt 0.326669 0.264913
vt 0.335167 0.265329
vt 0.794996 0.775914
vt 0.794215 0.769139
vt 0.796486 0.770207
vt 0.318646 0.256641
vt 0.317498 0.266076
vt 0.892468 0.815825
vt 0.897599 0.802790
vt 0.899375 0.815889
vt 0.893921 0.801681
vt 0.799255 0.773616
vt 0.795505 0.782795
vt 0.791254 0.783129
vt 0.332080 0.272552
vt 0.327032 0.269104
vt 0.319955 0.268974
vt 0.324927 0.274010
vt 0.785761 0.784492
vt 0.787184 0.774048
vt 0.793024 0.797308
vt 0.675229 0.933161
vt 0.681836 0.934367
vt 0.676752 0.938125
vt 0.681086 0.941272
vt 0.672225 0.943055
vt 0.682594 0.948307
vt 0.687676 0.947658
vt 0.310998 0.258802
vt 0.686959 0.940772
vt 0.684032 0.936361
vt 0.679742 0.930103
vt 0.693775 0.929050
vt 0.794280 0.760947
vt 0.791069 0.772542
vt 0.777251 0.770187
vt 0.784588 0.763212
vt 0.782199 0.770585
vt 0.779350 0.761883
vt 0.313723 0.261495
vt 0.894187 0.788970
vt 0.892363 0.778641
vt 0.896938 0.793626
vt 0.302513 0.270135
vt 0.694699 0.937016
vt 0.782338 0.784589
vt 0.778407 0.784862
vt 0.779385 0.781009
vt 0.787171 0.791170
vt 0.679967 0.952906
vt 0.685539 0.953796
vt 0.783129 0.805479
vt 0.778690 0.801177
vt 0.306632 0.274426
vt 0.689224 0.957196
vt 0.683145 0.959660
vt 0.772127 0.797558
vt 0.292002 0.272222
vt 0.716235 0.097964
vt 0.724495 0.078656
vt 0.735491 0.108073
vt 0.711180 0.119049
vt 0.702914 0.117038
vt 0.687240 0.964664
vt 0.691568 0.962351
vt 0.692867 0.967986
vt 0.696497 0.956782
vt 0.694887 0.087767
vt 0.245969 0.897941
vt 0.245116 0.886641
vt 0.252591 0.890434
vt 0.238871 0.892985
vt 0.774310 0.945432
vt 0.783847 0.927911
vt 0.779514 0.944829
vt 0.682180 0.107623
vt 0.690522 0.945919
vt 0.760872 0.786048
vt 0.766197 0.796914
vt 0.760933 0.802181
vt 0.692312 0.116949
vt 0.693836 0.951520
vt 0.754707 0.786243
vt 0.685705 0.117974
vt 0.193034 0.418121
vt 0.201458 0.413182
vt 0.188894 0.427827
vt 0.194426 0.411242
vt 0.789505 0.752988
vt 0.780937 0.751281
vt 0.703005 0.942480
vt 0.771529 0.757203
vt 0.203495 0.433225
vt 0.216858 0.402457
vt 0.216938 0.422533
vt 0.194774 0.403146
vt 0.230880 0.901092
vt 0.234550 0.904803
vt 0.241774 0.906414
vt 0.675022 0.121583
vt 0.224860 0.913126
vt 0.217634 0.913700
vt 0.225786 0.905859
vt 0.707576 0.945233
vt 0.705034 0.935035
vt 0.109169 0.393223
vt 0.098027 0.389146
vt 0.113063 0.386621
vt 0.116153 0.382670
vt 0.674175 0.957520
vt 0.668604 0.952134
vt 0.675519 0.947709
vt 0.668767 0.961020
vt 0.234450 0.399100
vt 0.233979 0.415807
vt 0.053464 0.681919
vt 0.066046 0.661675
vt 0.071750 0.684448
vt 0.229939 0.914156
vt 0.667904 0.939944
vt 0.668215 0.944581
vt 0.666924 0.118215
vt 0.675365 0.965463
vt 0.676171 0.972937
vt 0.684573 0.973016
vt 0.215996 0.922522
vt 0.213209 0.917737
vt 0.220760 0.922742
vt 0.225441 0.920723
vt 0.956260 0.780694
vt 0.958722 0.768716
vt 0.962725 0.771779
vt 0.672602 0.992431
vt 0.682539 0.981431
vt 0.680283 0.989767
vt 0.674277 0.983087
vt 0.687161 0.984694
vt 0.953748 0.797981
vt 0.951936 0.792131
vt 0.957747 0.789837
vt 0.962588 0.781814
vt 0.946252 0.788506
vt 0.951952 0.773259
vt 0.236499 0.910064
vt 0.239293 0.914759
vt 0.233922 0.919558
vt 0.229644 0.920916
vt 0.943867 0.800000
vt 0.942446 0.779977
vt 0.699421 0.963901
vt 0.247887 0.908582
vt 0.706016 0.952601
vt 0.707968 0.957417
vt 0.251476 0.901145
vt 0.256686 0.905341
vt 0.700664 0.969989
vt 0.522503 0.299081
vt 0.530025 0.303360
vt 0.523770 0.308262
vt 0.253285 0.908722
vt 0.530305 0.296109
vt 0.239817 0.918813
vt 0.245013 0.917512
vt 0.239877 0.928920
vt 0.690380 0.974713
vt 0.249395 0.916775
vt 0.695160 0.972765
vt 0.245226 0.928716
vt 0.690508 0.979596
vt 0.952515 0.802891
vt 0.949732 0.803068
vt 0.294031 0.229212
vt 0.301170 0.218510
vt 0.296434 0.231431
vt 0.258011 0.886734
vt 0.258738 0.899570
vt 0.945872 0.802147
vt 0.943761 0.808981
vt 0.292741 0.235992
vt 0.289254 0.232784
vt 0.594514 0.255584
vt 0.591092 0.262355
vt 0.590399 0.258144
vt 0.599919 0.251429
vt 0.599127 0.259359
vt 0.595808 0.265992
vt 0.599919 0.264031
vt 0.938482 0.814446
vt 0.941214 0.815431
vt 0.935152 0.814120
vt 0.284855 0.241961
vt 0.257301 0.915332
vt 0.299195 0.233944
vt 0.287540 0.243315
vt 0.291517 0.245273
vt 0.941377 0.806730
vt 0.295482 0.246645
vt 0.253864 0.915960
vt 0.274283 0.377562
vt 0.278795 0.372039
vt 0.283580 0.381820
vt 0.935153 0.809373
vt 0.939967 0.793190
vt 0.931362 0.788674
vt 0.936876 0.799976
vt 0.254358 0.935734
vt 0.258738 0.929009
vt 0.270069 0.381367
vt 0.274118 0.399067
vt 0.759694 0.357693
vt 0.755620 0.377465
vt 0.753643 0.341635
vt 0.930836 0.805346
vt 0.930064 0.812672
vt 0.286131 0.257249
vt 0.929459 0.796741
vt 0.278917 0.254608
vt 0.748450 0.347680
vt 0.745880 0.378622
vt 0.932032 0.800019
vt 0.274405 0.269461
vt 0.741417 0.353119
vt 0.736057 0.378030
vt 0.734308 0.356665
vt 0.249924 0.942487
vt 0.922889 0.800438
vt 0.926129 0.804618
vt 0.944318 0.815616
vt 0.936344 0.825490
vt 0.674879 0.354404
vt 0.667540 0.366224
vt 0.661498 0.347806
vt 0.653545 0.342257
vt 0.645286 0.370609
vt 0.635750 0.347346
vt 0.646013 0.335321
vt 0.931142 0.827115
vt 0.930204 0.823314
vt 0.301259 0.242089
vt 0.294152 0.257069
vt 0.298222 0.248680
vt 0.626304 0.331951
vt 0.639368 0.326622
vt 0.611902 0.351770
vt 0.301819 0.252729
vt 0.288010 0.268601
vt 0.924091 0.825998
vt 0.652529 0.231708
vt 0.635846 0.219774
vt 0.662365 0.215976
vt 0.922428 0.810335
vt 0.917739 0.824712
vt 0.684191 0.211264
vt 0.678876 0.226464
vt 0.701373 0.221043
vt 0.695445 0.202832
vt 0.712196 0.207487
vt 0.704788 0.200825
vt 0.650846 0.145175
vt 0.641011 0.144323
vt 0.654468 0.138863
vt 0.656662 0.135900
vt 0.851935 0.928847
vt 0.850905 0.918932
vt 0.857164 0.919689
vt 0.648010 0.153891
vt 0.624913 0.163023
vt 0.623059 0.149507
vt 0.642857 0.158054
vt 0.621422 0.135751
vt 0.642168 0.124193
vt 0.647336 0.103513
vt 0.663154 0.129134
vt 0.669301 0.124531
vt 0.212037 0.924864
vt 0.208538 0.922218
vt 0.918074 0.809527
vt 0.917670 0.798605
vt 0.207111 0.925450
vt 0.203508 0.926681
vt 0.912030 0.819256
vt 0.912666 0.800420
vt 0.209562 0.934741
vt 0.620095 0.123028
vt 0.910727 0.806640
vt 0.860053 0.920071
vt 0.856404 0.932862
vt 0.579089 0.910111
vt 0.586859 0.913262
vt 0.579174 0.914969
vt 0.672600 0.199429
vt 0.656105 0.202157
vt 0.667177 0.196593
vt 0.103815 0.454909
vt 0.116459 0.442930
vt 0.128387 0.455659
vt 0.116841 0.463970
vt 0.112095 0.437842
vt 0.123057 0.447963
vt 0.132250 0.452198
vt 0.943614 0.762006
vt 0.952489 0.765264
vt 0.946682 0.769230
vt 0.657931 0.189059
vt 0.662678 0.193530
vt 0.131251 0.470573
vt 0.937179 0.768466
vt 0.933167 0.776030
vt 0.158386 0.460448
vt 0.144874 0.454096
vt 0.157420 0.452496
vt 0.931159 0.759341
vt 0.923137 0.767887
vt 0.925449 0.779053
vt 0.649960 0.176830
vt 0.654426 0.184795
vt 0.646186 0.188611
vt 0.918544 0.758415
vt 0.466937 0.224996
vt 0.446235 0.226533
vt 0.452757 0.210889
vt 0.447437 0.241116
vt 0.474706 0.213887
vt 0.470909 0.199398
vt 0.463252 0.240044
vt 0.815373 0.922373
vt 0.809465 0.917345
vt 0.818135 0.917345
vt 0.144724 0.469064
vt 0.630804 0.199312
vt 0.921088 0.790411
vt 0.914270 0.786823
vt 0.916524 0.777994
vt 0.583920 0.907252
vt 0.579219 0.904873
vt 0.913028 0.766645
vt 0.907665 0.782231
vt 0.811117 0.925011
vt 0.807892 0.926850
vt 0.804765 0.917609
vt 0.906149 0.795239
vt 0.803162 0.930709
vt 0.802236 0.922359
vt 0.906295 0.804346
vt 0.592261 0.907107
vt 0.328563 0.402489
vt 0.325830 0.387421
vt 0.336237 0.386617
vt 0.301684 0.383152
vt 0.311575 0.386224
vt 0.307589 0.415654
vt 0.588529 0.902013
vt 0.599550 0.905221
vt 0.318148 0.387150
vt 0.647238 0.160667
vt 0.647498 0.166045
vt 0.901102 0.794074
vt 0.900623 0.781409
vt 0.842204 0.928234
vt 0.842107 0.918238
vt 0.905647 0.769468
vt 0.799255 0.750819
vt 0.898232 0.770572
vt 0.789882 0.745429
vt 0.168358 0.448093
vt 0.907342 0.759023
vt 0.835148 0.917856
vt 0.169396 0.468483
vt 0.186272 0.460652
vt 0.191257 0.445514
vt 0.847161 0.934600
vt 0.199099 0.449839
vt 0.182890 0.436420
vt 0.176195 0.442935
vt 0.899181 0.760129
vt 0.648018 0.169424
vt 0.627692 0.182602
vt 0.797284 0.740673
vt 0.113457 0.351034
vt 0.132563 0.354570
vt 0.121214 0.365863
vt 0.118470 0.328886
vt 0.142038 0.346392
vt 0.134139 0.368439
vt 0.128424 0.371675
vt 0.286464 0.372446
vt 0.293475 0.378791
vt 0.293817 0.404274
vt 0.672434 0.922161
vt 0.665781 0.926807
vt 0.664737 0.922694
vt 0.675971 0.926030
vt 0.671135 0.921123
vt 0.823731 0.919603
vt 0.819678 0.921056
vt 0.826011 0.917591
vt 0.668813 0.918907
vt 0.826211 0.930162
vt 0.829542 0.917617
vt 0.144993 0.364765
vt 0.728384 0.918107
vt 0.725832 0.912032
vt 0.731258 0.913289
vt 0.147021 0.329143
vt 0.158361 0.334958
vt 0.729603 0.929664
vt 0.148053 0.364110
vt 0.159303 0.356332
vt 0.833547 0.935161
vt 0.829796 0.942454
vt 0.735342 0.917153
vt 0.733050 0.913666
vt 0.840797 0.943535
vt 0.738415 0.914048
vt 0.739729 0.926381
vt 0.155406 0.363775
vt 0.161462 0.364303
vt 0.743415 0.914328
vt 0.742875 0.916967
vt 0.819344 0.937084
vt 0.825405 0.942689
vt 0.747015 0.917328
vt 0.169145 0.366424
vt 0.750828 0.914570
vt 0.170497 0.341453
vt 0.182277 0.348080
vt 0.180100 0.320022
vt 0.817843 0.944386
vt 0.666670 0.930970
vt 0.813048 0.946777
vt 0.691176 0.922538
vt 0.689654 0.918304
vt 0.835435 0.949561
vt 0.830015 0.952481
vt 0.700177 0.923378
vt 0.827099 0.956528
vt 0.822530 0.957453
vt 0.688610 0.914863
vt 0.679076 0.915806
vt 0.699860 0.918612
vt 0.686787 0.202966
vt 0.729654 0.939420
vt 0.733696 0.943405
vt 0.579233 0.936108
vt 0.586592 0.938114
vt 0.579310 0.945356
vt 0.588586 0.944617
vt 0.677956 0.201386
vt 0.579202 0.926618
vt 0.585846 0.930024
vt 0.715007 0.927708
vt 0.706947 0.929140
vt 0.579281 0.920803
vt 0.584488 0.921689
vt 0.590478 0.921999
vt 0.590864 0.932957
vt 0.706318 0.924981
vt 0.282086 0.366280
vt 0.588860 0.917117
vt 0.713807 0.921965
vt 0.284947 0.414505
vt 0.707999 0.918856
vt 0.596788 0.914444
vt 0.593254 0.924749
vt 0.715432 0.914398
vt 0.716259 0.917921
vt 0.703082 0.915417
vt 0.701391 0.912032
vt 0.602888 0.924822
vt 0.597743 0.932262
vt 0.599174 0.919271
vt 0.732203 0.953774
vt 0.609952 0.916176
vt 0.712224 0.912192
vt 0.591693 0.949525
vt 0.579278 0.955339
vt 0.738914 0.942471
vt 0.737216 0.953586
vt 0.589445 0.958507
vt 0.593936 0.937457
vt 0.599557 0.940038
vt 0.734856 0.961366
vt 0.601734 0.943629
vt 0.741759 0.958999
vt 0.605589 0.950449
vt 0.604214 0.957624
vt 0.596299 0.960585
vt 0.597713 0.949596
vt 0.601614 0.949551
vt 0.739650 0.963316
vt 0.527018 0.255084
vt 0.522503 0.252277
vt 0.527825 0.251429
vt 0.533849 0.253908
vt 0.611129 0.942391
vt 0.739223 0.968605
vt 0.737833 0.972831
vt 0.609235 0.938597
vt 0.744027 0.970340
vt 0.619975 0.931064
vt 0.744586 0.962641
vt 0.744879 0.952499
vt 0.749550 0.958102
vt 0.750071 0.965053
vt 0.605514 0.930164
vt 0.607411 0.933337
vt 0.733522 0.928374
vt 0.613810 0.922166
vt 0.744777 0.932495
vt 0.752004 0.917738
vt 0.761474 0.914451
vt 0.612721 0.946545
vt 0.328049 0.278175
vt 0.336523 0.274756
vt 0.314217 0.288859
vt 0.314484 0.283890
vt 0.315116 0.278559
vt 0.756608 0.919089
vt 0.624140 0.934026
vt 0.748136 0.945745
vt 0.304345 0.282121
vt 0.751562 0.935463
vt 0.301537 0.290860
vt 0.295774 0.283989
vt 0.757670 0.934366
vt 0.762780 0.919524
vt 0.290972 0.292671
vt 0.764624 0.935297
vt 0.616342 0.929009
vt 0.624183 0.918930
vt 0.753303 0.948711
vt 0.631070 0.917733
vt 0.754062 0.959871
vt 0.757628 0.949288
vt 0.760058 0.954079
vt 0.298738 0.297247
vt 0.291541 0.296215
vt 0.632767 0.921050
vt 0.635880 0.923044
vt 0.608570 0.897387
vt 0.767415 0.956243
vt 0.763272 0.957826
vt 0.770699 0.938223
vt 0.612598 0.904974
vt 0.712704 0.934529
vt 0.721122 0.928980
vt 0.718605 0.936126
vt 0.611260 0.900484
vt 0.817016 0.955783
vt 0.614590 0.908974
vt 0.725711 0.359351
vt 0.715046 0.944627
vt 0.725030 0.381097
vt 0.717450 0.360793
vt 0.617626 0.894472
vt 0.634574 0.315114
vt 0.822624 0.965690
vt 0.719122 0.944846
vt 0.722799 0.937557
vt 0.625035 0.898211
vt 0.624470 0.901719
vt 0.628992 0.894746
vt 0.724916 0.925239
vt 0.719905 0.922548
vt 0.819332 0.967210
vt 0.723642 0.918772
vt 0.622927 0.913863
vt 0.627036 0.907008
vt 0.725832 0.930252
vt 0.529263 0.283122
vt 0.524040 0.281761
vt 0.530673 0.276680
vt 0.525459 0.275280
vt 0.529267 0.271870
vt 0.529661 0.264955
vt 0.525117 0.268645
vt 0.533463 0.266260
vt 0.633574 0.909590
vt 0.631992 0.902148
vt 0.535272 0.271198
vt 0.634253 0.897867
vt 0.638724 0.901554
vt 0.628578 0.311126
vt 0.633549 0.308294
vt 0.528257 0.289185
vt 0.536507 0.293844
vt 0.925753 0.840060
vt 0.922324 0.839366
vt 0.640827 0.907097
vt 0.640274 0.914331
vt 0.533907 0.289647
vt 0.535025 0.283236
vt 0.614057 0.315273
vt 0.621732 0.313592
vt 0.616743 0.329754
vt 0.607078 0.315852
vt 0.599446 0.340759
vt 0.917565 0.838124
vt 0.580200 0.325807
vt 0.589830 0.313663
vt 0.599503 0.315455
vt 0.581596 0.310529
vt 0.217142 0.933957
vt 0.224228 0.935839
vt 0.216946 0.942235
vt 0.534607 0.277998
vt 0.539464 0.279054
vt 0.539793 0.272834
vt 0.230113 0.934944
vt 0.227289 0.948898
vt 0.860416 0.929990
vt 0.542928 0.275902
vt 0.545829 0.278390
vt 0.540060 0.284607
vt 0.855766 0.948012
vt 0.861462 0.940546
vt 0.851169 0.942359
vt 0.545275 0.286008
vt 0.541067 0.294751
vt 0.914115 0.849616
vt 0.238340 0.941288
vt 0.909490 0.845103
vt 0.233282 0.948029
vt 0.549343 0.282557
vt 0.245075 0.946174
vt 0.551506 0.278493
vt 0.241620 0.955871
vt 0.908828 0.852098
vt 0.225480 0.957965
vt 0.218139 0.952391
vt 0.227889 0.955302
vt 0.903219 0.849905
vt 0.905697 0.840115
vt 0.070835 0.155609
vt 0.904853 0.854841
vt 0.581771 0.280944
vt 0.581771 0.275240
vt 0.586578 0.275672
vt 0.235748 0.958846
vt 0.526335 0.258643
vt 0.532032 0.256341
vt 0.240542 0.960030
vt 0.232295 0.962467
vt 0.119689 0.493206
vt 0.098215 0.513434
vt 0.098425 0.495836
vt 0.125227 0.496441
vt 0.108102 0.483770
vt 0.113699 0.488806
vt 0.262600 0.493384
vt 0.259913 0.486077
vt 0.136062 0.500997
vt 0.124287 0.513829
vt 0.531378 0.261009
vt 0.847670 0.946570
vt 0.535791 0.258197
vt 0.538019 0.254980
vt 0.844219 0.955431
vt 0.840124 0.954346
vt 0.849361 0.957867
vt 0.537457 0.262297
vt 0.539346 0.258846
vt 0.835480 0.959222
vt 0.539517 0.268014
vt 0.832983 0.964514
vt 0.538747 0.265293
vt 0.845126 0.965631
vt 0.839825 0.963554
vt 0.173309 0.504193
vt 0.169848 0.501679
vt 0.174002 0.500018
vt 0.838732 0.969377
vt 0.543054 0.255592
vt 0.851922 0.964383
vt 0.163961 0.503120
vt 0.541846 0.253512
vt 0.857123 0.957260
vt 0.227705 0.966438
vt 0.234663 0.969546
vt 0.143953 0.502927
vt 0.541692 0.261573
vt 0.154846 0.503990
vt 0.137964 0.519492
vt 0.849129 0.969889
vt 0.173428 0.512507
vt 0.162674 0.526365
vt 0.139229 0.535263
vt 0.253061 0.952240
vt 0.544286 0.257731
vt 0.257045 0.948615
vt 0.269145 0.271668
vt 0.544165 0.260433
vt 0.249187 0.958712
vt 0.239326 0.968386
vt 0.741033 0.974479
vt 0.175479 0.521712
vt 0.243711 0.966326
vt 0.248765 0.965369
vt 0.538065 0.251907
vt 0.255538 0.961564
vt 0.181079 0.554847
vt 0.169659 0.550188
vt 0.182101 0.535555
vt 0.190278 0.546020
vt 0.745748 0.976801
vt 0.743701 0.979328
vt 0.748241 0.973888
vt 0.248076 0.970512
vt 0.253272 0.965460
vt 0.413380 0.311906
vt 0.407303 0.316778
vt 0.405460 0.310005
vt 0.159281 0.547630
vt 0.747903 0.981560
vt 0.421773 0.337238
vt 0.251566 0.973459
vt 0.278703 0.273494
vt 0.744550 0.982158
vt 0.431437 0.327612
vt 0.418701 0.312288
vt 0.424501 0.311908
vt 0.443768 0.326791
vt 0.430631 0.310715
vt 0.291652 0.281037
vt 0.547752 0.256555
vt 0.436541 0.308294
vt 0.752075 0.971906
vt 0.281613 0.282665
vt 0.749863 0.979904
vt 0.273823 0.282978
vt 0.283488 0.289063
vt 0.045259 0.164304
vt 0.034162 0.156389
vt 0.044130 0.154171
vt 0.273822 0.276405
vt 0.546595 0.253920
vt 0.283223 0.294466
vt 0.751699 0.982904
vt 0.748871 0.984332
vt 0.753503 0.978938
vt 0.276925 0.287601
vt 0.282875 0.299900
vt 0.286868 0.301535
vt 0.291568 0.303305
vt 0.755346 0.975586
vt 0.756359 0.966987
vt 0.759959 0.970864
vt 0.276751 0.295310
vt 0.273410 0.294765
vt 0.278544 0.296877
vt 0.759219 0.977801
vt 0.756629 0.981317
vt 0.279104 0.297461
vt 0.277801 0.299403
vt 0.274415 0.299661
vt 0.276758 0.298338
vt 0.275541 0.302089
vt 0.268164 0.281635
vt 0.270740 0.290334
vt 0.266959 0.289000
vt 0.263821 0.283746
vt 0.541839 0.271029
vt 0.573409 0.253543
vt 0.576478 0.251429
vt 0.574326 0.258693
vt 0.577673 0.258723
vt 0.571066 0.260236
vt 0.581201 0.256297
vt 0.430762 0.032896
vt 0.414415 0.033751
vt 0.418790 0.026540
vt 0.438393 0.051014
vt 0.423290 0.054327
vt 0.543800 0.267250
vt 0.543234 0.264819
vt 0.431281 0.073798
vt 0.409528 0.069570
vt 0.416285 0.089715
vt 0.433133 0.095354
vt 0.430150 0.141414
vt 0.417126 0.129715
vt 0.436595 0.130750
vt 0.423667 0.109652
vt 0.414467 0.176595
vt 0.419409 0.154660
vt 0.435465 0.165496
vt 0.430619 0.183472
vt 0.431920 0.200329
vt 0.415367 0.201330
vt 0.407792 0.214982
vt 0.431889 0.216263
vt 0.424131 0.226527
vt 0.428287 0.236728
vt 0.404932 0.231858
vt 0.420168 0.249141
vt 0.267775 0.294827
vt 0.263948 0.292885
vt 0.544442 0.272507
vt 0.416481 0.263796
vt 0.403396 0.249647
vt 0.402521 0.275995
vt 0.415938 0.276432
vt 0.023414 0.713941
vt 0.006100 0.715073
vt 0.010294 0.701872
vt 0.017084 0.728463
vt 0.254584 0.331172
vt 0.263821 0.340049
vt 0.256676 0.360607
vt 0.586260 0.238760
vt 0.604916 0.232102
vt 0.607855 0.247077
vt 0.581771 0.261480
vt 0.578553 0.263758
vt 0.575594 0.264597
vt 0.701233 0.235201
vt 0.678469 0.244913
vt 0.690091 0.233541
vt 0.667343 0.250353
vt 0.668003 0.237631
vt 0.646959 0.247786
vt 0.625994 0.251429
vt 0.631741 0.241134
vt 0.445108 0.029991
vt 0.445360 0.070667
vt 0.450595 0.085679
vt 0.546107 0.270353
vt 0.446434 0.115886
vt 0.452068 0.144593
vt 0.457732 0.160715
vt 0.447446 0.178085
vt 0.448019 0.194673
vt 0.437358 0.255242
vt 0.431644 0.267862
vt 0.547824 0.266854
vt 0.248038 0.352256
vt 0.246773 0.398531
vt 0.257925 0.386064
vt 0.249654 0.377478
vt 0.215152 0.444578
vt 0.232377 0.426878
vt 0.223179 0.447591
vt 0.241408 0.367013
vt 0.268427 0.300396
vt 0.431966 0.015030
vt 0.297587 0.430523
vt 0.544291 0.262621
vt 0.340172 0.584476
vt 0.326398 0.567458
vt 0.339996 0.564245
vt 0.828310 0.965329
vt 0.116174 0.552968
vt 0.106424 0.539667
vt 0.105130 0.567743
vt 0.097078 0.561399
vt 0.833859 0.973223
vt 0.056215 0.626394
vt 0.034654 0.639205
vt 0.024013 0.666636
vt 0.021191 0.681578
vt 0.838712 0.975432
vt 0.546712 0.261292
vt 0.546294 0.264181
vt 0.309539 0.449783
vt 0.300170 0.450170
vt 0.301011 0.466580
vt 0.314789 0.468824
vt 0.291451 0.451713
vt 0.278564 0.430847
vt 0.281565 0.450668
vt 0.596574 0.429688
vt 0.596223 0.452643
vt 0.585088 0.448039
vt 0.829181 0.972193
vt 0.615017 0.477334
vt 0.603483 0.480382
vt 0.613688 0.458690
vt 0.569408 0.443204
vt 0.585409 0.425228
vt 0.581099 0.465331
vt 0.825674 0.972870
vt 0.572331 0.419741
vt 0.556020 0.434382
vt 0.560387 0.413121
vt 0.303725 0.487261
vt 0.313051 0.488226
vt 0.564947 0.464788
vt 0.548127 0.456650
vt 0.545333 0.428804
vt 0.537546 0.444258
vt 0.825007 0.977179
vt 0.297316 0.506560
vt 0.294377 0.487543
vt 0.311321 0.506619
vt 0.292563 0.474397
vt 0.315488 0.524701
vt 0.302787 0.529729
vt 0.536358 0.423678
vt 0.517297 0.438682
vt 0.569203 0.000000
vt 0.574897 0.021209
vt 0.556456 0.012943
vt 0.317360 0.545569
vt 0.310108 0.551816
vt 0.563681 0.025601
vt 0.332090 0.549610
vt 0.313492 0.570116
vt 0.321404 0.586810
vt 0.618584 0.513077
vt 0.595864 0.506614
vt 0.605581 0.498081
vt 0.583152 0.484101
vt 0.573435 0.492958
vt 0.555572 0.473142
vt 0.408868 0.014650
vt 0.574942 0.516887
vt 0.136083 0.555176
vt 0.600303 0.519158
vt 0.590630 0.531712
vt 0.112708 0.574965
vt 0.834156 0.978135
vt 0.567446 0.507728
vt 0.565230 0.528707
vt 0.830591 0.978734
vt 0.553794 0.507555
vt 0.553491 0.490288
vt 0.542378 0.478952
vt 0.528486 0.471210
vt 0.526553 0.456717
vt 0.623657 0.024435
vt 0.609230 0.015674
vt 0.622084 0.004917
vt 0.595228 0.013671
vt 0.588480 0.000453
vt 0.595628 0.036187
vt 0.582238 0.034844
vt 0.542336 0.502253
vt 0.676744 0.012817
vt 0.669611 0.024388
vt 0.652819 0.008335
vt 0.643227 0.015522
vt 0.637022 0.000000
vt 0.646811 0.027212
vt 0.621587 0.034633
vt 0.546374 0.259651
vt 0.123089 0.581725
vt 0.547726 0.261526
vt 0.095823 0.581567
vt 0.639431 0.040972
vt 0.663253 0.044004
vt 0.599183 0.048319
vt 0.616165 0.054028
vt 0.082378 0.574520
vt 0.579822 0.053488
vt 0.099865 0.593691
vt 0.083092 0.598159
vt 0.588631 0.067807
vt 0.590384 0.551771
vt 0.572825 0.546089
vt 0.599383 0.539772
vt 0.074256 0.592991
vt 0.695617 0.021045
vt 0.687332 0.026341
vt 0.091868 0.605007
vt 0.100906 0.611837
vt 0.673142 0.036463
vt 0.067146 0.611076
vt 0.080291 0.620658
vt 0.688089 0.048950
vt 0.679767 0.063138
vt 0.653273 0.052041
vt 0.658049 0.071618
vt 0.644329 0.059746
vt 0.631286 0.072457
vt 0.613878 0.065522
vt 0.708034 0.014545
vt 0.705869 0.035534
vt 0.719578 0.033869
vt 0.711793 0.051518
vt 0.697141 0.064986
vt 0.650292 0.086150
vt 0.677333 0.080034
vt 0.667147 0.087298
vt 0.548220 0.259370
vt 0.853295 0.971691
vt 0.048207 0.702706
vt 0.240878 0.321823
vt 0.233051 0.301362
vt 0.254192 0.311714
vt 0.247079 0.302131
vt 0.237034 0.343033
vt 0.225949 0.355238
vt 0.213257 0.366823
vt 0.229851 0.379076
vt 0.609078 0.432123
vt 0.619199 0.438671
vt 0.592036 0.419189
vt 0.589351 0.408430
vt 0.600855 0.414168
vt 0.243902 0.972987
vt 0.630886 0.442180
vt 0.240126 0.975099
vt 0.632820 0.488348
vt 0.631152 0.464548
vt 0.622231 0.497002
vt 0.235887 0.974342
vt 0.560517 0.403872
vt 0.558677 0.394148
vt 0.569403 0.398998
vt 0.578004 0.406799
vt 0.843561 0.973731
vt 0.849368 0.975657
vt 0.846568 0.974600
vt 0.059664 0.578771
vt 0.038357 0.597647
vt 0.040143 0.579598
vt 0.595696 0.307194
vt 0.600237 0.297593
vt 0.600237 0.307811
vt 0.002832 0.671761
vt 0.001284 0.666440
vt 0.009418 0.662509
vt 0.534145 0.397519
vt 0.543016 0.400121
vt 0.524110 0.415349
vt 0.551087 0.407680
vt 0.614115 0.547987
vt 0.620349 0.529412
vt 0.088397 0.551709
vt 0.081786 0.559980
vt 0.544898 0.026998
vt 0.554826 0.043800
vt 0.567721 0.043488
vt 0.560455 0.063711
vt 0.607094 0.080923
vt 0.630100 0.096262
vt 0.582348 0.147760
vt 0.597603 0.131952
vt 0.599480 0.150959
vt 0.589592 0.164027
vt 0.613626 0.170309
vt 0.597914 0.179762
vt 0.610517 0.185742
vt 0.568518 0.166846
vt 0.582063 0.186827
vt 0.841399 0.978764
vt 0.846202 0.979553
vt 0.054385 0.601447
vt 0.039741 0.622044
vt 0.069517 0.582384
vt 0.580029 0.114322
vt 0.014522 0.642425
vt 0.101115 0.526503
vt 0.079672 0.543931
vt 0.071634 0.564551
vt 0.027410 0.613157
vt 0.019650 0.624484
vt 0.003361 0.676400
vt 0.218892 0.316898
vt 0.224473 0.333839
vt 0.182387 0.612425
vt 0.188407 0.598247
vt 0.188949 0.616888
vt 0.176249 0.622252
vt 0.181280 0.638295
vt 0.163871 0.647682
vt 0.170822 0.634114
vt 0.563319 0.259490
vt 0.567416 0.262320
vt 0.564115 0.262889
vt 0.064007 0.560476
vt 0.050159 0.567627
vt 0.244640 0.976177
vt 0.183974 0.657597
vt 0.175150 0.651577
vt 0.248103 0.975951
vt 0.003887 0.640276
vt 0.592284 0.307803
vt 0.262600 0.503420
vt 0.262600 0.486077
vt 0.263613 0.499791
vt 0.219543 0.258905
vt 0.236450 0.272894
vt 0.192550 0.638566
vt 0.162533 0.668207
vt 0.174106 0.680899
vt 0.190304 0.676919
vt 0.162450 0.630182
vt 0.156136 0.643462
vt 0.567389 0.256761
vt 0.146604 0.650313
vt 0.192932 0.340211
vt 0.139602 0.672757
vt 0.195523 0.315570
vt 0.207033 0.329038
vt 0.199194 0.357802
vt 0.208097 0.342948
vt 0.205492 0.296985
vt 0.183093 0.302841
vt 0.163191 0.311409
vt 0.152242 0.682457
vt 0.159353 0.705395
vt 0.179009 0.695730
vt 0.539602 0.070739
vt 0.536419 0.096743
vt 0.522503 0.079591
vt 0.145719 0.694187
vt 0.129382 0.701463
vt 0.122700 0.690815
vt 0.164423 0.715400
vt 0.554130 0.088687
vt 0.105174 0.708295
vt 0.525509 0.100692
vt 0.837547 0.981651
vt 0.840931 0.982838
vt 0.062865 0.519919
vt 0.079072 0.514168
vt 0.067468 0.524053
vt 0.072223 0.533546
vt 0.059381 0.532374
vt 0.063966 0.550128
vt 0.541609 0.165994
vt 0.095076 0.723396
vt 0.547905 0.263626
vt 0.106595 0.726135
vt 0.146490 0.211628
vt 0.129510 0.208024
vt 0.137648 0.195107
vt 0.158235 0.233386
vt 0.139364 0.223098
vt 0.159417 0.204147
vt 0.168441 0.216203
vt 0.173405 0.226745
vt 0.125484 0.235734
vt 0.151004 0.242435
vt 0.137610 0.255553
vt 0.187739 0.237399
vt 0.850221 0.979347
vt 0.043893 0.523691
vt 0.044832 0.533315
vt 0.028329 0.537898
vt 0.049701 0.540969
vt 0.034216 0.543192
vt 0.038817 0.551509
vt 0.054439 0.546886
vt 0.559259 0.268158
vt 0.562891 0.266745
vt 0.561371 0.269550
vt 0.560167 0.263047
vt 0.844547 0.982261
vt 0.021511 0.559753
vt 0.561973 0.194875
vt 0.043522 0.556889
vt 0.038829 0.567642
vt 0.021102 0.581624
vt 0.023200 0.594052
vt 0.009928 0.554638
vt 0.011261 0.574036
vt 0.578256 0.209794
vt 0.595816 0.198189
vt 0.615218 0.207296
vt 0.599597 0.213599
vt 0.009641 0.603867
vt 0.038063 0.723573
vt 0.556513 0.204830
vt 0.563868 0.219539
vt 0.002954 0.584393
vt 0.000103 0.602039
vt 0.031504 0.734611
vt 0.581655 0.226478
vt 0.000000 0.627413
vt 0.620209 0.226542
vt 0.249809 0.574817
vt 0.244752 0.590920
vt 0.238578 0.573752
vt 0.557117 0.208699
vt 0.208093 0.252693
vt 0.195288 0.231101
vt 0.065906 0.734611
vt 0.566265 0.266827
vt 0.564233 0.270419
vt 0.113625 0.594713
vt 0.550104 0.263628
vt 0.145507 0.285098
vt 0.548863 0.261700
vt 0.082489 0.646600
vt 0.093224 0.631132
vt 0.547700 0.274294
vt 0.549018 0.268911
vt 0.190732 0.571733
vt 0.196782 0.552430
vt 0.203451 0.557808
vt 0.203768 0.574099
vt 0.209873 0.562259
vt 0.169858 0.580926
vt 0.151608 0.574415
vt 0.138737 0.567604
vt 0.132833 0.588896
vt 0.219464 0.567536
vt 0.145312 0.595480
vt 0.843058 0.985331
vt 0.138843 0.603860
vt 0.124107 0.606615
vt 0.213369 0.271837
vt 0.120419 0.621530
vt 0.106666 0.641654
vt 0.108488 0.619306
vt 0.127364 0.630836
vt 0.092461 0.662589
vt 0.550412 0.258470
vt 0.078786 0.673144
vt 0.565463 0.274033
vt 0.562180 0.273305
vt 0.031050 0.357761
vt 0.032828 0.378412
vt 0.022770 0.363711
vt 0.052478 0.366390
vt 0.046116 0.347980
vt 0.069110 0.363582
vt 0.056998 0.341357
vt 0.068323 0.334845
vt 0.085163 0.346235
vt 0.078896 0.329203
vt 0.565994 0.271711
vt 0.098436 0.685074
vt 0.059463 0.693899
vt 0.069551 0.708654
vt 0.549152 0.260480
vt 0.549102 0.260402
vt 0.549480 0.260253
vt 0.549987 0.259901
vt 0.021945 0.343114
vt 0.035814 0.340447
vt 0.046912 0.320082
vt 0.062779 0.318008
vt 0.551628 0.261351
vt 0.487077 0.465624
vt 0.476546 0.465624
vt 0.472878 0.447115
vt 0.485781 0.436866
vt 0.501452 0.445507
vt 0.493463 0.429763
vt 0.501266 0.421849
vt 0.513771 0.441365
vt 0.022918 0.252505
vt 0.029237 0.268544
vt 0.013468 0.278239
vt 0.041649 0.256396
vt 0.485978 0.408235
vt 0.500980 0.391382
vt 0.517297 0.402988
vt 0.511120 0.413876
vt 0.494349 0.400100
vt 0.156303 0.602863
vt 0.036955 0.243381
vt 0.047740 0.238357
vt 0.834444 0.982613
vt 0.170073 0.608798
vt 0.064595 0.231032
vt 0.066421 0.250992
vt 0.074427 0.242128
vt 0.504495 0.464346
vt 0.514026 0.470911
vt 0.007082 0.306889
vt 0.014264 0.321036
vt 0.010039 0.331749
vt 0.024106 0.301469
vt 0.026472 0.319131
vt 0.489193 0.483713
vt 0.474744 0.486990
vt 0.498900 0.489844
vt 0.480978 0.502163
vt 0.497423 0.503642
vt 0.517297 0.495348
vt 0.002733 0.350575
vt 0.507120 0.514163
vt 0.011643 0.373160
vt 0.000000 0.361389
vt 0.021402 0.284913
vt 0.034249 0.289224
vt 0.049226 0.280978
vt 0.036936 0.312653
vt 0.052172 0.267250
vt 0.073694 0.275495
vt 0.063103 0.299124
vt 0.137663 0.615331
vt 0.144426 0.622326
vt 0.052567 0.297485
vt 0.116231 0.657537
vt 0.551968 0.265608
vt 0.105725 0.673386
vt 0.084474 0.696221
vt 0.077024 0.262578
vt 0.083535 0.300895
vt 0.084051 0.283068
vt 0.142144 0.638391
vt 0.133620 0.651487
vt 0.095632 0.321521
vt 0.095245 0.302830
vt 0.090226 0.252142
vt 0.095650 0.266894
vt 0.478415 0.415124
vt 0.839334 0.985857
vt 0.835310 0.985617
vt 0.091513 0.707665
vt 0.084460 0.727250
vt 0.038298 0.226258
vt 0.638905 0.893139
vt 0.641189 0.895720
vt 0.156136 0.619496
vt 0.027715 0.231814
vt 0.482036 0.519287
vt 0.126102 0.673189
vt 0.500927 0.524665
vt 0.106216 0.280142
vt 0.112179 0.301977
vt 0.548875 0.189030
vt 0.644175 0.899911
vt 0.087191 0.732002
vt 0.452061 0.038938
vt 0.466179 0.037753
vt 0.458558 0.052959
vt 0.460610 0.068192
vt 0.470995 0.083281
vt 0.460573 0.101021
vt 0.406699 0.049330
vt 0.406959 0.113787
vt 0.645733 0.895194
vt 0.464081 0.127096
vt 0.477938 0.121395
vt 0.400813 0.175607
vt 0.471717 0.154661
vt 0.396734 0.191947
vt 0.648684 0.899840
vt 0.389719 0.261691
vt 0.386073 0.252516
vt 0.382678 0.273522
vt 0.475088 0.176604
vt 0.458680 0.178026
vt 0.393031 0.282817
vt 0.380164 0.595043
vt 0.368880 0.602546
vt 0.358446 0.597001
vt 0.576822 0.279675
vt 0.572016 0.282167
vt 0.572094 0.279943
vt 0.282819 0.466890
vt 0.285397 0.487555
vt 0.284467 0.507076
vt 0.288433 0.525161
vt 0.298909 0.545883
vt 0.348467 0.529947
vt 0.332514 0.530345
vt 0.343414 0.511882
vt 0.329266 0.466779
vt 0.322575 0.457410
vt 0.338528 0.467662
vt 0.272721 0.450410
vt 0.332559 0.484992
vt 0.321941 0.482420
vt 0.350719 0.496329
vt 0.366040 0.572422
vt 0.371294 0.581906
vt 0.351716 0.576861
vt 0.322150 0.423211
vt 0.277804 0.488817
vt 0.289594 0.550333
vt 0.282632 0.305530
vt 0.386994 0.010851
vt 0.406659 0.001678
vt 0.646200 0.905158
vt 0.645966 0.909870
vt 0.334112 0.445323
vt 0.321811 0.446856
vt 0.391798 0.027158
vt 0.606156 0.567525
vt 0.584654 0.567211
vt 0.640232 0.509049
vt 0.639444 0.529474
vt 0.631324 0.551949
vt 0.622378 0.420534
vt 0.610891 0.415913
vt 0.327549 0.043811
vt 0.323935 0.034708
vt 0.347447 0.034897
vt 0.340660 0.048710
vt 0.326946 0.058151
vt 0.309162 0.050616
vt 0.318588 0.068462
vt 0.301558 0.069512
vt 0.357924 0.049784
vt 0.347547 0.064079
vt 0.326381 0.506169
vt 0.278790 0.304286
vt 0.352425 0.074924
vt 0.335996 0.079023
vt 0.552774 0.259613
vt 0.347934 0.090934
vt 0.328059 0.090186
vt 0.315250 0.090133
vt 0.329488 0.111516
vt 0.310359 0.107813
vt 0.302896 0.090616
vt 0.292980 0.108068
vt 0.665677 0.552520
vt 0.673592 0.563268
vt 0.654141 0.572847
vt 0.642893 0.562853
vt 0.620253 0.568142
vt 0.292055 0.091498
vt 0.286160 0.071796
vt 0.277232 0.093503
vt 0.366182 0.092840
vt 0.355444 0.112547
vt 0.352396 0.546305
vt 0.360582 0.561112
vt 0.480697 0.056310
vt 0.475027 0.066859
vt 0.481133 0.098950
vt 0.472833 0.132695
vt 0.483310 0.143544
vt 0.344779 0.125458
vt 0.263821 0.127731
vt 0.270586 0.106073
vt 0.276415 0.121038
vt 0.289258 0.125364
vt 0.278403 0.137018
vt 0.300769 0.125229
vt 0.291689 0.149131
vt 0.479797 0.192406
vt 0.733637 0.051824
vt 0.725651 0.057646
vt 0.273651 0.149128
vt 0.708611 0.071032
vt 0.318965 0.125466
vt 0.309354 0.141423
vt 0.341606 0.419131
vt 0.334752 0.141647
vt 0.354540 0.152456
vt 0.274530 0.306604
vt 0.318856 0.157074
vt 0.335460 0.165195
vt 0.297877 0.165175
vt 0.316581 0.175000
vt 0.345938 0.177290
vt 0.369910 0.171013
vt 0.360742 0.186077
vt 0.345959 0.199121
vt 0.369740 0.194021
vt 0.344204 0.453064
vt 0.330619 0.191795
vt 0.280423 0.170439
vt 0.303345 0.188112
vt 0.347655 0.481095
vt 0.475612 0.574723
vt 0.464896 0.560719
vt 0.485207 0.560129
vt 0.711353 0.361158
vt 0.715683 0.387359
vt 0.705105 0.381553
vt 0.454525 0.574919
vt 0.691339 0.392332
vt 0.701035 0.360726
vt 0.468588 0.584213
vt 0.460544 0.593867
vt 0.452185 0.602713
vt 0.443212 0.588224
vt 0.486049 0.579629
vt 0.475235 0.594052
vt 0.522212 0.119074
vt 0.509815 0.121102
vt 0.517917 0.100906
vt 0.717615 0.413259
vt 0.398030 0.586392
vt 0.402415 0.601917
vt 0.430163 0.588985
vt 0.420489 0.604307
vt 0.413744 0.592182
vt 0.439170 0.604054
vt 0.491745 0.071743
vt 0.502623 0.087880
vt 0.489910 0.082232
vt 0.708630 0.413652
vt 0.495225 0.098763
vt 0.509477 0.099829
vt 0.698458 0.411408
vt 0.490643 0.119733
vt 0.498768 0.133643
vt 0.010500 0.395270
vt 0.025877 0.390761
vt 0.681762 0.410052
vt 0.676242 0.387252
vt 0.669871 0.406995
vt 0.581771 0.280935
vt 0.581655 0.275640
vt 0.023968 0.406046
vt 0.037595 0.410323
vt 0.031470 0.421467
vt 0.018915 0.422092
vt 0.002782 0.399522
vt 0.035287 0.433291
vt 0.024865 0.438989
vt 0.042214 0.449849
vt 0.051981 0.425513
vt 0.555064 0.262682
vt 0.045889 0.389591
vt 0.046336 0.404817
vt 0.066783 0.411139
vt 0.516963 0.135991
vt 0.051713 0.442813
vt 0.067882 0.430825
vt 0.713781 0.417936
vt 0.698824 0.432715
vt 0.687770 0.411784
vt 0.676950 0.432128
vt 0.554816 0.258920
vt 0.280652 0.308294
vt 0.661188 0.417549
vt 0.689000 0.358880
vt 0.090153 0.421272
vt 0.068587 0.450811
vt 0.083305 0.446926
vt 0.090513 0.436989
vt 0.505449 0.150720
vt 0.489740 0.159643
vt 0.831059 0.983123
vt 0.828249 0.984183
vt 0.824165 0.979566
vt 0.522503 0.152752
vt 0.061833 0.463667
vt 0.502463 0.174072
vt 0.514898 0.167495
vt 0.082200 0.463318
vt 0.492869 0.185100
vt 0.488252 0.206685
vt 0.501060 0.200855
vt 0.097188 0.469061
vt 0.435557 0.570621
vt 0.654453 0.403037
vt 0.418634 0.580415
vt 0.474811 0.545777
vt 0.413481 0.570696
vt 0.557860 0.258999
vt 0.557736 0.263606
vt 0.442916 0.556546
vt 0.386012 0.576437
vt 0.398072 0.567082
vt 0.489425 0.536992
vt 0.509221 0.535132
vt 0.497065 0.555853
vt 0.773865 0.837598
vt 0.777002 0.834294
vt 0.778710 0.838403
vt 0.645172 0.401803
vt 0.644270 0.425599
vt 0.656350 0.428800
vt 0.572342 0.264459
vt 0.476529 0.394010
vt 0.478622 0.404353
vt 0.465009 0.400047
vt 0.462827 0.405794
vt 0.628479 0.412277
vt 0.633544 0.397381
vt 0.633871 0.424650
vt 0.622429 0.393613
vt 0.618954 0.368147
vt 0.553079 0.275257
vt 0.468831 0.420549
vt 0.462204 0.429424
vt 0.453553 0.426909
vt 0.463558 0.481293
vt 0.459224 0.457500
vt 0.612379 0.388966
vt 0.461139 0.504042
vt 0.550018 0.272423
vt 0.612293 0.404997
vt 0.595464 0.396714
vt 0.551910 0.269376
vt 0.399686 0.420640
vt 0.390791 0.423643
vt 0.395797 0.420306
vt 0.602453 0.384840
vt 0.729304 0.436176
vt 0.729804 0.414267
vt 0.719490 0.437285
vt 0.553756 0.272229
vt 0.739860 0.452318
vt 0.727420 0.451546
vt 0.719618 0.452430
vt 0.381658 0.406336
vt 0.708763 0.436962
vt 0.407486 0.439959
vt 0.374342 0.372824
vt 0.362171 0.379173
vt 0.361934 0.410229
vt 0.352998 0.382779
vt 0.342434 0.385628
vt 0.708407 0.451546
vt 0.711381 0.471720
vt 0.697763 0.453573
vt 0.347985 0.440710
vt 0.360837 0.435312
vt 0.366382 0.438368
vt 0.376233 0.455363
vt 0.365580 0.458820
vt 0.351241 0.461699
vt 0.688838 0.437817
vt 0.370346 0.432554
vt 0.379886 0.427044
vt 0.686630 0.451665
vt 0.677173 0.451859
vt 0.681988 0.468706
vt 0.901821 0.856444
vt 0.898546 0.852270
vt 0.572642 0.269097
vt 0.394860 0.396974
vt 0.731947 0.461542
vt 0.726595 0.484793
vt 0.711949 0.488733
vt 0.694755 0.478749
vt 0.695509 0.504662
vt 0.681261 0.490287
vt 0.386124 0.447456
vt 0.660648 0.439060
vt 0.900971 0.845041
vt 0.896332 0.845126
vt 0.896484 0.856543
vt 0.895271 0.851837
vt 0.899665 0.857783
vt 0.576592 0.268677
vt 0.666626 0.431168
vt 0.556321 0.270302
vt 0.557310 0.275861
vt 0.665742 0.471606
vt 0.665044 0.450866
vt 0.654250 0.447123
vt 0.785836 0.829200
vt 0.786838 0.832503
vt 0.782354 0.836061
vt 0.439491 0.362832
vt 0.415744 0.350481
vt 0.454069 0.413073
vt 0.445147 0.420012
vt 0.445963 0.406664
vt 0.434941 0.395253
vt 0.424655 0.403203
vt 0.645939 0.457324
vt 0.396507 0.373912
vt 0.411736 0.410724
vt 0.649285 0.480182
vt 0.661529 0.498835
vt 0.416468 0.384668
vt 0.418092 0.420847
vt 0.715530 0.521124
vt 0.719440 0.501562
vt 0.730945 0.516985
vt 0.721901 0.533503
vt 0.707308 0.515119
vt 0.681746 0.524376
vt 0.679407 0.513470
vt 0.702647 0.533731
vt 0.709072 0.548527
vt 0.685992 0.542671
vt 0.659618 0.534007
vt 0.694950 0.556619
vt 0.332858 0.023429
vt 0.555124 0.266522
vt 0.659254 0.517851
vt 0.648080 0.545925
vt 0.568746 0.273340
vt 0.569296 0.272687
vt 0.570073 0.274628
vt 0.643683 0.441439
vt 0.627523 0.433701
vt 0.444474 0.388060
vt 0.468545 0.383890
vt 0.451787 0.380790
vt 0.458456 0.374517
vt 0.418794 0.369896
vt 0.392972 0.467205
vt 0.402555 0.490701
vt 0.383735 0.489481
vt 0.568883 0.276035
vt 0.567119 0.277515
vt 0.567315 0.275147
vt 0.443983 0.454671
vt 0.424285 0.454145
vt 0.433354 0.447320
vt 0.397906 0.448890
vt 0.558920 0.267553
vt 0.426047 0.430389
vt 0.417208 0.435630
vt 0.781302 0.831371
vt 0.369635 0.032621
vt 0.384445 0.049019
vt 0.400253 0.083003
vt 0.390724 0.097308
vt 0.376469 0.078256
vt 0.368227 0.061183
vt 0.559259 0.272746
vt 0.412940 0.458864
vt 0.403610 0.461696
vt 0.412824 0.476690
vt 0.386014 0.064227
vt 0.371238 0.115723
vt 0.364073 0.137206
vt 0.377195 0.127612
vt 0.377007 0.149627
vt 0.388522 0.174297
vt 0.425218 0.441445
vt 0.429267 0.474437
vt 0.418616 0.497699
vt 0.407195 0.516775
vt 0.386973 0.506503
vt 0.387309 0.035497
vt 0.424851 0.520400
vt 0.446798 0.477911
vt 0.439462 0.500050
vt 0.387539 0.123028
vt 0.400072 0.141830
vt 0.424248 0.532280
vt 0.396637 0.531494
vt 0.403904 0.549092
vt 0.550418 0.255209
vt 0.392241 0.157234
vt 0.387242 0.207407
vt 0.465097 0.524634
vt 0.445028 0.518562
vt 0.552578 0.256787
vt 0.447015 0.535243
vt 0.267713 0.416333
vt 0.422036 0.552716
vt 0.459066 0.544235
vt 0.381481 0.468869
vt 0.369927 0.473667
vt 0.754049 0.983738
vt 0.271816 0.469558
vt 0.361241 0.475694
vt 0.754155 0.421806
vt 0.752074 0.411574
vt 0.761824 0.410273
vt 0.359042 0.487185
vt 0.269524 0.483312
vt 0.272545 0.507085
vt 0.278225 0.531269
vt 0.749403 0.479856
vt 0.761458 0.468920
vt 0.760383 0.493504
vt 0.263821 0.458410
vt 0.760047 0.445143
vt 0.752549 0.451056
vt 0.751097 0.432825
vt 0.370373 0.507897
vt 0.361437 0.516925
vt 0.762432 0.429981
vt 0.381437 0.522073
vt 0.371012 0.542190
vt 0.382933 0.555943
vt 0.388669 0.540630
vt 0.294552 0.565019
vt 0.302482 0.580358
vt 0.760728 0.981655
vt 0.756753 0.984205
vt 0.349316 0.022276
vt 0.366333 0.019397
vt 0.742171 0.414147
vt 0.748009 0.498352
vt 0.436243 0.423850
vt 0.571672 0.272084
vt 0.573898 0.271183
vt 0.573107 0.274647
vt 0.441404 0.438798
vt 0.453056 0.435931
vt 0.746614 0.514816
vt 0.762432 0.511215
vt 0.360863 0.003754
vt 0.383288 -0.000000
vt 0.363795 0.011576
vt 0.744124 0.436705
vt 0.757081 0.527298
vt 0.740940 0.531134
vt 0.575921 0.271944
vt 0.912156 0.835067
vt 0.571102 0.277633
vt 0.101698 0.344144
vt 0.087646 0.363917
vt 0.146261 0.303689
vt 0.130382 0.321069
vt 0.740676 0.467636
vt 0.129079 0.296749
vt 0.907255 0.829372
vt 0.736552 0.430477
vt 0.574553 0.277714
vt 0.485717 0.389404
vt 0.735624 0.490389
vt 0.497934 0.382710
vt 0.904449 0.820838
vt 0.489495 0.379488
vt 0.736735 0.543283
vt 0.719865 0.553325
vt 0.579525 0.388834
vt 0.564190 0.381742
vt 0.492879 0.367994
vt 0.544454 0.382824
vt 0.553040 0.388374
vt 0.043664 0.210611
vt 0.030642 0.223937
vt 0.037767 0.210954
vt 0.049367 0.219427
vt 0.065366 0.209542
vt 0.060485 0.217005
vt 0.618527 0.104591
vt 0.596153 0.094835
vt 0.596495 0.113338
vt 0.259913 0.573628
vt 0.567344 0.335427
vt 0.256813 0.601506
vt 0.071845 0.212646
vt 0.081983 0.225240
vt 0.094843 0.240308
vt 0.105141 0.226977
vt 0.582607 0.350590
vt 0.111921 0.252541
vt 0.901066 0.833308
vt 0.443404 0.350460
vt 0.454368 0.350313
vt 0.461291 0.338380
vt 0.563256 0.364986
vt 0.031457 0.183471
vt 0.590960 0.379729
vt 0.570259 0.273366
vt 0.897715 0.838113
vt 0.044583 0.193270
vt 0.054486 0.170136
vt 0.580155 0.374151
vt 0.464945 0.367647
vt 0.571538 0.369205
vt 0.895711 0.829347
vt 0.892744 0.835712
vt 0.471871 0.359587
vt 0.481057 0.369820
vt 0.476271 0.353284
vt 0.555116 0.359589
vt 0.546594 0.353483
vt 0.480423 0.347848
vt 0.788244 0.805674
vt 0.057016 0.197999
vt 0.054665 0.188949
vt 0.547206 0.372908
vt 0.034610 0.197403
vt 0.790092 0.817015
vt 0.794345 0.809425
vt 0.066165 0.184973
vt 0.785064 0.818701
vt 0.071854 0.168356
vt 0.066958 0.201866
vt 0.055361 0.205914
vt 0.536785 0.377922
vt 0.576533 0.275557
vt 0.533546 0.388125
vt 0.527051 0.391941
vt 0.763358 0.970459
vt 0.767205 0.966383
vt 0.243298 0.627960
vt 0.772896 0.958844
vt 0.244324 0.662549
vt 0.237191 0.650737
vt 0.243944 0.652763
vt 0.230980 0.665050
vt 0.075993 0.197294
vt 0.230327 0.571667
vt 0.229983 0.605447
vt 0.216002 0.604660
vt 0.088469 0.164286
vt 0.764974 0.824312
vt 0.764380 0.816189
vt 0.768295 0.821645
vt 0.570432 0.267447
vt 0.567283 0.269856
vt 0.077542 0.180806
vt 0.091162 0.177130
vt 0.205823 0.596683
vt 0.103246 0.174971
vt 0.104555 0.162252
vt 0.238100 0.626136
vt 0.216250 0.624242
vt 0.226470 0.625178
vt 0.087629 0.185391
vt 0.201995 0.619332
vt 0.210647 0.623397
vt 0.109732 0.174045
vt 0.108499 0.188019
vt 0.071404 0.493466
vt 0.099490 0.470572
vt 0.102249 0.476045
vt 0.765257 0.973897
vt 0.078808 0.498999
vt 0.059585 0.509827
vt 0.055749 0.504446
vt 0.569774 0.269391
vt 0.082562 0.206015
vt 0.229053 0.638026
vt 0.211087 0.645958
vt 0.198963 0.646865
vt 0.769338 0.813682
vt 0.088913 0.195400
vt 0.094376 0.204676
vt 0.202118 0.663627
vt 0.194486 0.660075
vt 0.091482 0.213855
vt 0.227004 0.652546
vt 0.252132 0.642585
vt 0.532362 0.371810
vt 0.098471 0.190945
vt 0.219297 0.648624
vt 0.769677 0.830660
vt 0.772734 0.824474
vt 0.773317 0.831499
vt 0.105060 0.201183
vt 0.121595 0.187895
vt 0.117337 0.199274
vt 0.238696 0.669371
vt 0.530645 0.032072
vt 0.526165 0.021391
vt 0.536264 0.013674
vt 0.126123 0.196510
vt 0.777964 0.827462
vt 0.036242 0.521562
vt 0.222698 0.678775
vt 0.221355 0.666963
vt 0.212615 0.664659
vt 0.115838 0.214980
vt 0.201594 0.685075
vt 0.208940 0.697811
vt 0.538457 0.048939
vt 0.523136 0.054998
vt 0.189282 0.709703
vt 0.403345 0.342208
vt 0.405909 0.335659
vt 0.025575 0.530175
vt 0.568552 0.272099
vt 0.128155 0.272697
vt 0.407836 0.319139
vt 0.407561 0.328014
vt 0.065697 0.393474
vt 0.064333 0.380549
vt 0.573782 0.085669
vt 0.081123 0.383990
vt 0.089120 0.404846
vt 0.102633 0.370204
vt 0.778488 0.818164
vt 0.118492 0.380040
vt 0.123750 0.375092
vt 0.360671 0.207826
vt 0.389105 0.223496
vt 0.774631 0.810251
vt 0.381921 0.237634
vt 0.364125 0.224554
vt 0.367080 0.245130
vt 0.372783 0.262607
vt 0.386899 0.363559
vt 0.892363 0.847503
vt 0.663833 0.104496
vt 0.395438 0.354677
vt 0.718824 0.122394
vt 0.733975 0.125510
vt 0.783686 0.823867
vt 0.399489 0.349073
vt 0.250839 0.880613
vt 0.104634 0.409504
vt 0.106242 0.401187
vt 0.768351 0.835646
vt 0.668499 0.970186
vt 0.107539 0.429963
vt 0.728673 0.130072
vt 0.258175 0.872670
vt 0.336739 0.217140
vt 0.342834 0.221344
vt 0.333288 0.225195
vt 0.341906 0.227573
vt 0.664737 1.000000
vt 0.666273 0.992004
vt 0.104813 0.419816
vt 0.358808 0.240847
vt 0.354618 0.233266
vt 0.667668 0.981321
vt 0.348764 0.226501
vt 0.790308 0.912032
vt 0.786465 0.918932
vt 0.783640 0.912965
vt 0.339366 0.236639
vt 0.313248 0.202571
vt 0.322598 0.211271
vt 0.312662 0.209503
vt 0.328563 0.213264
vt 0.329305 0.219729
vt 0.758215 0.773147
vt 0.758291 0.778804
vt 0.751527 0.777721
vt 0.569700 0.271660
vt 0.751209 0.770272
vt 0.193376 0.394226
vt 0.205999 0.388870
vt 0.191157 0.387713
vt 0.317602 0.221304
vt 0.321924 0.229498
vt 0.312987 0.231753
vt 0.309699 0.215959
vt 0.306118 0.227352
vt 0.758379 0.765730
vt 0.329023 0.237019
vt 0.318173 0.237823
vt 0.667526 0.936867
vt 0.347818 0.247927
vt 0.356141 0.248783
vt 0.178330 0.371280
vt 0.770000 0.914024
vt 0.769444 0.922011
vt 0.361843 0.251233
vt 0.352313 0.257257
vt 0.343949 0.258897
vt 0.343773 0.243726
vt 0.579089 0.972006
vt 0.579176 0.963147
vt 0.361808 0.258932
vt 0.712098 0.197799
vt 0.193961 0.375316
vt 0.184108 0.376742
vt 0.776447 0.913596
vt 0.590141 0.968317
vt 0.346869 0.265411
vt 0.187810 0.381557
vt 0.337970 0.268409
vt 0.776699 0.925377
vt 0.306558 0.237340
vt 0.303013 0.234498
vt 0.331634 0.245265
vt 0.322876 0.248819
vt 0.314882 0.244147
vt 0.781020 0.917121
vt 0.318161 0.248149
vt 0.308950 0.241743
vt 0.766771 0.785897
vt 0.768315 0.785701
vt 0.768643 0.785564
vt 0.768623 0.783878
vt 0.768938 0.785562
vt 0.773473 0.785037
vt 0.763844 0.771285
vt 0.765341 0.761312
vt 0.768250 0.771685
vt 0.765105 0.777669
vt 0.265232 0.298291
vt 0.269968 0.303641
vt 0.269686 0.306623
vt 0.581088 0.266746
vt 0.580880 0.270498
vt 0.772482 0.775346
vt 0.578535 0.273546
vt 0.900144 0.803956
vt 0.567868 0.281142
vt 0.837641 0.986902
vt 0.551903 0.602918
vt 0.560438 0.589572
vt 0.562594 0.607288
vt 0.573059 0.590974
vt 0.579223 0.602161
vt 0.579442 0.579318
vt 0.595606 0.589372
vt 0.590500 0.579664
vt 0.564595 0.578186
vt 0.344978 0.808451
vt 0.338653 0.803896
vt 0.347346 0.800750
vt 0.359771 0.797796
vt 0.348315 0.787345
vt 0.544722 0.574795
vt 0.554499 0.576643
vt 0.541291 0.585031
vt 0.367022 0.806354
vt 0.373331 0.816296
vt 0.358194 0.812804
vt 0.543309 0.597500
vt 0.352943 0.826722
vt 0.359336 0.828651
vt 0.349902 0.818785
vt 0.352484 0.805856
vt 0.363691 0.821718
vt 0.541514 0.673572
vt 0.550194 0.677056
vt 0.547019 0.691352
vt 0.576219 0.700207
vt 0.557405 0.701603
vt 0.561926 0.688291
vt 0.567384 0.708391
vt 0.541555 0.699779
vt 0.551849 0.713887
vt 0.659112 0.673376
vt 0.650313 0.669944
vt 0.661671 0.656296
vt 0.650478 0.652758
vt 0.575790 0.628566
vt 0.565185 0.619480
vt 0.558793 0.633197
vt 0.560899 0.647653
vt 0.548048 0.649127
vt 0.596384 0.628188
vt 0.589215 0.640065
vt 0.585070 0.616307
vt 0.551201 0.624818
vt 0.570453 0.649134
vt 0.609296 0.600355
vt 0.612418 0.619854
vt 0.603041 0.614119
vt 0.594617 0.603968
vt 0.608195 0.636611
vt 0.624804 0.608906
vt 0.625284 0.622008
vt 0.340540 0.815032
vt 0.329313 0.811254
vt 0.332065 0.821957
vt 0.327854 0.799837
vt 0.310580 0.816966
vt 0.322439 0.819571
vt 0.318496 0.830491
vt 0.319283 0.808928
vt 0.603239 0.657802
vt 0.616028 0.651408
vt 0.595694 0.659769
vt 0.613438 0.669421
vt 0.585223 0.650823
vt 0.577284 0.664190
vt 0.556064 0.662636
vt 0.587514 0.672258
vt 0.579009 0.684270
vt 0.601203 0.682446
vt 0.567350 0.673839
vt 0.622423 0.634997
vt 0.639447 0.618973
vt 0.633090 0.639333
vt 0.629448 0.660229
vt 0.641986 0.644066
vt 0.639875 0.667199
vt 0.306235 0.827325
vt 0.309890 0.835775
vt 0.544178 0.617070
vt 0.534073 0.605023
vt 0.534097 0.627920
vt 0.541487 0.640455
vt 0.333295 0.842465
vt 0.336950 0.833947
vt 0.342161 0.839685
vt 0.328059 0.832413
vt 0.340377 0.825221
vt 0.346199 0.829756
vt 0.532851 0.659122
vt 0.324527 0.841434
vt 0.316402 0.848867
vt 0.316099 0.840490
vt 0.305581 0.848917
vt 0.325238 0.850516
vt 0.616980 0.678305
vt 0.591726 0.710999
vt 0.590250 0.694234
vt 0.608370 0.701402
vt 0.618569 0.693663
vt 0.628587 0.678424
vt 0.631765 0.693195
vt 0.642017 0.686804
vt 0.524943 0.605201
vt 0.528248 0.591874
vt 0.385194 0.612729
vt 0.373052 0.605102
vt 0.382720 0.604307
vt 0.382089 0.629152
vt 0.389556 0.623381
vt 0.394712 0.636164
vt 0.368145 0.635527
vt 0.378859 0.639070
vt 0.369556 0.618105
vt 0.358373 0.626782
vt 0.361664 0.612085
vt 0.354330 0.645560
vt 0.347873 0.630873
vt 0.403385 0.702097
vt 0.407031 0.716171
vt 0.398948 0.720399
vt 0.517879 0.670891
vt 0.529085 0.673651
vt 0.523475 0.686385
vt 0.526180 0.703556
vt 0.531144 0.690559
vt 0.404610 0.733935
vt 0.389778 0.736996
vt 0.389553 0.718675
vt 0.383277 0.724274
vt 0.380824 0.741102
vt 0.533976 0.708051
vt 0.397024 0.752089
vt 0.396807 0.739659
vt 0.398041 0.653128
vt 0.389697 0.649095
vt 0.382357 0.654537
vt 0.527937 0.620311
vt 0.524885 0.643556
vt 0.520426 0.621989
vt 0.408417 0.671853
vt 0.400229 0.671167
vt 0.378785 0.676777
vt 0.390613 0.670683
vt 0.373617 0.655957
vt 0.345408 0.855990
vt 0.334556 0.863388
vt 0.335103 0.853358
vt 0.343246 0.847419
vt 0.542715 0.911116
vt 0.554326 0.903897
vt 0.555621 0.911730
vt 0.567750 0.902085
vt 0.566142 0.909020
vt 0.575671 0.716465
vt 0.563916 0.720751
vt 0.585305 0.725954
vt 0.575571 0.733789
vt 0.353145 0.844882
vt 0.350877 0.838797
vt 0.517297 0.657780
vt 0.402874 0.688919
vt 0.390635 0.690921
vt 0.380142 0.693759
vt 0.390483 0.705020
vt 0.326349 0.861790
vt 0.366188 0.676305
vt 0.366782 0.691377
vt 0.364532 0.657620
vt 0.345466 0.652125
vt 0.338627 0.637646
vt 0.331994 0.647796
vt 0.354375 0.668788
vt 0.347435 0.678970
vt 0.339689 0.666730
vt 0.328281 0.664580
vt 0.330868 0.683955
vt 0.353028 0.696733
vt 0.364167 0.706351
vt 0.376905 0.713587
vt 0.350056 0.722447
vt 0.343303 0.694482
vt 0.336642 0.709802
vt 0.554233 0.732144
vt 0.563666 0.735089
vt 0.545798 0.720639
vt 0.320766 0.673578
vt 0.324895 0.699391
vt 0.313472 0.688608
vt 0.569488 0.740935
vt 0.566090 0.747090
vt 0.307642 0.703669
vt 0.315824 0.711718
vt 0.365581 0.721809
vt 0.374985 0.742625
vt 0.363357 0.739804
vt 0.556511 0.744603
vt 0.350737 0.740468
vt 0.338711 0.731826
vt 0.324402 0.719726
vt 0.312918 0.727497
vt 0.302298 0.718733
vt 0.328791 0.738159
vt 0.341603 0.756043
vt 0.366751 0.758064
vt 0.359189 0.756995
vt 0.376420 0.760364
vt 0.541078 0.725491
vt 0.526906 0.719532
vt 0.384185 0.753825
vt 0.537893 0.733082
vt 0.384458 0.763337
vt 0.350686 0.756256
vt 0.604935 0.260292
vt 0.599919 0.264831
vt 0.542922 0.741359
vt 0.390926 0.767035
vt 0.398742 0.763877
vt 0.330250 0.756538
vt 0.575139 0.282167
vt 0.583063 0.296329
vt 0.576711 0.293879
vt 0.318063 0.743848
vt 0.295454 0.734876
vt 0.316713 0.758296
vt 0.308836 0.749268
vt 0.298048 0.743028
vt 0.305146 0.761186
vt 0.293607 0.753667
vt 0.297179 0.764230
vt 0.771768 0.449043
vt 0.788822 0.450123
vt 0.777067 0.453761
vt 0.621979 0.708731
vt 0.612343 0.711985
vt 0.600743 0.717002
vt 0.635029 0.705548
vt 0.592618 0.721325
vt 0.650363 0.686579
vt 0.646163 0.704341
vt 0.660270 0.688377
vt 0.654744 0.704589
vt 0.770473 0.003915
vt 0.761259 0.009274
vt 0.753743 0.000000
vt 0.749299 0.007805
vt 0.532296 0.580939
vt 0.537655 0.572847
vt 0.377400 0.824769
vt 0.579089 0.893139
vt 0.578232 0.900730
vt 0.569437 0.894763
vt 0.367633 0.830253
vt 0.404283 0.648713
vt 0.531625 0.641621
vt 0.362242 0.837132
vt 0.320373 0.858396
vt 0.310956 0.858186
vt 0.577282 0.912095
vt 0.362650 0.605667
vt 0.380602 0.834681
vt 0.350722 0.605891
vt 0.381838 0.843935
vt 0.381410 0.853221
vt 0.370352 0.850911
vt 0.341141 0.617057
vt 0.339105 0.606071
vt 0.575139 0.305694
vt 0.585167 0.306231
vt 0.366337 0.863191
vt 0.373747 0.870006
vt 0.361820 0.868938
vt 0.567371 0.938999
vt 0.576535 0.942706
vt 0.566431 0.951138
vt 0.576675 0.931937
vt 0.379159 0.861261
vt 0.369349 0.856348
vt 0.561497 0.929537
vt 0.576705 0.924217
vt 0.567542 0.916921
vt 0.370358 0.841141
vt 0.368166 0.875144
vt 0.327605 0.629702
vt 0.324345 0.615626
vt 0.323876 0.605709
vt 0.313042 0.605251
vt 0.310353 0.614001
vt 0.317452 0.625840
vt 0.304128 0.604510
vt 0.297780 0.617127
vt 0.359449 0.880083
vt 0.355593 0.873523
vt 0.263805 0.486077
vt 0.263805 0.493312
vt 0.263613 0.488527
vt 0.141511 0.735755
vt 0.138075 0.747780
vt 0.126734 0.736820
vt 0.288106 0.613553
vt 0.299827 0.604307
vt 0.599972 0.579454
vt 0.326834 0.774140
vt 0.331140 0.776292
vt 0.339209 0.780973
vt 0.485088 0.792434
vt 0.483414 0.782398
vt 0.493520 0.787114
vt 0.338604 0.793475
vt 0.621814 0.578030
vt 0.615624 0.589719
vt 0.604856 0.579460
vt 0.952115 0.465707
vt 0.952712 0.453761
vt 0.956642 0.467526
vt 0.531673 0.916178
vt 0.537301 0.922427
vt 0.548407 0.917129
vt 0.313522 0.774618
vt 0.311086 0.768939
vt 0.905841 0.499869
vt 0.893195 0.500500
vt 0.900154 0.490319
vt 0.894009 0.489242
vt 0.909000 0.490041
vt 0.903376 0.510078
vt 0.901014 0.520226
vt 0.890741 0.513693
vt 0.885836 0.494008
vt 0.878736 0.496082
vt 0.887035 0.485878
vt 0.895059 0.478567
vt 0.882202 0.502590
vt 0.329066 0.787427
vt 0.903009 0.481030
vt 0.913329 0.483360
vt 0.919498 0.493897
vt 0.921324 0.477521
vt 0.928743 0.485915
vt 0.660466 0.623313
vt 0.654613 0.604059
vt 0.664737 0.607382
vt 0.651229 0.626095
vt 0.907565 0.475281
vt 0.903432 0.470811
vt 0.661063 0.640009
vt 0.827373 0.028774
vt 0.833397 0.021552
vt 0.844842 0.035724
vt 0.843348 0.042112
vt 0.818544 0.014463
vt 0.877885 0.489968
vt 0.878845 0.484933
vt 0.886950 0.480944
vt 0.853425 0.055695
vt 0.833039 0.047557
vt 0.523172 0.958670
vt 0.517297 0.951741
vt 0.523938 0.952579
vt 0.518387 0.943596
vt 0.825613 0.037652
vt 0.842146 0.061119
vt 0.307202 0.888509
vt 0.302182 0.882977
vt 0.314215 0.884941
vt 0.301258 0.889095
vt 0.298930 0.878149
vt 0.311513 0.879106
vt 0.311959 0.873678
vt 0.812283 0.037353
vt 0.806423 0.023341
vt 0.803080 0.009646
vt 0.788552 0.011742
vt 0.786689 0.003932
vt 0.323010 0.877985
vt 0.792545 0.032655
vt 0.827646 0.063672
vt 0.819629 0.052440
vt 0.806538 0.056379
vt 0.798112 0.045987
vt 0.319562 0.869918
vt 0.529461 0.964945
vt 0.532077 0.955614
vt 0.537263 0.963615
vt 0.526989 0.946830
vt 0.534086 0.944452
vt 0.541982 0.955967
vt 0.536207 0.935719
vt 0.527358 0.939002
vt 0.498220 0.797519
vt 0.529689 0.928753
vt 0.298619 0.838062
vt 0.313453 0.865581
vt 0.630828 0.595969
vt 0.632895 0.584710
vt 0.320049 0.783253
vt 0.310639 0.780172
vt 0.639115 0.575287
vt 0.644367 0.593741
vt 0.522069 0.932618
vt 0.328438 0.870500
vt 0.631926 0.576701
vt 0.333363 0.874053
vt 0.525924 0.923374
vt 0.341940 0.867337
vt 0.302724 0.870540
vt 0.294442 0.874394
vt 0.936413 0.476604
vt 0.543644 0.948475
vt 0.547555 0.941549
vt 0.553917 0.949464
vt 0.550554 0.958076
vt 0.496461 0.828405
vt 0.496969 0.836903
vt 0.485144 0.834760
vt 0.547316 0.933443
vt 0.546485 0.927121
vt 0.483414 0.845052
vt 0.289027 0.772531
vt 0.301021 0.778656
vt 0.291800 0.778518
vt 0.301048 0.767400
vt 0.557157 0.939057
vt 0.576795 0.953475
vt 0.556489 0.921556
vt 0.486048 0.824067
vt 0.493359 0.819032
vt 0.293657 0.767035
vt 0.642232 0.605579
vt 0.891008 0.521815
vt 0.506134 0.821674
vt 0.650969 0.589740
vt 0.885972 0.508251
vt 0.881999 0.517275
vt 0.509297 0.842309
vt 0.493402 0.845117
vt 0.499636 0.848212
vt 0.505259 0.829142
vt 0.511705 0.830185
vt 0.876571 0.513056
vt 0.315322 0.801793
vt 0.874554 0.506989
vt 0.301463 0.805983
vt 0.302612 0.796511
vt 0.310512 0.795896
vt 0.872265 0.498921
vt 0.884489 0.525596
vt 0.875865 0.523639
vt 0.869810 0.511488
vt 0.871071 0.520543
vt 0.867619 0.503449
vt 0.292057 0.885628
vt 0.288701 0.880386
vt 0.306877 0.684322
vt 0.506472 0.807173
vt 0.493931 0.807024
vt 0.503278 0.814600
vt 0.486357 0.813483
vt 0.319252 0.653282
vt 0.311493 0.640677
vt 0.304178 0.628218
vt 0.486045 0.803309
vt 0.560390 0.956592
vt 0.299387 0.651362
vt 0.307220 0.663872
vt 0.292082 0.640132
vt 0.286410 0.627891
vt 0.283749 0.780093
vt 0.283533 0.768363
vt 0.275674 0.771099
vt 0.873980 0.048844
vt 0.865365 0.059706
vt 0.860491 0.044116
vt 0.658856 0.588671
vt 0.648257 0.572847
vt 0.563827 0.964886
vt 0.577354 0.964184
vt 0.566959 0.970267
vt 0.578186 0.974935
vt 0.274392 0.619367
vt 0.274184 0.631109
vt 0.015103 0.881102
vt 0.019625 0.870709
vt 0.027422 0.875151
vt 0.028010 0.883016
vt 0.752918 0.016910
vt 0.756498 0.028118
vt 0.769866 0.017858
vt 0.771750 0.037242
vt 0.763705 0.031768
vt 0.776928 0.030259
vt 0.569995 0.979650
vt 0.579089 0.982956
vt 0.008601 0.869731
vt 0.007816 0.878225
vt 0.947092 0.465372
vt 0.944437 0.458673
vt 0.871788 0.067875
vt 0.872973 0.058316
vt 0.007221 0.887293
vt 0.020507 0.891394
vt 0.016892 0.897928
vt 0.948994 0.472864
vt 0.006874 0.898160
vt 0.277137 0.640786
vt 0.805183 0.063950
vt 0.789031 0.057314
vt 0.559764 0.976042
vt 0.928798 0.469604
vt 0.939602 0.470449
vt 0.794421 0.068351
vt 0.916338 0.469979
vt 0.548356 0.971150
vt 0.552929 0.967551
vt 0.269385 0.774858
vt 0.276902 0.782905
vt 0.270567 0.787573
vt 0.743347 0.015266
vt 0.281188 0.654028
vt 0.288686 0.660791
vt 0.296453 0.672176
vt 0.744497 0.023973
vt 0.057571 0.884640
vt 0.068986 0.887025
vt 0.066497 0.892407
vt 0.058096 0.892084
vt 0.280677 0.675366
vt 0.049151 0.880689
vt 0.054435 0.877384
vt 0.291127 0.700471
vt 0.291467 0.685155
vt 0.277501 0.815017
vt 0.280948 0.821326
vt 0.270963 0.819717
vt 0.735491 0.022730
vt 0.272772 0.832024
vt 0.279911 0.691272
vt 0.540052 0.971480
vt 0.280744 0.833535
vt 0.285410 0.839416
vt 0.275921 0.843324
vt 0.292886 0.848413
vt 0.291532 0.832036
vt 0.285255 0.826862
vt 0.271898 0.661699
vt 0.263821 0.646180
vt 0.271037 0.692682
vt 0.266582 0.673335
vt 0.863643 0.393704
vt 0.854138 0.382492
vt 0.868881 0.373618
vt 0.297818 0.824615
vt 0.292669 0.818679
vt 0.853313 0.395337
vt 0.289126 0.811705
vt 0.284015 0.806920
vt 0.038184 0.872920
vt 0.046661 0.870762
vt 0.289425 0.718283
vt 0.278855 0.709435
vt 0.291588 0.801104
vt 0.300532 0.815926
vt 0.835483 0.403533
vt 0.840516 0.410355
vt 0.840327 0.382698
vt 0.831662 0.393368
vt 0.825627 0.413963
vt 0.829123 0.425263
vt 0.815938 0.402516
vt 0.822714 0.384441
vt 0.952500 0.522722
vt 0.951799 0.532101
vt 0.944839 0.524001
vt 0.942876 0.482425
vt 0.950229 0.479874
vt 0.951435 0.488018
vt 0.956001 0.489780
vt 0.957833 0.474665
vt 0.296130 0.794703
vt 0.281058 0.799933
vt 0.797661 0.079963
vt 0.952225 0.496165
vt 0.858300 0.069997
vt 0.030376 0.891748
vt 0.042625 0.898400
vt 0.029023 0.903850
vt 0.959293 0.484937
vt 0.960201 0.494475
vt 0.960692 0.506343
vt 0.952540 0.505964
vt 0.938995 0.508640
vt 0.933578 0.499571
vt 0.944845 0.501106
vt 0.039105 0.888793
vt 0.952764 0.512307
vt 0.935781 0.517448
vt 0.960590 0.516020
vt 0.798373 0.098300
vt 0.808014 0.091311
vt 0.806060 0.104692
vt 0.039069 0.881190
vt 0.938712 0.491033
vt 0.043393 0.917747
vt 0.055772 0.915967
vt 0.047034 0.927418
vt 0.045475 0.907702
vt 0.056734 0.902301
vt 0.034229 0.909935
vt 0.032729 0.921220
vt 0.066453 0.901806
vt 0.149919 0.771917
vt 0.163275 0.787013
vt 0.152433 0.783246
vt 0.049128 0.890233
vt 0.171188 0.799657
vt 0.172952 0.814135
vt 0.153726 0.805273
vt 0.795781 0.110330
vt 0.798599 0.088840
vt 0.960232 0.528495
vt 0.959043 0.541894
vt 0.302483 0.861819
vt 0.153626 0.792733
vt 0.803408 0.117628
vt 0.790105 0.122228
vt 0.284039 0.848205
vt 0.281774 0.855053
vt 0.288661 0.860750
vt 0.296372 0.857222
vt 0.910532 0.524641
vt 0.923145 0.522770
vt 0.923727 0.532670
vt 0.818077 0.076137
vt 0.064225 0.934918
vt 0.061540 0.923959
vt 0.067349 0.927790
vt 0.910677 0.533380
vt 0.067953 0.918070
vt 0.915476 0.516998
vt 0.913814 0.505090
vt 0.064960 0.908806
vt 0.073124 0.910236
vt 0.924643 0.512185
vt 0.934255 0.525364
vt 0.933259 0.533067
vt 0.943755 0.536023
vt 0.075562 0.902772
vt 0.079457 0.911395
vt 0.081830 0.905980
vt 0.074516 0.897638
vt 0.265064 0.845471
vt 0.267369 0.841892
vt 0.268427 0.854939
vt 0.273635 0.851775
vt 0.923559 0.501580
vt 0.152058 0.819219
vt 0.163234 0.821768
vt 0.183591 0.808854
vt 0.178369 0.787180
vt 0.190659 0.796218
vt 0.189582 0.823740
vt 0.202137 0.805518
vt 0.204869 0.815893
vt 0.267291 0.831158
vt 0.888023 0.533918
vt 0.880959 0.532271
vt 0.202942 0.835429
vt 0.213720 0.824187
vt 0.219568 0.808427
vt 0.211652 0.791808
vt 0.221021 0.795728
vt 0.074282 0.928171
vt 0.886127 0.540294
vt 0.232710 0.802376
vt 0.070263 0.937719
vt 0.074770 0.920678
vt 0.874692 0.532289
vt 0.879517 0.541072
vt 0.156135 0.741585
vt 0.150533 0.752528
vt 0.142226 0.753940
vt 0.146810 0.763109
vt 0.163194 0.753425
vt 0.171222 0.743907
vt 0.163878 0.734611
vt 0.168757 0.772290
vt 0.164352 0.762464
vt 0.177722 0.758132
vt 0.182347 0.736329
vt 0.187721 0.745291
vt 0.864389 0.362903
vt 0.876766 0.360940
vt 0.272896 0.875864
vt 0.272690 0.871157
vt 0.280484 0.880155
vt 0.080648 0.919418
vt 0.080376 0.927470
vt 0.185414 0.775122
vt 0.190837 0.769430
vt 0.189819 0.757304
vt 0.853353 0.356905
vt 0.860819 0.348943
vt 0.852019 0.371133
vt 0.841087 0.365302
vt 0.263821 0.861795
vt 0.264484 0.868083
vt 0.867619 0.522158
vt 0.270102 0.864260
vt 0.264190 0.854856
vt 0.282268 0.874925
vt 0.279279 0.868802
vt 0.210760 0.771625
vt 0.204477 0.766271
vt 0.288582 0.870114
vt 0.846302 0.343982
vt 0.281606 0.863246
vt 0.200683 0.784878
vt 0.274404 0.860287
vt 0.821778 0.335038
vt 0.829825 0.322936
vt 0.839120 0.340865
vt 0.834156 0.353198
vt 0.822068 0.367002
vt 0.822432 0.350644
vt 0.831694 0.373413
vt 0.819105 0.323977
vt 0.294076 0.865217
vt 0.280511 0.733958
vt 0.817130 0.427426
vt 0.810222 0.418998
vt 0.276564 0.721536
vt 0.806266 0.434794
vt 0.796153 0.429528
vt 0.283975 0.752487
vt 0.796225 0.420110
vt 0.867593 0.094708
vt 0.860359 0.080596
vt 0.870297 0.078582
vt 0.006724 0.917367
vt 0.014945 0.906073
vt 0.021281 0.913070
vt 0.006841 0.908568
vt 0.786667 0.429830
vt 0.777213 0.436358
vt 0.787408 0.441512
vt 0.000000 0.916772
vt 0.000000 0.900402
vt 0.263821 0.779976
vt 0.865661 0.105273
vt 0.858521 0.093443
vt 0.000156 0.927474
vt 0.007162 0.926793
vt 0.000751 0.937925
vt 0.803025 0.410350
vt 0.810086 0.394214
vt 0.802847 0.128408
vt 0.008688 0.949064
vt 0.001552 0.949352
vt 0.007999 0.943295
vt 0.007661 0.936111
vt 0.016542 0.933866
vt 0.781342 0.132700
vt 0.790608 0.138120
vt 0.019805 0.923020
vt 0.773345 0.138505
vt 0.813102 0.376916
vt 0.126734 0.864936
vt 0.143696 0.863509
vt 0.138627 0.872378
vt 0.134163 0.857991
vt 0.140501 0.849427
vt 0.148223 0.854521
vt 0.947734 0.557519
vt 0.953594 0.568919
vt 0.945673 0.563936
vt 0.002617 0.959224
vt 0.849514 0.080221
vt 0.851331 0.098815
vt 0.830693 0.083900
vt 0.837876 0.074282
vt 0.835530 0.094241
vt 0.835216 0.104842
vt 0.838543 0.114784
vt 0.851690 0.117103
vt 0.765580 0.444563
vt 0.767405 0.441046
vt 0.863331 0.115554
vt 0.033267 0.947003
vt 0.030623 0.939576
vt 0.044972 0.940000
vt 0.762565 0.442691
vt 0.781337 0.148554
vt 0.794349 0.143942
vt 0.212391 0.852663
vt 0.223944 0.854014
vt 0.214274 0.863405
vt 0.230063 0.842514
vt 0.216774 0.838210
vt 0.764315 0.143011
vt 0.772314 0.154860
vt 0.758496 0.151167
vt 0.054077 0.932814
vt 0.037885 0.934116
vt 0.028486 0.928675
vt 0.262600 0.495649
vt 0.262526 0.495582
vt 0.262600 0.495379
vt 0.762432 0.442520
vt 0.263821 0.470573
vt 0.263821 0.470663
vt 0.263820 0.470632
vt 0.749015 0.146599
vt 0.234008 0.856436
vt 0.241759 0.848191
vt 0.019451 0.942325
vt 0.022542 0.948730
vt 0.851598 0.128657
vt 0.839072 0.126174
vt 0.158166 0.859636
vt 0.162808 0.851131
vt 0.019449 0.956398
vt 0.009639 0.956599
vt 0.825804 0.134106
vt 0.822055 0.123036
vt 0.174886 0.858869
vt 0.169828 0.871444
vt 0.154384 0.872670
vt 0.144947 0.841206
vt 0.154650 0.840854
vt 0.149117 0.830337
vt 0.950001 0.547293
vt 0.955576 0.561896
vt 0.957680 0.552200
vt 0.951182 0.539502
vt 0.917006 0.541129
vt 0.912791 0.552831
vt 0.906659 0.543750
vt 0.924091 0.547204
vt 0.032621 0.953323
vt 0.044322 0.949749
vt 0.924802 0.555223
vt 0.895769 0.529134
vt 0.901530 0.536065
vt 0.898939 0.547744
vt 0.895225 0.538382
vt 0.054437 0.940665
vt 0.057828 0.944387
vt 0.933747 0.540962
vt 0.935835 0.549512
vt 0.938293 0.556375
vt 0.178240 0.844576
vt 0.164414 0.832261
vt 0.176428 0.831060
vt 0.189232 0.837167
vt 0.819468 0.095567
vt 0.817705 0.111000
vt 0.813267 0.137573
vt 0.182460 0.871970
vt 0.191141 0.859516
vt 0.201461 0.868343
vt 0.890032 0.548532
vt 0.196749 0.849730
vt 0.785548 0.020039
vt 0.781972 0.047237
vt 0.260088 0.479761
vt 0.263747 0.481092
vt 0.259913 0.486077
vt 0.750230 0.154834
vt 0.735491 0.149647
vt 0.592284 0.282167
vt 0.596431 0.289235
vt 0.593596 0.297593
vt 0.259913 0.470573
vt 0.235396 0.832863
vt 0.226746 0.819571
vt 0.803929 0.324923
vt 0.784950 0.321229
vt 0.799066 0.310377
vt 0.791836 0.326033
vt 0.780191 0.308294
vt 0.773550 0.316331
vt 0.246968 0.838059
vt 0.762432 0.314355
vt 0.599974 0.282167
vt 0.805550 0.342662
vt 0.809235 0.350776
vt 0.812318 0.362989
vt 0.799422 0.333478
vt 0.547946 0.126992
vt 0.537774 0.126688
vt 0.175392 0.263509
s 0
f 3214/1/1 3212/2/1 3333/3/1
f 3233/4/2 3333/3/2 3212/2/2
f 3212/2/3 3215/5/3 3233/4/3
f 3233/4/4 3215/5/4 3219/6/4
f 3209/7/5 3233/4/5 3219/6/5
f 3304/8/6 3305/9/6 3326/10/6
f 3322/11/7 3326/10/7 3305/9/7
f 3322/12/8 3324/13/8 3326/14/8
f 3304/8/9 3326/10/9 3390/15/9
f 3313/16/10 3328/17/10 3315/18/10
f 3324/13/11 3315/18/11 3328/17/11
f 3320/19/12 3316/20/12 3467/21/12
f 3466/22/13 3467/21/13 3316/20/13
f 3329/23/14 3309/24/14 3320/19/14
f 3308/25/15 3309/24/15 3329/23/15
f 3332/26/16 3359/27/16 3333/3/16
f 3339/28/17 3308/25/17 3485/29/17
f 3356/30/18 3359/27/18 3357/31/18
f 3355/32/19 3328/17/19 3313/16/19
f 3328/17/20 3355/32/20 3332/26/20
f 3363/33/21 3359/27/21 3361/34/21
f 3355/32/22 3357/31/22 3359/27/22
f 3359/27/23 3363/33/23 3333/3/23
f 3363/33/24 3214/1/24 3333/3/24
f 3355/32/25 3359/27/25 3332/26/25
f 3376/35/26 3405/36/26 3378/37/26
f 3365/38/27 3370/39/27 3377/40/27
f 3377/40/28 3400/41/28 3365/38/28
f 3318/42/29 3304/8/29 3390/15/29
f 3376/35/30 3327/43/30 3318/42/30
f 3326/14/31 3324/13/31 3328/17/31
f 3405/36/32 3318/42/32 3390/15/32
f 3220/44/33 3394/45/33 3209/7/33
f 3394/45/34 3220/44/34 3400/41/34
f 3220/44/35 3407/46/35 3400/41/35
f 3233/4/36 3209/7/36 3394/45/36
f 3318/42/37 3405/36/37 3376/35/37
f 3377/47/38 3378/37/38 3405/36/38
f 3365/38/39 3400/41/39 3407/46/39
f 3400/41/40 3377/40/40 3405/48/40
f 3431/49/41 3439/50/41 3441/51/41
f 3439/50/42 3437/52/42 3441/51/42
f 3387/53/43 3441/51/43 3437/52/43
f 3445/54/44 3479/55/44 3434/56/44
f 3430/57/45 3431/49/45 3457/58/45
f 3456/59/46 3451/60/46 3457/58/46
f 3430/57/47 3457/58/47 3451/60/47
f 3453/61/48 3456/59/48 3465/62/48
f 3457/58/49 3458/63/49 3456/59/49
f 3456/59/50 3458/63/50 3465/62/50
f 3453/61/51 3465/62/51 3464/64/51
f 3465/62/52 3467/21/52 3466/22/52
f 3458/63/53 3467/21/53 3465/62/53
f 3329/23/54 3320/19/54 3467/21/54
f 3387/53/55 3434/56/55 3479/55/55
f 3441/51/56 3387/53/56 3479/55/56
f 3441/51/57 3457/58/57 3431/49/57
f 3489/65/58 3445/54/58 3444/66/58
f 3485/29/59 3490/67/59 3339/28/59
f 3494/68/60 3506/69/60 3504/70/60
f 3489/65/61 3504/70/61 3506/69/61
f 3506/69/62 3479/55/62 3445/54/62
f 3445/54/63 3489/65/63 3506/69/63
f 3339/28/64 3490/67/64 3331/71/64
f 3507/72/65 3494/68/65 3509/73/65
f 3331/71/66 3490/67/66 3507/72/66
f 3494/68/67 3507/72/67 3490/67/67
f 3506/69/68 3494/68/68 3490/67/68
f 3228/74/69 2982/75/69 2930/76/69
f 2930/76/70 2929/77/70 3228/74/70
f 3096/78/71 2930/76/71 2982/75/71
f 2930/76/72 3096/78/72 3093/79/72
f 3092/80/73 3093/79/73 3097/81/73
f 3089/82/74 3092/80/74 3097/81/74
f 3097/81/75 3093/79/75 3096/78/75
f 3099/83/76 3111/84/76 3097/81/76
f 3111/84/77 3089/82/77 3097/81/77
f 3110/85/78 3092/80/78 3089/82/78
f 3118/86/79 3110/85/79 3089/82/79
f 3116/87/80 3118/86/80 3089/82/80
f 3470/88/81 3118/86/81 3116/87/81
f 2929/77/82 3140/89/82 3228/74/82
f 3120/90/83 3225/91/83 3140/89/83
f 3176/92/84 3270/93/84 3174/94/84
f 3174/94/85 3175/95/85 3176/92/85
f 3226/96/86 3176/92/86 3175/95/86
f 3120/97/87 3134/98/87 3225/99/87
f 3225/99/88 3134/98/88 3226/96/88
f 3176/92/89 3226/96/89 3134/98/89
f 3228/74/90 3140/89/90 3225/91/90
f 3270/93/91 3269/100/91 3273/101/91
f 3273/101/92 3269/100/92 3267/102/92
f 3174/94/93 3270/93/93 3273/101/93
f 3273/103/94 3268/104/94 3174/105/94
f 3297/106/95 3311/107/95 3312/108/95
f 3311/107/96 3336/109/96 3312/108/96
f 3334/110/97 3312/108/97 3336/109/97
f 3269/100/98 3334/110/98 3336/109/98
f 3336/109/99 3267/102/99 3269/100/99
f 3440/111/100 3438/112/100 3554/113/100
f 3440/111/101 3554/113/101 3422/114/101
f 3543/115/102 3566/116/102 3422/114/102
f 3435/117/103 3554/113/103 3438/112/103
f 3422/114/104 3554/113/104 3543/115/104
f 3424/118/105 3422/114/105 3566/116/105
f 3566/116/106 3555/119/106 3424/118/106
f 3424/118/107 3555/119/107 3446/120/107
f 3570/121/108 3118/86/108 3470/88/108
f 3118/86/109 3570/121/109 3554/113/109
f 3118/86/110 3554/113/110 3471/122/110
f 3435/117/111 3471/122/111 3554/113/111
f 3657/123/112 3446/120/112 3555/119/112
f 3657/123/113 3555/119/113 3663/124/113
f 3663/124/114 3665/125/114 3656/126/114
f 3656/126/115 3657/123/115 3663/124/115
f 3665/125/116 3671/127/116 3656/126/116
f 3670/128/117 3671/127/117 3665/125/117
f 3671/129/118 3642/130/118 3668/131/118
f 3656/126/119 3671/127/119 3668/132/119
f 3668/131/120 3642/130/120 3667/133/120
f 3642/130/121 3680/134/121 3667/133/121
f 3206/135/122 3667/133/122 3680/134/122
f 3206/135/123 3680/134/123 3205/136/123
f 8/137/124 4/138/124 4144/139/124
f 27/140/125 16/141/125 21/142/125
f 79/143/126 55/144/126 24/145/126
f 60/146/127 29/147/127 93/148/127
f 19/149/128 25/150/128 20/151/128
f 27/140/129 32/152/129 16/141/129
f 4464/153/130 40/154/130 107/155/130
f 35/156/131 37/157/131 36/158/131
f 57/159/132 68/160/132 37/157/132
f 59/161/133 60/146/133 77/162/133
f 37/157/134 68/160/134 36/158/134
f 58/163/135 73/164/135 62/165/135
f 74/166/136 77/162/136 60/146/136
f 70/167/137 73/164/137 58/163/137
f 75/168/138 35/156/138 36/158/138
f 12/169/139 64/170/139 79/143/139
f 64/170/140 66/171/140 79/143/140
f 3321/172/141 76/173/141 78/174/141
f 70/167/142 134/175/142 73/164/142
f 75/168/143 36/158/143 84/176/143
f 76/173/144 77/162/144 78/174/144
f 78/174/145 77/162/145 74/166/145
f 84/176/146 36/158/146 86/177/146
f 64/170/147 63/178/147 87/179/147
f 66/171/148 64/170/148 87/179/148
f 88/180/149 78/174/149 74/166/149
f 86/177/150 36/158/150 68/160/150
f 93/148/151 29/147/151 4464/153/151
f 87/179/152 63/178/152 92/181/152
f 87/179/153 92/181/153 122/182/153
f 74/166/154 60/146/154 93/148/154
f 91/183/155 98/184/155 4666/185/155
f 93/148/156 143/186/156 88/180/156
f 93/148/157 4464/153/157 107/155/157
f 157/187/158 93/148/158 107/155/158
f 84/188/159 86/189/159 94/190/159
f 174/191/160 4412/192/160 110/193/160
f 86/189/161 170/194/161 94/190/161
f 66/171/162 87/179/162 120/195/162
f 122/182/163 120/195/163 87/179/163
f 143/186/164 93/148/164 157/187/164
f 20/151/165 25/150/165 57/159/165
f 128/196/166 62/165/166 73/164/166
f 134/175/167 128/196/167 73/164/167
f 62/165/168 128/196/168 98/197/168
f 130/198/169 57/159/169 25/150/169
f 129/199/170 68/160/170 130/198/170
f 129/199/171 86/177/171 68/160/171
f 91/200/172 62/165/172 98/197/172
f 93/148/173 88/180/173 74/166/173
f 88/180/174 143/186/174 155/201/174
f 92/181/175 63/178/175 4570/202/175
f 155/201/176 90/203/176 88/180/176
f 78/174/177 88/180/177 90/203/177
f 128/196/178 144/204/178 98/197/178
f 223/205/179 221/206/179 128/196/179
f 170/194/180 86/189/180 228/207/180
f 57/159/181 130/198/181 68/160/181
f 130/198/182 412/208/182 129/199/182
f 4625/209/183 171/210/183 70/167/183
f 171/210/184 4625/209/184 168/211/184
f 110/193/185 170/194/185 174/191/185
f 181/212/186 176/213/186 242/214/186
f 92/181/187 181/212/187 122/182/187
f 155/201/188 143/186/188 157/187/188
f 79/143/189 66/171/189 120/195/189
f 190/215/190 79/143/190 120/195/190
f 170/194/191 110/193/191 94/190/191
f 120/195/192 122/182/192 196/216/192
f 196/216/193 199/217/193 120/195/193
f 240/218/194 214/219/194 174/191/194
f 240/218/195 174/191/195 170/194/195
f 171/210/196 134/175/196 70/167/196
f 201/220/197 157/187/197 2167/221/197
f 155/201/198 157/187/198 201/220/198
f 203/222/199 171/210/199 168/211/199
f 155/201/200 281/223/200 90/203/200
f 203/222/201 452/224/201 206/225/201
f 210/226/202 281/223/202 201/220/202
f 201/220/203 281/223/203 155/201/203
f 223/205/204 128/196/204 134/175/204
f 217/227/205 134/175/205 171/210/205
f 223/205/206 134/175/206 217/227/206
f 221/206/207 144/204/207 128/196/207
f 172/228/208 174/191/208 216/229/208
f 172/228/209 216/229/209 191/230/209
f 55/144/210 79/143/210 190/215/210
f 144/204/211 221/206/211 275/231/211
f 216/229/212 213/232/212 191/230/212
f 214/219/213 216/229/213 174/191/213
f 217/227/214 244/233/214 223/205/214
f 171/210/215 203/222/215 229/234/215
f 78/174/216 230/235/216 3321/172/216
f 171/210/217 229/234/217 217/227/217
f 230/235/218 233/236/218 254/237/218
f 230/235/219 78/174/219 90/203/219
f 227/238/220 190/215/220 120/195/220
f 120/195/221 199/217/221 227/238/221
f 233/236/222 230/235/222 90/203/222
f 129/199/223 228/239/223 86/177/223
f 229/234/224 239/240/224 217/227/224
f 240/218/225 170/194/225 282/241/225
f 206/225/226 229/234/226 203/222/226
f 228/207/227 282/241/227 170/194/227
f 223/205/228 244/233/228 221/206/228
f 242/214/229 247/242/229 181/212/229
f 228/239/230 129/199/230 260/243/230
f 412/208/231 260/243/231 129/199/231
f 196/216/232 122/182/232 181/212/232
f 217/227/233 239/240/233 244/233/233
f 247/242/234 251/244/234 181/212/234
f 4675/245/235 4666/185/235 252/246/235
f 233/236/236 257/247/236 254/237/236
f 233/236/237 253/248/237 257/247/237
f 98/184/238 144/249/238 4666/185/238
f 3323/250/239 230/235/239 254/237/239
f 144/249/240 252/246/240 4666/185/240
f 196/216/241 181/212/241 251/244/241
f 412/208/242 130/198/242 383/251/242
f 252/246/243 144/249/243 261/252/243
f 144/249/244 275/253/244 261/252/244
f 196/216/245 251/244/245 199/217/245
f 260/254/246 282/241/246 228/207/246
f 282/241/247 269/255/247 240/218/247
f 240/218/248 269/255/248 214/219/248
f 261/252/249 56/256/249 252/246/249
f 276/257/250 233/236/250 90/203/250
f 233/236/251 276/257/251 253/248/251
f 276/257/252 279/258/252 253/248/252
f 267/259/253 214/219/253 269/255/253
f 251/244/254 285/260/254 199/217/254
f 251/244/255 284/261/255 285/260/255
f 251/244/256 300/262/256 284/261/256
f 281/223/257 276/257/257 90/203/257
f 287/263/258 282/241/258 260/254/258
f 281/264/259 2252/265/259 279/266/259
f 294/267/260 295/268/260 279/266/260
f 279/258/261 276/257/261 281/223/261
f 287/263/262 1133/269/262 282/241/262
f 2252/265/263 294/267/263 279/266/263
f 288/270/264 247/242/264 242/214/264
f 247/242/265 288/270/265 300/262/265
f 221/206/266 301/271/266 275/231/266
f 4646/272/267 299/273/267 296/274/267
f 275/253/268 338/275/268 298/276/268
f 251/244/269 247/242/269 300/262/269
f 302/277/270 221/206/270 244/233/270
f 300/262/271 288/270/271 303/278/271
f 295/268/272 253/279/272 279/266/272
f 253/279/273 295/268/273 273/280/273
f 273/280/274 295/268/274 46/281/274
f 296/274/275 305/282/275 4649/283/275
f 2002/284/276 45/285/276 294/267/276
f 45/285/277 46/281/277 294/267/277
f 46/281/278 295/268/278 294/267/278
f 4649/283/279 305/282/279 19/149/279
f 221/206/280 302/277/280 301/271/280
f 300/262/281 317/286/281 284/261/281
f 313/287/282 3/288/282 9/289/282
f 880/290/283 314/291/283 313/287/283
f 313/287/284 300/262/284 303/278/284
f 300/262/285 313/287/285 314/291/285
f 317/286/286 314/291/286 477/292/286
f 314/291/287 317/286/287 300/262/287
f 284/261/288 321/293/288 285/260/288
f 317/286/289 321/293/289 284/261/289
f 34/294/290 24/145/290 55/144/290
f 55/144/291 324/295/291 34/294/291
f 4229/296/292 4295/297/292 326/298/292
f 296/274/293 320/299/293 325/300/293
f 325/300/294 305/282/294 296/274/294
f 325/300/295 309/301/295 305/282/295
f 318/302/296 4229/296/296 326/298/296
f 301/271/297 338/303/297 275/231/297
f 56/256/298 261/252/298 298/276/298
f 261/252/299 275/253/299 298/276/299
f 327/304/300 325/300/300 391/305/300
f 19/149/301 305/282/301 309/301/301
f 19/149/302 309/301/302 25/150/302
f 344/306/303 25/150/303 309/301/303
f 298/276/304 1311/307/304 56/256/304
f 298/276/305 338/275/305 347/308/305
f 1311/307/306 298/276/306 347/308/306
f 348/309/307 324/295/307 55/144/307
f 356/310/308 348/309/308 55/144/308
f 344/306/309 309/301/309 325/300/309
f 348/311/310 360/312/310 324/313/310
f 130/198/311 344/306/311 383/251/311
f 349/314/312 354/315/312 357/316/312
f 322/317/313 4400/318/313 318/302/313
f 354/315/314 390/319/314 357/316/314
f 357/316/315 390/319/315 387/320/315
f 377/321/316 318/302/316 326/298/316
f 322/317/317 318/302/317 377/321/317
f 344/306/318 130/198/318 25/150/318
f 344/306/319 325/300/319 327/304/319
f 320/299/320 1878/322/320 389/323/320
f 386/324/321 387/320/321 390/319/321
f 354/315/322 395/325/322 390/319/322
f 360/312/323 396/326/323 359/327/323
f 360/312/324 366/328/324 396/326/324
f 55/144/325 190/215/325 227/238/325
f 390/319/326 398/329/326 386/324/326
f 320/299/327 391/305/327 325/300/327
f 227/238/328 356/310/328 55/144/328
f 395/325/329 400/330/329 390/319/329
f 227/238/330 405/331/330 356/310/330
f 320/299/331 389/323/331 391/305/331
f 403/332/332 405/331/332 227/238/332
f 481/333/333 377/321/333 326/298/333
f 227/238/334 199/217/334 403/332/334
f 356/310/335 405/331/335 348/309/335
f 366/328/336 409/334/336 1118/335/336
f 322/336/337 377/337/337 415/338/337
f 366/328/338 360/312/338 348/311/338
f 348/309/339 405/331/339 366/339/339
f 366/339/340 405/331/340 409/340/340
f 391/305/341 411/341/341 327/304/341
f 405/331/342 416/342/342 409/340/342
f 411/341/343 431/343/343 327/304/343
f 403/332/344 416/342/344 405/331/344
f 415/344/345 377/321/345 481/333/345
f 419/345/346 365/346/346 418/347/346
f 418/347/347 365/346/347 322/336/347
f 403/332/348 199/217/348 285/260/348
f 386/324/349 423/348/349 422/349/349
f 285/260/350 426/350/350 403/332/350
f 403/332/351 429/351/351 416/342/351
f 426/350/352 285/260/352 321/293/352
f 424/352/353 403/332/353 426/350/353
f 460/353/354 424/352/354 426/350/354
f 428/354/355 412/208/355 383/251/355
f 383/251/356 467/355/356 428/354/356
f 409/340/357 416/342/357 429/351/357
f 395/325/358 430/356/358 400/330/358
f 398/329/359 390/319/359 400/330/359
f 383/251/360 344/306/360 431/343/360
f 344/306/361 327/304/361 431/343/361
f 403/332/362 424/352/362 429/351/362
f 433/357/363 432/358/363 429/351/363
f 424/352/364 433/357/364 429/351/364
f 418/347/365 441/359/365 419/345/365
f 419/345/366 441/359/366 462/360/366
f 418/347/367 322/336/367 415/338/367
f 423/348/368 386/324/368 398/329/368
f 415/338/369 441/359/369 418/347/369
f 411/341/370 468/361/370 431/343/370
f 1441/362/371 332/363/371 464/364/371
f 423/348/372 452/224/372 455/365/372
f 424/352/373 434/366/373 433/357/373
f 321/293/374 460/353/374 426/350/374
f 436/367/375 424/352/375 460/353/375
f 423/348/376 495/368/376 452/224/376
f 4457/369/377 419/345/377 462/360/377
f 463/370/378 452/224/378 495/368/378
f 40/154/379 4457/369/379 462/360/379
f 1441/362/380 464/364/380 513/371/380
f 467/355/381 383/251/381 431/343/381
f 481/333/382 326/298/382 466/372/382
f 436/367/383 434/366/383 424/352/383
f 468/361/384 467/355/384 431/343/384
f 314/291/385 880/290/385 476/373/385
f 314/291/386 476/373/386 477/292/386
f 317/286/387 477/292/387 321/293/387
f 527/374/388 415/344/388 481/333/388
f 1708/375/389 368/376/389 478/377/389
f 321/293/390 477/292/390 482/378/390
f 368/376/391 513/371/391 478/377/391
f 467/355/392 468/361/392 428/354/392
f 436/367/393 460/353/393 489/379/393
f 423/348/394 398/329/394 495/368/394
f 482/378/395 493/380/395 460/353/395
f 460/353/396 321/293/396 482/378/396
f 493/380/397 489/379/397 460/353/397
f 468/361/398 534/381/398 492/382/398
f 492/382/399 428/354/399 468/361/399
f 434/366/400 436/367/400 489/379/400
f 479/383/401 1207/384/401 541/385/401
f 400/330/402 495/368/402 398/329/402
f 479/383/403 492/386/403 1207/384/403
f 434/366/404 489/379/404 497/387/404
f 497/387/405 493/380/405 499/388/405
f 466/372/406 4314/389/406 498/390/406
f 492/382/407 479/391/407 428/354/407
f 497/387/408 489/379/408 493/380/408
f 504/392/409 391/305/409 389/323/409
f 495/368/410 496/393/410 463/370/410
f 411/341/411 507/394/411 468/361/411
f 468/361/412 507/394/412 534/381/412
f 513/371/413 509/395/413 566/396/413
f 520/397/414 521/398/414 561/399/414
f 527/374/415 481/333/415 466/372/415
f 391/305/416 507/394/416 411/341/416
f 530/400/417 463/370/417 496/393/417
f 507/394/418 391/305/418 504/392/418
f 507/394/419 504/392/419 532/401/419
f 533/402/420 547/403/420 463/370/420
f 531/404/421 529/405/421 503/406/421
f 533/402/422 463/370/422 530/400/422
f 466/372/423 498/390/423 527/374/423
f 536/407/424 534/381/424 507/394/424
f 532/401/425 536/407/425 507/394/425
f 533/402/426 530/400/426 535/408/426
f 536/407/427 532/401/427 538/409/427
f 534/381/428 1211/410/428 492/382/428
f 541/385/429 428/411/429 479/383/429
f 206/225/430 452/224/430 547/403/430
f 412/208/431 428/354/431 260/243/431
f 260/243/432 428/354/432 541/412/432
f 541/385/433 287/263/433 260/254/433
f 452/224/434 463/370/434 547/403/434
f 519/413/435 524/414/435 544/415/435
f 524/414/436 523/416/436 544/415/436
f 523/416/437 545/417/437 544/415/437
f 524/414/438 525/418/438 523/416/438
f 206/225/439 547/403/439 229/234/439
f 229/234/440 547/403/440 550/419/440
f 415/344/441 527/374/441 546/420/441
f 550/419/442 239/240/442 229/234/442
f 550/419/443 578/421/443 239/240/443
f 537/422/444 554/423/444 555/424/444
f 537/422/445 555/424/445 4599/425/445
f 523/416/446 558/426/446 557/427/446
f 557/427/447 558/426/447 559/428/447
f 556/429/448 576/430/448 559/428/448
f 559/428/449 558/426/449 556/429/449
f 1727/431/450 1708/375/450 478/377/450
f 498/390/451 560/432/451 527/374/451
f 525/418/452 520/397/452 561/399/452
f 525/418/453 558/426/453 523/416/453
f 525/418/454 561/399/454 558/426/454
f 556/429/455 558/426/455 561/399/455
f 521/398/456 556/429/456 561/399/456
f 505/433/457 560/432/457 498/390/457
f 565/434/458 529/405/458 531/404/458
f 521/398/459 1106/435/459 567/436/459
f 527/374/460 573/437/460 546/420/460
f 478/377/461 513/371/461 566/396/461
f 560/432/462 573/437/462 527/374/462
f 571/438/463 570/439/463 569/440/463
f 570/439/464 571/438/464 567/436/464
f 574/441/465 576/430/465 556/429/465
f 575/442/466 550/419/466 547/403/466
f 576/430/467 574/441/467 577/443/467
f 547/403/468 533/402/468 575/442/468
f 567/436/469 571/438/469 574/441/469
f 556/429/470 521/398/470 567/436/470
f 567/436/471 574/441/471 556/429/471
f 239/240/472 578/421/472 244/233/472
f 302/277/473 244/233/473 578/421/473
f 571/438/474 580/444/474 574/441/474
f 571/438/475 579/445/475 580/444/475
f 584/446/476 581/447/476 582/448/476
f 478/377/477 585/449/477 1727/431/477
f 581/447/478 583/450/478 582/448/478
f 552/451/479 583/450/479 581/447/479
f 301/271/480 302/277/480 587/452/480
f 1223/453/481 583/450/481 552/451/481
f 578/421/482 587/452/482 302/277/482
f 594/454/483 578/421/483 550/419/483
f 560/432/484 638/455/484 573/437/484
f 565/434/485 554/456/485 529/405/485
f 580/444/486 648/457/486 577/443/486
f 554/423/487 537/422/487 529/458/487
f 577/443/488 574/441/488 580/444/488
f 338/275/489 595/459/489 347/308/489
f 579/445/490 571/438/490 569/440/490
f 4319/460/491 505/433/491 498/390/491
f 554/456/492 565/434/492 596/461/492
f 592/462/493 591/463/493 582/448/493
f 591/463/494 633/464/494 582/448/494
f 555/424/495 736/465/495 598/466/495
f 626/467/496 591/463/496 599/468/496
f 566/396/497 585/449/497 478/377/497
f 742/469/498 555/424/498 554/423/498
f 604/470/499 519/413/499 605/471/499
f 604/470/500 608/472/500 1329/473/500
f 604/470/501 605/471/501 608/472/501
f 609/474/502 608/472/502 605/471/502
f 601/475/503 602/476/503 606/477/503
f 608/472/504 611/478/504 607/479/504
f 608/472/505 609/474/505 611/478/505
f 610/480/506 607/479/506 611/478/506
f 615/481/507 610/480/507 611/478/507
f 629/482/508 617/483/508 619/484/508
f 614/485/509 1246/486/509 612/487/509
f 603/488/510 635/489/510 641/490/510
f 301/271/511 587/452/511 595/491/511
f 595/491/512 338/303/512 301/271/512
f 545/417/513 629/482/513 623/492/513
f 523/416/514 557/427/514 545/417/514
f 626/467/515 631/493/515 591/463/515
f 627/494/516 587/452/516 578/421/516
f 578/421/517 594/454/517 627/494/517
f 623/492/518 609/474/518 605/471/518
f 628/495/519 623/492/519 629/482/519
f 605/471/520 519/413/520 544/415/520
f 587/452/521 1484/496/521 595/491/521
f 544/415/522 623/492/522 605/471/522
f 626/467/523 630/497/523 631/493/523
f 623/492/524 544/415/524 545/417/524
f 633/464/525 591/463/525 631/493/525
f 629/482/526 557/427/526 617/483/526
f 545/417/527 557/427/527 629/482/527
f 557/427/528 618/498/528 617/483/528
f 633/464/529 588/499/529 582/448/529
f 618/498/530 557/427/530 559/428/530
f 582/448/531 588/499/531 584/446/531
f 575/442/532 594/454/532 550/419/532
f 655/500/533 633/464/533 631/493/533
f 632/501/534 633/464/534 655/500/534
f 633/464/535 632/501/535 588/499/535
f 638/455/536 505/433/536 601/475/536
f 560/432/537 505/433/537 638/455/537
f 636/502/538 615/481/538 611/478/538
f 636/502/539 611/478/539 609/474/539
f 623/492/540 636/502/540 609/474/540
f 623/492/541 628/495/541 636/502/541
f 636/502/542 628/495/542 637/503/542
f 759/504/543 612/487/543 640/505/543
f 622/506/544 637/503/544 628/495/544
f 628/495/545 620/507/545 622/506/545
f 614/485/546 612/487/546 759/504/546
f 612/487/547 639/508/547 640/505/547
f 573/437/548 638/455/548 642/509/548
f 635/489/549 603/488/549 624/510/549
f 667/511/550 642/512/550 638/513/550
f 636/502/551 643/514/551 615/481/551
f 644/515/552 637/503/552 622/506/552
f 643/514/553 636/502/553 637/503/553
f 610/480/554 615/481/554 616/516/554
f 615/481/555 659/517/555 616/516/555
f 644/515/556 622/506/556 621/518/556
f 629/482/557 620/507/557 628/495/557
f 640/505/558 804/519/558 759/504/558
f 630/497/559 645/520/559 631/493/559
f 533/402/560 535/408/560 575/442/560
f 645/520/561 655/500/561 631/493/561
f 575/442/562 650/521/562 594/454/562
f 577/443/563 649/522/563 646/523/563
f 559/428/564 576/430/564 618/498/564
f 618/498/565 576/430/565 646/523/565
f 577/443/566 646/523/566 576/430/566
f 648/457/567 649/522/567 577/443/567
f 654/524/568 656/525/568 1325/526/568
f 661/527/569 656/525/569 654/524/569
f 643/514/570 659/517/570 615/481/570
f 627/494/571 660/528/571 587/452/571
f 661/527/572 659/517/572 643/514/572
f 594/454/573 650/521/573 627/494/573
f 644/515/574 661/527/574 643/514/574
f 643/514/575 637/503/575 644/515/575
f 681/529/576 659/530/576 663/531/576
f 655/500/577 658/532/577 632/501/577
f 664/533/578 616/534/578 681/529/578
f 641/490/579 539/535/579 603/488/579
f 1740/536/580 642/512/580 667/511/580
f 613/537/581 539/535/581 641/490/581
f 669/538/582 641/490/582 635/489/582
f 671/539/583 539/535/583 613/537/583
f 606/540/584 638/513/584 601/541/584
f 671/539/585 531/404/585 539/535/585
f 565/434/586 531/404/586 671/539/586
f 675/542/587 655/500/587 645/520/587
f 659/530/588 681/529/588 616/534/588
f 565/434/589 671/539/589 692/543/589
f 672/544/590 674/545/590 673/546/590
f 690/547/591 658/532/591 685/548/591
f 664/533/592 681/529/592 682/549/592
f 656/525/593 661/527/593 644/515/593
f 684/550/594 685/548/594 675/542/594
f 661/551/595 663/531/595 659/530/595
f 661/551/596 683/552/596 663/531/596
f 685/548/597 655/500/597 675/542/597
f 661/527/598 654/524/598 683/553/598
f 685/548/599 658/532/599 655/500/599
f 722/554/600 692/543/600 613/537/600
f 692/543/601 671/539/601 613/537/601
f 673/555/602 680/556/602 672/557/602
f 687/558/603 682/549/603 689/559/603
f 689/559/604 682/549/604 681/529/604
f 565/434/605 692/543/605 688/560/605
f 663/531/606 683/552/606 691/561/606
f 688/560/607 596/461/607 565/434/607
f 693/562/608 691/561/608 683/552/608
f 683/552/609 696/563/609 693/562/609
f 696/563/610 683/552/610 654/564/610
f 657/565/611 696/566/611 654/567/611
f 697/568/612 680/556/612 2909/569/612
f 689/559/613 681/529/613 663/531/613
f 678/570/614 680/556/614 697/568/614
f 691/561/615 689/559/615 663/531/615
f 689/559/616 698/571/616 687/558/616
f 667/511/617 638/513/617 606/540/617
f 689/559/618 691/561/618 698/571/618
f 691/561/619 701/572/619 698/571/619
f 701/572/620 700/573/620 698/571/620
f 678/570/621 697/568/621 695/574/621
f 699/575/622 415/344/622 546/420/622
f 701/572/623 691/561/623 693/562/623
f 441/359/624 415/338/624 699/576/624
f 707/577/625 441/359/625 699/576/625
f 669/538/626 613/537/626 641/490/626
f 703/578/627 693/562/627 696/563/627
f 710/579/628 684/550/628 709/580/628
f 696/566/629 657/565/629 703/581/629
f 657/565/630 708/582/630 703/581/630
f 684/550/631 710/579/631 685/548/631
f 710/579/632 690/547/632 685/548/632
f 694/583/633 690/547/633 710/579/633
f 713/584/634 694/583/634 710/579/634
f 670/585/635 332/363/635 614/485/635
f 693/562/636 714/586/636 711/587/636
f 670/585/637 464/364/637 332/363/637
f 712/588/638 694/583/638 713/584/638
f 718/589/639 713/584/639 709/580/639
f 710/579/640 709/580/640 713/584/640
f 695/574/641 697/568/641 720/590/641
f 720/590/642 697/568/642 719/591/642
f 614/485/643 759/504/643 670/585/643
f 722/554/644 805/592/644 692/543/644
f 805/592/645 688/560/645 692/543/645
f 707/577/646 699/576/646 721/593/646
f 817/594/647 707/577/647 721/593/647
f 714/586/648 693/562/648 703/578/648
f 613/537/649 669/538/649 722/554/649
f 693/562/650 711/587/650 701/572/650
f 727/595/651 726/596/651 766/597/651
f 724/598/652 695/574/652 720/590/652
f 669/538/653 728/599/653 722/554/653
f 669/538/654 855/600/654 728/599/654
f 1267/601/655 731/602/655 733/603/655
f 728/599/656 805/592/656 722/554/656
f 733/603/657 731/602/657 735/604/657
f 730/605/658 720/590/658 719/591/658
f 509/395/659 513/371/659 464/364/659
f 727/595/660 731/602/660 726/596/660
f 464/364/661 670/585/661 509/395/661
f 742/469/662 736/465/662 555/424/662
f 741/606/663 720/590/663 744/607/663
f 40/154/664 462/360/664 752/608/664
f 720/590/665 741/606/665 724/598/665
f 767/609/666 736/465/666 742/469/666
f 767/609/667 2/610/667 736/465/667
f 752/608/668 462/360/668 750/611/668
f 749/612/669 700/573/669 751/613/669
f 701/572/670 751/613/670 700/573/670
f 2/610/671 767/609/671 774/614/671
f 743/615/672 753/616/672 755/617/672
f 538/409/673 755/617/673 758/618/673
f 756/619/674 743/615/674 755/617/674
f 751/613/675 701/572/675 711/587/675
f 742/469/676 554/423/676 596/620/676
f 758/618/677 755/617/677 762/621/677
f 1232/622/678 758/618/678 762/621/678
f 755/617/679 753/616/679 762/621/679
f 761/623/680 775/624/680 831/625/680
f 764/626/681 762/621/681 753/616/681
f 670/585/682 754/627/682 509/395/682
f 791/628/683 831/625/683 763/629/683
f 674/545/684 765/630/684 2509/631/684
f 674/545/685 672/544/685 765/630/685
f 107/155/686 40/154/686 752/608/686
f 844/632/687 509/395/687 754/627/687
f 764/626/688 766/633/688 762/621/688
f 742/469/689 596/620/689 771/634/689
f 771/634/690 767/609/690 742/469/690
f 764/626/691 768/635/691 766/633/691
f 766/597/692 768/636/692 727/595/692
f 831/625/693 775/624/693 763/629/693
f 2/610/694 774/614/694 9/289/694
f 678/570/695 672/557/695 680/556/695
f 2151/637/696 2141/638/696 107/155/696
f 2151/637/697 107/155/697 752/608/697
f 773/639/698 672/557/698 678/570/698
f 775/624/699 876/640/699 763/629/699
f 754/627/700 670/585/700 759/504/700
f 777/641/701 791/628/701 801/642/701
f 1134/643/702 524/414/702 779/644/702
f 9/289/703 774/614/703 784/645/703
f 782/646/704 774/614/704 767/609/704
f 767/609/705 771/634/705 782/646/705
f 783/647/706 774/614/706 782/646/706
f 784/645/707 774/614/707 783/647/707
f 688/560/708 787/648/708 596/461/708
f 688/560/709 789/649/709 787/648/709
f 771/634/710 596/620/710 787/650/710
f 750/611/711 2151/637/711 752/608/711
f 688/560/712 805/592/712 789/649/712
f 786/651/713 785/652/713 773/639/713
f 779/644/714 801/642/714 791/628/714
f 786/651/715 773/639/715 678/570/715
f 801/642/716 779/644/716 524/414/716
f 792/653/717 793/654/717 781/655/717
f 802/656/718 604/470/718 796/657/718
f 639/508/719 788/658/719 640/505/719
f 2151/637/720 750/611/720 2164/659/720
f 829/660/721 804/519/721 640/505/721
f 801/642/722 798/661/722 777/641/722
f 788/658/723 829/660/723 640/505/723
f 801/642/724 796/657/724 798/661/724
f 787/650/725 800/662/725 771/634/725
f 799/663/726 798/661/726 796/657/726
f 787/648/727 789/649/727 800/664/727
f 800/662/728 782/646/728 771/634/728
f 801/642/729 802/656/729 796/657/729
f 462/360/730 441/359/730 707/577/730
f 800/664/731 789/649/731 807/665/731
f 707/577/732 817/594/732 462/360/732
f 807/665/733 789/649/733 805/592/733
f 806/666/734 785/652/734 786/651/734
f 728/599/735 872/667/735 805/592/735
f 793/654/736 630/497/736 626/467/736
f 781/655/737 793/654/737 626/467/737
f 524/414/738 519/413/738 802/656/738
f 802/656/739 801/642/739 524/414/739
f 807/665/740 805/592/740 808/668/740
f 810/669/741 807/665/741 808/668/741
f 813/670/742 806/666/742 795/671/742
f 806/666/743 786/651/743 795/671/743
f 782/646/744 800/662/744 809/672/744
f 809/672/745 783/647/745 782/646/745
f 800/664/746 811/673/746 809/674/746
f 800/664/747 807/665/747 810/669/747
f 800/664/748 810/669/748 811/673/748
f 808/668/749 878/675/749 810/669/749
f 519/413/750 604/470/750 802/656/750
f 754/627/751 759/504/751 804/519/751
f 793/654/752 812/676/752 816/677/752
f 804/519/753 815/678/753 754/627/753
f 813/670/754 2594/679/754 806/666/754
f 813/670/755 909/680/755 2594/679/755
f 630/497/756 793/654/756 816/677/756
f 829/660/757 828/681/757 804/519/757
f 635/489/758 836/682/758 669/538/758
f 795/671/759 833/683/759 813/670/759
f 793/654/760 792/653/760 812/676/760
f 792/653/761 826/684/761 812/676/761
f 830/685/762 777/641/762 798/661/762
f 835/686/763 812/676/763 826/684/763
f 829/660/764 2468/687/764 2465/688/764
f 828/681/765 932/689/765 815/678/765
f 828/681/766 778/690/766 932/689/766
f 828/681/767 815/678/767 804/519/767
f 795/671/768 678/570/768 695/574/768
f 795/671/769 786/651/769 678/570/769
f 462/360/770 817/594/770 750/611/770
f 695/574/771 841/691/771 795/671/771
f 777/641/772 830/685/772 761/623/772
f 777/641/773 761/623/773 831/625/773
f 834/692/774 832/693/774 836/682/774
f 795/671/775 841/691/775 833/683/775
f 836/682/776 624/510/776 834/692/776
f 836/682/777 635/489/777 624/510/777
f 843/694/778 835/686/778 4505/695/778
f 777/641/779 831/625/779 791/628/779
f 814/696/780 799/663/780 823/697/780
f 812/676/781 835/686/781 846/698/781
f 566/396/782 509/395/782 844/632/782
f 814/696/783 798/661/783 799/663/783
f 843/694/784 846/698/784 835/686/784
f 798/661/785 814/696/785 830/685/785
f 849/699/786 836/682/786 832/693/786
f 816/677/787 645/520/787 630/497/787
f 863/700/788 848/701/788 841/691/788
f 841/691/789 848/701/789 833/683/789
f 850/702/790 816/677/790 812/676/790
f 855/600/791 669/538/791 856/703/791
f 741/606/792 863/700/792 724/598/792
f 669/538/793 836/682/793 856/703/793
f 867/704/794 863/700/794 741/606/794
f 1251/705/795 857/706/795 741/606/795
f 867/704/796 741/606/796 857/706/796
f 850/702/797 858/707/797 816/677/797
f 645/520/798 816/677/798 858/707/798
f 812/676/799 865/708/799 850/702/799
f 812/676/800 846/698/800 865/708/800
f 724/598/801 841/691/801 695/574/801
f 863/700/802 841/691/802 724/598/802
f 750/611/803 817/594/803 1131/709/803
f 865/708/804 858/707/804 850/702/804
f 843/694/805 883/710/805 846/698/805
f 1010/711/806 858/707/806 865/708/806
f 845/712/807 883/710/807 843/694/807
f 799/663/808 1327/713/808 868/714/808
f 799/663/809 868/714/809 823/697/809
f 849/699/810 856/703/810 836/682/810
f 920/715/811 1991/716/811 1994/717/811
f 1994/717/812 1146/718/812 870/719/812
f 728/599/813 855/600/813 872/667/813
f 872/667/814 855/600/814 856/703/814
f 870/719/815 920/715/815 1994/717/815
f 721/593/816 869/720/816 904/721/816
f 874/722/817 856/703/817 849/699/817
f 874/722/818 872/667/818 856/703/818
f 872/667/819 808/668/819 805/592/819
f 817/594/820 721/593/820 904/721/820
f 880/290/821 9/289/821 784/645/821
f 313/287/822 9/289/822 880/290/822
f 878/675/823 811/673/823 810/669/823
f 882/723/824 809/672/824 811/724/824
f 783/647/825 809/672/825 882/723/825
f 876/640/826 881/725/826 879/726/826
f 848/701/827 863/700/827 999/727/827
f 844/632/828 815/678/828 892/728/828
f 846/698/829 883/710/829 885/729/829
f 885/729/830 865/708/830 846/698/830
f 832/693/831 889/730/831 849/699/831
f 867/704/832 888/731/832 863/700/832
f 873/732/833 761/623/833 830/685/833
f 844/632/834 896/733/834 566/396/834
f 884/734/835 889/730/835 832/693/835
f 761/623/836 873/732/836 877/735/836
f 877/735/837 775/624/837 761/623/837
f 877/735/838 876/640/838 775/624/838
f 893/736/839 883/710/839 887/737/839
f 893/736/840 885/729/840 883/710/840
f 1010/711/841 885/729/841 893/736/841
f 865/708/842 885/729/842 1010/711/842
f 857/706/843 888/731/843 867/704/843
f 1334/738/844 888/731/844 857/706/844
f 889/730/845 898/739/845 849/699/845
f 877/735/846 873/732/846 894/740/846
f 905/741/847 898/739/847 889/730/847
f 849/699/848 898/739/848 874/722/848
f 898/739/849 917/742/849 874/722/849
f 906/743/850 907/744/850 884/734/850
f 1334/738/851 1068/745/851 888/731/851
f 894/740/852 873/732/852 899/746/852
f 901/747/853 902/748/853 893/736/853
f 1334/738/854 1110/749/854 1079/750/854
f 896/733/855 600/751/855 566/396/855
f 992/752/856 901/747/856 893/736/856
f 600/751/857 585/449/857 566/396/857
f 845/712/858 843/694/858 4505/695/858
f 845/712/859 4505/695/859 4549/753/859
f 904/721/860 1131/709/860 817/594/860
f 892/728/861 896/733/861 844/632/861
f 913/754/862 899/746/862 895/755/862
f 895/755/863 899/746/863 873/732/863
f 895/755/864 2117/756/864 913/754/864
f 914/757/865 896/733/865 892/728/865
f 884/734/866 905/741/866 889/730/866
f 905/741/867 884/734/867 907/744/867
f 813/670/868 936/758/868 909/680/868
f 905/741/869 915/759/869 917/742/869
f 917/742/870 898/739/870 905/741/870
f 876/640/871 921/760/871 920/715/871
f 883/710/872 845/712/872 887/737/872
f 907/744/873 925/761/873 927/762/873
f 921/760/874 877/735/874 894/740/874
f 927/762/875 930/763/875 907/744/875
f 915/759/876 905/741/876 930/763/876
f 905/741/877 907/744/877 930/763/877
f 921/760/878 876/640/878 877/735/878
f 930/763/879 931/764/879 915/759/879
f 931/764/880 933/765/880 915/759/880
f 874/722/881 934/766/881 872/667/881
f 934/766/882 937/767/882 808/668/882
f 808/668/883 872/667/883 934/766/883
f 892/728/884 932/689/884 941/768/884
f 2081/769/885 920/715/885 921/760/885
f 881/725/886 876/640/886 920/715/886
f 881/725/887 920/715/887 870/719/887
f 937/767/888 938/770/888 808/668/888
f 938/770/889 878/675/889 808/668/889
f 911/771/890 924/772/890 845/712/890
f 874/722/891 917/742/891 934/766/891
f 917/742/892 940/773/892 934/766/892
f 2521/774/893 941/768/893 932/689/893
f 937/767/894 942/775/894 938/770/894
f 939/776/895 938/770/895 942/775/895
f 940/773/896 937/767/896 934/766/896
f 942/775/897 937/767/897 940/773/897
f 833/683/898 936/758/898 813/670/898
f 1131/709/899 904/721/899 993/777/899
f 887/737/900 845/712/900 924/772/900
f 895/755/901 873/732/901 814/696/901
f 830/685/902 814/696/902 873/732/902
f 945/778/903 895/755/903 814/696/903
f 814/696/904 823/697/904 945/778/904
f 904/721/905 869/720/905 993/777/905
f 952/779/906 923/780/906 941/768/906
f 915/759/907 954/781/907 917/742/907
f 933/765/908 954/781/908 915/759/908
f 933/765/909 955/782/909 954/781/909
f 955/782/910 957/783/910 954/781/910
f 815/678/911 844/632/911 754/627/911
f 917/742/912 954/781/912 940/773/912
f 945/778/913 823/697/913 970/784/913
f 960/785/914 939/776/914 942/775/914
f 954/781/915 942/775/915 940/773/915
f 954/781/916 960/785/916 942/775/916
f 957/783/917 960/785/917 954/781/917
f 943/786/918 988/787/918 911/771/918
f 961/788/919 924/772/919 911/771/919
f 944/789/920 935/790/920 936/758/920
f 911/771/921 988/787/921 961/788/921
f 935/790/922 909/680/922 936/758/922
f 931/764/923 930/763/923 927/762/923
f 936/758/924 969/791/924 944/789/924
f 932/689/925 892/728/925 815/678/925
f 971/792/926 944/789/926 969/791/926
f 941/768/927 923/780/927 892/728/927
f 914/757/928 892/728/928 923/780/928
f 977/793/929 978/794/929 927/762/929
f 978/794/930 931/764/930 927/762/930
f 931/764/931 978/794/931 981/795/931
f 981/795/932 933/765/932 931/764/932
f 970/784/933 1405/796/933 994/797/933
f 945/778/934 970/784/934 994/797/934
f 1005/798/935 981/795/935 982/799/935
f 943/800/936 991/801/936 988/802/936
f 978/794/937 985/803/937 987/804/937
f 985/803/938 986/805/938 987/804/938
f 600/751/939 997/806/939 979/807/939
f 944/789/940 971/792/940 935/790/940
f 945/778/941 989/808/941 895/755/941
f 935/790/942 971/792/942 1038/809/942
f 945/778/943 994/797/943 989/808/943
f 2117/756/944 895/755/944 989/808/944
f 924/772/945 992/752/945 887/737/945
f 961/788/946 992/752/946 924/772/946
f 600/751/947 896/733/947 914/757/947
f 936/758/948 848/701/948 999/727/948
f 936/758/949 833/683/949 848/701/949
f 1001/810/950 992/752/950 961/788/950
f 999/727/951 969/791/951 936/758/951
f 914/757/952 997/806/952 600/751/952
f 2258/811/953 994/797/953 996/812/953
f 989/808/954 994/797/954 2258/811/954
f 981/795/955 978/794/955 987/804/955
f 987/804/956 982/799/956 981/795/956
f 893/736/957 887/737/957 992/752/957
f 923/813/958 1026/814/958 914/815/958
f 1000/816/959 992/752/959 1001/810/959
f 1001/810/960 961/788/960 988/787/960
f 863/700/961 886/817/961 999/727/961
f 1000/816/962 901/747/962 992/752/962
f 1000/816/963 902/748/963 901/747/963
f 914/757/964 1008/818/964 997/806/964
f 1005/798/965 955/782/965 933/765/965
f 1005/798/966 957/783/966 955/782/966
f 1007/819/967 957/783/967 1005/798/967
f 858/707/968 1011/820/968 645/520/968
f 1011/820/969 675/542/969 645/520/969
f 1010/711/970 1011/820/970 858/707/970
f 933/765/971 981/795/971 1005/798/971
f 1013/821/972 1011/820/972 1010/711/972
f 1013/821/973 684/550/973 1011/820/973
f 1011/820/974 684/550/974 675/542/974
f 1014/822/975 1019/823/975 1013/821/975
f 1013/821/976 1010/711/976 1014/822/976
f 684/550/977 1013/821/977 709/580/977
f 999/727/978 1025/824/978 969/791/978
f 886/817/979 1025/824/979 999/727/979
f 902/748/980 1018/825/980 893/736/980
f 1018/825/981 1014/822/981 893/736/981
f 1010/711/982 893/736/982 1014/822/982
f 1013/821/983 1019/823/983 709/580/983
f 1022/826/984 1038/809/984 971/792/984
f 969/791/985 1022/826/985 971/792/985
f 1024/827/986 1008/828/986 1026/814/986
f 213/232/987 216/229/987 1023/829/987
f 1008/818/988 914/757/988 1026/830/988
f 982/799/989 1015/831/989 1005/798/989
f 969/791/990 1025/824/990 1022/826/990
f 1023/829/991 991/801/991 213/232/991
f 943/800/992 213/232/992 991/801/992
f 1007/819/993 1005/798/993 1004/832/993
f 1015/831/994 1004/832/994 1005/798/994
f 763/629/995 1012/833/995 791/628/995
f 520/397/996 1006/834/996 1027/835/996
f 520/397/997 525/418/997 1006/834/997
f 1033/836/998 1027/835/998 1009/837/998
f 1009/837/999 1027/835/999 1006/834/999
f 1007/819/1000 1029/838/1000 957/783/1000
f 1031/839/1001 1001/840/1001 988/802/1001
f 957/783/1002 1029/838/1002 960/785/1002
f 1048/841/1003 1033/836/1003 1009/837/1003
f 1029/838/1004 1030/842/1004 960/785/1004
f 952/843/1005 1032/844/1005 923/813/1005
f 1032/844/1006 1026/814/1006 923/813/1006
f 1026/814/1007 1032/844/1007 1050/845/1007
f 1035/846/1008 1025/824/1008 1090/847/1008
f 1006/834/1009 1012/833/1009 1009/837/1009
f 1025/824/1010 1035/846/1010 1022/826/1010
f 784/645/1011 1037/848/1011 880/290/1011
f 1037/848/1012 476/373/1012 880/290/1012
f 784/645/1013 783/647/1013 1040/849/1013
f 1040/849/1014 1037/848/1014 784/645/1014
f 2703/850/1015 935/790/1015 1039/851/1015
f 935/790/1016 1038/809/1016 1039/851/1016
f 1058/852/1017 1037/848/1017 1040/849/1017
f 988/802/1018 991/801/1018 1031/839/1018
f 1038/809/1019 1022/826/1019 1046/853/1019
f 1042/854/1020 1039/851/1020 1038/809/1020
f 1042/854/1021 1038/809/1021 1046/853/1021
f 1043/855/1022 991/801/1022 1023/829/1022
f 1046/853/1023 1044/856/1023 1042/854/1023
f 1023/829/1024 216/229/1024 1045/857/1024
f 1047/858/1025 879/726/1025 1036/859/1025
f 1047/858/1026 1036/859/1026 1048/841/1026
f 1035/846/1027 1049/860/1027 1046/853/1027
f 1051/861/1028 1045/857/1028 216/229/1028
f 1058/852/1029 476/373/1029 1037/848/1029
f 1022/826/1030 1035/846/1030 1046/853/1030
f 477/292/1031 1052/862/1031 482/378/1031
f 1049/860/1032 1053/863/1032 1046/853/1032
f 1044/856/1033 1046/853/1033 1053/863/1033
f 1008/828/1034 1024/827/1034 2148/864/1034
f 1051/861/1035 216/229/1035 214/219/1035
f 1053/863/1036 1240/865/1036 1044/856/1036
f 886/817/1037 863/700/1037 888/731/1037
f 1052/862/1038 1069/866/1038 482/378/1038
f 476/373/1039 1052/862/1039 477/292/1039
f 1052/862/1040 476/373/1040 1058/852/1040
f 1026/814/1041 1050/845/1041 1024/827/1041
f 1060/867/1042 1052/862/1042 1058/852/1042
f 882/723/1043 1040/849/1043 783/647/1043
f 1062/868/1044 1040/849/1044 882/723/1044
f 882/723/1045 1063/869/1045 1062/868/1045
f 1062/868/1046 1066/870/1046 1040/849/1046
f 1063/869/1047 882/723/1047 811/724/1047
f 1062/868/1048 1063/869/1048 1065/871/1048
f 1065/871/1049 1063/869/1049 1075/872/1049
f 1066/870/1050 1058/852/1050 1040/849/1050
f 1062/868/1051 1270/873/1051 1066/870/1051
f 1065/871/1052 1270/873/1052 1062/868/1052
f 1050/845/1053 2629/874/1053 1024/827/1053
f 1023/829/1054 1059/875/1054 1043/855/1054
f 1036/859/1055 1120/876/1055 1056/877/1055
f 1056/877/1056 1048/841/1056 1036/859/1056
f 1069/866/1057 1071/878/1057 493/380/1057
f 493/380/1058 482/378/1058 1069/866/1058
f 1059/875/1059 1023/829/1059 1045/857/1059
f 886/817/1060 1068/745/1060 1090/847/1060
f 1068/745/1061 886/817/1061 888/731/1061
f 1071/878/1062 499/388/1062 493/380/1062
f 1078/879/1063 1000/816/1063 1001/810/1063
f 878/675/1064 1063/880/1064 811/673/1064
f 938/770/1065 1074/881/1065 878/675/1065
f 1074/881/1066 1063/880/1066 878/675/1066
f 1074/881/1067 938/770/1067 1081/882/1067
f 1063/880/1068 1074/881/1068 1075/883/1068
f 1078/884/1069 1001/840/1069 1031/839/1069
f 1031/839/1070 1043/855/1070 1100/885/1070
f 1079/750/1071 1099/886/1071 1068/745/1071
f 763/629/1072 876/640/1072 1047/858/1072
f 938/770/1073 939/776/1073 1081/882/1073
f 991/801/1074 1043/855/1074 1031/839/1074
f 1075/883/1075 1074/881/1075 1081/882/1075
f 1000/816/1076 1078/879/1076 1021/887/1076
f 1021/887/1077 902/748/1077 1000/816/1077
f 1012/833/1078 763/629/1078 1009/837/1078
f 1009/837/1079 763/629/1079 1047/858/1079
f 939/776/1080 1082/888/1080 1081/882/1080
f 1082/888/1081 1083/889/1081 1081/882/1081
f 1083/889/1082 1075/883/1082 1081/882/1082
f 879/726/1083 1047/858/1083 876/640/1083
f 1083/889/1084 1086/890/1084 1075/883/1084
f 1065/871/1085 1075/872/1085 1086/891/1085
f 1270/873/1086 1065/871/1086 1086/891/1086
f 1047/858/1087 1048/841/1087 1009/837/1087
f 886/817/1088 1090/847/1088 1025/824/1088
f 939/776/1089 962/892/1089 1094/893/1089
f 939/776/1090 1094/893/1090 1082/888/1090
f 1094/893/1091 1316/894/1091 1082/888/1091
f 1316/894/1092 1083/889/1092 1082/888/1092
f 962/892/1093 939/776/1093 960/785/1093
f 1090/847/1094 1099/886/1094 1035/846/1094
f 1035/846/1095 1099/886/1095 1178/895/1095
f 960/785/1096 1030/842/1096 962/892/1096
f 1100/885/1097 1059/875/1097 1101/896/1097
f 962/892/1098 1098/897/1098 1094/893/1098
f 1095/898/1099 1072/899/1099 1102/900/1099
f 1030/842/1100 1098/897/1100 962/892/1100
f 1096/901/1101 1106/435/1101 1033/836/1101
f 1094/893/1102 1098/897/1102 1103/902/1102
f 1076/903/1103 1104/904/1103 1072/899/1103
f 1043/855/1104 1059/875/1104 1100/885/1104
f 1072/899/1105 1104/904/1105 1102/900/1105
f 1078/884/1106 1031/839/1106 1100/885/1106
f 1109/905/1107 1021/906/1107 1100/885/1107
f 1100/885/1108 1021/906/1108 1078/884/1108
f 1106/435/1109 520/397/1109 1033/836/1109
f 1100/885/1110 1101/896/1110 1155/907/1110
f 520/397/1111 1027/835/1111 1033/836/1111
f 1106/435/1112 521/398/1112 520/397/1112
f 1099/886/1113 1090/847/1113 1068/745/1113
f 1099/886/1114 1079/750/1114 1110/749/1114
f 1068/745/1115 1334/738/1115 1079/750/1115
f 1109/905/1116 1100/885/1116 1155/907/1116
f 1128/908/1117 1102/900/1117 1140/909/1117
f 214/219/1118 267/259/1118 1051/861/1118
f 1056/877/1119 1033/836/1119 1048/841/1119
f 1056/877/1120 1096/901/1120 1033/836/1120
f 1169/910/1121 1102/900/1121 1104/904/1121
f 908/911/1122 1137/912/1122 1110/749/1122
f 1334/738/1123 908/911/1123 1110/749/1123
f 1111/913/1124 1108/914/1124 396/326/1124
f 1124/915/1125 1108/914/1125 1111/913/1125
f 396/326/1126 366/328/1126 1118/335/1126
f 1118/335/1127 1111/913/1127 396/326/1127
f 409/334/1128 1141/916/1128 1122/917/1128
f 1120/876/1129 1114/918/1129 1056/877/1129
f 409/334/1130 1122/917/1130 1118/335/1130
f 1095/898/1131 788/658/1131 639/508/1131
f 1110/749/1132 1193/919/1132 1099/886/1132
f 1121/920/1133 1056/877/1133 1114/918/1133
f 1121/920/1134 1096/901/1134 1056/877/1134
f 1138/921/1135 750/611/1135 1131/709/1135
f 1121/920/1136 1204/922/1136 1096/901/1136
f 1111/913/1137 1125/923/1137 1124/915/1137
f 1123/924/1138 1051/861/1138 267/259/1138
f 1127/925/1139 1051/861/1139 1123/924/1139
f 1051/861/1140 1127/925/1140 1045/857/1140
f 1045/857/1141 1127/925/1141 1059/875/1141
f 1128/908/1142 1095/898/1142 1102/900/1142
f 1165/926/1143 1126/927/1143 1120/876/1143
f 1114/918/1144 1120/876/1144 1126/927/1144
f 1128/908/1145 788/658/1145 1095/898/1145
f 1242/928/1146 1166/929/1146 1133/269/1146
f 524/414/1147 1134/643/1147 525/418/1147
f 282/241/1148 1133/269/1148 269/255/1148
f 267/259/1149 269/255/1149 1123/924/1149
f 269/255/1150 1133/269/1150 1123/924/1150
f 1134/643/1151 1012/833/1151 1006/834/1151
f 1006/834/1152 525/418/1152 1134/643/1152
f 1133/269/1153 1166/929/1153 1123/924/1153
f 788/658/1154 1128/908/1154 2745/930/1154
f 1135/931/1155 1118/335/1155 1122/917/1155
f 1111/913/1156 1118/335/1156 1135/931/1156
f 1135/931/1157 1125/923/1157 1111/913/1157
f 1135/931/1158 1129/932/1158 1125/923/1158
f 1136/933/1159 1123/924/1159 1166/929/1159
f 2745/930/1160 1128/908/1160 1140/909/1160
f 1123/924/1161 1136/933/1161 1167/934/1161
f 779/644/1162 1012/833/1162 1134/643/1162
f 779/644/1163 791/628/1163 1012/833/1163
f 1167/934/1164 1127/925/1164 1123/924/1164
f 429/935/1165 1141/916/1165 409/334/1165
f 1141/916/1166 429/935/1166 432/936/1166
f 1165/926/1167 1120/876/1167 1146/718/1167
f 1137/912/1168 1143/937/1168 1149/938/1168
f 1169/910/1169 1140/909/1169 1102/900/1169
f 1110/749/1170 1149/938/1170 1193/919/1170
f 1149/938/1171 1110/749/1171 1137/912/1171
f 1191/939/1172 1140/909/1172 1169/910/1172
f 1165/926/1173 1146/718/1173 1150/940/1173
f 1167/934/1174 1020/941/1174 1151/942/1174
f 1020/941/1175 1155/907/1175 1151/942/1175
f 750/611/1176 1138/921/1176 2164/659/1176
f 1151/942/1177 1127/925/1177 1167/934/1177
f 1149/938/1178 1143/937/1178 1157/943/1178
f 1101/896/1179 1151/942/1179 1155/907/1179
f 1131/709/1180 1265/944/1180 1138/921/1180
f 1151/942/1181 1059/875/1181 1127/925/1181
f 1151/942/1182 1101/896/1182 1059/875/1182
f 1157/943/1183 1196/945/1183 1149/938/1183
f 1191/939/1184 2763/946/1184 1140/909/1184
f 1125/923/1185 1129/932/1185 1130/947/1185
f 1153/948/1186 1130/947/1186 1129/932/1186
f 1076/903/1187 1974/949/1187 1159/950/1187
f 1130/947/1188 1153/948/1188 1161/951/1188
f 1150/940/1189 1146/718/1189 1148/952/1189
f 1167/934/1190 1166/929/1190 1170/953/1190
f 1136/933/1191 1166/929/1191 1167/934/1191
f 1169/910/1192 1104/904/1192 1168/954/1192
f 1167/934/1193 1170/953/1193 1020/941/1193
f 1104/904/1194 1076/903/1194 1159/950/1194
f 1171/955/1195 1019/823/1195 1014/822/1195
f 1021/887/1196 1018/825/1196 902/748/1196
f 1162/956/1197 1157/943/1197 1539/957/1197
f 1168/954/1198 1104/904/1198 1159/950/1198
f 1173/958/1199 1171/955/1199 1018/825/1199
f 1018/825/1200 1021/887/1200 1173/958/1200
f 1162/956/1201 1539/957/1201 1172/959/1201
f 1018/825/1202 1171/955/1202 1014/822/1202
f 1173/960/1203 1109/905/1203 1174/961/1203
f 1021/906/1204 1109/905/1204 1173/960/1204
f 1173/958/1205 1174/962/1205 1176/963/1205
f 1173/958/1206 1176/963/1206 1171/955/1206
f 1019/823/1207 1171/955/1207 1177/964/1207
f 1183/965/1208 1169/910/1208 1168/954/1208
f 1035/846/1209 1178/895/1209 1049/860/1209
f 709/580/1210 1019/823/1210 718/589/1210
f 1177/964/1211 1171/955/1211 1179/966/1211
f 1177/964/1212 718/589/1212 1019/823/1212
f 1164/967/1213 1168/954/1213 1159/950/1213
f 2008/968/1214 718/589/1214 1177/964/1214
f 2008/968/1215 1919/969/1215 718/589/1215
f 1158/970/1216 1161/951/1216 1153/948/1216
f 1175/971/1217 1165/926/1217 1150/940/1217
f 1164/972/1218 2222/973/1218 1168/974/1218
f 1150/940/1219 1152/975/1219 1175/971/1219
f 1152/975/1220 1150/940/1220 1148/952/1220
f 1158/970/1221 1181/976/1221 1161/951/1221
f 1176/963/1222 1179/966/1222 1171/955/1222
f 1161/951/1223 1181/976/1223 1185/977/1223
f 1152/975/1224 1186/978/1224 1175/971/1224
f 1189/979/1225 1205/980/1225 1187/981/1225
f 1187/981/1226 1188/982/1226 1189/979/1226
f 881/725/1227 1036/859/1227 879/726/1227
f 4453/983/1228 1185/977/1228 1190/984/1228
f 1185/977/1229 1181/976/1229 1190/984/1229
f 1178/895/1230 1099/886/1230 1193/919/1230
f 1193/919/1231 1049/860/1231 1178/895/1231
f 1146/718/1232 881/725/1232 870/719/1232
f 1146/718/1233 1120/876/1233 881/725/1233
f 1036/859/1234 881/725/1234 1120/876/1234
f 1169/910/1235 1183/965/1235 1191/939/1235
f 1174/961/1236 1187/981/1236 1205/980/1236
f 1315/985/1237 1138/921/1237 1265/944/1237
f 1149/938/1238 1196/945/1238 1193/919/1238
f 1049/860/1239 1193/919/1239 1201/986/1239
f 1182/987/1240 1183/965/1240 1168/954/1240
f 1054/988/1241 1053/863/1241 1049/860/1241
f 1201/986/1242 1054/988/1242 1049/860/1242
f 1054/988/1243 1201/986/1243 2226/989/1243
f 1201/986/1244 1210/990/1244 2226/989/1244
f 1179/966/1245 1198/991/1245 1199/992/1245
f 1203/993/1246 1199/992/1246 1198/991/1246
f 1121/920/1247 1126/927/1247 1197/994/1247
f 1176/995/1248 1174/961/1248 1198/996/1248
f 1174/961/1249 1205/980/1249 1198/996/1249
f 1221/997/1250 1206/998/1250 1204/922/1250
f 1205/980/1251 1203/999/1251 1198/996/1251
f 1198/991/1252 1179/966/1252 1176/963/1252
f 1206/998/1253 1106/435/1253 1204/922/1253
f 1106/435/1254 1096/901/1254 1204/922/1254
f 1188/982/1255 1187/981/1255 1020/941/1255
f 1187/981/1256 1155/907/1256 1020/941/1256
f 1206/998/1257 567/436/1257 1106/435/1257
f 1109/905/1258 1187/981/1258 1174/961/1258
f 1109/905/1259 1155/907/1259 1187/981/1259
f 1206/998/1260 570/439/1260 567/436/1260
f 1221/997/1261 1204/922/1261 1121/920/1261
f 1201/986/1262 1193/919/1262 1196/945/1262
f 990/1000/1263 1192/1001/1263 985/803/1263
f 1192/1001/1264 986/805/1264 985/803/1264
f 1121/920/1265 1114/918/1265 1126/927/1265
f 1842/1002/1266 1569/1003/1266 1208/1004/1266
f 492/386/1267 1211/1005/1267 1207/384/1267
f 1207/384/1268 1211/1005/1268 1212/1006/1268
f 1201/986/1269 1196/945/1269 1210/990/1269
f 1188/982/1270 1020/941/1270 1170/953/1270
f 1215/1007/1271 1170/953/1271 1214/1008/1271
f 1157/943/1272 1162/956/1272 1196/945/1272
f 1196/945/1273 1162/956/1273 1210/990/1273
f 1214/1008/1274 1212/1006/1274 1213/1009/1274
f 1214/1008/1275 1220/1010/1275 1215/1007/1275
f 1214/1008/1276 1213/1009/1276 1220/1010/1276
f 1197/994/1277 1221/997/1277 1121/920/1277
f 1221/997/1278 1197/994/1278 1202/1011/1278
f 1229/1012/1279 534/381/1279 536/407/1279
f 536/407/1280 538/409/1280 1229/1012/1280
f 538/409/1281 758/618/1281 1229/1012/1281
f 1223/1013/1282 1206/998/1282 1221/997/1282
f 1223/1013/1283 570/439/1283 1206/998/1283
f 1223/1013/1284 552/1014/1284 553/1015/1284
f 1223/1013/1285 553/1015/1285 570/439/1285
f 1229/1012/1286 1211/410/1286 534/381/1286
f 1350/1016/1287 1228/1017/1287 1235/1018/1287
f 553/1015/1288 569/440/1288 570/439/1288
f 1212/1006/1289 1211/1005/1289 1213/1009/1289
f 1211/1005/1290 1222/1019/1290 1213/1009/1290
f 1211/410/1291 1229/1012/1291 1222/1020/1291
f 1230/1021/1292 1221/997/1292 1202/1011/1292
f 1222/1019/1293 1236/1022/1293 1231/1023/1293
f 583/1024/1294 1223/1013/1294 1230/1021/1294
f 1223/1013/1295 1221/997/1295 1230/1021/1295
f 582/448/1296 1230/1025/1296 592/462/1296
f 758/618/1297 1232/622/1297 1229/1012/1297
f 582/448/1298 583/450/1298 1230/1025/1298
f 762/621/1299 766/633/1299 1232/622/1299
f 1229/1012/1300 1236/1026/1300 1222/1020/1300
f 1229/1012/1301 1232/622/1301 1236/1026/1301
f 1232/622/1302 766/633/1302 1236/1026/1302
f 1126/927/1303 1165/926/1303 1175/971/1303
f 1197/994/1304 1126/927/1304 1202/1011/1304
f 1231/1023/1305 1213/1009/1305 1222/1019/1305
f 1231/1023/1306 1220/1010/1306 1213/1009/1306
f 1240/865/1307 1241/1027/1307 1044/856/1307
f 1241/1027/1308 2736/1028/1308 1044/856/1308
f 1243/1029/1309 1053/863/1309 1054/988/1309
f 1243/1029/1310 1240/865/1310 1053/863/1310
f 1243/1029/1311 1054/988/1311 2281/1030/1311
f 1265/944/1312 1131/709/1312 993/777/1312
f 1126/927/1313 1175/971/1313 1237/1031/1313
f 1242/928/1314 1133/269/1314 287/263/1314
f 1237/1031/1315 1202/1011/1315 1126/927/1315
f 1242/928/1316 287/263/1316 541/385/1316
f 1212/1006/1317 1242/928/1317 1207/384/1317
f 541/385/1318 1207/384/1318 1242/928/1318
f 1242/928/1319 1214/1008/1319 1166/929/1319
f 1251/705/1320 744/607/1320 4112/1032/1320
f 1251/705/1321 741/606/1321 744/607/1321
f 1212/1006/1322 1214/1008/1322 1242/928/1322
f 1166/929/1323 1214/1008/1323 1170/953/1323
f 1215/1007/1324 1188/982/1324 1170/953/1324
f 1188/982/1325 1255/1033/1325 1189/979/1325
f 1215/1007/1326 1255/1033/1326 1188/982/1326
f 1256/1034/1327 1255/1033/1327 1215/1007/1327
f 1255/1033/1328 1256/1034/1328 1252/1035/1328
f 1252/1035/1329 1267/601/1329 1255/1033/1329
f 1215/1007/1330 1220/1010/1330 1256/1034/1330
f 857/706/1331 1251/705/1331 1260/1036/1331
f 1189/979/1332 1258/1037/1332 1257/1038/1332
f 1237/1039/1333 1294/1040/1333 1202/1041/1333
f 1251/705/1334 4/138/1334 1260/1036/1334
f 1286/1042/1335 1052/862/1335 1060/867/1335
f 1203/999/1336 1205/980/1336 1257/1038/1336
f 617/483/1337 618/498/1337 619/484/1337
f 1058/852/1338 1066/870/1338 1060/867/1338
f 1266/1043/1339 1203/999/1339 1257/1038/1339
f 1267/601/1340 1258/1037/1340 1255/1033/1340
f 725/1044/1341 1258/1037/1341 1267/601/1341
f 1269/1045/1342 1287/1046/1342 1060/867/1342
f 1269/1045/1343 1060/867/1343 1066/870/1343
f 629/482/1344 619/484/1344 620/507/1344
f 725/1044/1345 1266/1043/1345 1258/1037/1345
f 1266/1043/1346 1257/1038/1346 1258/1037/1346
f 622/506/1347 620/507/1347 621/518/1347
f 1189/979/1348 1255/1033/1348 1258/1037/1348
f 620/507/1349 619/484/1349 1269/1047/1349
f 1189/979/1350 1257/1038/1350 1205/980/1350
f 857/706/1351 1260/1036/1351 1268/1048/1351
f 1271/1049/1352 1220/1010/1352 1231/1023/1352
f 1252/1035/1353 1256/1034/1353 1271/1049/1353
f 1236/1022/1354 766/597/1354 1231/1023/1354
f 1235/1018/1355 1264/1050/1355 1904/1051/1355
f 766/597/1356 1271/1049/1356 1231/1023/1356
f 766/597/1357 726/596/1357 1271/1049/1357
f 726/596/1358 1252/1035/1358 1271/1049/1358
f 1256/1034/1359 1220/1010/1359 1271/1049/1359
f 1252/1035/1360 726/596/1360 1267/601/1360
f 726/596/1361 731/602/1361 1267/601/1361
f 733/603/1362 725/1044/1362 1267/601/1362
f 1228/1017/1363 1264/1050/1363 1235/1018/1363
f 1268/1048/1364 1260/1036/1364 1278/1052/1364
f 1186/978/1365 1237/1031/1365 1175/971/1365
f 1260/1036/1366 1301/1053/1366 1278/1052/1366
f 1301/1053/1367 1279/1054/1367 1278/1052/1367
f 1270/873/1368 1281/1055/1368 1269/1045/1368
f 4104/1056/1369 1282/1057/1369 1186/1058/1369
f 1270/873/1370 1269/1045/1370 1066/870/1370
f 4104/1056/1371 4426/1059/1371 1282/1057/1371
f 1283/1060/1372 1237/1039/1372 1186/1058/1372
f 1283/1060/1373 1294/1040/1373 1237/1039/1373
f 620/507/1374 1269/1047/1374 621/518/1374
f 1281/1061/1375 621/518/1375 1269/1047/1375
f 1277/1062/1376 1350/1016/1376 1235/1018/1376
f 1071/878/1377 1069/866/1377 1286/1042/1377
f 1069/866/1378 1052/862/1378 1286/1042/1378
f 1295/1063/1379 1071/878/1379 1286/1042/1379
f 1282/1057/1380 1283/1060/1380 1186/1058/1380
f 1287/1046/1381 1295/1063/1381 1286/1042/1381
f 8/137/1382 1260/1036/1382 4/138/1382
f 4429/1064/1383 1283/1060/1383 1282/1057/1383
f 4426/1059/1384 4429/1064/1384 1282/1057/1384
f 619/484/1385 1295/1065/1385 1287/1066/1385
f 618/498/1386 1295/1065/1386 619/484/1386
f 1230/1025/1387 1202/1041/1387 1294/1040/1387
f 1294/1040/1388 592/462/1388 1230/1025/1388
f 649/522/1389 1295/1065/1389 646/523/1389
f 646/523/1390 1295/1065/1390 618/498/1390
f 993/777/1391 1280/1067/1391 1265/944/1391
f 499/388/1392 1071/878/1392 1302/1068/1392
f 8/137/1393 16/141/1393 1301/1053/1393
f 1260/1036/1394 8/137/1394 1301/1053/1394
f 16/141/1395 1303/1069/1395 1301/1053/1395
f 1295/1063/1396 1302/1068/1396 1071/878/1396
f 1298/1070/1397 1294/1040/1397 1283/1060/1397
f 1303/1069/1398 16/141/1398 32/152/1398
f 1302/1071/1399 649/522/1399 648/457/1399
f 56/256/1400 1311/307/1400 32/152/1400
f 1295/1065/1401 649/522/1401 1302/1071/1401
f 1310/1072/1402 1283/1060/1402 4429/1064/1402
f 1286/1042/1403 1060/867/1403 1287/1046/1403
f 1287/1066/1404 1269/1047/1404 619/484/1404
f 1310/1072/1405 1298/1070/1405 1283/1060/1405
f 1311/307/1406 1303/1069/1406 32/152/1406
f 599/468/1407 1298/1070/1407 1310/1072/1407
f 1086/891/1408 1083/1073/1408 1317/1074/1408
f 1270/873/1409 1086/891/1409 1317/1074/1409
f 1301/1053/1410 1303/1069/1410 1279/1054/1410
f 1355/1075/1411 1279/1054/1411 1303/1069/1411
f 1316/894/1412 1317/1076/1412 1083/889/1412
f 626/467/1413 599/468/1413 1321/1077/1413
f 1310/1072/1414 1321/1077/1414 599/468/1414
f 592/462/1415 1294/1040/1415 1298/1070/1415
f 1298/1070/1416 591/463/1416 592/462/1416
f 599/468/1417 591/463/1417 1298/1070/1417
f 1277/1062/1418 1441/362/1418 1323/1078/1418
f 621/518/1419 1281/1061/1419 656/525/1419
f 644/515/1420 621/518/1420 656/525/1420
f 1317/1074/1421 1281/1055/1421 1270/873/1421
f 1708/375/1422 1323/1078/1422 1441/362/1422
f 1317/1079/1423 656/525/1423 1281/1061/1423
f 1356/1080/1424 1355/1075/1424 1303/1069/1424
f 1329/473/1425 1360/1081/1425 1327/713/1425
f 656/525/1426 1317/1079/1426 1325/526/1426
f 1330/1082/1427 1356/1080/1427 1303/1069/1427
f 1311/307/1428 1330/1082/1428 1303/1069/1428
f 1330/1082/1429 1311/307/1429 1331/1083/1429
f 1316/894/1430 1332/1084/1430 1317/1076/1430
f 654/567/1431 1325/1085/1431 657/565/1431
f 604/470/1432 1329/473/1432 796/657/1432
f 1325/1085/1433 1317/1086/1433 1332/1087/1433
f 1268/1048/1434 1278/1052/1434 1334/738/1434
f 1268/1048/1435 1334/738/1435 857/706/1435
f 1278/1052/1436 908/911/1436 1334/738/1436
f 1325/1085/1437 1332/1087/1437 657/565/1437
f 1327/713/1438 799/663/1438 796/657/1438
f 1329/473/1439 1327/713/1439 796/657/1439
f 1103/902/1440 1316/894/1440 1094/893/1440
f 1316/894/1441 1103/902/1441 1339/1088/1441
f 1316/894/1442 1339/1088/1442 1332/1084/1442
f 1332/1087/1443 1339/1089/1443 657/565/1443
f 1339/1089/1444 708/582/1444 657/565/1444
f 1279/1054/1445 1335/1090/1445 908/911/1445
f 1279/1054/1446 908/911/1446 1278/1052/1446
f 1335/1090/1447 1279/1054/1447 1355/1075/1447
f 1315/985/1448 1333/1091/1448 2193/1092/1448
f 1333/1091/1449 1315/985/1449 1265/944/1449
f 608/472/1450 1360/1081/1450 1329/473/1450
f 1360/1081/1451 608/472/1451 607/479/1451
f 1337/1093/1452 1327/713/1452 1371/1094/1452
f 1327/713/1453 1360/1081/1453 1371/1094/1453
f 1350/1016/1454 1370/1095/1454 1569/1003/1454
f 1569/1003/1455 1564/1096/1455 1350/1016/1455
f 823/697/1456 868/714/1456 970/784/1456
f 347/308/1457 1331/1083/1457 1311/307/1457
f 1331/1083/1458 347/308/1458 1375/1097/1458
f 1277/1062/1459 1323/1078/1459 1370/1095/1459
f 1277/1062/1460 1370/1095/1460 1350/1016/1460
f 1333/1091/1461 1265/944/1461 1388/1098/1461
f 1484/1099/1462 1403/1100/1462 1375/1097/1462
f 1403/1100/1463 1467/1101/1463 1375/1097/1463
f 1337/1093/1464 1389/1102/1464 970/784/1464
f 970/784/1465 868/714/1465 1337/1093/1465
f 970/784/1466 1389/1102/1466 1405/796/1466
f 1208/1004/1467 1370/1095/1467 1323/1078/1467
f 1280/1067/1468 1388/1098/1468 1265/944/1468
f 1355/1075/1469 1356/1080/1469 1335/1090/1469
f 1356/1080/1470 1424/1103/1470 1335/1090/1470
f 1515/1104/1471 1424/1103/1471 1429/1105/1471
f 1277/1062/1472 332/363/1472 1441/362/1472
f 1389/1102/1473 1423/1106/1473 1405/796/1473
f 1405/796/1474 1423/1106/1474 1435/1107/1474
f 1371/1094/1475 1389/1102/1475 1337/1093/1475
f 1356/1080/1476 1330/1082/1476 1429/1105/1476
f 1327/713/1477 1337/1093/1477 868/714/1477
f 1371/1094/1478 1374/1108/1478 1423/1106/1478
f 1423/1106/1479 1389/1102/1479 1371/1094/1479
f 1453/1109/1480 1429/1105/1480 1331/1083/1480
f 1331/1083/1481 1429/1105/1481 1330/1082/1481
f 1429/1105/1482 1424/1103/1482 1356/1080/1482
f 1374/1108/1483 1360/1081/1483 607/479/1483
f 607/479/1484 1487/1110/1484 1466/1111/1484
f 1374/1108/1485 607/479/1485 1466/1111/1485
f 1487/1110/1486 607/479/1486 610/480/1486
f 1375/1097/1487 1453/1109/1487 1331/1083/1487
f 1375/1097/1488 1467/1101/1488 1453/1109/1488
f 1246/486/1489 1277/1062/1489 1235/1018/1489
f 1467/1112/1490 1403/1113/1490 2625/1114/1490
f 1277/1062/1491 1246/486/1491 332/363/1491
f 1453/1109/1492 1434/1115/1492 1429/1105/1492
f 1453/1109/1493 1467/1101/1493 2639/1116/1493
f 1371/1094/1494 1360/1081/1494 1374/1108/1494
f 1374/1108/1495 1466/1111/1495 1477/1117/1495
f 1477/1118/1496 1466/1119/1496 1489/1120/1496
f 1484/1099/1497 1375/1097/1497 347/308/1497
f 595/459/1498 1484/1099/1498 347/308/1498
f 587/452/1499 660/528/1499 1484/496/1499
f 332/363/1500 1246/486/1500 614/485/1500
f 1489/1120/1501 1466/1119/1501 1487/1121/1501
f 660/528/1502 627/494/1502 2531/1122/1502
f 1403/1123/1503 1484/496/1503 660/528/1503
f 1137/912/1504 908/911/1504 1335/1090/1504
f 1137/912/1505 1335/1090/1505 1143/937/1505
f 1489/1120/1506 1534/1124/1506 1492/1125/1506
f 1424/1103/1507 1143/937/1507 1335/1090/1507
f 1489/1120/1508 1487/1121/1508 616/534/1508
f 1486/1126/1509 2193/1127/1509 1455/1128/1509
f 1487/1110/1510 610/480/1510 616/516/1510
f 1333/1129/1511 1388/1130/1511 1455/1128/1511
f 1455/1128/1512 2193/1127/1512 1333/1129/1512
f 1865/1131/1513 1486/1126/1513 1455/1128/1513
f 1424/1103/1514 1515/1104/1514 1143/937/1514
f 1374/1108/1515 1477/1117/1515 1423/1106/1515
f 1143/937/1516 1539/957/1516 1157/943/1516
f 1435/1107/1517 1423/1106/1517 1477/1117/1517
f 1477/1118/1518 1516/1132/1518 1435/1133/1518
f 368/376/1519 1441/362/1519 513/371/1519
f 1516/1132/1520 1477/1118/1520 1532/1134/1520
f 699/575/1521 546/420/1521 1514/1135/1521
f 1515/1104/1522 1429/1105/1522 1434/1115/1522
f 721/593/1523 699/576/1523 1514/1136/1523
f 546/420/1524 573/437/1524 1514/1135/1524
f 573/437/1525 1533/1137/1525 1514/1135/1525
f 1489/1120/1526 1492/1125/1526 1532/1134/1526
f 1477/1118/1527 1489/1120/1527 1532/1134/1527
f 1532/1134/1528 1534/1124/1528 1535/1138/1528
f 1534/1124/1529 1532/1134/1529 1492/1125/1529
f 1434/1115/1530 1537/1139/1530 1515/1104/1530
f 1143/937/1531 1515/1104/1531 1539/957/1531
f 1708/375/1532 1441/362/1532 368/376/1532
f 1516/1132/1533 1532/1134/1533 1535/1138/1533
f 1535/1138/1534 1598/1140/1534 1516/1132/1534
f 1543/1141/1535 1533/1137/1535 573/437/1535
f 1543/1141/1536 573/437/1536 642/509/1536
f 1541/1142/1537 1598/1140/1537 1535/1138/1537
f 994/797/1538 1405/796/1538 996/812/1538
f 1547/1143/1539 1539/957/1539 1515/1104/1539
f 1515/1104/1540 1537/1139/1540 1547/1143/1540
f 1172/959/1541 1539/957/1541 1547/1143/1541
f 1405/796/1542 1435/1107/1542 1554/1144/1542
f 1405/796/1543 1554/1144/1543 996/812/1543
f 1564/1096/1544 1569/1003/1544 1574/1145/1544
f 996/1146/1545 1554/1147/1545 1568/1148/1545
f 996/1146/1546 1568/1148/1546 2278/1149/1546
f 1569/1003/1547 1370/1095/1547 1208/1004/1547
f 1574/1145/1548 1590/1150/1548 1564/1096/1548
f 1842/1002/1549 1574/1145/1549 1569/1003/1549
f 721/593/1550 1514/1136/1550 1533/1151/1550
f 1568/1148/1551 1585/1152/1551 2289/1153/1551
f 2278/1149/1552 1568/1148/1552 2289/1153/1552
f 1568/1148/1553 1563/1154/1553 1585/1152/1553
f 1554/1147/1554 1563/1154/1554 1568/1148/1554
f 721/593/1555 1533/1151/1555 869/720/1555
f 1576/1155/1556 2294/1156/1556 1584/1157/1556
f 1587/1158/1557 4608/1159/1557 1585/1152/1557
f 1228/1017/1558 1590/1150/1558 1264/1050/1558
f 1563/1154/1559 1435/1133/1559 1516/1132/1559
f 1435/1133/1560 1563/1154/1560 1554/1147/1560
f 1350/1016/1561 1564/1096/1561 1228/1017/1561
f 1563/1154/1562 1592/1160/1562 1585/1152/1562
f 1563/1154/1563 1598/1140/1563 1592/1160/1563
f 1598/1140/1564 1563/1154/1564 1516/1132/1564
f 1564/1096/1565 1590/1150/1565 1228/1017/1565
f 4453/983/1566 1190/984/1566 1614/1161/1566
f 1974/949/1567 1590/1150/1567 1956/1162/1567
f 1561/1163/1568 1603/1164/1568 1605/1165/1568
f 1614/1161/1569 1612/1166/1569 4453/983/1569
f 1533/1151/1570 1543/1167/1570 1673/1168/1570
f 1264/1050/1571 1076/903/1571 1072/899/1571
f 1076/903/1572 1264/1050/1572 1590/1150/1572
f 1612/1169/1573 1605/1165/1573 1603/1164/1573
f 1598/1140/1574 1541/1142/1574 1616/1170/1574
f 1612/1169/1575 1614/1171/1575 1605/1165/1575
f 1616/1170/1576 1592/1160/1576 1598/1140/1576
f 1533/1151/1577 1673/1168/1577 869/720/1577
f 1592/1160/1578 1616/1170/1578 1646/1172/1578
f 1587/1158/1579 1585/1152/1579 1592/1160/1579
f 1659/1173/1580 1693/1174/1580 1663/1175/1580
f 1587/1158/1581 1646/1172/1581 1656/1176/1581
f 1592/1160/1582 1646/1172/1582 1587/1158/1582
f 1208/1004/1583 1748/1177/1583 1842/1002/1583
f 869/720/1584 1673/1168/1584 993/777/1584
f 1656/1176/1585 1646/1172/1585 1710/1178/1585
f 1858/1179/1586 1748/1177/1586 1674/1180/1586
f 1489/1120/1587 1676/1181/1587 1534/1124/1587
f 993/777/1588 1673/1168/1588 1280/1067/1588
f 664/533/1589 1676/1181/1589 1489/1120/1589
f 1489/1120/1590 616/534/1590 664/533/1590
f 682/549/1591 1676/1181/1591 664/533/1591
f 1659/1173/1592 1663/1175/1592 1667/1182/1592
f 1684/1183/1593 1667/1182/1593 1663/1175/1593
f 1534/1124/1594 1676/1181/1594 1685/1184/1594
f 1678/1185/1595 1685/1184/1595 1676/1181/1595
f 1535/1138/1596 1534/1124/1596 1685/1184/1596
f 1541/1142/1597 1535/1138/1597 1685/1184/1597
f 1684/1183/1598 1663/1175/1598 1690/1186/1598
f 1685/1184/1599 1688/1187/1599 1541/1142/1599
f 1678/1185/1600 1749/1188/1600 1688/1187/1600
f 1657/1189/1601 1658/1190/1601 1663/1175/1601
f 1663/1175/1602 1693/1174/1602 1657/1189/1602
f 1678/1185/1603 1688/1187/1603 1685/1184/1603
f 1740/536/1604 1722/1191/1604 642/512/1604
f 1616/1170/1605 1541/1142/1605 1698/1192/1605
f 1688/1187/1606 1698/1192/1606 1541/1142/1606
f 1690/1186/1607 1663/1175/1607 1658/1190/1607
f 2346/1193/1608 1591/1194/1608 1693/1195/1608
f 1591/1196/1609 1657/1189/1609 1693/1174/1609
f 1706/1197/1610 1684/1183/1610 1690/1186/1610
f 1543/1198/1611 1722/1191/1611 1673/1199/1611
f 1879/1200/1612 1805/1201/1612 1706/1197/1612
f 1710/1178/1613 1646/1172/1613 1698/1192/1613
f 1646/1172/1614 1616/1170/1614 1698/1192/1614
f 1710/1178/1615 1698/1192/1615 1716/1202/1615
f 1717/1203/1616 1667/1182/1616 1684/1183/1616
f 1684/1183/1617 1751/1204/1617 1719/1205/1617
f 1708/375/1618 1727/431/1618 1323/1078/1618
f 1716/1202/1619 1698/1192/1619 1688/1187/1619
f 1717/1203/1620 1684/1183/1620 1719/1205/1620
f 1719/1205/1621 1733/1206/1621 1717/1203/1621
f 1656/1176/1622 1710/1178/1622 1807/1207/1622
f 1722/1191/1623 1543/1198/1623 642/512/1623
f 1761/1208/1624 1740/536/1624 667/511/1624
f 1807/1207/1625 4640/1209/1625 1656/1176/1625
f 682/549/1626 1678/1185/1626 1676/1181/1626
f 1763/1210/1627 1733/1211/1627 1719/1212/1627
f 1751/1204/1628 1773/1213/1628 1719/1205/1628
f 682/549/1629 1752/1214/1629 1678/1185/1629
f 682/549/1630 687/558/1630 1752/1214/1630
f 687/558/1631 698/571/1631 1752/1214/1631
f 1755/1215/1632 1756/1216/1632 1752/1214/1632
f 1756/1216/1633 1749/1188/1633 1752/1214/1633
f 1754/1217/1634 1756/1216/1634 1755/1215/1634
f 1678/1185/1635 1752/1214/1635 1749/1188/1635
f 1752/1214/1636 698/571/1636 1755/1215/1636
f 698/571/1637 1760/1218/1637 1755/1215/1637
f 1733/1206/1638 1763/1219/1638 3412/1220/1638
f 1740/536/1639 1764/1221/1639 1722/1191/1639
f 1763/1222/1640 1719/1223/1640 1808/1224/1640
f 1764/1221/1641 1731/1225/1641 1722/1191/1641
f 1706/1197/1642 1751/1204/1642 1684/1183/1642
f 1761/1208/1643 1764/1221/1643 1740/536/1643
f 698/571/1644 700/573/1644 1760/1218/1644
f 1751/1204/1645 1706/1197/1645 1773/1213/1645
f 1805/1201/1646 1773/1213/1646 1706/1197/1646
f 1760/1218/1647 1774/1226/1647 1754/1217/1647
f 1754/1217/1648 1755/1215/1648 1760/1218/1648
f 1716/1202/1649 1688/1187/1649 1749/1188/1649
f 1748/1177/1650 1208/1004/1650 1727/431/1650
f 1208/1004/1651 1323/1078/1651 1727/431/1651
f 1716/1202/1652 1749/1188/1652 1756/1216/1652
f 1719/1205/1653 1773/1213/1653 1790/1227/1653
f 1710/1178/1654 1716/1202/1654 1822/1228/1654
f 1716/1202/1655 1796/1229/1655 1822/1228/1655
f 1748/1177/1656 1727/431/1656 1795/1230/1656
f 1795/1230/1657 1727/431/1657 585/449/1657
f 1807/1207/1658 1710/1178/1658 1821/1231/1658
f 1710/1178/1659 1822/1228/1659 1821/1231/1659
f 299/273/1660 4646/272/1660 1807/1207/1660
f 1808/1232/1661 1790/1233/1661 1831/1234/1661
f 1808/1232/1662 1719/1235/1662 1790/1233/1662
f 1807/1207/1663 1821/1231/1663 299/273/1663
f 430/356/1664 1763/1236/1664 1808/1232/1664
f 1790/1227/1665 1773/1213/1665 1805/1201/1665
f 1831/1234/1666 1790/1233/1666 1805/1237/1666
f 1840/1238/1667 299/273/1667 1821/1231/1667
f 1822/1228/1668 1796/1229/1668 1821/1231/1668
f 1831/1234/1669 1805/1237/1669 1835/1239/1669
f 1795/1230/1670 1674/1180/1670 1748/1177/1670
f 585/449/1671 600/751/1671 1795/1230/1671
f 1846/1240/1672 1840/1238/1672 1821/1231/1672
f 1821/1231/1673 1796/1229/1673 1846/1240/1673
f 1840/1238/1674 296/274/1674 299/273/1674
f 1831/1234/1675 1835/1239/1675 1852/1241/1675
f 1835/1239/1676 1916/1242/1676 1852/1241/1676
f 296/274/1677 1840/1238/1677 320/299/1677
f 1842/1002/1678 1858/1179/1678 1861/1243/1678
f 1842/1002/1679 1748/1177/1679 1858/1179/1679
f 1731/1225/1680 1673/1199/1680 1722/1191/1680
f 1280/1244/1681 1673/1199/1681 1731/1225/1681
f 1731/1225/1682 1388/1130/1682 1280/1244/1682
f 1855/1245/1683 1808/1232/1683 1831/1234/1683
f 1855/1245/1684 430/356/1684 1808/1232/1684
f 1831/1234/1685 1863/1246/1685 1855/1245/1685
f 1863/1246/1686 1867/1247/1686 2030/1248/1686
f 1863/1246/1687 1831/1234/1687 1867/1247/1687
f 1850/1249/1688 1872/1250/1688 1851/1251/1688
f 1831/1234/1689 1852/1241/1689 1867/1247/1689
f 1754/1217/1690 1866/1252/1690 1756/1216/1690
f 1716/1202/1691 1756/1216/1691 1796/1229/1691
f 1796/1229/1692 1756/1216/1692 1866/1252/1692
f 1846/1240/1693 1878/322/1693 1840/1238/1693
f 1846/1240/1694 1796/1229/1694 1866/1252/1694
f 1884/1253/1695 1853/1254/1695 1868/1255/1695
f 1853/1254/1696 1851/1251/1696 1868/1255/1696
f 1866/1252/1697 1871/1256/1697 1870/1257/1697
f 1872/1250/1698 1868/1255/1698 1851/1251/1698
f 1866/1252/1699 1754/1217/1699 1871/1256/1699
f 1878/322/1700 1846/1240/1700 1870/1257/1700
f 1865/1131/1701 1731/1225/1701 1764/1221/1701
f 1846/1240/1702 1866/1252/1702 1870/1257/1702
f 1731/1225/1703 1865/1131/1703 1455/1128/1703
f 1840/1238/1704 1878/322/1704 320/299/1704
f 504/392/1705 389/323/1705 1870/1257/1705
f 389/323/1706 1878/322/1706 1870/1257/1706
f 1674/1180/1707 1895/1258/1707 1858/1179/1707
f 1731/1225/1708 1455/1128/1708 1388/1130/1708
f 1805/1237/1709 1885/1259/1709 1835/1239/1709
f 1879/1200/1710 1885/1260/1710 1805/1201/1710
f 1973/1261/1711 2933/1262/1711 2047/1263/1711
f 1880/1264/1712 1884/1253/1712 1893/1265/1712
f 1894/1266/1713 1893/1265/1713 1884/1253/1713
f 1882/1267/1714 1880/1264/1714 1893/1265/1714
f 1861/1243/1715 1858/1179/1715 1895/1258/1715
f 602/1268/1716 4371/1269/1716 606/540/1716
f 1879/1200/1717 1897/1270/1717 1885/1260/1717
f 606/540/1718 4371/1269/1718 1891/1271/1718
f 1861/1243/1719 1895/1258/1719 1890/1272/1719
f 1883/1273/1720 532/401/1720 504/392/1720
f 1871/1256/1721 504/392/1721 1870/1257/1721
f 1883/1273/1722 504/392/1722 1871/1256/1722
f 1897/1270/1723 1900/1274/1723 1885/1260/1723
f 1871/1256/1724 1754/1217/1724 1903/1275/1724
f 1914/1276/1725 2758/1277/1725 1882/1267/1725
f 1774/1226/1726 1760/1218/1726 1905/1278/1726
f 1891/1271/1727 667/511/1727 606/540/1727
f 1891/1271/1728 1761/1208/1728 667/511/1728
f 1760/1218/1729 700/573/1729 1905/1278/1729
f 1905/1278/1730 700/573/1730 749/612/1730
f 1900/1274/1731 1897/1270/1731 1899/1279/1731
f 1882/1267/1732 2758/1277/1732 1907/1280/1732
f 1911/1281/1733 1893/1282/1733 1894/1283/1733
f 1911/1284/1734 1914/1276/1734 1893/1265/1734
f 1893/1265/1735 1914/1276/1735 1882/1267/1735
f 1761/1208/1736 1891/1271/1736 1908/1285/1736
f 1911/1281/1737 1912/1286/1737 1914/1287/1737
f 1853/1254/1738 1884/1253/1738 1880/1264/1738
f 2137/1288/1739 1884/1289/1739 1868/1290/1739
f 1885/1259/1740 1916/1242/1740 1835/1239/1740
f 1885/1259/1741 1918/1291/1741 1916/1242/1741
f 1919/969/1742 713/584/1742 718/589/1742
f 1904/1051/1743 612/487/1743 1235/1018/1743
f 1913/1292/1744 1905/1278/1744 749/612/1744
f 1774/1226/1745 1903/1275/1745 1754/1217/1745
f 1774/1226/1746 1921/1293/1746 1903/1275/1746
f 1235/1018/1747 612/487/1747 1246/486/1747
f 1908/1285/1748 1891/1271/1748 1917/1294/1748
f 1904/1051/1749 1072/899/1749 1095/898/1749
f 1072/899/1750 1904/1051/1750 1264/1050/1750
f 612/487/1751 1904/1051/1751 639/508/1751
f 1918/1291/1752 1885/1259/1752 1900/1295/1752
f 1774/1226/1753 1930/1296/1753 1921/1293/1753
f 1916/1242/1754 1867/1247/1754 1852/1241/1754
f 1905/1278/1755 1930/1296/1755 1774/1226/1755
f 725/1044/1756 733/603/1756 1931/1297/1756
f 1905/1278/1757 1913/1292/1757 1930/1296/1757
f 1867/1247/1758 1916/1242/1758 1938/1298/1758
f 1938/1298/1759 1916/1242/1759 1918/1291/1759
f 1921/1293/1760 1930/1296/1760 1935/1299/1760
f 1938/1298/1761 1918/1291/1761 1948/1300/1761
f 1932/1301/1762 1933/1302/1762 1935/1299/1762
f 1930/1296/1763 1932/1301/1763 1935/1299/1763
f 1900/1274/1764 1899/1279/1764 1943/1303/1764
f 733/603/1765 735/604/1765 1931/1297/1765
f 1899/1279/1766 1946/1304/1766 1943/1303/1766
f 1947/1305/1767 1871/1256/1767 1903/1275/1767
f 1921/1293/1768 1947/1305/1768 1903/1275/1768
f 1947/1305/1769 1921/1293/1769 1935/1299/1769
f 1904/1051/1770 1095/898/1770 639/508/1770
f 1883/1273/1771 1871/1256/1771 1947/1305/1771
f 1918/1291/1772 1900/1295/1772 1948/1300/1772
f 1900/1295/1773 1943/1306/1773 1948/1300/1773
f 1917/1294/1774 1891/1271/1774 1927/1307/1774
f 1927/1307/1775 2526/1308/1775 1917/1294/1775
f 1574/1145/1776 1956/1162/1776 1590/1150/1776
f 1935/1299/1777 1883/1273/1777 1947/1305/1777
f 1883/1273/1778 1935/1299/1778 756/619/1778
f 1935/1299/1779 743/615/1779 756/619/1779
f 713/584/1780 1949/1309/1780 712/588/1780
f 1949/1309/1781 713/584/1781 1955/1310/1781
f 1957/1311/1782 1948/1300/1782 1943/1306/1782
f 1982/1312/1783 1949/1309/1783 1955/1310/1783
f 1943/1306/1784 1995/1313/1784 1958/1314/1784
f 1957/1311/1785 1943/1306/1785 1958/1314/1785
f 1964/1315/1786 1949/1309/1786 1982/1312/1786
f 2027/1316/1787 1574/1145/1787 1842/1002/1787
f 2027/1316/1788 1956/1162/1788 1574/1145/1788
f 1993/1317/1789 1956/1162/1789 2043/1318/1789
f 1974/949/1790 1076/903/1790 1590/1150/1790
f 1908/1285/1791 1917/1294/1791 1973/1261/1791
f 1933/1302/1792 743/615/1792 1935/1299/1792
f 755/617/1793 538/409/1793 532/401/1793
f 755/617/1794 532/401/1794 756/619/1794
f 1943/1303/1795 1946/1304/1795 1980/1319/1795
f 1981/1320/1796 1964/1315/1796 1982/1312/1796
f 1982/1321/1797 1955/1322/1797 1951/1323/1797
f 1956/1162/1798 1979/1324/1798 1974/949/1798
f 1946/1304/1799 1987/1325/1799 1980/1319/1799
f 1979/1324/1800 1159/950/1800 1974/949/1800
f 1984/1326/1801 1982/1326/1801 1983/1326/1801
f 1883/1273/1802 756/619/1802 532/401/1802
f 1979/1324/1803 1956/1162/1803 1988/1327/1803
f 1956/1162/1804 1993/1317/1804 1988/1327/1804
f 1980/1319/1805 1995/1328/1805 1943/1303/1805
f 1951/1323/1806 1983/1329/1806 1982/1321/1806
f 1985/1326/1801 1986/1326/1801 1984/1326/1801
f 1984/1330/1807 1986/1331/1807 1982/1332/1807
f 1981/1333/1808 1982/1332/1808 1986/1331/1808
f 1997/1334/1809 1996/1335/1809 1872/1336/1809
f 1850/1249/1810 1997/1337/1810 1872/1250/1810
f 1850/1249/1811 1951/1323/1811 1997/1337/1811
f 1917/1294/1812 2526/1308/1812 1973/1261/1812
f 1990/1338/1813 1998/1339/1813 1991/716/1813
f 1998/1339/1814 1994/717/1814 1991/716/1814
f 395/325/1815 1763/1236/1815 430/356/1815
f 1994/717/1816 1998/1339/1816 2053/1340/1816
f 430/356/1817 1863/1246/1817 2001/1341/1817
f 1955/1310/1818 713/584/1818 1919/969/1818
f 1996/1335/1819 1997/1334/1819 2003/1342/1819
f 2004/1343/1820 1955/1310/1820 1919/969/1820
f 2004/1344/1821 2003/1345/1821 1955/1322/1821
f 2003/1345/1822 1951/1323/1822 1955/1322/1822
f 1997/1337/1823 1951/1323/1823 2003/1345/1823
f 2008/968/1824 2004/1343/1824 1919/969/1824
f 2001/1341/1825 400/330/1825 430/356/1825
f 2010/1346/1826 2004/1343/1826 2008/968/1826
f 2010/1347/1827 2011/1348/1827 2004/1349/1827
f 2001/1341/1828 2013/1350/1828 400/330/1828
f 2030/1248/1829 2013/1350/1829 2001/1341/1829
f 2003/1342/1830 2004/1349/1830 2011/1348/1830
f 1855/1245/1831 1863/1246/1831 430/356/1831
f 1486/1126/1832 2007/1351/1832 2015/1352/1832
f 1994/717/1833 2053/1340/1833 2017/1353/1833
f 2030/1248/1834 2001/1341/1834 1863/1246/1834
f 2267/1354/1835 1164/972/1835 1979/1355/1835
f 1979/1324/1836 1164/967/1836 1159/950/1836
f 2182/1356/1837 2046/1357/1837 2021/1358/1837
f 1861/1243/1838 2027/1316/1838 1842/1002/1838
f 2024/1359/1839 2027/1316/1839 1861/1243/1839
f 2007/1351/1840 1486/1126/1840 1865/1131/1840
f 2033/1360/1841 2059/1361/1841 2002/284/1841
f 1867/1247/1842 2034/1362/1842 2030/1248/1842
f 2036/1363/1843 2031/1364/1843 2035/1365/1843
f 2031/1364/1844 2036/1363/1844 2041/1366/1844
f 2031/1367/1845 2039/1368/1845 2037/1369/1845
f 2013/1350/1846 2030/1248/1846 2038/1370/1846
f 2041/1371/1847 2039/1368/1847 2031/1367/1847
f 2024/1359/1848 1861/1243/1848 1890/1272/1848
f 2171/1372/1849 2024/1359/1849 1890/1272/1849
f 2024/1359/1850 2171/1372/1850 2051/1373/1850
f 2033/1360/1851 2109/1374/1851 2047/1263/1851
f 2033/1360/1852 2007/1351/1852 2109/1374/1852
f 2034/1362/1853 2038/1370/1853 2030/1248/1853
f 2053/1340/1854 1998/1339/1854 2044/1375/1854
f 2021/1358/1855 2044/1375/1855 1998/1339/1855
f 2005/1376/1856 2007/1351/1856 2033/1360/1856
f 2015/1352/1857 2007/1351/1857 2005/1376/1857
f 2046/1357/1858 2044/1375/1858 2021/1358/1858
f 2024/1359/1859 2043/1318/1859 2027/1316/1859
f 2043/1318/1860 2024/1359/1860 2052/1377/1860
f 1956/1162/1861 2027/1316/1861 2043/1318/1861
f 2071/1378/1862 2053/1340/1862 2044/1375/1862
f 2024/1359/1863 2051/1373/1863 2052/1377/1863
f 2040/1379/1864 2038/1370/1864 2034/1362/1864
f 2033/1360/1865 2047/1263/1865 2059/1361/1865
f 2040/1379/1866 2013/1350/1866 2038/1370/1866
f 400/330/1867 2013/1350/1867 495/368/1867
f 2036/1363/1868 1931/1297/1868 2041/1366/1868
f 2041/1366/1869 1931/1297/1869 2061/1380/1869
f 2933/1262/1870 2062/1381/1870 2047/1263/1870
f 2054/1382/1871 2449/1383/1871 2060/1384/1871
f 2059/1361/1872 2047/1263/1872 2062/1381/1872
f 2013/1350/1873 496/393/1873 495/368/1873
f 1674/1180/1874 1795/1230/1874 1677/1385/1874
f 979/807/1875 1795/1230/1875 600/751/1875
f 1795/1230/1876 979/807/1876 2074/1386/1876
f 2070/1387/1877 2053/1340/1877 2071/1378/1877
f 2053/1340/1878 2070/1387/1878 2017/1353/1878
f 2002/284/1879 2005/1376/1879 2033/1360/1879
f 496/393/1880 2066/1388/1880 530/400/1880
f 2418/1389/1881 2071/1390/1881 2044/1391/1881
f 2074/1386/1882 1677/1385/1882 1795/1230/1882
f 2039/1368/1883 2060/1384/1883 2449/1383/1883
f 2060/1384/1884 2039/1368/1884 2041/1371/1884
f 979/807/1885 997/806/1885 1008/818/1885
f 2013/1350/1886 2040/1379/1886 496/393/1886
f 45/285/1887 2002/284/1887 2059/1361/1887
f 2079/1392/1888 2074/1386/1888 979/807/1888
f 2061/1393/1889 2060/1384/1889 2041/1371/1889
f 735/604/1890 2061/1380/1890 1931/1297/1890
f 530/400/1891 2086/1394/1891 535/408/1891
f 2066/1388/1892 2086/1394/1892 530/400/1892
f 2054/1382/1893 2087/1395/1893 2083/1396/1893
f 2088/1397/1894 2079/1392/1894 979/807/1894
f 535/408/1895 2086/1394/1895 2124/1398/1895
f 2087/1395/1896 2054/1382/1896 2060/1384/1896
f 2087/1395/1897 2094/1399/1897 2083/1396/1897
f 2093/1400/1898 921/760/1898 894/740/1898
f 2093/1400/1899 2081/769/1899 921/760/1899
f 894/740/1900 2080/1401/1900 2093/1400/1900
f 2095/1402/1901 2083/1396/1901 2094/1399/1901
f 2095/1402/1902 2099/1403/1902 2096/1404/1902
f 2093/1400/1903 2080/1401/1903 2097/1405/1903
f 2146/1406/1904 2106/1407/1904 2093/1400/1904
f 2093/1400/1905 2106/1407/1905 1990/1338/1905
f 2081/769/1906 2093/1400/1906 1990/1338/1906
f 496/393/1907 2040/1379/1907 2066/1388/1907
f 2096/1404/1908 2099/1403/1908 2111/1408/1908
f 2066/1388/1909 2040/1379/1909 2113/1409/1909
f 1761/1208/1910 2109/1374/1910 1764/1221/1910
f 2146/1406/1911 2093/1400/1911 2097/1405/1911
f 1865/1131/1912 1764/1221/1912 2109/1374/1912
f 2080/1401/1913 899/746/1913 913/754/1913
f 1761/1208/1914 1908/1285/1914 2109/1374/1914
f 2115/1410/1915 2080/1401/1915 913/754/1915
f 1674/1180/1916 1677/1385/1916 1895/1258/1916
f 1677/1385/1917 2118/1411/1917 1895/1258/1917
f 2109/1374/1918 1908/1285/1918 2047/1263/1918
f 1908/1285/1919 1973/1261/1919 2047/1263/1919
f 913/754/1920 2117/756/1920 2115/1410/1920
f 2119/1412/1921 2111/1408/1921 2110/1413/1921
f 1677/1385/1922 2074/1386/1922 2079/1392/1922
f 894/740/1923 899/746/1923 2080/1401/1923
f 1677/1385/1924 2079/1392/1924 2118/1411/1924
f 2079/1414/1925 2088/1415/1925 2132/1416/1925
f 2150/1417/1926 2132/1416/1926 2088/1415/1926
f 2109/1374/1927 2007/1351/1927 1865/1131/1927
f 2066/1388/1928 2113/1409/1928 2125/1418/1928
f 2066/1388/1929 2125/1418/1929 2086/1394/1929
f 2080/1401/1930 2115/1410/1930 2097/1405/1930
f 2110/1413/1931 3436/1419/1931 2119/1412/1931
f 3436/1419/1932 3447/1420/1932 2119/1412/1932
f 2124/1398/1933 2086/1394/1933 2128/1421/1933
f 2086/1394/1934 2125/1418/1934 2128/1421/1934
f 2118/1422/1935 2079/1414/1935 2195/1423/1935
f 2132/1416/1936 2195/1423/1936 2079/1414/1936
f 1868/1290/1937 2133/1424/1937 2130/1425/1937
f 1872/1336/1938 2131/1426/1938 2133/1424/1938
f 2133/1424/1939 2131/1426/1939 2134/1427/1939
f 2200/1428/1940 2115/1410/1940 2126/1429/1940
f 2133/1424/1941 2134/1427/1941 2130/1425/1941
f 1868/1290/1942 1872/1336/1942 2133/1424/1942
f 2200/1428/1943 2097/1405/1943 2115/1410/1943
f 2137/1288/1944 1894/1283/1944 1884/1289/1944
f 2137/1288/1945 2136/1430/1945 1894/1283/1945
f 2246/1431/1946 2142/1432/1946 2117/756/1946
f 1911/1281/1947 2136/1430/1947 2140/1433/1947
f 1911/1281/1948 1894/1283/1948 2136/1430/1948
f 2126/1429/1949 2115/1410/1949 2117/756/1949
f 2142/1432/1950 2126/1429/1950 2117/756/1950
f 2081/769/1951 1990/1338/1951 1991/716/1951
f 157/187/1952 107/155/1952 2141/638/1952
f 920/715/1953 2081/769/1953 1991/716/1953
f 2088/1397/1954 979/807/1954 1008/818/1954
f 1911/1281/1955 2140/1433/1955 1912/1286/1955
f 2148/1434/1956 2088/1397/1956 1008/818/1956
f 2148/1435/1957 2150/1417/1957 2088/1415/1957
f 2145/1436/1958 2154/1437/1958 2152/1438/1958
f 2145/1436/1959 2153/1439/1959 2154/1437/1959
f 2155/1440/1960 2153/1439/1960 2145/1436/1960
f 2579/1441/1961 650/521/1961 2124/1398/1961
f 2157/1442/1962 2146/1406/1962 2097/1405/1962
f 575/442/1963 535/408/1963 650/521/1963
f 2152/1438/1964 1566/1443/1964 2293/1444/1964
f 535/408/1965 2124/1398/1965 650/521/1965
f 2097/1405/1966 2166/1445/1966 2157/1442/1966
f 1562/1446/1967 1566/1443/1967 2152/1438/1967
f 650/521/1968 2531/1122/1968 627/494/1968
f 2166/1445/1969 2097/1405/1969 2200/1428/1969
f 1603/1164/1970 1562/1446/1970 2154/1437/1970
f 1562/1446/1971 2152/1438/1971 2154/1437/1971
f 1561/1163/1972 1562/1446/1972 1603/1164/1972
f 1024/827/1973 1057/1447/1973 2148/864/1973
f 4014/1448/1974 2140/1433/1974 2147/1449/1974
f 2150/1417/1975 2148/1435/1975 3170/1450/1975
f 2164/659/1976 2141/638/1976 2151/637/1976
f 2106/1407/1977 2146/1406/1977 2157/1442/1977
f 2161/1451/1978 2140/1433/1978 2136/1430/1978
f 1990/1338/1979 2106/1407/1979 1998/1339/1979
f 2021/1358/1980 1998/1339/1980 2106/1407/1980
f 1138/921/1981 1315/985/1981 2164/659/1981
f 2166/1445/1982 2190/1452/1982 2157/1442/1982
f 2167/221/1983 157/187/1983 2141/638/1983
f 1867/1247/1984 1938/1298/1984 2034/1362/1984
f 2158/1453/1985 2147/1449/1985 2161/1451/1985
f 2161/1451/1986 2147/1449/1986 2140/1433/1986
f 2164/659/1987 2167/221/1987 2141/638/1987
f 2040/1379/1988 2034/1362/1988 2172/1454/1988
f 2174/1455/1989 2034/1362/1989 1938/1298/1989
f 2034/1362/1990 2174/1455/1990 2172/1454/1990
f 1895/1258/1991 2175/1456/1991 2176/1457/1991
f 1948/1300/1992 2174/1455/1992 1938/1298/1992
f 2118/1411/1993 2175/1456/1993 1895/1258/1993
f 2168/1458/1994 2161/1451/1994 2136/1430/1994
f 2159/1459/1995 2178/1460/1995 2971/1461/1995
f 2177/1462/1996 2201/1463/1996 2215/1464/1996
f 2158/1453/1997 2161/1451/1997 2168/1458/1997
f 2213/1465/1998 2166/1445/1998 2200/1428/1998
f 2179/1466/1999 2159/1459/1999 2971/1461/1999
f 1890/1272/2000 1895/1258/2000 2176/1457/2000
f 1890/1272/2001 2176/1457/2001 2171/1372/2001
f 2178/1460/2002 2170/1467/2002 2169/1468/2002
f 2499/1469/2003 2472/1470/2003 2166/1445/2003
f 2166/1445/2004 2213/1465/2004 2227/1471/2004
f 2185/1472/2005 2040/1379/2005 2172/1454/2005
f 4040/1473/2006 2158/1453/2006 2177/1462/2006
f 2158/1453/2007 2168/1458/2007 2177/1462/2007
f 2208/1474/2008 2171/1372/2008 2176/1457/2008
f 2171/1372/2009 2208/1474/2009 2051/1373/2009
f 2159/1459/2010 2170/1467/2010 2178/1460/2010
f 2182/1356/2011 2021/1358/2011 2106/1407/2011
f 2106/1407/2012 2157/1442/2012 2182/1356/2012
f 2191/1475/2013 2189/1476/2013 2188/1477/2013
f 2155/1440/2014 2145/1436/2014 2192/1478/2014
f 2190/1452/2015 2182/1356/2015 2157/1442/2015
f 2164/659/2016 2193/1092/2016 2167/221/2016
f 2113/1409/2017 2040/1379/2017 2185/1472/2017
f 2177/1462/2018 2187/1479/2018 4040/1473/2018
f 2136/1430/2019 2194/1480/2019 2168/1458/2019
f 2136/1430/2020 2137/1288/2020 2194/1480/2020
f 2137/1288/2021 2130/1425/2021 2194/1480/2021
f 2194/1480/2022 2130/1425/2022 2134/1427/2022
f 1868/1290/2023 2130/1425/2023 2137/1288/2023
f 2195/1423/2024 2175/1481/2024 2118/1422/2024
f 2174/1455/2025 2185/1472/2025 2172/1454/2025
f 2175/1481/2026 2214/1482/2026 2176/1483/2026
f 2126/1429/2027 2142/1432/2027 2197/1484/2027
f 2198/1485/2028 2199/1486/2028 2192/1478/2028
f 2192/1478/2029 2199/1486/2029 2155/1440/2029
f 2196/1487/2030 2201/1463/2030 2194/1480/2030
f 3222/1488/2031 2175/1481/2031 2195/1423/2031
f 2126/1429/2032 2197/1484/2032 2200/1428/2032
f 3221/1489/2033 3222/1488/2033 2195/1423/2033
f 2196/1487/2034 2134/1427/2034 2205/1490/2034
f 2134/1427/2035 2196/1487/2035 2194/1480/2035
f 2167/221/2036 2193/1092/2036 2203/1491/2036
f 2206/1492/2037 2155/1440/2037 2199/1486/2037
f 2155/1440/2038 2206/1492/2038 2138/1493/2038
f 2196/1487/2039 2205/1490/2039 2207/1494/2039
f 2189/1476/2040 2199/1486/2040 2188/1477/2040
f 2208/1495/2041 2176/1483/2041 2214/1482/2041
f 2199/1486/2042 2189/1476/2042 2206/1492/2042
f 2185/1472/2043 2174/1455/2043 2184/1496/2043
f 2184/1496/2044 2174/1455/2044 2202/1497/2044
f 2201/1463/2045 2196/1487/2045 2207/1494/2045
f 2207/1494/2046 2205/1490/2046 2204/1498/2046
f 2168/1458/2047 2194/1480/2047 2201/1463/2047
f 2203/1491/2048 201/220/2048 2167/221/2048
f 2203/1491/2049 210/226/2049 201/220/2049
f 3222/1488/2050 2214/1482/2050 2175/1481/2050
f 2174/1455/2051 1957/1311/2051 2219/1499/2051
f 2174/1455/2052 1948/1300/2052 1957/1311/2052
f 2211/1500/2053 2202/1497/2053 2218/1501/2053
f 2177/1462/2054 2168/1458/2054 2201/1463/2054
f 2174/1455/2055 2219/1499/2055 2202/1497/2055
f 2187/1479/2056 2177/1462/2056 2215/1464/2056
f 2202/1497/2057 2219/1499/2057 2218/1501/2057
f 2219/1499/2058 1957/1311/2058 1958/1314/2058
f 2184/1496/2059 2113/1409/2059 2185/1472/2059
f 2113/1409/2060 2184/1496/2060 2125/1418/2060
f 1486/1126/2061 2015/1352/2061 2203/1502/2061
f 2015/1352/2062 210/1503/2062 2203/1502/2062
f 2184/1496/2063 2220/1504/2063 2125/1418/2063
f 1315/985/2064 2193/1092/2064 2164/659/2064
f 2213/1465/2065 2200/1428/2065 2197/1484/2065
f 2267/1354/2066 2222/973/2066 1164/972/2066
f 2213/1465/2067 2197/1484/2067 2234/1505/2067
f 2125/1418/2068 2220/1504/2068 2128/1421/2068
f 2229/1506/2069 2212/1507/2069 2224/1508/2069
f 2211/1500/2070 2220/1504/2070 2184/1496/2070
f 2184/1496/2071 2202/1497/2071 2211/1500/2071
f 2227/1471/2072 2213/1465/2072 2223/1509/2072
f 2188/1477/2073 2229/1506/2073 2230/1510/2073
f 2199/1486/2074 2229/1506/2074 2188/1477/2074
f 2234/1505/2075 2223/1509/2075 2213/1465/2075
f 2222/973/2076 1182/1511/2076 1168/974/2076
f 2222/973/2077 2267/1354/2077 2284/1512/2077
f 2222/973/2078 2284/1512/2078 2238/1513/2078
f 2215/1464/2079 2201/1463/2079 2237/1514/2079
f 2238/1513/2080 2244/1515/2080 2222/973/2080
f 2207/1494/2081 2272/1516/2081 2201/1463/2081
f 1210/990/2082 1162/956/2082 1172/959/2082
f 1172/959/2083 2239/1517/2083 1210/990/2083
f 1486/1126/2084 2203/1502/2084 2193/1127/2084
f 2235/1518/2085 1210/990/2085 2239/1517/2085
f 2235/1518/2086 2226/989/2086 1210/990/2086
f 1182/1511/2087 2222/973/2087 2241/1519/2087
f 2242/1520/2088 2243/1521/2088 2239/1517/2088
f 2245/1522/2089 2187/1479/2089 2215/1464/2089
f 2223/1523/2090 2234/1524/2090 2309/1525/2090
f 2244/1515/2091 2241/1519/2091 2222/973/2091
f 2223/1526/2092 2309/1527/2092 3043/1528/2092
f 2243/1521/2093 2235/1518/2093 2239/1517/2093
f 2243/1521/2094 2236/1529/2094 2235/1518/2094
f 2117/756/2095 989/808/2095 2246/1431/2095
f 2236/1530/2096 2243/1531/2096 2249/1532/2096
f 2252/1533/2097 281/223/2097 210/226/2097
f 2251/1534/2098 2265/1535/2098 1993/1536/2098
f 2237/1514/2099 2257/1537/2099 2245/1522/2099
f 2232/1538/2100 2191/1475/2100 2188/1477/2100
f 2232/1538/2101 2188/1477/2101 2230/1510/2101
f 210/1503/2102 2015/1352/2102 2252/265/2102
f 2243/1531/2103 2242/1539/2103 2255/1540/2103
f 2255/1540/2104 2249/1532/2104 2243/1531/2104
f 2255/1540/2105 2273/1541/2105 2249/1532/2105
f 2254/1542/2106 2760/1543/2106 2262/1544/2106
f 2246/1431/2107 989/808/2107 2258/811/2107
f 2254/1542/2108 2262/1544/2108 2232/1538/2108
f 2505/1545/2109 2232/1538/2109 2262/1544/2109
f 1993/1536/2110 2265/1535/2110 1988/1546/2110
f 2005/1376/2111 2252/265/2111 2015/1352/2111
f 2245/1522/2112 2215/1464/2112 2237/1514/2112
f 2272/1516/2113 2257/1537/2113 2237/1514/2113
f 1988/1546/2114 2267/1354/2114 1979/1355/2114
f 2268/1547/2115 2267/1354/2115 1988/1546/2115
f 2252/265/2116 2005/1376/2116 294/267/2116
f 2260/1548/2117 2248/1549/2117 2259/1550/2117
f 2142/1432/2118 2258/811/2118 2264/1551/2118
f 2246/1431/2119 2258/811/2119 2142/1432/2119
f 2273/1541/2120 2255/1540/2120 2256/1552/2120
f 2273/1541/2121 2256/1552/2121 2260/1548/2121
f 2256/1552/2122 2247/1553/2122 2260/1548/2122
f 2248/1549/2123 2260/1548/2123 2247/1553/2123
f 2237/1514/2124 2201/1463/2124 2272/1516/2124
f 2249/1532/2125 2273/1541/2125 2310/1554/2125
f 2260/1548/2126 2253/1555/2126 2273/1541/2126
f 2264/1551/2127 2258/811/2127 2269/1556/2127
f 2253/1555/2128 2310/1554/2128 2273/1541/2128
f 2260/1548/2129 2259/1550/2129 2253/1555/2129
f 2230/1510/2130 2254/1542/2130 2232/1538/2130
f 2230/1510/2131 2224/1508/2131 2254/1542/2131
f 2230/1510/2132 2229/1506/2132 2224/1508/2132
f 1241/1027/2133 1240/865/2133 2274/1557/2133
f 2002/284/2134 294/267/2134 2005/1376/2134
f 2274/1557/2135 1240/865/2135 1243/1029/2135
f 2258/1558/2136 996/1146/2136 2269/1559/2136
f 2209/1560/2137 2198/1485/2137 2159/1459/2137
f 2159/1459/2138 2198/1485/2138 2170/1467/2138
f 2207/1494/2139 2240/1561/2139 2272/1516/2139
f 2209/1560/2140 2229/1506/2140 2199/1486/2140
f 2277/1562/2141 2272/1516/2141 2240/1561/2141
f 2272/1516/2142 2277/1562/2142 2280/1563/2142
f 2199/1486/2143 2198/1485/2143 2209/1560/2143
f 2257/1537/2144 2272/1516/2144 2280/1563/2144
f 2198/1485/2145 2192/1478/2145 2170/1467/2145
f 2268/1547/2146 2284/1512/2146 2267/1354/2146
f 2275/1564/2147 2276/1565/2147 2306/1566/2147
f 2265/1535/2148 2268/1547/2148 1988/1546/2148
f 2285/1567/2149 2268/1547/2149 2265/1535/2149
f 2269/1559/2150 996/1146/2150 2278/1149/2150
f 2209/1560/2151 2159/1459/2151 2179/1466/2151
f 2209/1560/2152 2212/1507/2152 2229/1506/2152
f 2209/1560/2153 2179/1466/2153 2212/1507/2153
f 2278/1149/2154 2289/1153/2154 2288/1568/2154
f 2288/1568/2155 2269/1559/2155 2278/1149/2155
f 2280/1563/2156 2298/1569/2156 4086/1570/2156
f 2251/1571/2157 2043/1318/2157 2052/1377/2157
f 2251/1571/2158 1993/1317/2158 2043/1318/2158
f 2279/1572/2159 2281/1030/2159 2282/1573/2159
f 2281/1030/2160 2279/1572/2160 2274/1557/2160
f 2290/1574/2161 2291/1575/2161 2295/1576/2161
f 2277/1562/2162 2298/1569/2162 2280/1563/2162
f 2306/1566/2163 2283/1577/2163 2302/1578/2163
f 2281/1030/2164 2274/1557/2164 1243/1029/2164
f 2293/1444/2165 1584/1157/2165 2294/1156/2165
f 2293/1444/2166 2294/1156/2166 2295/1576/2166
f 2142/1432/2167 2264/1551/2167 2197/1484/2167
f 2293/1444/2168 2295/1576/2168 2291/1575/2168
f 2234/1505/2169 2197/1484/2169 2309/1579/2169
f 2296/1580/2170 2290/1574/2170 2297/1581/2170
f 2295/1576/2171 2297/1581/2171 2290/1574/2171
f 2264/1582/2172 2301/1583/2172 2309/1527/2172
f 2309/1579/2173 2197/1484/2173 2264/1551/2173
f 2299/1584/2174 2282/1573/2174 2281/1030/2174
f 2281/1030/2175 2304/1585/2175 2299/1584/2175
f 2301/1583/2176 2264/1582/2176 2269/1559/2176
f 1054/988/2177 2226/989/2177 2281/1030/2177
f 4093/1586/2178 2298/1569/2178 2370/1587/2178
f 2226/989/2179 2304/1585/2179 2281/1030/2179
f 2235/1518/2180 2304/1585/2180 2226/989/2180
f 2235/1518/2181 2236/1529/2181 2304/1585/2181
f 2008/968/2182 1177/964/2182 1179/966/2182
f 1179/966/2183 1199/992/2183 2008/968/2183
f 2305/1588/2184 2306/1589/2184 2302/1590/2184
f 2308/1591/2185 2251/1571/2185 2052/1377/2185
f 2035/1365/2186 1203/999/2186 1266/1043/2186
f 1203/993/2187 2035/1592/2187 1199/992/2187
f 2236/1593/2188 2299/1594/2188 2304/1595/2188
f 1266/1043/2189 725/1044/2189 1931/1297/2189
f 1266/1043/2190 1931/1297/2190 2036/1363/2190
f 2265/1535/2191 2251/1534/2191 2308/1596/2191
f 2313/1597/2192 2011/1348/2192 2312/1598/2192
f 2011/1348/2193 2313/1597/2193 2003/1342/2193
f 1996/1335/2194 2003/1342/2194 2313/1597/2194
f 2052/1377/2195 2315/1599/2195 2308/1591/2195
f 2134/1427/2196 2131/1426/2196 2316/1600/2196
f 2131/1426/2197 2313/1597/2197 2316/1600/2197
f 2316/1600/2198 2312/1598/2198 2314/1601/2198
f 2299/1594/2199 2236/1593/2199 2311/1602/2199
f 2312/1598/2200 2316/1600/2200 2313/1597/2200
f 2313/1597/2201 2131/1426/2201 1996/1335/2201
f 2131/1426/2202 1872/1336/2202 1996/1335/2202
f 2236/1530/2203 2249/1532/2203 2317/1603/2203
f 2205/1490/2204 2134/1427/2204 2316/1600/2204
f 2309/1527/2205 2301/1583/2205 2329/1604/2205
f 2336/1605/2206 2329/1604/2206 2301/1583/2206
f 2314/1601/2207 2319/1606/2207 2318/1607/2207
f 2205/1490/2208 2316/1600/2208 2318/1607/2208
f 2318/1607/2209 2316/1600/2209 2314/1601/2209
f 2306/1566/2210 2276/1565/2210 2283/1577/2210
f 2328/1608/2211 2306/1589/2211 2305/1588/2211
f 2010/1346/2212 2008/968/2212 1199/992/2212
f 2312/1598/2213 2321/1609/2213 2314/1601/2213
f 2321/1609/2214 2320/1610/2214 2314/1601/2214
f 2010/1347/2215 2335/1611/2215 2321/1609/2215
f 2011/1348/2216 2321/1609/2216 2312/1598/2216
f 2341/1612/2217 2327/1613/2217 2322/1614/2217
f 2311/1602/2218 2236/1593/2218 2317/1615/2218
f 2249/1532/2219 2310/1554/2219 2317/1603/2219
f 2296/1580/2220 2297/1581/2220 2323/1616/2220
f 2169/1468/2221 2300/1617/2221 2178/1460/2221
f 2169/1468/2222 2170/1467/2222 2290/1574/2222
f 2269/1559/2223 2288/1568/2223 2301/1583/2223
f 2011/1348/2224 2010/1347/2224 2321/1609/2224
f 2010/1346/2225 1199/992/2225 2035/1592/2225
f 2035/1592/2226 2031/1618/2226 2010/1346/2226
f 2301/1583/2227 2288/1568/2227 2336/1605/2227
f 2335/1611/2228 2037/1619/2228 2331/1620/2228
f 2321/1609/2229 2335/1611/2229 2320/1610/2229
f 2335/1611/2230 2331/1620/2230 2320/1610/2230
f 2010/1347/2231 2031/1621/2231 2335/1611/2231
f 2031/1621/2232 2037/1619/2232 2335/1611/2232
f 2334/1622/2233 2308/1596/2233 2315/1623/2233
f 2314/1601/2234 2320/1610/2234 2337/1624/2234
f 2333/1625/2235 2308/1596/2235 2334/1622/2235
f 2333/1625/2236 2265/1535/2236 2308/1596/2236
f 2314/1601/2237 2337/1624/2237 2319/1606/2237
f 2337/1624/2238 2339/1626/2238 2319/1606/2238
f 2285/1567/2239 2265/1535/2239 2333/1625/2239
f 2333/1625/2240 4567/1627/2240 2285/1567/2240
f 2328/1608/2241 2305/1588/2241 2327/1613/2241
f 2169/1468/2242 2290/1574/2242 2296/1580/2242
f 2322/1614/2243 2327/1613/2243 2305/1588/2243
f 2352/1628/2244 2305/1588/2244 2302/1590/2244
f 2169/1468/2245 2296/1580/2245 2300/1617/2245
f 2320/1610/2246 2343/1629/2246 2337/1624/2246
f 2343/1629/2247 2320/1610/2247 2331/1620/2247
f 2338/1630/2248 2319/1606/2248 2339/1626/2248
f 2295/1576/2249 2294/1156/2249 2297/1581/2249
f 2337/1624/2250 2343/1629/2250 2339/1626/2250
f 2288/1568/2251 2289/1153/2251 2336/1605/2251
f 1591/1194/2252 2294/1156/2252 1576/1155/2252
f 2297/1581/2253 2346/1193/2253 2323/1616/2253
f 2204/1498/2254 2318/1607/2254 2344/1631/2254
f 2344/1631/2255 2318/1607/2255 2319/1606/2255
f 2345/1632/2256 2344/1631/2256 2319/1606/2256
f 2294/1156/2257 2346/1193/2257 2297/1581/2257
f 1591/1194/2258 2346/1193/2258 2294/1156/2258
f 2318/1607/2259 2204/1498/2259 2205/1490/2259
f 2414/1633/2260 2338/1630/2260 2339/1626/2260
f 2240/1561/2261 2204/1498/2261 2351/1634/2261
f 2240/1561/2262 2207/1494/2262 2204/1498/2262
f 2344/1631/2263 2351/1634/2263 2204/1498/2263
f 2268/1547/2264 2354/1635/2264 2284/1512/2264
f 2355/1636/2265 2329/1604/2265 2336/1605/2265
f 2302/1590/2266 2350/1637/2266 2352/1628/2266
f 2354/1635/2267 2238/1513/2267 2284/1512/2267
f 2357/1638/2268 2355/1636/2268 2336/1605/2268
f 2358/1639/2269 1995/1328/2269 1980/1319/2269
f 1987/1325/2270 2358/1639/2270 1980/1319/2270
f 2285/1567/2271 4567/1627/2271 2268/1547/2271
f 4567/1627/2272 2360/1640/2272 2268/1547/2272
f 2354/1635/2273 2268/1547/2273 2360/1640/2273
f 2290/1574/2274 2170/1467/2274 2192/1478/2274
f 2291/1575/2275 2290/1574/2275 2192/1478/2275
f 2192/1478/2276 2145/1436/2276 2291/1575/2276
f 2145/1436/2277 2152/1438/2277 2291/1575/2277
f 2367/1641/2278 2046/1642/2278 2361/1643/2278
f 2293/1444/2279 2291/1575/2279 2152/1438/2279
f 2353/1644/2280 2351/1634/2280 2345/1632/2280
f 1584/1157/2281 2293/1444/2281 1566/1443/2281
f 2344/1631/2282 2345/1632/2282 2351/1634/2282
f 2345/1632/2283 2410/1645/2283 2353/1644/2283
f 2305/1588/2284 2352/1628/2284 2365/1646/2284
f 2240/1561/2285 2351/1634/2285 2277/1562/2285
f 2046/1642/2286 2182/1647/2286 2361/1643/2286
f 2366/1648/2287 2351/1634/2287 2353/1644/2287
f 2366/1648/2288 2277/1562/2288 2351/1634/2288
f 2322/1614/2289 2305/1588/2289 2365/1646/2289
f 1987/1325/2290 2374/1649/2290 2358/1639/2290
f 2044/1391/2291 2046/1642/2291 2398/1650/2291
f 2298/1569/2292 2277/1562/2292 2366/1648/2292
f 2349/1651/2293 2369/1652/2293 2393/1653/2293
f 2367/1641/2294 2398/1650/2294 2046/1642/2294
f 64/170/2295 12/169/2295 2238/1513/2295
f 2354/1635/2296 64/170/2296 2238/1513/2296
f 4449/1654/2297 2364/1655/2297 2373/1656/2297
f 2356/1657/2298 2349/1651/2298 2393/1653/2298
f 2358/1639/2299 2374/1649/2299 2372/1658/2299
f 2052/1377/2300 2051/1373/2300 2183/1659/2300
f 2374/1649/2301 2348/1660/2301 2356/1661/2301
f 2052/1377/2302 2183/1659/2302 2375/1662/2302
f 2348/1660/2303 2374/1649/2303 1987/1325/2303
f 1958/1314/2304 1995/1313/2304 2376/1663/2304
f 1995/1313/2305 2358/1664/2305 2377/1665/2305
f 2377/1665/2306 2376/1663/2306 1995/1313/2306
f 2366/1648/2307 2370/1587/2307 2298/1569/2307
f 2276/1565/2308 2275/1564/2308 2370/1587/2308
f 2275/1564/2309 4093/1586/2309 2370/1587/2309
f 2437/1666/2310 2383/1667/2310 2350/1637/2310
f 2051/1373/2311 2208/1474/2311 2183/1659/2311
f 2183/1659/2312 2208/1474/2312 2386/1668/2312
f 2350/1637/2313 2365/1646/2313 2352/1628/2313
f 2350/1637/2314 2383/1667/2314 2365/1646/2314
f 2385/1669/2315 2370/1587/2315 2366/1648/2315
f 2276/1565/2316 2370/1587/2316 2385/1669/2316
f 2375/1662/2317 2315/1599/2317 2052/1377/2317
f 2353/1644/2318 2390/1670/2318 2400/1671/2318
f 2389/1672/2319 2138/1493/2319 2206/1492/2319
f 2353/1644/2320 2410/1645/2320 2390/1670/2320
f 2372/1673/2321 2380/1674/2321 2377/1675/2321
f 2358/1639/2322 2372/1658/2322 2377/1676/2322
f 2138/1493/2323 2153/1439/2323 2155/1440/2323
f 2394/1677/2324 2397/1678/2324 2392/1679/2324
f 2397/1678/2325 2394/1677/2325 2389/1672/2325
f 2394/1677/2326 2138/1493/2326 2389/1672/2326
f 2393/1653/2327 2566/1680/2327 2395/1681/2327
f 2418/1389/2328 2044/1391/2328 2398/1650/2328
f 2365/1646/2329 2383/1667/2329 2399/1682/2329
f 2385/1669/2330 2366/1648/2330 2353/1644/2330
f 2353/1644/2331 2400/1671/2331 2385/1669/2331
f 2397/1678/2332 2389/1672/2332 2396/1683/2332
f 2399/1682/2333 2383/1667/2333 2387/1684/2333
f 2397/1678/2334 2401/1685/2334 2392/1679/2334
f 2401/1685/2335 2408/1686/2335 2392/1679/2335
f 2401/1685/2336 2397/1678/2336 2402/1687/2336
f 2397/1678/2337 2396/1683/2337 2402/1687/2337
f 2380/1674/2338 2372/1673/2338 2405/1688/2338
f 2402/1687/2339 2404/1689/2339 2401/1685/2339
f 2400/1671/2340 2276/1565/2340 2385/1669/2340
f 2400/1671/2341 2283/1577/2341 2276/1565/2341
f 2407/1690/2342 2393/1653/2342 2395/1681/2342
f 2395/1691/2343 2372/1673/2343 2407/1692/2343
f 2395/1691/2344 2405/1688/2344 2372/1673/2344
f 2392/1679/2345 2408/1686/2345 2409/1693/2345
f 2401/1685/2346 2404/1689/2346 2408/1686/2346
f 2404/1689/2347 2403/1694/2347 2408/1686/2347
f 2411/1695/2348 2412/1696/2348 2394/1677/2348
f 2319/1606/2349 2338/1630/2349 2345/1632/2349
f 2338/1630/2350 2410/1645/2350 2345/1632/2350
f 2365/1646/2351 2399/1682/2351 2322/1614/2351
f 2413/1697/2352 2415/1698/2352 2154/1437/2352
f 2415/1698/2353 1603/1164/2353 2154/1437/2353
f 2347/1699/2354 2338/1630/2354 2414/1633/2354
f 2410/1645/2355 2338/1630/2355 2347/1699/2355
f 2407/1690/2356 2356/1657/2356 2393/1653/2356
f 2407/1700/2357 2374/1649/2357 2356/1661/2357
f 2374/1649/2358 2407/1700/2358 2372/1658/2358
f 2378/1701/2359 2418/1389/2359 2398/1650/2359
f 2416/1702/2360 2390/1670/2360 2410/1645/2360
f 2395/1681/2361 2566/1680/2361 2420/1703/2361
f 2398/1650/2362 2367/1641/2362 2378/1701/2362
f 2421/1704/2363 2208/1495/2363 2214/1482/2363
f 2423/1705/2364 2395/1681/2364 2420/1703/2364
f 2363/1706/2365 4453/983/2365 1612/1166/2365
f 2208/1495/2366 2421/1704/2366 2425/1707/2366
f 2208/1495/2367 2425/1707/2367 2386/1708/2367
f 2423/1709/2368 2422/1710/2368 2395/1691/2368
f 2424/1711/2369 2412/1696/2369 2411/1695/2369
f 2424/1711/2370 2413/1697/2370 2412/1696/2370
f 2405/1688/2371 2395/1691/2371 2422/1710/2371
f 2378/1701/2372 2367/1641/2372 3512/1712/2372
f 2429/1713/2373 2375/1662/2373 2183/1659/2373
f 2183/1659/2374 2386/1668/2374 2429/1713/2374
f 2399/1682/2375 2387/1684/2375 2428/1714/2375
f 2416/1702/2376 2347/1699/2376 2426/1715/2376
f 2347/1699/2377 2416/1702/2377 2410/1645/2377
f 2400/1671/2378 2390/1670/2378 2416/1702/2378
f 1612/1169/2379 2413/1697/2379 2424/1711/2379
f 2413/1697/2380 1612/1169/2380 2415/1698/2380
f 1612/1169/2381 1603/1164/2381 2415/1698/2381
f 2315/1623/2382 2375/1716/2382 2429/1717/2382
f 2432/1718/2383 2315/1623/2383 2429/1717/2383
f 2315/1623/2384 2432/1718/2384 2334/1622/2384
f 2400/1671/2385 2416/1702/2385 2431/1719/2385
f 2431/1719/2386 2302/1578/2386 2283/1577/2386
f 2283/1577/2387 2400/1671/2387 2431/1719/2387
f 2322/1614/2388 2399/1682/2388 2341/1612/2388
f 2431/1720/2389 2350/1637/2389 2302/1590/2389
f 2537/1721/2390 2341/1612/2390 2399/1682/2390
f 2399/1682/2391 2428/1714/2391 2537/1721/2391
f 2434/1722/2392 2380/1674/2392 2436/1723/2392
f 2436/1723/2393 2435/1724/2393 2434/1722/2393
f 2380/1674/2394 2405/1688/2394 2436/1723/2394
f 2379/1725/2395 2380/1674/2395 2434/1722/2395
f 2426/1715/2396 2431/1719/2396 2416/1702/2396
f 3512/1712/2397 2452/1726/2397 2378/1701/2397
f 2426/1727/2398 2347/1728/2398 2414/1729/2398
f 2405/1688/2399 2422/1710/2399 2436/1723/2399
f 2350/1637/2400 2431/1720/2400 2426/1727/2400
f 2334/1622/2401 2440/1730/2401 2333/1625/2401
f 2437/1666/2402 2350/1637/2402 2439/1731/2402
f 2138/1493/2403 2412/1696/2403 2153/1439/2403
f 2412/1696/2404 2138/1493/2404 2394/1677/2404
f 2413/1697/2405 2153/1439/2405 2412/1696/2405
f 2154/1437/2406 2153/1439/2406 2413/1697/2406
f 2371/1732/2407 2471/1733/2407 2443/1734/2407
f 2426/1727/2408 2439/1731/2408 2350/1637/2408
f 2445/1735/2409 2411/1695/2409 2392/1679/2409
f 2442/1736/2410 2423/1705/2410 2420/1703/2410
f 2411/1695/2411 2394/1677/2411 2392/1679/2411
f 2426/1727/2412 2437/1666/2412 2439/1731/2412
f 2458/1737/2413 2423/1705/2413 2442/1736/2413
f 2432/1718/2414 2446/1738/2414 2334/1622/2414
f 2423/1709/2415 2444/1739/2415 2422/1710/2415
f 2418/1389/2416 4194/1740/2416 2071/1390/2416
f 2036/1363/2417 2035/1365/2417 1266/1043/2417
f 2459/1741/2418 4194/1740/2418 2418/1389/2418
f 2343/1629/2419 2331/1620/2419 2447/1742/2419
f 2447/1743/2420 2331/1744/2420 2037/1369/2420
f 2037/1369/2421 2449/1383/2421 2447/1743/2421
f 2386/1708/2422 3281/1745/2422 2429/1746/2422
f 2451/1747/2423 2449/1383/2423 2054/1382/2423
f 2447/1743/2424 2449/1383/2424 2451/1747/2424
f 2378/1701/2425 2452/1726/2425 2418/1389/2425
f 503/406/2426 2429/1746/2426 3281/1745/2426
f 2449/1383/2427 2037/1369/2427 2039/1368/2427
f 2456/1748/2428 2451/1747/2428 2453/1749/2428
f 2451/1747/2429 2054/1382/2429 2455/1750/2429
f 2455/1750/2430 2453/1749/2430 2451/1747/2430
f 2457/1751/2431 2456/1748/2431 2453/1749/2431
f 2339/1752/2432 2343/1753/2432 2451/1747/2432
f 2451/1747/2433 2456/1748/2433 2339/1752/2433
f 2451/1747/2434 2343/1753/2434 2447/1743/2434
f 2442/1736/2435 2463/1754/2435 2458/1737/2435
f 2443/1755/2436 2373/1656/2436 2364/1655/2436
f 2373/1656/2437 2443/1755/2437 2480/1756/2437
f 2455/1750/2438 2083/1396/2438 2460/1757/2438
f 2459/1741/2439 2418/1389/2439 2452/1726/2439
f 2453/1749/2440 2455/1750/2440 2460/1757/2440
f 2443/1734/2441 2471/1733/2441 2480/1758/2441
f 2455/1750/2442 2054/1382/2442 2083/1396/2442
f 2409/1693/2443 2445/1735/2443 2392/1679/2443
f 2423/1709/2444 2458/1759/2444 2444/1739/2444
f 2444/1739/2445 2458/1759/2445 2482/1760/2445
f 2432/1718/2446 2429/1717/2446 503/1761/2446
f 2560/1762/2447 2454/1763/2447 2450/1764/2447
f 829/660/2448 788/658/2448 2468/687/2448
f 2341/1612/2449 2537/1721/2449 2467/1765/2449
f 2467/1765/2450 2537/1721/2450 2466/1766/2450
f 2461/1767/2451 2445/1735/2451 2409/1693/2451
f 2480/1768/2452 2445/1735/2452 2461/1767/2452
f 4198/1769/2453 2452/1726/2453 2469/1770/2453
f 2363/1706/2454 2471/1733/2454 2371/1732/2454
f 2445/1735/2455 2471/1771/2455 2411/1695/2455
f 2472/1470/2456 2190/1452/2456 2166/1445/2456
f 2471/1733/2457 2363/1706/2457 1612/1166/2457
f 2471/1771/2458 2424/1711/2458 2411/1695/2458
f 2328/1608/2459 2327/1613/2459 2474/1772/2459
f 2424/1711/2460 2471/1771/2460 1612/1169/2460
f 2463/1754/2461 2442/1736/2461 2580/1773/2461
f 2083/1396/2462 2095/1402/2462 2460/1757/2462
f 2095/1402/2463 2096/1404/2463 2460/1757/2463
f 2468/687/2464 2462/1774/2464 2503/1775/2464
f 2414/1776/2465 2476/1777/2465 2475/1778/2465
f 2475/1778/2466 2476/1777/2466 2477/1779/2466
f 2414/1776/2467 2456/1748/2467 2476/1777/2467
f 2339/1752/2468 2456/1748/2468 2414/1776/2468
f 2476/1777/2469 2456/1748/2469 2457/1751/2469
f 2478/1780/2470 2477/1779/2470 2476/1777/2470
f 2476/1777/2471 2457/1751/2471 2478/1780/2471
f 2471/1771/2472 2445/1735/2472 2480/1768/2472
f 2441/1781/2473 2482/1760/2473 2515/1782/2473
f 2341/1612/2474 2467/1765/2474 2479/1783/2474
f 829/660/2475 2465/688/2475 828/681/2475
f 2465/688/2476 778/690/2476 828/681/2476
f 2327/1613/2477 2341/1612/2477 2479/1783/2477
f 2479/1783/2478 2474/1772/2478 2327/1613/2478
f 2475/1784/2479 2477/1785/2479 2481/1786/2479
f 2478/1780/2480 2481/1787/2480 2477/1779/2480
f 2486/1788/2481 2453/1749/2481 2460/1757/2481
f 2486/1788/2482 2457/1751/2482 2453/1749/2482
f 2462/1774/2483 2506/1789/2483 2503/1775/2483
f 2482/1760/2484 2441/1781/2484 2444/1739/2484
f 2485/1790/2485 2096/1404/2485 2488/1791/2485
f 2485/1790/2486 2486/1788/2486 2096/1404/2486
f 2460/1757/2487 2096/1404/2487 2486/1788/2487
f 2488/1791/2488 2096/1404/2488 2111/1408/2488
f 2478/1780/2489 2486/1788/2489 2485/1790/2489
f 2478/1780/2490 2457/1751/2490 2486/1788/2490
f 2489/1792/2491 2491/1793/2491 2490/1794/2491
f 2492/1795/2492 2494/1796/2492 2485/1790/2492
f 2485/1790/2493 2488/1791/2493 2492/1795/2493
f 2166/1445/2494 2227/1471/2494 2499/1469/2494
f 2247/1553/2495 2489/1792/2495 2248/1549/2495
f 2489/1792/2496 2493/1797/2496 2248/1549/2496
f 2119/1412/2497 2492/1795/2497 2488/1791/2497
f 2441/1781/2498 2493/1797/2498 2489/1792/2498
f 2490/1794/2499 2441/1781/2499 2489/1792/2499
f 2481/1786/2500 2494/1798/2500 2569/1799/2500
f 2567/1800/2501 2442/1736/2501 2420/1703/2501
f 2422/1710/2502 2444/1739/2502 2436/1723/2502
f 2478/1780/2503 2494/1796/2503 2481/1787/2503
f 2478/1780/2504 2485/1790/2504 2494/1796/2504
f 2444/1739/2505 2441/1781/2505 2490/1794/2505
f 2490/1794/2506 2435/1724/2506 2444/1739/2506
f 2435/1724/2507 2436/1723/2507 2444/1739/2507
f 2426/1727/2508 2414/1729/2508 2475/1784/2508
f 2496/1801/2509 2483/1802/2509 2191/1475/2509
f 2475/1784/2510 2437/1666/2510 2426/1727/2510
f 2483/1802/2511 2189/1476/2511 2191/1475/2511
f 2402/1687/2512 2396/1683/2512 2497/1803/2512
f 2497/1803/2513 2396/1683/2513 2483/1802/2513
f 2499/1804/2514 2495/1805/2514 2472/1806/2514
f 2496/1801/2515 2497/1803/2515 2483/1802/2515
f 2508/1807/2516 2259/1550/2516 2498/1808/2516
f 2496/1801/2517 2536/1809/2517 2497/1803/2517
f 2466/1766/2518 2502/1810/2518 2467/1765/2518
f 2462/1774/2519 2487/1811/2519 2506/1789/2519
f 2465/688/2520 2468/687/2520 2503/1775/2520
f 2483/1802/2521 2206/1492/2521 2189/1476/2521
f 2483/1802/2522 2396/1683/2522 2389/1672/2522
f 2206/1492/2523 2483/1802/2523 2389/1672/2523
f 2503/1775/2524 2504/1812/2524 2465/688/2524
f 2504/1812/2525 2503/1775/2525 2506/1789/2525
f 2441/1781/2526 2498/1808/2526 2493/1797/2526
f 2441/1781/2527 2515/1782/2527 2498/1808/2527
f 2496/1801/2528 2191/1475/2528 2232/1538/2528
f 2232/1538/2529 2505/1545/2529 2496/1801/2529
f 2496/1801/2530 2505/1545/2530 2507/1813/2530
f 2488/1791/2531 2111/1408/2531 2119/1412/2531
f 2466/1766/2532 2501/1814/2532 2502/1810/2532
f 2466/1766/2533 2559/1815/2533 2501/1814/2533
f 2508/1807/2534 2253/1555/2534 2259/1550/2534
f 2479/1783/2535 4375/1816/2535 2474/1772/2535
f 2479/1783/2536 2467/1765/2536 2516/1817/2536
f 2519/1818/2537 2518/1819/2537 2514/1820/2537
f 2248/1549/2538 2493/1797/2538 2259/1550/2538
f 2493/1797/2539 2498/1808/2539 2259/1550/2539
f 932/689/2540 778/690/2540 2521/774/2540
f 2514/1820/2541 2518/1819/2541 2522/1821/2541
f 2262/1544/2542 2509/631/2542 2505/1545/2542
f 2509/631/2543 3105/1822/2543 674/545/2543
f 2361/1643/2544 2182/1647/2544 2190/1823/2544
f 778/690/2545 2538/1824/2545 2521/774/2545
f 2538/1824/2546 2535/1825/2546 2521/774/2546
f 2526/1308/2547 2516/1817/2547 2502/1810/2547
f 2190/1823/2548 2472/1806/2548 2529/1826/2548
f 660/528/2549 2531/1122/2549 2532/1827/2549
f 2467/1765/2550 2502/1810/2550 2516/1817/2550
f 2531/1122/2551 2533/1828/2551 2532/1827/2551
f 2525/1829/2552 2527/1830/2552 2530/1831/2552
f 2527/1830/2553 2368/1832/2553 2530/1831/2553
f 2534/1833/2554 2190/1823/2554 2529/1826/2554
f 2534/1833/2555 2361/1643/2555 2190/1823/2555
f 2521/1834/2556 952/843/2556 941/1835/2556
f 765/630/2557 2507/1813/2557 2509/631/2557
f 2525/1829/2558 2514/1820/2558 2522/1821/2558
f 2509/631/2559 2507/1813/2559 2505/1545/2559
f 2507/1813/2560 2536/1809/2560 2496/1801/2560
f 2527/1830/2561 2525/1829/2561 2522/1821/2561
f 2521/1834/2562 2601/1836/2562 952/843/2562
f 650/521/2563 2579/1441/2563 2531/1122/2563
f 2465/688/2564 2538/1824/2564 778/690/2564
f 2550/1837/2565 2536/1809/2565 2507/1813/2565
f 2574/1838/2566 2550/1839/2566 2561/1840/2566
f 2529/1826/2567 2540/1841/2567 2589/1842/2567
f 2550/1837/2568 2574/1843/2568 2536/1809/2568
f 2522/1821/2569 2544/1844/2569 2527/1830/2569
f 2542/1845/2570 2543/1846/2570 2544/1847/2570
f 2544/1844/2571 2543/1848/2571 2527/1830/2571
f 2545/1849/2572 2522/1821/2572 2524/1850/2572
f 2522/1821/2573 2518/1819/2573 2524/1850/2573
f 2544/1847/2574 2545/1851/2574 2542/1845/2574
f 2544/1844/2575 2522/1821/2575 2545/1849/2575
f 2537/1721/2576 2541/1852/2576 2466/1766/2576
f 2428/1714/2577 2541/1852/2577 2537/1721/2577
f 2532/1827/2578 2548/1853/2578 660/528/2578
f 660/528/2579 2548/1853/2579 1403/1123/2579
f 2428/1714/2580 2549/1854/2580 2541/1852/2580
f 2367/1641/2581 2361/1643/2581 2534/1833/2581
f 765/630/2582 2550/1837/2582 2507/1813/2582
f 2549/1854/2583 2448/1855/2583 2541/1852/2583
f 2465/688/2584 2504/1812/2584 2538/1824/2584
f 2546/1856/2585 2545/1851/2585 2524/1857/2585
f 2546/1856/2586 2542/1845/2586 2545/1851/2586
f 2555/1858/2587 2551/1859/2587 2542/1845/2587
f 2553/1860/2588 2557/1861/2588 2555/1858/2588
f 2661/1862/2589 2551/1859/2589 2555/1858/2589
f 2555/1858/2590 2546/1856/2590 2553/1860/2590
f 2504/1812/2591 2554/1863/2591 2538/1824/2591
f 2542/1845/2592 2546/1856/2592 2555/1858/2592
f 2557/1861/2593 2558/1864/2593 2555/1858/2593
f 2535/1865/2594 2601/1836/2594 2521/1834/2594
f 765/630/2595 672/544/2595 2550/1837/2595
f 2559/1815/2596 2466/1766/2596 2541/1852/2596
f 2560/1762/2597 2943/1866/2597 2559/1815/2597
f 2646/1867/2598 2535/1865/2598 2554/1868/2598
f 2538/1869/2599 2554/1868/2599 2535/1865/2599
f 2536/1809/2600 2562/1870/2600 2497/1803/2600
f 2506/1789/2601 2829/1871/2601 2563/1872/2601
f 2448/1855/2602 2560/1762/2602 2559/1815/2602
f 2541/1852/2603 2448/1855/2603 2559/1815/2603
f 2349/1873/2604 2368/1832/2604 2369/1874/2604
f 2564/1875/2605 2638/1876/2605 2569/1799/2605
f 2565/1877/2606 2393/1653/2606 2369/1652/2606
f 2393/1653/2607 2565/1877/2607 2566/1680/2607
f 2497/1803/2608 2562/1870/2608 2402/1687/2608
f 2638/1876/2609 2481/1786/2609 2569/1799/2609
f 2506/1789/2610 2592/1878/2610 2504/1812/2610
f 2529/1826/2611 2472/1806/2611 2540/1841/2611
f 2570/1879/2612 2569/1799/2612 2626/1880/2612
f 2571/1881/2613 2572/1882/2613 2562/1883/2613
f 2404/1689/2614 2562/1870/2614 2572/1884/2614
f 2404/1689/2615 2402/1687/2615 2562/1870/2615
f 2572/1882/2616 2571/1881/2616 2604/1885/2616
f 2404/1689/2617 2572/1884/2617 2403/1694/2617
f 2403/1694/2618 2572/1884/2618 2604/1886/2618
f 2495/1805/2619 2540/1841/2619 2472/1806/2619
f 2568/1887/2620 2420/1703/2620 2566/1680/2620
f 2567/1800/2621 2420/1703/2621 2568/1887/2621
f 2543/1848/2622 2369/1874/2622 2527/1830/2622
f 2369/1874/2623 2368/1832/2623 2527/1830/2623
f 2551/1859/2624 2543/1846/2624 2542/1845/2624
f 2565/1877/2625 2543/1888/2625 2551/1889/2625
f 2565/1877/2626 2551/1889/2626 2575/1890/2626
f 2369/1652/2627 2543/1888/2627 2565/1877/2627
f 2564/1875/2628 2569/1799/2628 2570/1879/2628
f 2565/1877/2629 2575/1890/2629 2566/1680/2629
f 2566/1680/2630 2577/1891/2630 2568/1887/2630
f 2566/1680/2631 2575/1890/2631 2577/1891/2631
f 2533/1828/2632 2531/1122/2632 2579/1441/2632
f 2584/1892/2633 2567/1800/2633 2578/1893/2633
f 2562/1883/2634 2574/1838/2634 2576/1894/2634
f 2536/1809/2635 2574/1843/2635 2562/1870/2635
f 2470/1895/2636 2463/1754/2636 2580/1773/2636
f 672/557/2637 773/639/2637 2550/1839/2637
f 2563/1872/2638 2592/1878/2638 2506/1789/2638
f 2567/1800/2639 2584/1892/2639 2442/1736/2639
f 785/652/2640 2576/1894/2640 2561/1840/2640
f 2574/1838/2641 2561/1840/2641 2576/1894/2641
f 2563/1872/2642 2934/1896/2642 2582/1897/2642
f 2561/1840/2643 2550/1839/2643 785/652/2643
f 785/652/2644 2550/1839/2644 773/639/2644
f 2584/1892/2645 2580/1773/2645 2442/1736/2645
f 2580/1773/2646 2584/1892/2646 2583/1898/2646
f 2571/1881/2647 2562/1883/2647 2587/1899/2647
f 2588/1900/2648 2583/1898/2648 2596/1901/2648
f 2556/1902/2649 2590/1903/2649 2579/1441/2649
f 2556/1902/2650 2579/1441/2650 2124/1398/2650
f 2124/1398/2651 2128/1421/2651 2556/1902/2651
f 2529/1826/2652 2589/1842/2652 2534/1833/2652
f 2587/1899/2653 2562/1883/2653 2576/1894/2653
f 785/652/2654 2594/679/2654 2576/1894/2654
f 806/666/2655 2594/679/2655 785/652/2655
f 2576/1894/2656 2594/679/2656 2587/1899/2656
f 2646/1867/2657 2554/1868/2657 2595/1904/2657
f 2588/1900/2658 2580/1773/2658 2583/1898/2658
f 2597/1905/2659 2448/1855/2659 2549/1854/2659
f 2608/1906/2660 2448/1855/2660 2597/1905/2660
f 2608/1906/2661 2609/1907/2661 2448/1855/2661
f 2592/1878/2662 2595/1908/2662 2504/1812/2662
f 2588/1900/2663 2586/1909/2663 2580/1773/2663
f 2582/1897/2664 2595/1908/2664 2592/1878/2664
f 2563/1872/2665 2582/1897/2665 2592/1878/2665
f 2597/1905/2666 2585/1910/2666 2564/1875/2666
f 2595/1904/2667 2554/1868/2667 2504/1911/2667
f 2590/1903/2668 2533/1828/2668 2579/1441/2668
f 2597/1905/2669 2564/1875/2669 2570/1879/2669
f 2634/1912/2670 2367/1641/2670 2534/1833/2670
f 2598/1913/2671 2532/1827/2671 2533/1828/2671
f 2600/1914/2672 2470/1895/2672 2586/1909/2672
f 2470/1895/2673 2580/1773/2673 2586/1909/2673
f 2594/679/2674 2702/1915/2674 2587/1899/2674
f 2603/1916/2675 2532/1827/2675 2598/1913/2675
f 2604/1885/2676 2605/1917/2676 2403/1918/2676
f 2408/1686/2677 2403/1694/2677 2618/1919/2677
f 2605/1917/2678 2606/1920/2678 2652/1921/2678
f 2634/1912/2679 2534/1833/2679 2589/1842/2679
f 2590/1903/2680 2598/1913/2680 2533/1828/2680
f 2608/1906/2681 2610/1922/2681 2609/1907/2681
f 1032/844/2682 2611/1923/2682 1050/845/2682
f 2611/1923/2683 952/843/2683 2621/1924/2683
f 1032/844/2684 952/843/2684 2611/1923/2684
f 2614/1925/2685 2620/1926/2685 2461/1767/2685
f 2408/1686/2686 2615/1927/2686 2409/1693/2686
f 2461/1767/2687 2409/1693/2687 2615/1927/2687
f 2623/1928/2688 2600/1914/2688 2599/1929/2688
f 2619/1930/2689 2615/1927/2689 2618/1919/2689
f 2614/1925/2690 2615/1927/2690 2619/1930/2690
f 2601/1836/2691 2535/1865/2691 2646/1867/2691
f 2461/1767/2692 2615/1927/2692 2614/1925/2692
f 2373/1656/2693 2620/1931/2693 2607/1932/2693
f 2480/1756/2694 2620/1931/2694 2373/1656/2694
f 2601/1836/2695 2621/1924/2695 952/843/2695
f 2461/1767/2696 2620/1926/2696 2480/1768/2696
f 2740/1933/2697 2598/1913/2697 2590/1903/2697
f 2623/1928/2698 2622/1934/2698 2624/1935/2698
f 2570/1879/2699 2608/1906/2699 2597/1905/2699
f 2626/1880/2700 2492/1936/2700 2628/1937/2700
f 2492/1795/2701 2119/1412/2701 2628/1938/2701
f 2570/1879/2702 2626/1880/2702 2632/1939/2702
f 2629/874/2703 1050/845/2703 2611/1923/2703
f 2626/1880/2704 2569/1799/2704 2494/1798/2704
f 2494/1798/2705 2492/1936/2705 2626/1880/2705
f 2664/1940/2706 2634/1912/2706 2589/1842/2706
f 2626/1880/2707 2628/1937/2707 2632/1939/2707
f 2632/1939/2708 2628/1937/2708 2631/1941/2708
f 2629/874/2709 2633/1942/2709 1024/827/2709
f 2633/1942/2710 2630/1943/2710 1024/827/2710
f 2610/1922/2711 2632/1939/2711 2631/1941/2711
f 2632/1939/2712 2608/1906/2712 2570/1879/2712
f 2607/1932/2713 2620/1931/2713 2381/1944/2713
f 2632/1939/2714 2610/1922/2714 2608/1906/2714
f 2384/1945/2715 2381/1944/2715 2635/1946/2715
f 2437/1666/2716 2638/1876/2716 2383/1667/2716
f 2548/1947/2717 2625/1114/2717 1403/1113/2717
f 2437/1666/2718 2475/1784/2718 2638/1876/2718
f 1467/1101/2719 2648/1948/2719 1464/1949/2719
f 1467/1112/2720 2625/1114/2720 2648/1950/2720
f 2634/1912/2721 3335/1951/2721 3477/1952/2721
f 2532/1953/2722 2668/1954/2722 2548/1947/2722
f 1453/1109/2723 2639/1116/2723 1434/1115/2723
f 2639/1116/2724 1467/1101/2724 1464/1949/2724
f 2614/1955/2725 2619/1956/2725 2637/1957/2725
f 2621/1924/2726 2641/1958/2726 2611/1923/2726
f 2635/1946/2727 2381/1944/2727 2620/1931/2727
f 2599/1929/2728 2586/1909/2728 2588/1900/2728
f 2600/1914/2729 2586/1909/2729 2599/1929/2729
f 2635/1959/2730 2614/1955/2730 2637/1957/2730
f 2642/1960/2731 2599/1929/2731 2588/1900/2731
f 2475/1784/2732 2481/1786/2732 2638/1876/2732
f 2642/1960/2733 2643/1961/2733 2644/1962/2733
f 2596/1901/2734 2643/1961/2734 2642/1960/2734
f 2642/1960/2735 2588/1900/2735 2596/1901/2735
f 3352/1963/2736 2622/1934/2736 2644/1962/2736
f 2622/1934/2737 2642/1960/2737 2644/1962/2737
f 2622/1934/2738 2623/1928/2738 2642/1960/2738
f 2599/1929/2739 2642/1960/2739 2623/1928/2739
f 2629/874/2740 2611/1923/2740 2641/1958/2740
f 2641/1958/2741 2633/1942/2741 2629/874/2741
f 2620/1926/2742 2614/1925/2742 2635/1964/2742
f 2638/1876/2743 2387/1684/2743 2383/1667/2743
f 2651/1965/2744 2653/1966/2744 2646/1867/2744
f 2652/1967/2745 2618/1968/2745 2605/1969/2745
f 2403/1694/2746 2605/1970/2746 2618/1919/2746
f 2618/1919/2747 2615/1927/2747 2408/1686/2747
f 2619/1956/2748 2618/1968/2748 2654/1971/2748
f 2618/1968/2749 2652/1967/2749 2654/1971/2749
f 2653/1966/2750 2667/1972/2750 2621/1924/2750
f 2653/1966/2751 2621/1924/2751 2601/1836/2751
f 2548/1947/2752 2627/1973/2752 2625/1114/2752
f 2601/1836/2753 2646/1867/2753 2653/1966/2753
f 2593/1974/2754 2646/1867/2754 2595/1904/2754
f 2593/1974/2755 2651/1965/2755 2646/1867/2755
f 2382/1975/2756 2381/1944/2756 2384/1945/2756
f 2387/1684/2757 2564/1875/2757 2585/1910/2757
f 2619/1956/2758 2654/1971/2758 2637/1957/2758
f 2658/1976/2759 2659/1977/2759 2577/1891/2759
f 2658/1976/2760 2577/1891/2760 2661/1978/2760
f 2661/1978/2761 2577/1891/2761 2575/1890/2761
f 2387/1684/2762 2638/1876/2762 2564/1875/2762
f 2661/1978/2763 2575/1890/2763 2551/1889/2763
f 2658/1979/2764 2661/1862/2764 2558/1864/2764
f 2657/1980/2765 2637/1957/2765 2654/1971/2765
f 2693/1981/2766 2625/1114/2766 2627/1973/2766
f 2693/1981/2767 2662/1982/2767 2625/1114/2767
f 2661/1862/2768 2555/1858/2768 2558/1864/2768
f 2648/1948/2769 2662/1983/2769 1464/1949/2769
f 2665/1984/2770 2558/1864/2770 2663/1985/2770
f 2558/1864/2771 2665/1984/2771 2658/1979/2771
f 2648/1948/2772 2625/1986/2772 2662/1983/2772
f 2597/1905/2773 2428/1714/2773 2585/1910/2773
f 2428/1714/2774 2387/1684/2774 2585/1910/2774
f 2428/1714/2775 2597/1905/2775 2549/1854/2775
f 2540/1841/2776 2695/1987/2776 2589/1842/2776
f 2664/1940/2777 2589/1842/2777 2695/1987/2777
f 2665/1988/2778 2659/1977/2778 2658/1976/2778
f 2665/1988/2779 2666/1989/2779 2659/1977/2779
f 2663/1985/2780 2666/1990/2780 2665/1984/2780
f 2659/1977/2781 2671/1991/2781 2577/1891/2781
f 2577/1891/2782 2671/1991/2782 2568/1887/2782
f 2673/1992/2783 2671/1991/2783 2659/1977/2783
f 2578/1893/2784 2671/1991/2784 2673/1992/2784
f 2671/1991/2785 2578/1893/2785 2568/1887/2785
f 2567/1800/2786 2568/1887/2786 2578/1893/2786
f 2675/1993/2787 2659/1977/2787 2666/1989/2787
f 2659/1977/2788 2675/1993/2788 2673/1992/2788
f 2610/1922/2789 2769/1994/2789 2609/1907/2789
f 2679/1995/2790 2675/1993/2790 2676/1996/2790
f 2674/1997/2791 2676/1996/2791 2675/1993/2791
f 2679/1995/2792 2673/1992/2792 2675/1993/2792
f 2672/1998/2793 2682/1999/2793 2654/1971/2793
f 2674/1997/2794 2675/1993/2794 2666/1989/2794
f 2769/1994/2795 2677/2000/2795 2609/1907/2795
f 2583/1898/2796 2680/2001/2796 2596/1901/2796
f 2673/1992/2797 2583/1898/2797 2578/1893/2797
f 2654/1971/2798 2652/1967/2798 2672/1998/2798
f 2652/1967/2799 2710/2002/2799 2672/1998/2799
f 2578/1893/2800 2583/1898/2800 2584/1892/2800
f 2682/1999/2801 2657/1980/2801 2654/1971/2801
f 2680/2001/2802 2673/1992/2802 2679/1995/2802
f 2583/1898/2803 2673/1992/2803 2680/2001/2803
f 3850/2003/2804 2643/1961/2804 2680/2001/2804
f 2643/1961/2805 2596/1901/2805 2680/2001/2805
f 2682/1999/2806 2672/1998/2806 2684/2004/2806
f 2667/1972/2807 2691/2005/2807 2621/1924/2807
f 2603/1916/2808 2668/2006/2808 2532/1827/2808
f 2681/2007/2809 2684/2004/2809 2672/1998/2809
f 2603/1916/2810 2678/2008/2810 2668/2006/2810
f 2668/1954/2811 2627/1973/2811 2548/1947/2811
f 2678/2008/2812 2603/1916/2812 2670/2009/2812
f 2603/1916/2813 2598/1913/2813 2670/2009/2813
f 2653/1966/2814 2651/1965/2814 2667/1972/2814
f 2692/2010/2815 2691/2005/2815 2667/1972/2815
f 2582/1897/2816 2694/2011/2816 2595/1908/2816
f 2683/2012/2817 2788/2013/2817 2688/2014/2817
f 2678/2015/2818 2767/2016/2818 2700/2017/2818
f 2627/1973/2819 2678/2015/2819 2693/1981/2819
f 2697/2018/2820 2685/2019/2820 2698/2020/2820
f 2696/2021/2821 2593/1974/2821 2595/1904/2821
f 2668/2006/2822 2678/2008/2822 2627/2022/2822
f 2685/2019/2823 2686/2023/2823 2698/2020/2823
f 2693/1981/2824 2678/2015/2824 2773/2024/2824
f 2571/1881/2825 2699/2025/2825 2604/1885/2825
f 2604/1885/2826 2699/2025/2826 2605/1917/2826
f 2773/2024/2827 2678/2015/2827 2700/2017/2827
f 2606/1920/2828 2605/1917/2828 2699/2025/2828
f 2701/2026/2829 2606/1920/2829 2699/2025/2829
f 2701/2026/2830 2699/2025/2830 2702/1915/2830
f 2702/1915/2831 2571/1881/2831 2587/1899/2831
f 2571/1881/2832 2702/1915/2832 2699/2025/2832
f 2594/679/2833 909/680/2833 2702/1915/2833
f 2697/2018/2834 2683/2012/2834 2685/2019/2834
f 909/680/2835 935/790/2835 2702/1915/2835
f 2702/1915/2836 935/790/2836 2703/850/2836
f 2703/850/2837 2701/2026/2837 2702/1915/2837
f 2606/1920/2838 2710/2027/2838 2652/1921/2838
f 1039/851/2839 2708/2028/2839 2707/2029/2839
f 1039/851/2840 2701/2026/2840 2703/850/2840
f 1039/851/2841 2707/2029/2841 2701/2026/2841
f 2710/2027/2842 2701/2026/2842 2707/2029/2842
f 2694/2030/2843 2696/2021/2843 2595/1904/2843
f 2606/1920/2844 2701/2026/2844 2710/2027/2844
f 2705/2031/2845 2709/2032/2845 2741/2033/2845
f 2711/2034/2846 2741/2033/2846 2709/2032/2846
f 2695/1987/2847 2540/1841/2847 2495/1805/2847
f 2448/1855/2848 2689/2035/2848 2560/1762/2848
f 2689/2035/2849 2713/2036/2849 2560/1762/2849
f 2219/1499/2850 1958/1314/2850 2716/2037/2850
f 1958/1314/2851 2376/1663/2851 2716/2037/2851
f 2681/2007/2852 2672/1998/2852 2710/2002/2852
f 2717/2038/2853 2707/2029/2853 2708/2028/2853
f 2717/2038/2854 2710/2027/2854 2707/2029/2854
f 2717/2038/2855 2681/2039/2855 2710/2027/2855
f 2712/2040/2856 2211/1500/2856 2218/1501/2856
f 2712/2040/2857 2218/1501/2857 2719/2041/2857
f 2716/2037/2858 2723/2042/2858 2218/1501/2858
f 2218/1501/2859 2219/1499/2859 2716/2037/2859
f 2593/1974/2860 2721/2043/2860 2651/1965/2860
f 2720/2044/2861 2684/2004/2861 2681/2007/2861
f 2717/2038/2862 2708/2028/2862 2725/2045/2862
f 1042/854/2863 2708/2028/2863 1039/851/2863
f 2708/2028/2864 1042/854/2864 2725/2045/2864
f 1042/854/2865 1044/856/2865 2725/2045/2865
f 2593/1974/2866 2696/2021/2866 2721/2043/2866
f 2719/2041/2867 2218/1501/2867 2723/2042/2867
f 2723/2042/2868 2722/2046/2868 2719/2041/2868
f 2726/2047/2869 2692/2010/2869 2667/1972/2869
f 2704/2048/2870 2705/2031/2870 2727/2049/2870
f 2651/1965/2871 2726/2047/2871 2667/1972/2871
f 2698/2020/2872 2704/2048/2872 2727/2049/2872
f 2729/2050/2873 2128/1421/2873 2220/1504/2873
f 2651/1965/2874 2721/2043/2874 2734/2051/2874
f 2727/2049/2875 2739/2052/2875 2698/2020/2875
f 2689/2035/2876 2448/1855/2876 2609/1907/2876
f 2713/2036/2877 2609/1907/2877 2677/2000/2877
f 2689/2035/2878 2609/1907/2878 2713/2036/2878
f 2556/1902/2879 2128/1421/2879 2729/2050/2879
f 2556/1902/2880 2729/2050/2880 2731/2053/2880
f 2590/1903/2881 2556/1902/2881 2731/2053/2881
f 2720/2044/2882 2681/2007/2882 2717/2054/2882
f 2712/2040/2883 2220/1504/2883 2211/1500/2883
f 2726/2047/2884 2651/1965/2884 2734/2051/2884
f 2713/2036/2885 2677/2000/2885 2746/2055/2885
f 2720/2044/2886 2717/2054/2886 2733/2056/2886
f 2696/2021/2887 2737/2057/2887 2721/2043/2887
f 2729/2050/2888 2712/2040/2888 2731/2053/2888
f 2729/2050/2889 2220/1504/2889 2712/2040/2889
f 2738/2058/2890 2737/2057/2890 2696/2021/2890
f 2733/2056/2891 2725/2059/2891 2736/2060/2891
f 2733/2056/2892 2717/2054/2892 2725/2059/2892
f 2741/2033/2893 2727/2049/2893 2705/2031/2893
f 2737/2057/2894 2734/2051/2894 2721/2043/2894
f 2590/1903/2895 2731/2053/2895 2740/1933/2895
f 2744/2061/2896 2727/2049/2896 2743/2062/2896
f 2847/2063/2897 2746/2055/2897 2742/2064/2897
f 2727/2049/2898 2741/2033/2898 2743/2062/2898
f 2725/2045/2899 1044/856/2899 2736/1028/2899
f 2745/930/2900 2468/687/2900 788/658/2900
f 2454/1763/2901 2713/2036/2901 2746/2055/2901
f 2747/2065/2902 2740/1933/2902 2731/2053/2902
f 2751/2066/2903 2745/930/2903 1140/909/2903
f 2712/2040/2904 2747/2065/2904 2731/2053/2904
f 2468/687/2905 2745/930/2905 2462/1774/2905
f 2750/2067/2906 2746/2055/2906 2677/2000/2906
f 2772/2068/2907 2747/2065/2907 2722/2046/2907
f 2747/2065/2908 2748/2069/2908 2740/1933/2908
f 2747/2065/2909 2712/2040/2909 2722/2046/2909
f 2712/2040/2910 2719/2041/2910 2722/2046/2910
f 2705/2031/2911 2704/2048/2911 2758/1277/2911
f 2759/2070/2912 2762/2071/2912 2722/2046/2912
f 2723/2042/2913 2759/2070/2913 2722/2046/2913
f 673/546/2914 674/545/2914 2757/2072/2914
f 674/545/2915 3105/1822/2915 2757/2072/2915
f 2762/2073/2916 2756/2074/2916 2772/2075/2916
f 2742/2064/2917 2746/2055/2917 2750/2067/2917
f 2762/2073/2918 2842/2076/2918 2756/2074/2918
f 2763/946/2919 2751/2066/2919 1140/909/2919
f 2686/2023/2920 1907/1280/2920 2704/2048/2920
f 1907/1280/2921 2758/1277/2921 2704/2048/2921
f 2762/2073/2922 2759/2077/2922 2764/2078/2922
f 2740/1933/2923 2670/2009/2923 2598/1913/2923
f 2713/2036/2924 2454/1763/2924 2560/1762/2924
f 2740/1933/2925 2765/2079/2925 2670/2009/2925
f 2760/1543/2926 2766/2080/2926 3105/1822/2926
f 2789/2081/2927 2695/1987/2927 2749/2082/2927
f 2763/946/2928 2771/2083/2928 2751/2066/2928
f 2770/2084/2929 2487/1811/2929 2745/930/2929
f 2751/2066/2930 2770/2084/2930 2745/930/2930
f 2753/2085/2931 2766/2080/2931 2760/1543/2931
f 2709/2032/2932 2758/1277/2932 1914/1276/2932
f 2753/2085/2933 2760/1543/2933 2754/2086/2933
f 2878/2087/2934 2757/2072/2934 2766/2080/2934
f 2709/2032/2935 1914/1276/2935 1912/2088/2935
f 2670/2089/2936 2767/2016/2936 2678/2015/2936
f 2767/2090/2937 2670/2009/2937 2765/2079/2937
f 2772/2068/2938 2765/2079/2938 2748/2069/2938
f 4009/2091/2939 2711/2092/2939 1912/1286/2939
f 2711/2092/2940 2709/2093/2940 1912/1286/2940
f 2772/2068/2941 2748/2069/2941 2747/2065/2941
f 2770/2084/2942 2751/2066/2942 2771/2083/2942
f 2765/2079/2943 2740/1933/2943 2748/2069/2943
f 2765/2094/2944 2756/2074/2944 2767/2016/2944
f 2758/1277/2945 2709/2032/2945 2705/2031/2945
f 2772/2068/2946 2756/2095/2946 2765/2079/2946
f 2704/2048/2947 2698/2020/2947 2686/2023/2947
f 2700/2017/2948 2767/2016/2948 2773/2024/2948
f 2631/1941/2949 2769/1994/2949 2610/1922/2949
f 2767/2016/2950 2756/2074/2950 2755/2096/2950
f 1183/965/2951 2774/2097/2951 1191/939/2951
f 2722/2046/2952 2762/2071/2952 2772/2068/2952
f 2774/2097/2953 2763/946/2953 1191/939/2953
f 1183/2098/2954 1182/1511/2954 2774/2099/2954
f 2763/946/2955 2775/2100/2955 2771/2083/2955
f 2774/2097/2956 2775/2100/2956 2763/946/2956
f 3105/1822/2957 2766/2080/2957 2757/2072/2957
f 2778/2101/2958 2677/2000/2958 2769/1994/2958
f 2778/2101/2959 2750/2067/2959 2677/2000/2959
f 2697/2018/2960 2902/2102/2960 2797/2103/2960
f 2878/2087/2961 673/546/2961 2757/2072/2961
f 2909/569/2962 680/556/2962 673/555/2962
f 2770/2084/2963 2829/1871/2963 2487/1811/2963
f 2846/2104/2964 2961/2105/2964 2944/2106/2964
f 2846/2104/2965 2827/2107/2965 2961/2105/2965
f 2790/2108/2966 2753/2085/2966 2785/2109/2966
f 2785/2109/2967 2753/2085/2967 2754/2086/2967
f 1547/1143/2968 1537/1139/2968 1172/959/2968
f 1537/1139/2969 2795/2110/2969 1172/959/2969
f 2688/2014/2970 2788/2013/2970 2791/2111/2970
f 2790/2108/2971 2766/2080/2971 2753/2085/2971
f 2789/2081/2972 2664/1940/2972 2695/1987/2972
f 2239/1517/2973 2795/2110/2973 2801/2112/2973
f 2519/1818/2974 2791/2111/2974 2518/1819/2974
f 2688/2014/2975 2791/2111/2975 2519/1818/2975
f 2796/2113/2976 2790/2108/2976 2785/2109/2976
f 2781/2114/2977 2796/2113/2977 2785/2109/2977
f 2788/2013/2978 2697/2018/2978 2797/2103/2978
f 2683/2012/2979 2697/2018/2979 2788/2013/2979
f 2770/2115/2980 2771/2116/2980 2800/2117/2980
f 2795/2110/2981 2239/1517/2981 1172/959/2981
f 2784/2118/2982 2798/2119/2982 2783/2120/2982
f 2800/2117/2983 2799/2121/2983 2770/2115/2983
f 2845/2122/2984 2798/2119/2984 2805/2123/2984
f 2775/2124/2985 2811/2125/2985 2771/2116/2985
f 2797/2103/2986 2791/2111/2986 2788/2013/2986
f 2781/2114/2987 3371/2126/2987 2825/2127/2987
f 2822/2128/2988 2791/2129/2988 2797/2130/2988
f 1537/1139/2989 2776/2131/2989 2795/2110/2989
f 2806/2132/2990 2834/2133/2990 2796/2113/2990
f 2776/2131/2991 2809/2134/2991 2795/2110/2991
f 2806/2132/2992 2796/2113/2992 2781/2114/2992
f 2805/2123/2993 2798/2119/2993 46/281/2993
f 2825/2127/2994 2806/2132/2994 2781/2114/2994
f 2809/2134/2995 2776/2131/2995 2662/1983/2995
f 2811/2125/2996 2800/2117/2996 2771/2116/2996
f 2811/2125/2997 2775/2124/2997 2818/2135/2997
f 2462/1774/2998 2745/930/2998 2487/1811/2998
f 2809/2136/2999 2662/1982/2999 2820/2137/2999
f 2634/1912/3000 2664/1940/3000 3335/1951/3000
f 2829/1871/3001 2506/1789/3001 2487/1811/3001
f 46/281/3002 2798/2119/3002 2784/2118/3002
f 2819/2138/3003 2797/2103/3003 2902/2102/3003
f 2823/2139/3004 2824/2140/3004 2801/2112/3004
f 2826/2141/3005 2791/2129/3005 2822/2128/3005
f 2801/2112/3006 2795/2110/3006 2809/2134/3006
f 2805/2123/3007 2803/2142/3007 2827/2107/3007
f 2823/2139/3008 2801/2112/3008 2809/2134/3008
f 2809/2136/3009 2820/2137/3009 2823/2143/3009
f 2805/2123/3010 45/285/3010 2803/2142/3010
f 46/281/3011 45/285/3011 2805/2123/3011
f 2824/2144/3012 2823/2143/3012 2839/2145/3012
f 2961/2105/3013 2827/2107/3013 2803/2142/3013
f 2826/2146/3014 2524/1850/3014 2518/1819/3014
f 2826/2146/3015 2518/1819/3015 2791/2111/3015
f 2829/2147/3016 2770/2115/3016 2799/2121/3016
f 2524/1857/3017 2830/2148/3017 2832/2149/3017
f 2524/1857/3018 2832/2149/3018 2546/1856/3018
f 2524/1857/3019 2826/2141/3019 2830/2148/3019
f 2829/1871/3020 2934/1896/3020 2563/1872/3020
f 2806/2132/3021 2825/2127/3021 2821/2150/3021
f 2821/2150/3022 2834/2133/3022 2806/2132/3022
f 1537/1139/3023 1434/1115/3023 2639/1116/3023
f 2639/1116/3024 2776/2131/3024 1537/1139/3024
f 1464/1949/3025 2776/2131/3025 2639/1116/3025
f 2662/1983/3026 2776/2131/3026 1464/1949/3026
f 2790/2108/3027 2834/2133/3027 2792/2151/3027
f 2820/2137/3028 2662/1982/3028 2693/1981/3028
f 2834/2133/3029 2835/2152/3029 2792/2151/3029
f 2693/1981/3030 2773/2024/3030 2820/2137/3030
f 2241/1519/3031 2837/2153/3031 1182/1511/3031
f 2774/2099/3032 1182/1511/3032 2837/2153/3032
f 2801/2112/3033 2242/1520/3033 2239/1517/3033
f 2801/2112/3034 2824/2140/3034 2242/1520/3034
f 2837/2153/3035 2850/2154/3035 2774/2099/3035
f 2255/1540/3036 2242/1539/3036 2824/2144/3036
f 2773/2024/3037 2839/2145/3037 2820/2137/3037
f 2773/2024/3038 2755/2096/3038 2839/2145/3038
f 2773/2024/3039 2767/2016/3039 2755/2096/3039
f 3335/1951/3040 2664/1940/3040 2789/2081/3040
f 2823/2143/3041 2820/2137/3041 2839/2145/3041
f 2840/2155/3042 2837/2153/3042 2241/1519/3042
f 2755/2096/3043 2843/2156/3043 2839/2145/3043
f 2790/2108/3044 2796/2113/3044 2834/2133/3044
f 2841/2157/3045 2830/2148/3045 2826/2141/3045
f 2841/2157/3046 2826/2141/3046 2828/2158/3046
f 2835/2152/3047 2834/2133/3047 2844/2159/3047
f 2832/2149/3048 2830/2148/3048 2841/2157/3048
f 2755/2096/3049 2756/2074/3049 2842/2076/3049
f 2842/2076/3050 2843/2156/3050 2755/2096/3050
f 2491/1793/3051 2842/2076/3051 2762/2073/3051
f 2844/2159/3052 2834/2133/3052 2821/2150/3052
f 2838/2160/3053 2848/2161/3053 2845/2122/3053
f 2846/2104/3054 2847/2063/3054 2838/2160/3054
f 2847/2063/3055 2848/2161/3055 2838/2160/3055
f 2842/2076/3056 2489/1792/3056 2247/1553/3056
f 2247/1553/3057 2843/2156/3057 2842/2076/3057
f 2842/2076/3058 2491/1793/3058 2489/1792/3058
f 2244/1515/3059 2840/2155/3059 2241/1519/3059
f 2843/2156/3060 2256/1552/3060 2839/2145/3060
f 2843/2156/3061 2247/1553/3061 2256/1552/3061
f 2839/2145/3062 2256/1552/3062 2824/2144/3062
f 2256/1552/3063 2255/1540/3063 2824/2144/3063
f 2774/2162/3064 2850/2163/3064 2775/2124/3064
f 2840/2155/3065 2858/2164/3065 2837/2153/3065
f 2858/2164/3066 2850/2154/3066 2837/2153/3066
f 2797/2103/3067 2851/2165/3067 2822/2166/3067
f 2716/2037/3068 2379/2167/3068 2723/2042/3068
f 2379/2167/3069 2716/2037/3069 2377/1665/3069
f 2377/1665/3070 2380/2168/3070 2379/2167/3070
f 2376/1663/3071 2377/1665/3071 2716/2037/3071
f 2491/1793/3072 2762/2073/3072 2764/2078/3072
f 2491/1793/3073 2435/1724/3073 2490/1794/3073
f 2244/1515/3074 12/169/3074 2840/2155/3074
f 2851/2165/3075 2797/2103/3075 2819/2138/3075
f 2759/2077/3076 2434/1722/3076 2764/2078/3076
f 2822/2128/3077 2851/2169/3077 2826/2141/3077
f 2723/2042/3078 2379/2167/3078 2759/2070/3078
f 2379/1725/3079 2434/1722/3079 2759/2077/3079
f 2990/2170/3080 2848/2161/3080 2847/2063/3080
f 2944/2106/3081 2454/1763/3081 2846/2104/3081
f 2944/2106/3082 2450/1764/3082 2454/1763/3082
f 2851/2169/3083 2819/2171/3083 2853/2172/3083
f 2819/2171/3084 2902/2173/3084 2853/2172/3084
f 2435/1724/3085 2764/2078/3085 2434/1722/3085
f 2435/1724/3086 2491/1793/3086 2764/2078/3086
f 12/169/3087 2244/1515/3087 2238/1513/3087
f 2828/2158/3088 2826/2141/3088 2851/2169/3088
f 2793/2174/3089 2766/2080/3089 2790/2108/3089
f 12/169/3090 79/143/3090 2840/2155/3090
f 2766/2080/3091 2793/2174/3091 2878/2087/3091
f 2793/2174/3092 2790/2108/3092 2792/2151/3092
f 2851/2169/3093 2853/2172/3093 2864/2175/3093
f 2874/2176/3094 2878/2087/3094 2793/2174/3094
f 2838/2160/3095 2827/2107/3095 2846/2104/3095
f 79/143/3096 2858/2164/3096 2840/2155/3096
f 2746/2055/3097 2846/2104/3097 2454/1763/3097
f 2864/2175/3098 2879/2177/3098 2851/2169/3098
f 2828/2158/3099 2851/2169/3099 2879/2177/3099
f 2850/2163/3100 2818/2135/3100 2775/2124/3100
f 2988/2178/3101 2841/2157/3101 2828/2158/3101
f 2891/2179/3102 2798/2119/3102 2845/2122/3102
f 2902/2102/3103 2698/2020/3103 2739/2052/3103
f 2902/2102/3104 2697/2018/3104 2698/2020/3104
f 2891/2179/3105 2845/2122/3105 2848/2161/3105
f 2818/2135/3106 2817/2180/3106 2811/2125/3106
f 2909/569/3107 673/555/3107 2878/2181/3107
f 2850/2163/3108 2907/2182/3108 2818/2135/3108
f 2827/2107/3109 2845/2122/3109 2805/2123/3109
f 2838/2160/3110 2845/2122/3110 2827/2107/3110
f 2858/2164/3111 2907/2183/3111 2850/2154/3111
f 2909/569/3112 2878/2181/3112 2874/2184/3112
f 697/568/3113 2909/569/3113 2932/2185/3113
f 2792/2151/3114 2874/2176/3114 2793/2174/3114
f 2902/2102/3115 2917/2186/3115 2916/2187/3115
f 2858/2164/3116 79/143/3116 24/145/3116
f 2739/2052/3117 2917/2186/3117 2902/2102/3117
f 24/145/3118 2907/2183/3118 2858/2164/3118
f 2818/2135/3119 2907/2182/3119 3048/2188/3119
f 2932/2185/3120 2874/2184/3120 2919/2189/3120
f 2874/2184/3121 2792/2190/3121 2919/2189/3121
f 2907/2183/3122 24/145/3122 34/294/3122
f 257/247/3123 253/248/3123 2920/2191/3123
f 253/279/3124 273/280/3124 2920/2192/3124
f 2783/2120/3125 2920/2192/3125 273/280/3125
f 273/280/3126 2784/2118/3126 2783/2120/3126
f 273/280/3127 46/281/3127 2784/2118/3127
f 2800/2117/3128 2921/2193/3128 2799/2121/3128
f 2792/2190/3129 2835/2194/3129 2919/2189/3129
f 2835/2194/3130 3527/2195/3130 2919/2189/3130
f 2744/2061/3131 2922/2196/3131 2727/2049/3131
f 2727/2049/3132 2922/2196/3132 2739/2052/3132
f 2817/2180/3133 2921/2193/3133 2811/2125/3133
f 2526/1308/3134 2502/1810/3134 2501/1814/3134
f 2811/2125/3135 2921/2193/3135 2800/2117/3135
f 2919/2189/3136 4075/2197/3136 2931/2198/3136
f 2817/2180/3137 3152/2199/3137 2921/2193/3137
f 2931/2198/3138 2932/2185/3138 2919/2189/3138
f 2917/2186/3139 2739/2052/3139 2922/2196/3139
f 1973/1261/3140 2501/1814/3140 2933/1262/3140
f 2935/2200/3141 2829/2147/3141 2799/2121/3141
f 2829/2147/3142 2935/2200/3142 2934/2201/3142
f 4149/2202/3143 2922/2196/3143 2744/2061/3143
f 2932/2185/3144 2909/569/3144 2874/2184/3144
f 2942/2203/3145 2935/2200/3145 2799/2121/3145
f 2917/2186/3146 2922/2196/3146 2959/2204/3146
f 2932/2185/3147 730/605/3147 719/591/3147
f 2932/2185/3148 719/591/3148 697/568/3148
f 2959/2204/3149 2922/2196/3149 4149/2202/3149
f 2944/2106/3150 2933/1262/3150 2943/1866/3150
f 2963/2205/3151 2916/2187/3151 2917/2186/3151
f 2501/1814/3152 2559/1815/3152 2943/1866/3152
f 2582/1897/3153 2956/2206/3153 2694/2011/3153
f 2931/2198/3154 730/605/3154 2932/2185/3154
f 744/607/3155 720/590/3155 730/605/3155
f 2942/2203/3156 2799/2121/3156 2921/2193/3156
f 3256/2207/3157 2950/2208/3157 2953/2209/3157
f 2934/2201/3158 2935/2200/3158 2954/2210/3158
f 2943/1866/3159 2933/1262/3159 2501/1814/3159
f 2954/2210/3160 2935/2200/3160 2955/2211/3160
f 2942/2203/3161 2955/2211/3161 2935/2200/3161
f 2956/2212/3162 2934/2201/3162 2965/2213/3162
f 2961/2105/3163 2933/1262/3163 2944/2106/3163
f 2582/2214/3164 2934/2201/3164 2956/2212/3164
f 2694/2030/3165 2956/2215/3165 2957/2216/3165
f 2694/2030/3166 2957/2216/3166 2696/2021/3166
f 2954/2210/3167 2965/2213/3167 2934/2201/3167
f 2853/2172/3168 2916/2217/3168 3196/2218/3168
f 2501/1814/3169 1973/1261/3169 2526/1308/3169
f 2963/2205/3170 2917/2186/3170 2959/2204/3170
f 3091/2219/3171 2962/2220/3171 2754/2086/3171
f 2916/2217/3172 2963/2221/3172 3196/2218/3172
f 2963/2205/3173 2959/2204/3173 2967/2222/3173
f 2956/2212/3174 2965/2213/3174 2957/2223/3174
f 2916/2217/3175 2853/2172/3175 2902/2173/3175
f 2933/1262/3176 2961/2105/3176 2062/1381/3176
f 2853/2172/3177 3196/2218/3177 2864/2175/3177
f 2972/2224/3178 2971/1461/3178 2969/2225/3178
f 2969/2225/3179 3042/2226/3179 2972/2224/3179
f 2942/2203/3180 2983/2227/3180 2955/2211/3180
f 2961/2105/3181 2059/1361/3181 2062/1381/3181
f 2841/2157/3182 2981/2228/3182 2832/2149/3182
f 2059/1361/3183 2803/2142/3183 45/285/3183
f 2059/1361/3184 2961/2105/3184 2803/2142/3184
f 2988/2178/3185 2828/2158/3185 2879/2177/3185
f 2944/2106/3186 2943/1866/3186 2450/1764/3186
f 2879/2177/3187 2864/2175/3187 3227/2229/3187
f 2943/1866/3188 2560/1762/3188 2450/1764/3188
f 3042/2226/3189 2969/2225/3189 2975/2230/3189
f 2987/2231/3190 2921/2193/3190 3152/2199/3190
f 2879/2177/3191 2992/2232/3191 2988/2178/3191
f 2742/2064/3192 2990/2170/3192 2847/2063/3192
f 2746/2055/3193 2847/2063/3193 2846/2104/3193
f 2921/2193/3194 2983/2227/3194 2942/2203/3194
f 2987/2231/3195 2983/2227/3195 2921/2193/3195
f 2998/2233/3196 2227/2234/3196 2223/2235/3196
f 2998/2233/3197 2499/1804/3197 2227/2234/3197
f 2696/2021/3198 2957/2216/3198 2738/2058/3198
f 2992/2232/3199 2879/2177/3199 3227/2229/3199
f 3031/2236/3200 2495/1805/3200 2998/2233/3200
f 2998/2233/3201 2495/1805/3201 2499/1804/3201
f 2971/1461/3202 2972/2224/3202 2179/1466/3202
f 2962/2220/3203 2179/1466/3203 2972/2224/3203
f 2818/2135/3204 3048/2188/3204 3034/2237/3204
f 2817/2180/3205 2818/2135/3205 3034/2237/3205
f 2988/2178/3206 2985/2238/3206 2841/2157/3206
f 2971/1461/3207 2300/1617/3207 2969/2225/3207
f 2178/1460/3208 2300/1617/3208 2971/1461/3208
f 2985/2238/3209 2981/2228/3209 2841/2157/3209
f 3039/2239/3210 2962/2220/3210 2972/2224/3210
f 3034/2237/3211 3046/2240/3211 2817/2180/3211
f 3043/2241/3212 2998/2233/3212 2223/2235/3212
f 2754/2086/3213 2962/2220/3213 3038/2242/3213
f 3038/2242/3214 2962/2220/3214 3039/2239/3214
f 2754/2086/3215 3038/2242/3215 2785/2109/3215
f 2988/2178/3216 2992/2232/3216 3237/2243/3216
f 2988/2178/3217 3237/2243/3217 2985/2238/3217
f 2985/2238/3218 3059/2244/3218 3132/2245/3218
f 2985/2238/3219 3237/2243/3219 3059/2244/3219
f 34/2246/3220 324/313/3220 3048/2188/3220
f 2907/2182/3221 34/2246/3221 3048/2188/3221
f 2553/1860/3222 2546/1856/3222 2832/2149/3222
f 3042/2226/3223 2975/2230/3223 2950/2208/3223
f 3043/2241/3224 3066/2247/3224 2998/2233/3224
f 2975/2230/3225 3153/2248/3225 2950/2208/3225
f 2495/1805/3226 3031/2236/3226 2749/2082/3226
f 3039/2239/3227 2972/2224/3227 3042/2226/3227
f 3102/2249/3228 3073/2250/3228 2553/1860/3228
f 3100/2251/3229 3034/2237/3229 3048/2188/3229
f 3091/2219/3230 2254/1542/3230 2224/1508/3230
f 2760/1543/3231 2254/1542/3231 3091/2219/3231
f 3091/2219/3232 2212/1507/3232 2962/2220/3232
f 3091/2219/3233 2224/1508/3233 2212/1507/3233
f 2553/1860/3234 2832/2149/3234 2981/2228/3234
f 2998/2233/3235 3066/2247/3235 3031/2236/3235
f 2179/1466/3236 2962/2220/3236 2212/1507/3236
f 3066/2247/3237 3201/2252/3237 3031/2236/3237
f 324/313/3238 3100/2251/3238 3048/2188/3238
f 3100/2251/3239 324/313/3239 360/312/3239
f 3102/2249/3240 2553/1860/3240 2981/2228/3240
f 2760/1543/3241 3105/1822/3241 2262/1544/3241
f 2262/1544/3242 3105/1822/3242 2509/631/3242
f 2981/2228/3243 2985/2238/3243 3102/2249/3243
f 3046/2240/3244 3034/2237/3244 3109/2253/3244
f 3132/2245/3245 3133/2254/3245 3102/2249/3245
f 3133/2254/3246 3117/2255/3246 3102/2249/3246
f 3046/2240/3247 3152/2199/3247 2817/2180/3247
f 2695/1987/3248 2495/1805/3248 2749/2082/3248
f 2754/2086/3249 2760/1543/3249 3091/2219/3249
f 3114/2256/3250 3109/2253/3250 3034/2237/3250
f 3100/2251/3251 3114/2256/3251 3034/2237/3251
f 2557/1861/3252 2553/1860/3252 3073/2250/3252
f 3117/2255/3253 3073/2250/3253 3102/2249/3253
f 3117/2255/3254 2557/1861/3254 3073/2250/3254
f 3115/2257/3255 3128/2258/3255 3112/2259/3255
f 3100/2251/3256 360/312/3256 359/327/3256
f 3132/2245/3257 3102/2249/3257 2985/2238/3257
f 2749/2082/3258 3201/2252/3258 3169/2260/3258
f 3117/2255/3259 3141/2261/3259 3124/2262/3259
f 2557/1861/3260 3117/2255/3260 3124/2262/3260
f 3128/2258/3261 3115/2257/3261 1659/2263/3261
f 2749/2082/3262 3031/2236/3262 3201/2252/3262
f 3144/2264/3263 3117/2255/3263 3133/2254/3263
f 3117/2255/3264 3144/2264/3264 3141/2261/3264
f 3109/2253/3265 3114/2256/3265 3137/2265/3265
f 3144/2264/3266 3145/2266/3266 3141/2261/3266
f 3100/2251/3267 359/327/3267 3114/2256/3267
f 396/326/3268 1108/914/3268 359/327/3268
f 3059/2244/3269 3133/2254/3269 3132/2245/3269
f 359/327/3270 3137/2265/3270 3114/2256/3270
f 3133/2254/3271 3059/2244/3271 3150/2267/3271
f 3112/2259/3272 3157/2268/3272 2953/2209/3272
f 3109/2253/3273 3152/2199/3273 3046/2240/3273
f 3109/2253/3274 4209/2269/3274 3152/2199/3274
f 2953/2209/3275 3258/2270/3275 3256/2207/3275
f 3258/2270/3276 3157/2268/3276 3161/2271/3276
f 3157/2268/3277 3258/2270/3277 2953/2209/3277
f 3144/2264/3278 3133/2254/3278 3150/2267/3278
f 3128/2258/3279 3157/2268/3279 3112/2259/3279
f 3162/2272/3280 3144/2264/3280 3150/2267/3280
f 2630/1943/3281 1057/1447/3281 1024/827/3281
f 2132/1416/3282 3168/2273/3282 3221/1489/3282
f 1667/2274/3283 3128/2258/3283 1659/2263/3283
f 3162/2272/3284 3145/2266/3284 3144/2264/3284
f 2150/1417/3285 3168/2273/3285 2132/1416/3285
f 3169/2260/3286 2789/2081/3286 2749/2082/3286
f 3128/2258/3287 1667/2274/3287 3157/2268/3287
f 3179/2275/3288 3157/2268/3288 1667/2274/3288
f 3170/1450/3289 3168/2273/3289 2150/1417/3289
f 3157/2268/3290 3179/2275/3290 3161/2271/3290
f 1057/2276/3291 3170/1450/3291 2148/1435/3291
f 1057/2276/3292 3517/2277/3292 3170/1450/3292
f 3162/2272/3293 3185/2278/3293 3519/2279/3293
f 3519/2279/3294 3145/2266/3294 3162/2272/3294
f 3186/2280/3295 2969/2225/3295 2300/1617/3295
f 3186/2280/3296 2300/1617/3296 2296/1580/3296
f 3186/2280/3297 2296/1580/3297 2323/1616/3297
f 2975/2230/3298 2969/2225/3298 3186/2280/3298
f 3169/2260/3299 3201/2252/3299 3246/2281/3299
f 3170/1450/3300 3517/2277/3300 3210/2282/3300
f 3189/2283/3301 3169/2260/3301 3246/2281/3301
f 3210/2282/3302 3168/2273/3302 3170/1450/3302
f 2963/2221/3303 2967/2284/3303 4388/2285/3303
f 2963/2221/3304 4388/2285/3304 3196/2218/3304
f 3186/2280/3305 2323/1616/3305 3195/2286/3305
f 4388/2285/3306 4396/2287/3306 3216/2288/3306
f 2975/2230/3307 3186/2280/3307 3153/2248/3307
f 3196/2218/3308 4388/2285/3308 3216/2288/3308
f 2195/1423/3309 2132/1416/3309 3221/1489/3309
f 3169/2260/3310 3189/2283/3310 2789/2081/3310
f 3223/2289/3311 3224/2290/3311 3221/1489/3311
f 3153/2248/3312 3186/2280/3312 3195/2286/3312
f 3112/2259/3313 2953/2209/3313 3153/2248/3313
f 3195/2286/3314 3112/2259/3314 3153/2248/3314
f 3264/2291/3315 2421/1704/3315 2214/1482/3315
f 3227/2229/3316 2864/2175/3316 3196/2218/3316
f 2214/1482/3317 3222/1488/3317 3264/2291/3317
f 3221/1489/3318 3224/2290/3318 3222/1488/3318
f 3237/2243/3319 2992/2232/3319 3227/2229/3319
f 3234/2292/3320 3221/1489/3320 3168/2273/3320
f 3234/2292/3321 3223/2289/3321 3221/1489/3321
f 3216/2288/3322 3227/2229/3322 3196/2218/3322
f 2789/2081/3323 3189/2283/3323 3230/2293/3323
f 3242/2294/3324 3237/2243/3324 3227/2229/3324
f 3241/2295/3325 3059/2244/3325 3237/2243/3325
f 2323/1616/3326 2346/1193/3326 3115/2257/3326
f 3237/2243/3327 3242/2294/3327 3247/2296/3327
f 3115/2257/3328 1693/1195/3328 1659/2263/3328
f 3241/2295/3329 3237/2243/3329 3247/2296/3329
f 3115/2257/3330 2346/1193/3330 1693/1195/3330
f 3168/2273/3331 3244/2297/3331 3234/2292/3331
f 2323/1616/3332 3115/2257/3332 3112/2259/3332
f 3195/2286/3333 2323/1616/3333 3112/2259/3333
f 3242/2294/3334 3227/2229/3334 3217/2298/3334
f 3153/2248/3335 2953/2209/3335 2950/2208/3335
f 3227/2229/3336 3216/2288/3336 3217/2298/3336
f 3360/2299/3337 3224/2290/3337 3223/2289/3337
f 3244/2297/3338 3168/2273/3338 3210/2282/3338
f 3346/2300/3339 3042/2226/3339 3245/2301/3339
f 3252/2302/3340 3242/2294/3340 3217/2298/3340
f 3346/2300/3341 3245/2301/3341 3272/2303/3341
f 3242/2294/3342 3252/2302/3342 3247/2296/3342
f 59/161/3343 3247/2296/3343 3252/2302/3343
f 3241/2295/3344 3247/2296/3344 59/161/3344
f 3042/2226/3345 2950/2208/3345 3245/2301/3345
f 3256/2207/3346 3245/2301/3346 2950/2208/3346
f 3260/2304/3347 3241/2295/3347 59/161/3347
f 3151/2305/3348 3201/2252/3348 3066/2247/3348
f 3261/2306/3349 3241/2295/3349 3260/2304/3349
f 3262/2307/3350 3234/2292/3350 3244/2297/3350
f 3245/2301/3351 3256/2207/3351 3263/2308/3351
f 3150/2267/3352 3059/2244/3352 3241/2295/3352
f 3162/2272/3353 3261/2306/3353 3271/2309/3353
f 3162/2272/3354 3150/2267/3354 3261/2306/3354
f 3224/2290/3355 3264/2291/3355 3222/1488/3355
f 3263/2308/3356 3256/2207/3356 3258/2270/3356
f 3261/2306/3357 3150/2267/3357 3241/2295/3357
f 3224/2290/3358 3302/2310/3358 3264/2291/3358
f 2425/1707/3359 3281/1745/3359 2386/1708/3359
f 3325/2311/3360 2425/1707/3360 2421/1704/3360
f 3245/2301/3361 3263/2308/3361 3272/2303/3361
f 3246/2281/3362 3201/2252/3362 3151/2305/3362
f 3185/2278/3363 3271/2309/3363 3289/2312/3363
f 3289/2312/3364 3592/2313/3364 3185/2278/3364
f 3162/2272/3365 3271/2309/3365 3185/2278/3365
f 3066/2247/3366 3295/2314/3366 3151/2305/3366
f 59/161/3367 77/162/3367 76/173/3367
f 3260/2304/3368 59/161/3368 76/173/3368
f 3260/2304/3369 76/173/3369 3261/2306/3369
f 3314/2315/3370 3310/2316/3370 3272/2303/3370
f 3371/2126/3371 3272/2303/3371 3310/2316/3371
f 3319/2317/3372 3314/2315/3372 3272/2303/3372
f 3272/2303/3373 3263/2308/3373 3319/2317/3373
f 3321/172/3374 3271/2309/3374 3261/2306/3374
f 3319/2317/3375 3338/2318/3375 4214/2319/3375
f 3319/2317/3376 3263/2308/3376 3338/2318/3376
f 3321/172/3377 3323/250/3377 3289/2312/3377
f 3271/2309/3378 3321/172/3378 3289/2312/3378
f 3449/2320/3379 3246/2281/3379 3151/2305/3379
f 3261/2306/3380 76/173/3380 3321/172/3380
f 3151/2305/3381 3295/2314/3381 3449/2320/3381
f 3325/2311/3382 3281/1745/3382 2425/1707/3382
f 3263/2308/3383 3258/2270/3383 3265/2321/3383
f 3323/250/3384 3321/172/3384 230/235/3384
f 3263/2308/3385 3265/2321/3385 3338/2318/3385
f 2789/2081/3386 3230/2293/3386 3335/1951/3386
f 3337/2322/3387 3289/2312/3387 3323/250/3387
f 3337/2322/3388 3592/2313/3388 3289/2312/3388
f 254/237/3389 3824/2323/3389 3337/2322/3389
f 3323/250/3390 254/237/3390 3337/2322/3390
f 3265/2321/3391 3340/2324/3391 3338/2318/3391
f 3824/2323/3392 254/237/3392 257/247/3392
f 3340/2325/3393 349/314/3393 4291/2326/3393
f 3345/2327/3394 2631/1941/3394 2628/1937/3394
f 503/406/3395 3281/1745/3395 531/404/3395
f 3345/2327/3396 3343/2328/3396 2631/1941/3396
f 539/535/3397 3281/1745/3397 3325/2311/3397
f 3347/2329/3398 2781/2114/3398 2785/2109/3398
f 3325/2311/3399 2421/1704/3399 3264/2291/3399
f 3475/2330/3400 2624/1935/3400 2622/1934/3400
f 3475/2330/3401 2622/1934/3401 3350/2331/3401
f 3039/2239/3402 3347/2329/3402 3038/2242/3402
f 3352/1963/3403 2644/1962/3403 3848/2332/3403
f 2785/2109/3404 3038/2242/3404 3347/2329/3404
f 3352/1963/3405 3354/2333/3405 3350/2331/3405
f 3350/2331/3406 2622/1934/3406 3352/1963/3406
f 3281/1745/3407 539/535/3407 531/404/3407
f 3353/2334/3408 3869/2335/3408 3402/2336/3408
f 3402/2336/3409 3354/2337/3409 3353/2334/3409
f 3402/2336/3410 3348/2338/3410 3354/2337/3410
f 3352/1963/3411 3848/2332/3411 3353/2339/3411
f 3039/2239/3412 3042/2226/3412 3346/2300/3412
f 3347/2329/3413 3039/2239/3413 3346/2300/3413
f 3346/2300/3414 2781/2114/3414 3347/2329/3414
f 3354/2337/3415 3352/2340/3415 3353/2334/3415
f 3360/2299/3416 3302/2310/3416 3224/2290/3416
f 2781/2114/3417 3346/2300/3417 3371/2126/3417
f 3371/2126/3418 3346/2300/3418 3272/2303/3418
f 3310/2316/3419 2825/2127/3419 3371/2126/3419
f 2990/2170/3420 2742/2064/3420 3946/2341/3420
f 2742/2064/3421 2750/2067/3421 3946/2341/3421
f 3946/2341/3422 2750/2067/3422 3373/2342/3422
f 3360/2299/3423 3401/2343/3423 3302/2310/3423
f 3401/2343/3424 3351/2344/3424 3302/2310/3424
f 3234/2292/3425 3262/2307/3425 3223/2289/3425
f 3258/2270/3426 3161/2271/3426 3265/2321/3426
f 3161/2271/3427 3392/2345/3427 3265/2321/3427
f 3393/2346/3428 3223/2289/3428 3262/2307/3428
f 3393/2346/3429 3360/2299/3429 3223/2289/3429
f 3161/2271/3430 3179/2275/3430 3392/2345/3430
f 3373/2342/3431 3417/2347/3431 3946/2341/3431
f 2769/1994/3432 2631/1941/3432 3397/2348/3432
f 3397/2348/3433 2778/2101/3433 2769/1994/3433
f 3360/2299/3434 3393/2346/3434 3401/2343/3434
f 3395/2349/3435 3397/2348/3435 3343/2328/3435
f 3302/2310/3436 3351/2344/3436 3264/2291/3436
f 2631/1941/3437 3343/2328/3437 3397/2348/3437
f 3399/2350/3438 3397/2348/3438 3395/2349/3438
f 3396/2351/3439 3399/2350/3439 3395/2349/3439
f 3351/2344/3440 3325/2311/3440 3264/2291/3440
f 603/488/3441 3325/2311/3441 3351/2344/3441
f 603/488/3442 539/535/3442 3325/2311/3442
f 3396/2351/3443 3348/2338/3443 3399/2350/3443
f 3351/2344/3444 624/510/3444 603/488/3444
f 3417/2347/3445 3402/2336/3445 3914/2352/3445
f 3417/2347/3446 3399/2350/3446 3402/2336/3446
f 3401/2343/3447 624/510/3447 3351/2344/3447
f 3402/2336/3448 3399/2350/3448 3348/2338/3448
f 1667/1182/3449 1717/1203/3449 3179/2353/3449
f 3399/2350/3450 3417/2347/3450 3373/2342/3450
f 834/692/3451 624/510/3451 3401/2343/3451
f 3230/2293/3452 3189/2283/3452 3413/2354/3452
f 3408/2355/3453 3392/2356/3453 1717/1203/3453
f 3246/2281/3454 3413/2354/3454 3189/2283/3454
f 1717/1203/3455 3392/2356/3455 3179/2353/3455
f 1717/1203/3456 1733/1206/3456 3412/1220/3456
f 3408/2355/3457 1717/1203/3457 3412/1220/3457
f 3392/2345/3458 3340/2324/3458 3265/2321/3458
f 3415/2357/3459 3393/2346/3459 3787/2358/3459
f 3393/2346/3460 3415/2357/3460 3401/2343/3460
f 2778/2101/3461 3399/2350/3461 3373/2342/3461
f 3373/2342/3462 2750/2067/3462 2778/2101/3462
f 3415/2357/3463 834/692/3463 3401/2343/3463
f 3397/2348/3464 3399/2350/3464 2778/2101/3464
f 3340/2359/3465 3392/2356/3465 3408/2355/3465
f 3433/2360/3466 3455/2361/3466 3442/2362/3466
f 349/2363/3467 3340/2359/3467 3408/2355/3467
f 834/692/3468 3415/2357/3468 884/734/3468
f 884/734/3469 832/693/3469 834/692/3469
f 3408/2355/3470 3412/1220/3470 349/2363/3470
f 3447/1420/3471 3436/1419/3471 3433/2360/3471
f 2630/1943/3472 3517/2364/3472 1057/1447/3472
f 3412/1220/3473 354/2365/3473 349/2363/3473
f 3447/1420/3474 2628/1938/3474 2119/1412/3474
f 1763/1236/3475 395/325/3475 354/315/3475
f 3412/2366/3476 1763/1236/3476 354/315/3476
f 2633/1942/3477 2641/1958/3477 3452/2367/3477
f 2628/1938/3478 3447/1420/3478 3345/2368/3478
f 3433/2360/3479 3442/2362/3479 3447/1420/3479
f 3246/2281/3480 3449/2320/3480 3413/2354/3480
f 2825/2127/3481 3463/2369/3481 3472/2370/3481
f 2633/1942/3482 3461/2371/3482 2630/1943/3482
f 3463/2369/3483 2825/2127/3483 3310/2316/3483
f 3461/2371/3484 3462/2372/3484 2630/1943/3484
f 2691/2005/3485 3452/2367/3485 2641/1958/3485
f 3452/2367/3486 3461/2371/3486 2633/1942/3486
f 2641/1958/3487 2621/1924/3487 2691/2005/3487
f 2367/1641/3488 2634/1912/3488 3512/1712/3488
f 3452/2367/3489 3474/2373/3489 3473/2374/3489
f 3452/2367/3490 2691/2005/3490 3474/2373/3490
f 2821/2150/3491 2825/2127/3491 3472/2370/3491
f 3452/2367/3492 3473/2374/3492 3461/2371/3492
f 3459/2375/3493 3455/2361/3493 3428/2376/3493
f 3459/2375/3494 3442/2362/3494 3455/2361/3494
f 2821/2150/3495 3472/2370/3495 3533/2377/3495
f 3459/2375/3496 3343/2378/3496 3442/2362/3496
f 3442/2362/3497 3345/2368/3497 3447/1420/3497
f 3343/2378/3498 3345/2368/3498 3442/2362/3498
f 3395/2349/3499 3343/2328/3499 3459/2379/3499
f 3476/2380/3500 3495/2381/3500 3472/2370/3500
f 3450/2382/3501 3476/2380/3501 3463/2369/3501
f 2691/2005/3502 2692/2010/3502 3474/2373/3502
f 3480/2383/3503 3475/2384/3503 3350/2385/3503
f 3472/2370/3504 3463/2369/3504 3476/2380/3504
f 3486/2386/3505 3495/2381/3505 3476/2380/3505
f 3474/2373/3506 2692/2010/3506 3493/2387/3506
f 2734/2051/3507 3499/2388/3507 2726/2047/3507
f 3476/2380/3508 3450/2382/3508 4224/2389/3508
f 3492/2390/3509 3354/2337/3509 3348/2338/3509
f 3348/2338/3510 3396/2351/3510 3492/2390/3510
f 3350/2391/3511 3354/2337/3511 3492/2390/3511
f 3428/2392/3512 3481/2393/3512 3492/2394/3512
f 2692/2010/3513 2726/2047/3513 3493/2387/3513
f 3480/2383/3514 3492/2394/3514 3481/2393/3514
f 3497/2395/3515 3588/2396/3515 3473/2374/3515
f 3480/2383/3516 3350/2385/3516 3492/2394/3516
f 3474/2373/3517 3497/2395/3517 3473/2374/3517
f 3459/2379/3518 3396/2351/3518 3395/2349/3518
f 3459/2379/3519 3428/2397/3519 3396/2351/3519
f 3428/2397/3520 3492/2390/3520 3396/2351/3520
f 2558/1864/3521 3124/2262/3521 2663/1985/3521
f 3548/2398/3522 3495/2381/3522 3486/2386/3522
f 3548/2398/3523 3533/2377/3523 3495/2381/3523
f 2734/2051/3524 3502/2399/3524 3499/2388/3524
f 3502/2399/3525 2734/2051/3525 2737/2057/3525
f 3533/2377/3526 3472/2370/3526 3495/2381/3526
f 2558/1864/3527 2557/1861/3527 3124/2262/3527
f 3512/1712/3528 2634/1912/3528 3477/1952/3528
f 3493/2387/3529 2726/2047/3529 3499/2388/3529
f 3649/2400/3530 3474/2373/3530 3493/2387/3530
f 3617/2401/3531 3493/2387/3531 3499/2388/3531
f 3124/2262/3532 3141/2261/3532 2663/1985/3532
f 3508/2402/3533 3539/2403/3533 2663/1985/3533
f 3514/2404/3534 3548/2405/3534 3486/2406/3534
f 3141/2261/3535 3510/2407/3535 2663/1985/3535
f 3510/2407/3536 3141/2261/3536 3145/2266/3536
f 3533/2377/3537 2844/2159/3537 2821/2150/3537
f 3145/2266/3538 3519/2279/3538 3510/2407/3538
f 3533/2408/3539 3534/2409/3539 3527/2195/3539
f 3702/2410/3540 2452/1726/3540 3512/1712/3540
f 3527/2411/3541 2844/2159/3541 3533/2377/3541
f 3510/2407/3542 3508/2402/3542 2663/1985/3542
f 3462/2372/3543 3517/2364/3543 2630/1943/3543
f 3462/2372/3544 3536/2412/3544 3517/2364/3544
f 3584/2413/3545 3508/2402/3545 3519/2279/3545
f 3508/2402/3546 3510/2407/3546 3519/2279/3546
f 3210/2282/3547 3517/2277/3547 3536/2414/3547
f 3539/2403/3548 2666/1990/3548 2663/1985/3548
f 2844/2159/3549 3527/2411/3549 2835/2152/3549
f 3585/2415/3550 3536/2412/3550 3462/2372/3550
f 3462/2372/3551 3461/2371/3551 3585/2415/3551
f 3539/2403/3552 3508/2402/3552 3542/2416/3552
f 3534/2409/3553 3587/2417/3553 3527/2195/3553
f 3585/2415/3554 3550/2418/3554 3536/2412/3554
f 3210/2282/3555 3552/2419/3555 3244/2297/3555
f 3210/2282/3556 3536/2414/3556 3552/2419/3556
f 3512/1712/3557 3556/2420/3557 3702/2410/3557
f 3561/2421/3558 3244/2297/3558 3552/2419/3558
f 3552/2419/3559 3536/2414/3559 3550/2422/3559
f 3547/2423/3560 3556/2420/3560 3477/1952/3560
f 3541/2424/3561 3539/2403/3561 3542/2416/3561
f 3533/2408/3562 3548/2405/3562 3534/2409/3562
f 3548/2405/3563 3960/2425/3563 3587/2417/3563
f 3534/2409/3564 3548/2405/3564 3587/2417/3564
f 3477/1952/3565 3556/2420/3565 3512/1712/3565
f 3585/2415/3566 3461/2371/3566 3583/2426/3566
f 3556/2420/3567 3586/2427/3567 3702/2410/3567
f 3473/2374/3568 3588/2396/3568 3461/2371/3568
f 3583/2426/3569 3461/2371/3569 3588/2396/3569
f 3477/1952/3570 3335/1951/3570 3547/2423/3570
f 3628/2428/3571 3547/2423/3571 3335/1951/3571
f 3960/2425/3572 3591/2429/3572 3587/2417/3572
f 3592/2313/3573 3519/2279/3573 3185/2278/3573
f 3584/2413/3574 3519/2279/3574 3592/2313/3574
f 3542/2416/3575 3584/2413/3575 3601/2430/3575
f 3542/2416/3576 3508/2402/3576 3584/2413/3576
f 3592/2313/3577 3634/2431/3577 3584/2413/3577
f 3476/2380/3578 4224/2389/3578 3604/2432/3578
f 3244/2297/3579 3749/2433/3579 3262/2307/3579
f 3750/2434/3580 3393/2346/3580 3262/2307/3580
f 3230/2293/3581 3628/2428/3581 3335/1951/3581
f 3601/2430/3582 3584/2413/3582 3634/2431/3582
f 3476/2380/3583 3604/2432/3583 3614/2435/3583
f 3638/2436/3584 3601/2430/3584 3698/2437/3584
f 4368/2438/3585 3614/2439/3585 3604/2440/3585
f 3601/2430/3586 3634/2431/3586 3698/2437/3586
f 2679/1995/3587 2676/1996/3587 3652/2441/3587
f 3497/2395/3588 3474/2373/3588 3649/2400/3588
f 2674/2442/3589 3541/2424/3589 3640/2443/3589
f 2674/2442/3590 2666/1990/3590 3539/2403/3590
f 3539/2403/3591 3541/2424/3591 2674/2442/3591
f 2676/1996/3592 3640/2444/3592 3652/2441/3592
f 3640/2444/3593 2676/1996/3593 2674/1997/3593
f 3585/2415/3594 3583/2426/3594 3885/2445/3594
f 3585/2415/3595 3885/2445/3595 3724/2446/3595
f 3588/2396/3596 3694/2447/3596 3644/2448/3596
f 3486/2386/3597 3614/2435/3597 3651/2449/3597
f 3588/2396/3598 3644/2448/3598 3583/2426/3598
f 3640/2443/3599 3541/2424/3599 3542/2416/3599
f 3648/2450/3600 3652/2441/3600 3640/2444/3600
f 3542/2416/3601 3648/2451/3601 3640/2443/3601
f 3617/2401/3602 3658/2452/3602 3493/2387/3602
f 3514/2404/3603 3486/2406/3603 3651/2453/3603
f 3230/2293/3604 3659/2454/3604 3628/2428/3604
f 3648/2451/3605 3542/2416/3605 3601/2430/3605
f 3648/2451/3606 3601/2430/3606 3638/2436/3606
f 3652/2441/3607 3648/2450/3607 3669/2455/3607
f 3651/2453/3608 3697/2456/3608 3660/2457/3608
f 3672/2458/3609 3547/2423/3609 3628/2428/3609
f 3660/2457/3610 3514/2404/3610 3651/2453/3610
f 3476/2380/3611 3614/2435/3611 3486/2386/3611
f 3638/2436/3612 3678/2459/3612 3669/2460/3612
f 3648/2451/3613 3638/2436/3613 3669/2460/3613
f 3651/2453/3614 3614/2461/3614 3697/2456/3614
f 3493/2387/3615 3658/2452/3615 3649/2400/3615
f 3678/2462/3616 3699/2463/3616 3673/2464/3616
f 3678/2462/3617 3638/2465/3617 3698/2466/3617
f 3673/2467/3618 3669/2460/3618 3678/2459/3618
f 3694/2447/3619 3497/2395/3619 3683/2468/3619
f 3682/2469/3620 3661/2470/3620 3669/2455/3620
f 3694/2447/3621 3588/2396/3621 3497/2395/3621
f 3652/2441/3622 3669/2455/3622 3661/2470/3622
f 3547/2423/3623 3672/2458/3623 3556/2420/3623
f 3682/2469/3624 3669/2455/3624 3673/2471/3624
f 3698/2437/3625 3634/2431/3625 3337/2322/3625
f 3694/2447/3626 3939/2472/3626 3644/2448/3626
f 3683/2468/3627 3497/2395/3627 3649/2400/3627
f 3697/2456/3628 3614/2461/3628 3700/2473/3628
f 3698/2437/3629 3337/2322/3629 3824/2323/3629
f 3672/2458/3630 3628/2428/3630 3696/2474/3630
f 3634/2431/3631 3592/2313/3631 3337/2322/3631
f 3659/2454/3632 3696/2474/3632 3628/2428/3632
f 3672/2458/3633 3732/2475/3633 3586/2427/3633
f 3683/2468/3634 3649/2400/3634 3694/2447/3634
f 3701/2476/3635 3699/2477/3635 3824/2323/3635
f 3699/2477/3636 3698/2437/3636 3824/2323/3636
f 3694/2447/3637 3649/2400/3637 3703/2478/3637
f 3552/2419/3638 3706/2479/3638 3561/2421/3638
f 3550/2422/3639 3706/2479/3639 3552/2419/3639
f 2469/1770/3640 2452/1726/3640 3702/2410/3640
f 3710/2480/3641 3699/2481/3641 3701/2482/3641
f 2469/1770/3642 3702/2410/3642 3720/2483/3642
f 3724/2446/3643 3550/2418/3643 3585/2415/3643
f 2783/2120/3644 3710/2480/3644 2920/2192/3644
f 3700/2473/3645 3852/2484/3645 3697/2456/3645
f 3720/2483/3646 3702/2410/3646 3586/2427/3646
f 3586/2427/3647 3727/2485/3647 3720/2483/3647
f 3726/2486/3648 3706/2479/3648 3550/2422/3648
f 3556/2420/3649 3672/2458/3649 3586/2427/3649
f 3799/2487/3650 3710/2480/3650 2783/2120/3650
f 3660/2457/3651 3697/2456/3651 3852/2484/3651
f 3727/2485/3652 3586/2427/3652 3732/2475/3652
f 2848/2161/3653 3950/2488/3653 2891/2179/3653
f 3732/2475/3654 3672/2458/3654 3696/2474/3654
f 3614/2439/3655 4368/2438/3655 3700/2489/3655
f 3706/2479/3656 3726/2486/3656 3748/2490/3656
f 3748/2490/3657 3836/2491/3657 3706/2479/3657
f 3748/2490/3658 3843/2492/3658 3836/2491/3658
f 3678/2462/3659 3698/2466/3659 3699/2463/3659
f 3244/2297/3660 3561/2421/3660 3749/2433/3660
f 3749/2433/3661 3750/2434/3661 3262/2307/3661
f 3699/2481/3662 3710/2480/3662 3733/2493/3662
f 3732/2475/3663 3898/2494/3663 3727/2485/3663
f 3771/2495/3664 3764/2496/3664 3710/2480/3664
f 3733/2493/3665 3710/2480/3665 3764/2496/3665
f 3393/2346/3666 3750/2434/3666 3787/2358/3666
f 3673/2464/3667 3699/2463/3667 3733/2497/3667
f 3733/2493/3668 3682/2498/3668 3673/2499/3668
f 3854/2500/3669 3682/2498/3669 3733/2493/3669
f 3854/2500/3670 3764/2496/3670 3771/2495/3670
f 3854/2500/3671 3733/2493/3671 3764/2496/3671
f 3230/2293/3672 3413/2354/3672 3659/2454/3672
f 3798/2501/3673 3415/2357/3673 3787/2358/3673
f 3773/2502/3674 3799/2487/3674 3731/2503/3674
f 3798/2501/3675 884/734/3675 3415/2357/3675
f 3799/2487/3676 3771/2495/3676 3710/2480/3676
f 3799/2487/3677 2798/2119/3677 2891/2179/3677
f 2798/2119/3678 3799/2487/3678 2783/2120/3678
f 884/734/3679 3798/2501/3679 906/743/3679
f 2891/2179/3680 3731/2503/3680 3799/2487/3680
f 3771/2495/3681 3799/2487/3681 3773/2502/3681
f 3750/2434/3682 3749/2433/3682 3811/2504/3682
f 3787/2358/3683 3750/2434/3683 3811/2504/3683
f 3811/2504/3684 3798/2501/3684 3787/2358/3684
f 3950/2488/3685 3731/2503/3685 2891/2179/3685
f 3798/2501/3686 3811/2504/3686 906/743/3686
f 3897/2505/3687 3852/2484/3687 3700/2473/3687
f 3706/2479/3688 3836/2491/3688 3561/2421/3688
f 3749/2433/3689 3836/2491/3689 3837/2506/3689
f 3749/2433/3690 3837/2506/3690 3811/2504/3690
f 3836/2491/3691 3749/2433/3691 3561/2421/3691
f 3824/2323/3692 257/247/3692 3701/2476/3692
f 3831/2507/3693 3696/2474/3693 3659/2454/3693
f 3701/2482/3694 2920/2192/3694 3710/2480/3694
f 2920/2191/3695 3701/2476/3695 257/247/3695
f 2679/1995/3696 3652/2441/3696 3846/2508/3696
f 2680/2001/3697 2679/1995/3697 3846/2508/3697
f 3659/2454/3698 3413/2354/3698 3847/2509/3698
f 3850/2003/3699 3849/2510/3699 2643/1961/3699
f 3852/2484/3700 3897/2505/3700 3851/2511/3700
f 3847/2509/3701 3413/2354/3701 3449/2320/3701
f 3850/2003/3702 2680/2001/3702 3846/2508/3702
f 3849/2510/3703 3850/2003/3703 3846/2508/3703
f 3853/2512/3704 3849/2510/3704 3846/2508/3704
f 3863/2513/3705 3853/2514/3705 3854/2500/3705
f 4036/2515/3706 3847/2509/3706 3449/2320/3706
f 3870/2516/3707 3869/2335/3707 3863/2513/3707
f 3837/2506/3708 3836/2491/3708 3843/2492/3708
f 3874/2517/3709 3837/2506/3709 3872/2518/3709
f 3831/2507/3710 3659/2454/3710 3847/2509/3710
f 3843/2492/3711 3872/2518/3711 3837/2506/3711
f 3874/2517/3712 906/743/3712 3811/2504/3712
f 3837/2506/3713 3874/2517/3713 3811/2504/3713
f 3863/2513/3714 3869/2335/3714 3849/2519/3714
f 3874/2517/3715 925/761/3715 906/743/3715
f 3849/2519/3716 3853/2514/3716 3863/2513/3716
f 906/743/3717 925/761/3717 907/744/3717
f 3846/2508/3718 3652/2441/3718 3661/2470/3718
f 3661/2470/3719 3853/2512/3719 3846/2508/3719
f 3881/2520/3720 3874/2517/3720 3872/2518/3720
f 3874/2517/3721 3881/2520/3721 925/761/3721
f 3996/2521/3722 3881/2520/3722 3872/2518/3722
f 3881/2520/3723 927/762/3723 925/761/3723
f 3994/2522/3724 3851/2511/3724 3897/2505/3724
f 3661/2470/3725 3682/2469/3725 3853/2512/3725
f 3854/2500/3726 3853/2514/3726 3682/2498/3726
f 3893/2523/3727 3913/2524/3727 3847/2509/3727
f 3885/2445/3728 3583/2426/3728 3644/2448/3728
f 3353/2334/3729 3848/2525/3729 3869/2335/3729
f 3848/2525/3730 3849/2519/3730 3869/2335/3730
f 3848/2332/3731 2643/1961/3731 3849/2510/3731
f 2644/1962/3732 2643/1961/3732 3848/2332/3732
f 3831/2507/3733 3732/2475/3733 3696/2474/3733
f 3831/2507/3734 3898/2494/3734 3732/2475/3734
f 3726/2526/3735 3550/2418/3735 3724/2446/3735
f 3548/2405/3736 3514/2404/3736 3960/2425/3736
f 3863/2513/3737 3854/2500/3737 3895/2527/3737
f 3898/2494/3738 3831/2507/3738 3896/2528/3738
f 4274/2529/3739 3898/2494/3739 3896/2528/3739
f 3914/2352/3740 3870/2516/3740 3912/2530/3740
f 3724/2446/3741 3885/2445/3741 3923/2531/3741
f 3402/2336/3742 3869/2335/3742 3870/2516/3742
f 3726/2526/3743 3724/2446/3743 3748/2532/3743
f 3913/2524/3744 3896/2528/3744 3831/2507/3744
f 3914/2352/3745 3402/2336/3745 3870/2516/3745
f 3960/2425/3746 3514/2404/3746 3660/2457/3746
f 3831/2507/3747 3847/2509/3747 3913/2524/3747
f 3913/2524/3748 4358/2533/3748 3896/2528/3748
f 3912/2530/3749 3920/2534/3749 3914/2352/3749
f 3724/2446/3750 3923/2531/3750 3748/2532/3750
f 3923/2531/3751 3970/2535/3751 3748/2532/3751
f 3043/1528/3752 2329/1604/3752 3937/2536/3752
f 2309/1527/3753 2329/1604/3753 3043/1528/3753
f 3644/2448/3754 3939/2472/3754 3885/2445/3754
f 3043/1528/3755 3937/2536/3755 3066/2537/3755
f 3940/2538/3756 3885/2445/3756 3939/2472/3756
f 3870/2516/3757 3895/2527/3757 3912/2530/3757
f 3660/2457/3758 3938/2539/3758 3960/2425/3758
f 3863/2513/3707 3895/2527/3707 3870/2516/3707
f 3703/2478/3759 3939/2472/3759 3694/2447/3759
f 3939/2472/3760 4455/2540/3760 3945/2541/3760
f 3950/2488/3761 2990/2170/3761 3946/2341/3761
f 2355/1636/3762 3937/2536/3762 2329/1604/3762
f 3938/2539/3763 3660/2457/3763 3852/2484/3763
f 3731/2503/3764 3950/2488/3764 3912/2530/3764
f 3923/2531/3765 3885/2445/3765 3940/2538/3765
f 3959/2542/3766 3940/2538/3766 3965/2543/3766
f 3954/2544/3767 2355/1636/3767 3951/2545/3767
f 3954/2544/3768 3937/2536/3768 2355/1636/3768
f 3940/2538/3769 3959/2542/3769 3923/2531/3769
f 3938/2539/3770 3995/2546/3770 3989/2547/3770
f 3295/2548/3771 3066/2537/3771 3954/2544/3771
f 2990/2170/3772 3950/2488/3772 2848/2161/3772
f 3066/2537/3773 3937/2536/3773 3954/2544/3773
f 3954/2544/3774 3966/2549/3774 3295/2548/3774
f 3959/2542/3775 3965/2543/3775 3969/2550/3775
f 3940/2538/3776 3939/2472/3776 3945/2541/3776
f 3417/2347/3777 3920/2534/3777 3946/2341/3777
f 3950/2488/3778 3946/2341/3778 3920/2534/3778
f 3920/2534/3779 3912/2530/3779 3950/2488/3779
f 3945/2541/3780 3965/2543/3780 3940/2538/3780
f 3966/2551/3781 3449/2320/3781 3295/2314/3781
f 3966/2551/3782 4036/2515/3782 3449/2320/3782
f 3417/2347/3783 3914/2352/3783 3920/2534/3783
f 3912/2530/3784 3773/2502/3784 3731/2503/3784
f 3895/2527/3785 3773/2502/3785 3912/2530/3785
f 3771/2495/3786 3773/2502/3786 3895/2527/3786
f 3923/2531/3787 3959/2542/3787 3970/2535/3787
f 3895/2527/3788 3854/2500/3788 3771/2495/3788
f 3970/2552/3789 3843/2492/3789 3748/2490/3789
f 3960/2425/3790 3938/2539/3790 3591/2429/3790
f 2743/2553/3791 2711/2092/3791 3978/2554/3791
f 2743/2553/3792 2741/2555/3792 2711/2092/3792
f 3938/2539/3793 3983/2556/3793 3591/2429/3793
f 3983/2556/3794 3971/2557/3794 3591/2429/3794
f 4018/2558/3795 4058/2559/3795 3986/2560/3795
f 3986/2560/3796 2743/2553/3796 3978/2554/3796
f 3954/2544/3797 3951/2545/3797 3966/2549/3797
f 2743/2553/3798 3986/2560/3798 2744/2561/3798
f 3872/2518/3799 3843/2492/3799 3996/2521/3799
f 3843/2492/3800 3990/2562/3800 3996/2521/3800
f 3970/2535/3801 3959/2542/3801 3990/2563/3801
f 3951/2545/3802 3987/2564/3802 3966/2549/3802
f 3990/2562/3803 3843/2492/3803 3970/2552/3803
f 2357/1638/3804 4002/2565/3804 2355/1636/3804
f 927/762/3805 3881/2520/3805 977/793/3805
f 3996/2521/3806 977/793/3806 3881/2520/3806
f 4006/1326/1801 3989/1326/1801 3995/1326/1801
f 3995/2566/3807 3938/2567/3807 3852/2568/3807
f 3959/2542/3808 4000/2569/3808 3990/2563/3808
f 4058/2559/3809 4163/2570/3809 3986/2560/3809
f 3959/2542/3810 4482/2571/3810 4000/2569/3810
f 4000/2572/3811 3996/2521/3811 3990/2562/3811
f 4019/2573/3812 3951/2545/3812 4004/2574/3812
f 3951/2545/3813 2355/1636/3813 4004/2574/3813
f 3851/1326/1801 4005/1326/1801 3995/1326/1801
f 4006/1326/1801 3995/1326/1801 4005/1326/1801
f 4006/1326/1801 4005/1326/1801 4008/1326/1801
f 2355/1636/3814 4002/2565/3814 4004/2574/3814
f 4005/1326/1801 3851/1326/1801 4008/1326/1801
f 4008/1326/1801 3989/1326/1801 4006/1326/1801
f 3852/2484/3815 3851/2511/3815 3995/2546/3815
f 4014/1448/3816 1912/1286/3816 2140/1433/3816
f 4014/1448/3817 4009/2091/3817 1912/1286/3817
f 4008/2546/3818 3851/2511/3818 3994/2522/3818
f 2147/1449/3819 2158/1453/3819 4014/1448/3819
f 4008/2546/3820 3994/2522/3820 3989/2547/3820
f 3989/2547/3821 3994/2522/3821 3938/2539/3821
f 2711/2092/3822 4018/2558/3822 3978/2554/3822
f 2711/2092/3823 4009/2091/3823 4018/2558/3823
f 4000/2572/3824 4001/2575/3824 990/1000/3824
f 3996/2521/3825 4000/2572/3825 977/793/3825
f 977/793/3826 985/803/3826 978/794/3826
f 977/793/3827 990/1000/3827 985/803/3827
f 977/793/3828 4000/2572/3828 990/1000/3828
f 4019/2573/3829 4004/2574/3829 4025/2576/3829
f 3987/2564/3830 3951/2545/3830 4019/2573/3830
f 2965/2213/3831 2954/2210/3831 4020/2577/3831
f 4014/1448/3832 4018/2558/3832 4009/2091/3832
f 4018/2558/3833 4014/1448/3833 4022/2578/3833
f 4019/2573/3834 4025/2576/3834 4024/2579/3834
f 3987/2564/3835 4019/2573/3835 4024/2579/3835
f 3994/2522/3836 3897/2505/3836 4039/2580/3836
f 4042/2581/3837 3994/2522/3837 4039/2580/3837
f 4052/2582/3838 2955/2211/3838 2983/2227/3838
f 2158/1453/3839 4040/1473/3839 4032/2583/3839
f 4014/1448/3840 2158/1453/3840 4032/2583/3840
f 4036/2515/3841 4043/2584/3841 3893/2523/3841
f 3847/2509/3842 4036/2515/3842 3893/2523/3842
f 2987/2231/3843 4192/2585/3843 2983/2227/3843
f 4192/2585/3844 4065/2586/3844 2983/2227/3844
f 4022/2578/3845 4014/1448/3845 4032/2583/3845
f 4022/2578/3846 4032/2583/3846 4060/2587/3846
f 4049/2588/3847 4060/2587/3847 4032/2583/3847
f 3938/2539/3848 4042/2581/3848 3983/2556/3848
f 4042/2581/3849 3938/2539/3849 3994/2522/3849
f 4036/2589/3850 3966/2549/3850 3987/2564/3850
f 4052/2582/3851 2954/2210/3851 2955/2211/3851
f 4036/2589/3852 3987/2564/3852 4043/2590/3852
f 4052/2582/3853 4053/2591/3853 2954/2210/3853
f 4040/1473/3854 2187/1479/3854 4049/2588/3854
f 2187/1479/3855 4067/2592/3855 4049/2588/3855
f 4053/2591/3856 4020/2577/3856 2954/2210/3856
f 2983/2227/3857 4065/2586/3857 4052/2582/3857
f 4020/2577/3858 4053/2591/3858 4061/2593/3858
f 4040/1473/3859 4049/2588/3859 4032/2583/3859
f 3893/2523/3860 4074/2594/3860 4358/2533/3860
f 3986/2560/3861 3978/2554/3861 4018/2558/3861
f 3913/2524/3862 3893/2523/3862 4358/2533/3862
f 4018/2558/3863 4022/2578/3863 4058/2559/3863
f 4060/2587/3864 4058/2559/3864 4022/2578/3864
f 4248/2595/3865 4058/2559/3865 4060/2587/3865
f 4053/2591/3866 4052/2582/3866 4062/2596/3866
f 4061/2593/3867 4053/2591/3867 4062/2596/3867
f 4062/2596/3868 4052/2582/3868 4065/2586/3868
f 4063/2597/3869 3983/2556/3869 4042/2581/3869
f 4073/2598/3870 4062/2596/3870 4065/2586/3870
f 4065/2586/3871 4070/2599/3871 4073/2598/3871
f 4075/2197/3872 2919/2189/3872 3527/2195/3872
f 4243/2600/3873 4060/2587/3873 4049/2588/3873
f 3893/2523/3874 4043/2584/3874 4074/2594/3874
f 4074/2601/3875 4043/2590/3875 4083/2602/3875
f 4049/2588/3876 4067/2592/3876 4243/2600/3876
f 4079/2603/3877 4071/2604/3877 4080/2605/3877
f 4043/2590/3878 3987/2564/3878 4024/2579/3878
f 4067/2592/3879 4071/2604/3879 4079/2603/3879
f 4075/2197/3880 3527/2195/3880 3587/2417/3880
f 4067/2592/3881 4079/2603/3881 4243/2600/3881
f 4079/2603/3882 4080/2605/3882 4085/2606/3882
f 2931/2198/3883 4075/2197/3883 4087/2607/3883
f 4086/1570/3884 2257/1537/3884 2280/1563/3884
f 2187/1479/3885 2245/1522/3885 4067/2592/3885
f 2257/1537/3886 4071/2604/3886 2245/1522/3886
f 4071/2604/3887 4067/2592/3887 2245/1522/3887
f 4071/2604/3888 2257/1537/3888 4086/1570/3888
f 3587/2417/3889 4088/2608/3889 4087/2607/3889
f 4075/2197/3890 3587/2417/3890 4087/2607/3890
f 4071/2604/3891 4086/1570/3891 4080/2605/3891
f 4088/2608/3892 3587/2417/3892 3591/2429/3892
f 4080/2605/3893 4086/1570/3893 4093/1586/3893
f 4086/1570/3894 2298/1569/3894 4093/1586/3894
f 4024/2579/3895 4083/2602/3895 4043/2590/3895
f 4024/2579/3896 35/156/3896 4083/2602/3896
f 4094/2609/3897 2957/2223/3897 2965/2213/3897
f 4094/2609/3898 2965/2213/3898 4020/2577/3898
f 1994/717/3899 1148/952/3899 1146/718/3899
f 4080/2605/3900 4093/1586/3900 4095/2610/3900
f 4096/2611/3901 4094/2609/3901 4020/2577/3901
f 2957/2216/3902 4094/2612/3902 2738/2058/3902
f 2017/1353/3903 1148/952/3903 1994/717/3903
f 2738/2058/3904 4094/2612/3904 4101/2613/3904
f 4101/2613/3905 4094/2612/3905 4100/2614/3905
f 1152/975/3906 1148/952/3906 2017/1353/3906
f 1152/975/3907 2017/1353/3907 4104/2615/3907
f 2737/2057/3908 2738/2058/3908 4103/2616/3908
f 4104/2615/3909 2017/1353/3909 2070/1387/3909
f 2738/2058/3910 4101/2613/3910 4103/2616/3910
f 4100/2614/3911 4140/2617/3911 4101/2613/3911
f 4087/2607/3912 4088/2608/3912 4153/2618/3912
f 4112/1032/3913 730/605/3913 2931/2198/3913
f 4087/2607/3914 4112/1032/3914 2931/2198/3914
f 4080/2605/3915 4095/2610/3915 4085/2606/3915
f 4116/2619/3916 2070/2620/3916 2071/1390/3916
f 4124/2621/3917 4337/2622/3917 4095/2610/3917
f 4194/1740/3918 4116/2619/3918 2071/1390/3918
f 4124/2621/3919 4095/2610/3919 4093/1586/3919
f 4194/1740/3920 4190/2623/3920 4116/2619/3920
f 4096/2611/3921 4020/2577/3921 4061/2593/3921
f 744/607/3922 730/605/3922 4112/1032/3922
f 4094/2609/3923 4096/2611/3923 4120/2624/3923
f 4124/2621/3924 4093/1586/3924 2275/1564/3924
f 4128/2625/3925 2306/1566/3925 2328/2626/3925
f 2275/1564/3926 2306/1566/3926 4128/2625/3926
f 4112/1032/3927 4087/2607/3927 4130/2627/3927
f 2275/1564/3928 4128/2625/3928 4124/2621/3928
f 4153/2618/3929 4130/2627/3929 4087/2607/3929
f 1251/705/3930 4112/1032/3930 4130/2627/3930
f 4120/2628/3931 4100/2614/3931 4094/2612/3931
f 4130/2627/3932 4144/139/3932 4/138/3932
f 4130/2627/3933 4/138/3933 1251/705/3933
f 3971/2557/3934 4088/2608/3934 3591/2429/3934
f 4116/2629/3935 4104/2615/3935 2070/1387/3935
f 2744/2561/3936 3986/2560/3936 4145/2630/3936
f 4116/2631/3937 4167/2632/3937 4104/1056/3937
f 4170/2633/3938 4116/2631/3938 4190/2634/3938
f 3971/2557/3939 4153/2618/3939 4088/2608/3939
f 3971/2557/3940 3983/2556/3940 4154/2635/3940
f 4149/2202/3941 2744/2061/3941 4145/2636/3941
f 3971/2557/3942 4154/2635/3942 4153/2618/3942
f 4104/2615/3943 1186/978/3943 1152/975/3943
f 4163/2570/3944 4161/2637/3944 3986/2560/3944
f 4058/2559/3945 4248/2595/3945 4163/2570/3945
f 4145/2630/3946 3986/2560/3946 4161/2637/3946
f 4154/2635/3947 4165/2638/3947 4153/2618/3947
f 4100/2614/3948 4120/2628/3948 4158/2639/3948
f 4120/2628/3949 4150/2640/3949 4158/2639/3949
f 4096/2611/3950 4061/2593/3950 4171/2641/3950
f 2959/2204/3951 4149/2202/3951 4168/2642/3951
f 4171/2641/3952 4061/2593/3952 4062/2596/3952
f 4116/2631/3953 4170/2633/3953 4167/2632/3953
f 4073/2598/3954 4171/2641/3954 4062/2596/3954
f 4171/2641/3955 4120/2624/3955 4096/2611/3955
f 4165/2638/3956 4154/2635/3956 4176/2643/3956
f 3983/2556/3957 4063/2597/3957 4154/2635/3957
f 4175/2644/3958 4170/2633/3958 4173/2645/3958
f 4154/2635/3959 4063/2597/3959 4665/2646/3959
f 4149/2202/3960 4185/2647/3960 4168/2642/3960
f 4167/2632/3961 4170/2633/3961 4174/2648/3961
f 2959/2204/3962 4168/2642/3962 2967/2222/3962
f 4154/2635/3963 4665/2646/3963 4176/2643/3963
f 4130/2627/3964 4153/2618/3964 4165/2638/3964
f 4130/2627/3965 4165/2638/3965 4144/139/3965
f 4170/2633/3966 4175/2644/3966 4174/2648/3966
f 4149/2649/3967 4145/2630/3967 4185/2650/3967
f 4145/2630/3968 4161/2637/3968 4185/2650/3968
f 4171/2641/3969 4073/2598/3969 4189/2651/3969
f 4171/2641/3970 4189/2651/3970 4183/2652/3970
f 4150/2640/3971 4265/2653/3971 4264/2654/3971
f 4161/2637/3972 4163/2570/3972 4166/2655/3972
f 4183/2652/3973 4150/2656/3973 4171/2641/3973
f 4171/2641/3974 4150/2656/3974 4120/2624/3974
f 4150/2656/3975 4183/2652/3975 4265/2657/3975
f 2987/2231/3976 3152/2199/3976 4192/2585/3976
f 4194/1740/3977 2459/1741/3977 4190/2623/3977
f 4190/2623/3978 2459/1741/3978 4208/2658/3978
f 2459/1741/3979 2452/1726/3979 4198/1769/3979
f 4168/2659/3980 4185/2650/3980 4201/2660/3980
f 4209/2269/3981 4192/2585/3981 3152/2199/3981
f 2459/1741/3982 4198/1769/3982 4208/2658/3982
f 3450/2382/3983 3463/2369/3983 3310/2316/3983
f 4203/2661/3984 4185/2650/3984 4161/2637/3984
f 4214/2319/3985 3314/2315/3985 3319/2317/3985
f 4190/2634/3986 4208/2662/3986 4173/2645/3986
f 3314/2315/3987 4220/2663/3987 3310/2316/3987
f 3450/2382/3988 3310/2316/3988 4220/2663/3988
f 4163/2570/3989 4248/2595/3989 4218/2664/3989
f 4170/2633/3990 4190/2634/3990 4173/2645/3990
f 4198/1769/3991 4237/2665/3991 4221/2666/3991
f 4223/2667/3992 4163/2570/3992 4218/2664/3992
f 3314/2315/3993 4214/2319/3993 4220/2663/3993
f 4208/2658/3994 4198/1769/3994 4221/2666/3994
f 4228/2668/3995 4065/2586/3995 4192/2585/3995
f 4220/2663/3996 4224/2389/3996 3450/2382/3996
f 4192/2585/3997 4213/2669/3997 4232/2670/3997
f 4192/2585/3998 4209/2269/3998 4213/2669/3998
f 4228/2668/3999 4192/2585/3999 4232/2670/3999
f 4163/2570/4000 4223/2667/4000 4166/2655/4000
f 4229/296/4001 4223/2667/4001 4218/2664/4001
f 4166/2655/4002 4223/2667/4002 318/302/4002
f 318/302/4003 4203/2661/4003 4166/2655/4003
f 4166/2655/4004 4203/2661/4004 4161/2637/4004
f 4229/296/4005 318/302/4005 4223/2667/4005
f 4448/2671/4006 4208/2662/4006 4313/2672/4006
f 4208/2662/4007 4448/2671/4007 4173/2645/4007
f 4214/2319/4008 4238/2673/4008 4220/2663/4008
f 4198/1769/4009 2469/1770/4009 4237/2665/4009
f 4213/2669/4010 4209/2269/4010 3109/2253/4010
f 3137/2265/4011 4213/2669/4011 3109/2253/4011
f 3720/2483/4012 4237/2665/4012 2469/1770/4012
f 3137/2265/4013 1108/914/4013 4213/2669/4013
f 4245/2674/4014 4213/2669/4014 1108/914/4014
f 3137/2265/4015 359/327/4015 1108/914/4015
f 4245/2674/4016 4232/2670/4016 4213/2669/4016
f 1108/914/4017 1124/915/4017 4245/2674/4017
f 3727/2485/4018 4237/2665/4018 3720/2483/4018
f 4065/2586/4019 4228/2668/4019 4070/2599/4019
f 4070/2599/4020 4228/2668/4020 4250/2675/4020
f 4214/2319/4021 4257/2676/4021 4238/2673/4021
f 4214/2319/4022 4217/2677/4022 4257/2676/4022
f 4060/2587/4023 4243/2600/4023 4248/2595/4023
f 4232/2670/4024 4249/2678/4024 4228/2668/4024
f 4252/2679/4025 4228/2668/4025 4249/2678/4025
f 4250/2675/4026 4073/2598/4026 4070/2599/4026
f 4189/2651/4027 4073/2598/4027 4250/2675/4027
f 4254/2680/4028 4248/2595/4028 4243/2600/4028
f 4228/2668/4029 4252/2679/4029 4250/2675/4029
f 4245/2674/4030 4249/2678/4030 4232/2670/4030
f 4253/2681/4031 3727/2485/4031 3898/2494/4031
f 4218/2664/4032 4248/2595/4032 4254/2680/4032
f 4214/2319/4033 3338/2318/4033 4217/2677/4033
f 4079/2603/4034 4258/2682/4034 4243/2600/4034
f 4258/2682/4035 4254/2680/4035 4243/2600/4035
f 4237/2665/4036 3727/2485/4036 4253/2681/4036
f 4262/2683/4037 4249/2678/4037 1130/947/4037
f 4253/2681/4038 4267/2684/4038 4237/2665/4038
f 4245/2674/4039 1125/923/4039 1130/947/4039
f 4245/2674/4040 1124/915/4040 1125/923/4040
f 4258/2682/4041 4261/2685/4041 4254/2680/4041
f 4258/2682/4042 4279/2686/4042 4261/2685/4042
f 4252/2679/4043 4249/2678/4043 4262/2683/4043
f 4249/2678/4044 4245/2674/4044 1130/947/4044
f 4267/2684/4045 4221/2666/4045 4237/2665/4045
f 4217/2677/4046 3338/2318/4046 4291/2687/4046
f 3338/2318/4047 3340/2324/4047 4291/2687/4047
f 4183/2652/4048 4272/2688/4048 4265/2657/4048
f 4189/2651/4049 4272/2688/4049 4183/2652/4049
f 349/314/4050 357/316/4050 4291/2326/4050
f 4079/2603/4051 4085/2606/4051 4258/2682/4051
f 4279/2686/4052 4085/2606/4052 4278/2689/4052
f 4250/2675/4053 4280/2690/4053 4189/2651/4053
f 4274/2529/4054 4253/2681/4054 3898/2494/4054
f 4217/2691/4055 4291/2326/4055 4285/2692/4055
f 4258/2682/4056 4085/2606/4056 4279/2686/4056
f 4250/2675/4057 4252/2679/4057 4280/2690/4057
f 4284/2693/4058 4280/2690/4058 4252/2679/4058
f 4085/2606/4059 4337/2622/4059 4283/2694/4059
f 4285/2692/4060 4257/2695/4060 4217/2691/4060
f 4189/2651/4061 4280/2690/4061 4272/2688/4061
f 4262/2683/4062 4284/2693/4062 4252/2679/4062
f 4284/2693/4063 4262/2683/4063 1130/947/4063
f 1130/947/4064 1161/951/4064 4284/2693/4064
f 4280/2690/4065 4288/2696/4065 4272/2688/4065
f 4289/2697/4066 4288/2696/4066 4280/2690/4066
f 3896/2528/4067 4358/2533/4067 4287/2698/4067
f 4283/2694/4068 4278/2689/4068 4085/2606/4068
f 4287/2698/4069 4274/2529/4069 3896/2528/4069
f 4295/297/4070 4218/2664/4070 4254/2680/4070
f 4285/2692/4071 4291/2326/4071 387/320/4071
f 387/320/4072 4291/2326/4072 357/316/4072
f 4289/2697/4073 4280/2690/4073 4284/2693/4073
f 1161/951/4074 1185/977/4074 4284/2693/4074
f 4289/2697/4075 4284/2693/4075 1185/977/4075
f 4238/2673/4076 4294/2699/4076 4224/2389/4076
f 4453/983/4077 4289/2697/4077 1185/977/4077
f 4229/296/4078 4218/2664/4078 4295/297/4078
f 4220/2663/4079 4238/2673/4079 4224/2389/4079
f 466/372/4080 326/298/4080 4295/297/4080
f 4261/2685/4081 4295/297/4081 4254/2680/4081
f 3502/2399/4082 2737/2057/4082 4103/2616/4082
f 4103/2616/4083 4296/2700/4083 3502/2399/4083
f 4140/2617/4084 4103/2616/4084 4101/2613/4084
f 4292/2701/4085 4253/2681/4085 4274/2529/4085
f 4287/2698/4086 4292/2701/4086 4274/2529/4086
f 4287/2698/4087 4308/2702/4087 4292/2701/4087
f 4309/2703/4088 4296/2700/4088 4103/2616/4088
f 4310/2704/4089 3499/2388/4089 4296/2700/4089
f 4296/2700/4090 3499/2388/4090 3502/2399/4090
f 4294/2705/4091 4238/2706/4091 4311/2707/4091
f 466/372/4092 4261/2685/4092 4314/389/4092
f 4295/297/4093 4261/2685/4093 466/372/4093
f 4238/2706/4094 4257/2695/4094 4311/2707/4094
f 4311/2707/4095 4302/2708/4095 4294/2705/4095
f 4313/2709/4096 4208/2658/4096 4221/2666/4096
f 4261/2685/4097 4279/2686/4097 4314/389/4097
f 4314/389/4098 4319/460/4098 498/390/4098
f 4279/2686/4099 4319/460/4099 4314/389/4099
f 3499/2388/4100 4310/2704/4100 3617/2401/4100
f 4278/2689/4101 4319/460/4101 4279/2686/4101
f 4319/460/4102 4278/2689/4102 4283/2694/4102
f 4313/2709/4103 4221/2666/4103 4267/2684/4103
f 4322/2710/4104 4310/2704/4104 4296/2700/4104
f 4296/2700/4105 4309/2703/4105 4322/2710/4105
f 4336/2711/4106 4267/2684/4106 4253/2681/4106
f 4336/2711/4107 4327/2712/4107 4267/2684/4107
f 4313/2709/4108 4267/2684/4108 4317/2713/4108
f 4319/460/4109 4329/2714/4109 505/433/4109
f 4302/2708/4110 4623/2715/4110 4620/2716/4110
f 4302/2708/4111 4311/2707/4111 4623/2715/4111
f 4329/2714/4112 4319/460/4112 4283/2694/4112
f 4331/2717/4113 4309/2703/4113 4140/2617/4113
f 4103/2616/4114 4140/2617/4114 4309/2703/4114
f 505/433/4115 4329/2714/4115 601/475/4115
f 4267/2684/4116 4335/2718/4116 4317/2713/4116
f 4267/2684/4117 4327/2712/4117 4335/2718/4117
f 4336/2711/4118 4253/2681/4118 4292/2701/4118
f 4085/2606/4119 4095/2610/4119 4337/2622/4119
f 4257/2695/4120 4318/2719/4120 4311/2707/4120
f 4318/2719/4121 4257/2695/4121 4285/2692/4121
f 4318/2719/4122 4623/2715/4122 4311/2707/4122
f 4337/2622/4123 4124/2621/4123 4283/2694/4123
f 4318/2719/4124 4338/2720/4124 4623/2715/4124
f 4292/2701/4125 4344/2721/4125 4336/2711/4125
f 4318/2719/4126 4285/2692/4126 387/320/4126
f 4318/2719/4127 387/320/4127 386/324/4127
f 4318/2719/4128 386/324/4128 422/349/4128
f 4327/2712/4129 4336/2711/4129 4345/2722/4129
f 4158/2639/4130 4140/2617/4130 4100/2614/4130
f 4158/2639/4131 4331/2717/4131 4140/2617/4131
f 4150/2640/4132 4264/2654/4132 4158/2639/4132
f 4124/2621/4133 4341/2723/4133 4283/2694/4133
f 4158/2639/4134 4264/2654/4134 4331/2717/4134
f 4264/2654/4135 4361/2724/4135 4331/2717/4135
f 4124/2621/4136 4128/2625/4136 4341/2723/4136
f 4350/2725/4137 4128/2625/4137 2328/2626/4137
f 4352/2726/4138 4309/2703/4138 4331/2717/4138
f 4336/2711/4139 4344/2721/4139 4354/2727/4139
f 4318/2719/4140 422/349/4140 4338/2720/4140
f 4354/2727/4141 4345/2722/4141 4336/2711/4141
f 2328/1608/4142 2474/1772/4142 4350/2728/4142
f 4350/2725/4143 4341/2723/4143 4128/2625/4143
f 4309/2703/4144 4352/2726/4144 4322/2710/4144
f 4358/2533/4145 4360/2729/4145 4287/2698/4145
f 4352/2726/4146 4402/2730/4146 4322/2710/4146
f 3604/2440/4147 4224/2731/4147 4294/2705/4147
f 4294/2705/4148 4368/2438/4148 3604/2440/4148
f 4361/2724/4149 4352/2726/4149 4331/2717/4149
f 4361/2724/4150 4415/2732/4150 4352/2726/4150
f 4358/2733/4151 4357/2734/4151 4360/2735/4151
f 4074/2736/4152 4357/2734/4152 4358/2733/4152
f 4308/2702/4153 4287/2698/4153 4360/2729/4153
f 4329/2714/4154 4341/2723/4154 602/476/4154
f 4329/2714/4155 4283/2694/4155 4341/2723/4155
f 602/1268/4156 4341/2737/4156 4366/2738/4156
f 4369/2739/4157 4308/2740/4157 4360/2735/4157
f 601/475/4158 4329/2714/4158 602/476/4158
f 4357/2734/4159 4382/2741/4159 4360/2735/4159
f 4371/1269/4160 602/1268/4160 4366/2738/4160
f 4369/2739/4161 4360/2735/4161 4382/2741/4161
f 1891/1271/4162 4371/1269/4162 1927/1307/4162
f 4083/2742/4163 4357/2734/4163 4074/2736/4163
f 3658/2452/4164 3617/2401/4164 4365/2743/4164
f 4302/2708/4165 4368/2438/4165 4294/2705/4165
f 3617/2401/4166 4378/2744/4166 4365/2743/4166
f 4350/2728/4167 2474/1772/4167 4366/2738/4167
f 2474/1772/4168 4375/1816/4168 4366/2738/4168
f 4375/1816/4169 4371/1269/4169 4366/2738/4169
f 4366/2745/4170 4341/2723/4170 4350/2725/4170
f 75/168/4171 4083/2602/4171 35/156/4171
f 75/2746/4172 4357/2734/4172 4083/2742/4172
f 4375/1816/4173 1927/1307/4173 4371/1269/4173
f 4375/1816/4174 2479/1783/4174 2516/1817/4174
f 1927/1307/4175 2516/1817/4175 2526/1308/4175
f 4375/1816/4176 2516/1817/4176 1927/1307/4176
f 4402/2730/4177 4378/2744/4177 4322/2710/4177
f 4322/2710/4178 4378/2744/4178 4310/2704/4178
f 3617/2401/4179 4310/2704/4179 4378/2744/4179
f 3703/2478/4180 3649/2400/4180 4386/2747/4180
f 4386/2747/4181 3658/2452/4181 4365/2743/4181
f 4386/2747/4182 3649/2400/4182 3658/2452/4182
f 75/2746/4183 84/188/4183 4357/2734/4183
f 2967/2284/4184 4396/2287/4184 4388/2285/4184
f 4382/2741/4185 4357/2734/4185 84/188/4185
f 4368/2438/4186 4418/2748/4186 4440/2749/4186
f 4365/2743/4187 4378/2744/4187 4393/2750/4187
f 4393/2750/4188 4386/2747/4188 4365/2743/4188
f 4396/2287/4189 2967/2284/4189 4168/2751/4189
f 4292/2701/4190 4308/2702/4190 4344/2721/4190
f 4397/2752/4191 3703/2478/4191 4386/2747/4191
f 4386/2747/4192 4393/2750/4192 4397/2752/4192
f 4344/2721/4193 4308/2702/4193 4404/2753/4193
f 3216/2288/4194 4396/2287/4194 4398/2754/4194
f 4396/2287/4195 4168/2751/4195 4201/2755/4195
f 4203/2661/4196 4201/2660/4196 4185/2650/4196
f 4201/2660/4197 4203/2661/4197 4400/318/4197
f 4378/2744/4198 4402/2730/4198 4403/2756/4198
f 4620/2716/4199 4418/2748/4199 4302/2708/4199
f 4368/2438/4200 4302/2708/4200 4418/2748/4200
f 4404/2753/4201 4354/2727/4201 4344/2721/4201
f 4400/318/4202 4203/2661/4202 318/302/4202
f 4396/2287/4203 4201/2755/4203 4410/2757/4203
f 4382/2741/4204 94/190/4204 110/193/4204
f 84/188/4205 94/190/4205 4382/2741/4205
f 4378/2744/4206 4403/2756/4206 4393/2750/4206
f 4402/2730/4207 4415/2732/4207 4403/2756/4207
f 4403/2756/4208 4415/2732/4208 4422/2758/4208
f 4412/192/4209 4369/2739/4209 4382/2741/4209
f 4412/192/4210 4382/2741/4210 110/193/4210
f 4352/2726/4211 4415/2732/4211 4402/2730/4211
f 4412/192/4212 172/228/4212 4404/2759/4212
f 4416/2760/4213 4422/2758/4213 4421/2761/4213
f 4308/2740/4214 4412/192/4214 4404/2759/4214
f 4393/2750/4215 4403/2756/4215 4416/2760/4215
f 4308/2740/4216 4369/2739/4216 4412/192/4216
f 4104/1056/4217 4167/2632/4217 4426/1059/4217
f 4410/2757/4218 4398/2754/4218 4396/2287/4218
f 4393/2750/4219 4416/2760/4219 4397/2752/4219
f 4418/2748/4220 4432/2762/4220 4594/2763/4220
f 4422/2758/4221 4416/2760/4221 4403/2756/4221
f 4415/2732/4222 4434/2764/4222 4422/2758/4222
f 4264/2654/4223 4423/2765/4223 4361/2724/4223
f 4264/2654/4224 4424/2766/4224 4423/2765/4224
f 4264/2654/4225 4265/2653/4225 4424/2766/4225
f 4167/2632/4226 4174/2648/4226 4426/1059/4226
f 4424/2767/4227 4272/2688/4227 4427/2768/4227
f 4424/2767/4228 4265/2657/4228 4272/2688/4228
f 4201/2755/4229 4400/2769/4229 4410/2757/4229
f 4428/2770/4230 4429/1064/4230 4426/1059/4230
f 4174/2648/4231 4428/2770/4231 4426/1059/4231
f 365/346/4232 4400/2769/4232 322/336/4232
f 4424/2766/4233 4430/2771/4233 4423/2765/4233
f 4410/2757/4234 4400/2769/4234 365/346/4234
f 4427/2768/4235 4430/2772/4235 4424/2767/4235
f 3217/2298/4236 3216/2288/4236 4398/2754/4236
f 4427/2768/4237 4431/2773/4237 4430/2772/4237
f 4427/2768/4238 4450/2774/4238 4431/2773/4238
f 4422/2758/4239 4434/2764/4239 4437/2775/4239
f 4361/2724/4240 4435/2776/4240 4415/2732/4240
f 4435/2776/4241 4434/2764/4241 4415/2732/4241
f 4175/2644/4242 4428/2770/4242 4174/2648/4242
f 4436/2777/4243 4361/2724/4243 4423/2765/4243
f 4423/2765/4244 4430/2771/4244 4436/2777/4244
f 4435/2776/4245 4361/2724/4245 4436/2777/4245
f 4435/2776/4246 4436/2777/4246 4434/2764/4246
f 3700/2489/4247 4368/2438/4247 4440/2749/4247
f 3217/2298/4248 4398/2754/4248 4439/2778/4248
f 4433/2779/4249 3217/2298/4249 4439/2778/4249
f 4436/2777/4250 4430/2771/4250 4447/2780/4250
f 4431/2781/4251 4447/2780/4251 4430/2771/4251
f 4447/2780/4252 4449/1654/4252 4443/2782/4252
f 4443/2782/4253 4436/2777/4253 4447/2780/4253
f 4443/2782/4254 4434/2764/4254 4436/2777/4254
f 4175/2644/4255 4173/2645/4255 4448/2671/4255
f 4450/2774/4256 4427/2768/4256 4451/2783/4256
f 4427/2768/4257 4288/2696/4257 4451/2783/4257
f 4427/2768/4258 4272/2688/4258 4288/2696/4258
f 4410/2757/4259 4452/2784/4259 4398/2754/4259
f 4398/2754/4260 4452/2784/4260 4439/2778/4260
f 4451/2783/4261 2371/1732/4261 4450/2774/4261
f 4451/2783/4262 4288/2696/4262 4289/2697/4262
f 4451/2783/4263 4289/2697/4263 4453/983/4263
f 2363/1706/4264 4451/2783/4264 4453/983/4264
f 4451/2783/4265 2363/1706/4265 2371/1732/4265
f 4440/2749/4266 3897/2785/4266 3700/2489/4266
f 4431/2781/4267 2443/1755/4267 2364/1655/4267
f 2364/1655/4268 4447/2780/4268 4431/2781/4268
f 4431/2773/4269 4450/2774/4269 2443/1734/4269
f 2371/1732/4270 2443/1734/4270 4450/2774/4270
f 4449/1654/4271 4447/2780/4271 2364/1655/4271
f 3703/2478/4272 4397/2752/4272 4455/2540/4272
f 4410/2757/4273 365/346/4273 419/345/4273
f 4175/2644/4274 4461/2786/4274 4428/2770/4274
f 419/345/4275 4452/2784/4275 4410/2757/4275
f 1321/1077/4276 1310/1072/4276 4429/1064/4276
f 419/345/4277 4457/369/4277 4452/2784/4277
f 3939/2472/4278 3703/2478/4278 4455/2540/4278
f 4458/2787/4279 4452/2784/4279 4457/369/4279
f 4458/2787/4280 29/147/4280 4439/2778/4280
f 4439/2778/4281 4452/2784/4281 4458/2787/4281
f 1321/1077/4282 4429/1064/4282 4428/2770/4282
f 4175/2644/4283 4448/2671/4283 4461/2786/4283
f 4455/2540/4284 4397/2752/4284 4462/2788/4284
f 3945/2541/4285 4455/2540/4285 4465/2789/4285
f 3945/2541/4286 4465/2789/4286 3965/2543/4286
f 4465/2789/4287 3969/2550/4287 3965/2543/4287
f 4457/369/4288 40/154/4288 4464/153/4288
f 4465/2789/4289 4455/2540/4289 4462/2788/4289
f 4458/2787/4290 4457/369/4290 4464/153/4290
f 4465/2789/4291 4462/2788/4291 4466/2790/4291
f 4478/2791/4292 4465/2789/4292 4466/2790/4292
f 781/655/4293 4463/2792/4293 792/653/4293
f 4463/2792/4294 1321/1077/4294 4428/2770/4294
f 781/655/4295 1321/1077/4295 4463/2792/4295
f 626/467/4296 1321/1077/4296 781/655/4296
f 3897/2785/4297 4440/2749/4297 4460/2793/4297
f 3252/2302/4298 4433/2779/4298 4468/2794/4298
f 4397/2752/4299 4416/2760/4299 4462/2788/4299
f 4416/2760/4300 4421/2761/4300 4462/2788/4300
f 3217/2298/4301 4433/2779/4301 3252/2302/4301
f 4462/2788/4302 4477/2795/4302 4466/2790/4302
f 4477/2795/4303 4421/2761/4303 4476/2796/4303
f 4477/2795/4304 4462/2788/4304 4421/2761/4304
f 4482/2571/4305 3959/2542/4305 3969/2550/4305
f 4482/2571/4306 3969/2550/4306 4478/2791/4306
f 3969/2550/4307 4465/2789/4307 4478/2791/4307
f 4480/2797/4308 4479/2798/4308 4478/2791/4308
f 60/146/4309 59/161/4309 3252/2302/4309
f 4478/2791/4310 4466/2790/4310 4477/2795/4310
f 4477/2795/4311 4480/2797/4311 4478/2791/4311
f 4468/2794/4312 60/146/4312 3252/2302/4312
f 4476/2796/4313 4480/2797/4313 4477/2795/4313
f 4482/2571/4314 4001/2799/4314 4000/2569/4314
f 4439/2778/4315 29/147/4315 4468/2794/4315
f 4478/2791/4316 4483/2800/4316 4482/2571/4316
f 4478/2791/4317 4479/2798/4317 4483/2800/4317
f 792/653/4318 4463/2792/4318 4461/2786/4318
f 4483/2800/4319 4001/2799/4319 4482/2571/4319
f 4483/2800/4320 4546/2801/4320 4001/2799/4320
f 4428/2770/4321 4461/2786/4321 4463/2792/4321
f 4476/2796/4322 4486/2802/4322 4480/2797/4322
f 4439/2778/4323 4468/2794/4323 4433/2779/4323
f 4479/2798/4324 4546/2801/4324 4483/2800/4324
f 4479/2798/4325 4485/2803/4325 4546/2801/4325
f 4479/2798/4326 4486/2802/4326 4485/2803/4326
f 4480/2797/4327 4486/2802/4327 4479/2798/4327
f 4484/2804/4328 4505/695/4328 826/684/4328
f 4421/2761/4329 4437/2775/4329 4494/2805/4329
f 4461/2786/4330 826/684/4330 792/653/4330
f 29/147/4331 60/146/4331 4468/2794/4331
f 4437/2775/4332 4421/2761/4332 4422/2758/4332
f 4434/2764/4333 4495/2806/4333 4437/2775/4333
f 4495/2806/4334 4494/2805/4334 4437/2775/4334
f 4494/2805/4335 4476/2796/4335 4421/2761/4335
f 4464/153/4336 29/147/4336 4458/2787/4336
f 4494/2805/4337 4495/2806/4337 4497/2807/4337
f 4498/2808/4338 4495/2806/4338 4443/2782/4338
f 4443/2782/4339 4495/2806/4339 4434/2764/4339
f 4476/2796/4340 4494/2805/4340 4499/2809/4340
f 4484/2804/4341 826/684/4341 4461/2786/4341
f 4497/2807/4342 4495/2806/4342 4498/2808/4342
f 4443/2782/4343 4449/1654/4343 4498/2808/4343
f 4498/2808/4344 2373/1656/4344 2607/1932/4344
f 4498/2808/4345 4449/1654/4345 2373/1656/4345
f 4499/2809/4346 4494/2805/4346 4497/2807/4346
f 4497/2807/4347 2607/1932/4347 4510/2810/4347
f 4498/2808/4348 2607/1932/4348 4497/2807/4348
f 2607/1932/4349 2381/1944/4349 4510/2810/4349
f 4510/2810/4350 2381/1944/4350 2382/1975/4350
f 4514/2811/4351 4499/2809/4351 4513/2812/4351
f 4514/2811/4352 4476/2796/4352 4499/2809/4352
f 4514/2811/4353 4486/2802/4353 4476/2796/4353
f 4486/2802/4354 4514/2811/4354 4515/2813/4354
f 4514/2811/4355 4513/2812/4355 4515/2813/4355
f 826/684/4356 4505/695/4356 835/686/4356
f 4515/2813/4357 4485/2803/4357 4486/2802/4357
f 4448/2671/4358 4313/2672/4358 4484/2804/4358
f 4448/2671/4359 4484/2804/4359 4461/2786/4359
f 4317/2814/4360 4484/2804/4360 4313/2672/4360
f 4513/2812/4361 4520/2815/4361 4515/2813/4361
f 4520/2815/4362 4518/2816/4362 4515/2813/4362
f 4335/2817/4363 4519/2818/4363 4317/2814/4363
f 4513/2812/4364 4499/2809/4364 4522/2819/4364
f 4497/2807/4365 4510/2810/4365 4522/2819/4365
f 4499/2809/4366 4497/2807/4366 4522/2819/4366
f 4513/2812/4367 4522/2819/4367 4525/2820/4367
f 4522/2819/4368 4510/2810/4368 2382/1975/4368
f 4484/2804/4369 4317/2814/4369 4524/2821/4369
f 4519/2818/4370 4524/2821/4370 4317/2814/4370
f 2382/1975/4371 4525/2820/4371 4522/2819/4371
f 4335/2817/4372 4528/2822/4372 4519/2818/4372
f 4327/2712/4373 4345/2722/4373 4335/2718/4373
f 4525/2820/4374 4520/2815/4374 4513/2812/4374
f 4440/2749/4375 4594/2763/4375 4460/2793/4375
f 4440/2749/4376 4418/2748/4376 4594/2763/4376
f 4335/2718/4377 4345/2722/4377 4528/2823/4377
f 4544/2824/4378 4345/2722/4378 4354/2727/4378
f 4484/2804/4379 4524/2821/4379 4505/695/4379
f 990/1000/4380 4001/2575/4380 1192/1001/4380
f 1209/2825/4381 4001/2575/4381 4546/2826/4381
f 1209/2825/4382 1192/1001/4382 4001/2575/4382
f 4528/2822/4383 4549/753/4383 4519/2818/4383
f 4505/695/4384 4519/2818/4384 4549/753/4384
f 4519/2818/4385 4505/695/4385 4524/2821/4385
f 4546/2801/4386 4552/2827/4386 1209/2828/4386
f 4552/2827/4387 4546/2801/4387 4485/2803/4387
f 4354/2829/4388 4404/2759/4388 4561/2830/4388
f 4515/2813/4389 4556/2831/4389 4485/2803/4389
f 4556/2831/4390 4552/2827/4390 4485/2803/4390
f 4518/2816/4391 4556/2831/4391 4515/2813/4391
f 2440/1730/4392 4565/2832/4392 2333/1625/4392
f 4567/1627/4393 2333/1625/4393 4565/2832/4393
f 4528/2823/4394 4345/2722/4394 4544/2824/4394
f 4561/2830/4395 4544/2833/4395 4354/2829/4395
f 64/170/4396 2354/1635/4396 63/178/4396
f 4570/202/4397 63/178/4397 2360/1640/4397
f 2354/1635/4398 2360/1640/4398 63/178/4398
f 4567/1627/4399 4570/202/4399 2360/1640/4399
f 4404/2759/4400 172/228/4400 4561/2830/4400
f 4565/2832/4401 4574/2834/4401 4567/1627/4401
f 174/191/4402 172/228/4402 4412/192/4402
f 172/228/4403 191/230/4403 4561/2830/4403
f 4570/202/4404 4567/1627/4404 4582/2835/4404
f 4549/753/4405 4528/2822/4405 911/771/4405
f 176/213/4406 92/181/4406 4570/202/4406
f 911/771/4407 845/712/4407 4549/753/4407
f 4585/2836/4408 943/786/4408 911/771/4408
f 4585/2837/4409 213/232/4409 943/800/4409
f 181/212/4410 92/181/4410 176/213/4410
f 4561/2830/4411 4585/2837/4411 4544/2833/4411
f 4585/2838/4412 911/2839/4412 4528/2823/4412
f 4585/2838/4413 4528/2823/4413 4544/2824/4413
f 4582/2835/4414 176/213/4414 4570/202/4414
f 4591/2840/4415 176/213/4415 4582/2835/4415
f 213/232/4416 4561/2830/4416 191/230/4416
f 4460/2793/4417 4578/2841/4417 3897/2785/4417
f 2440/1730/4418 2334/1622/4418 2446/1738/4418
f 2440/1730/4419 4596/2842/4419 4565/2832/4419
f 4596/2842/4420 4574/2834/4420 4565/2832/4420
f 4578/2841/4421 4460/2793/4421 4637/2843/4421
f 4561/2830/4422 213/232/4422 4585/2837/4422
f 2440/1730/4423 2446/1738/4423 4599/425/4423
f 529/458/4424 2432/1718/4424 503/1761/4424
f 529/458/4425 537/422/4425 2432/1718/4425
f 2432/1718/4426 537/422/4426 2446/1738/4426
f 537/422/4427 4599/425/4427 2446/1738/4427
f 4599/425/4428 4596/2842/4428 2440/1730/4428
f 2336/1605/4429 2289/1153/4429 4602/2844/4429
f 4599/425/4430 555/424/4430 598/466/4430
f 4574/2834/4431 4582/2835/4431 4567/1627/4431
f 4602/2844/4432 4608/1159/4432 4614/2845/4432
f 4574/2834/4433 4609/2846/4433 4605/2847/4433
f 4608/1159/4434 2289/1153/4434 1585/1152/4434
f 4602/2844/4435 2289/1153/4435 4608/1159/4435
f 4574/2834/4436 4605/2847/4436 4582/2835/4436
f 4432/2762/4437 58/163/4437 4594/2763/4437
f 4582/2835/4438 4605/2847/4438 4591/2840/4438
f 4596/2842/4439 4599/425/4439 4611/2848/4439
f 4609/2846/4440 4596/2842/4440 4611/2848/4440
f 4460/2793/4441 4594/2763/4441 58/163/4441
f 4609/2846/4442 4574/2834/4442 4596/2842/4442
f 4460/2793/4443 58/163/4443 4637/2843/4443
f 4610/2849/4444 4614/2845/4444 4634/2850/4444
f 4608/1159/4445 4634/2850/4445 4614/2845/4445
f 4602/2844/4446 4614/2845/4446 2336/1605/4446
f 598/466/4447 4611/2848/4447 4599/425/4447
f 736/465/4448 4611/2848/4448 598/466/4448
f 4591/2840/4449 242/214/4449 176/213/4449
f 58/163/4450 62/165/4450 4637/2843/4450
f 4609/2846/4451 4616/2851/4451 4605/2847/4451
f 4591/2840/4452 288/270/4452 242/214/4452
f 4591/2840/4453 4605/2847/4453 4616/2851/4453
f 303/278/4454 4591/2840/4454 4616/2851/4454
f 288/270/4455 4591/2840/4455 303/278/4455
f 4620/2716/4456 4432/2762/4456 4418/2748/4456
f 4432/2762/4457 4620/2716/4457 70/167/4457
f 2357/1638/4458 2336/1605/4458 4614/2845/4458
f 4002/2565/4459 4614/2845/4459 4622/2852/4459
f 2357/1638/4460 4614/2845/4460 4002/2565/4460
f 4623/2715/4461 4625/209/4461 4620/2716/4461
f 736/465/4462 4609/2846/4462 4611/2848/4462
f 736/465/4463 4621/2853/4463 4609/2846/4463
f 736/465/4464 2/610/4464 4621/2853/4464
f 70/167/4465 4620/2716/4465 4625/209/4465
f 4609/2846/4466 4621/2853/4466 4616/2851/4466
f 58/163/4467 4432/2762/4467 70/167/4467
f 4622/2852/4468 4614/2845/4468 4610/2849/4468
f 4578/2854/4469 4039/2580/4469 3897/2505/4469
f 4621/2853/4470 3/288/4470 4616/2851/4470
f 313/287/4471 303/278/4471 3/288/4471
f 3/288/4472 303/278/4472 4616/2851/4472
f 2/610/4473 9/289/4473 3/288/4473
f 3/288/4474 4621/2853/4474 2/610/4474
f 4004/2574/4475 4622/2852/4475 4629/2855/4475
f 4622/2852/4476 4638/2856/4476 4629/2855/4476
f 1656/1176/4477 4634/2850/4477 4608/1159/4477
f 4608/1159/4478 1587/1158/4478 1656/1176/4478
f 4634/2850/4479 1656/1176/4479 4640/1209/4479
f 4578/2854/4480 4637/2857/4480 4039/2580/4480
f 4610/2849/4481 4634/2850/4481 4640/1209/4481
f 4610/2849/4482 4640/1209/4482 4638/2856/4482
f 1807/1207/4483 4646/272/4483 4640/1209/4483
f 4640/1209/4484 4646/272/4484 4638/2856/4484
f 4622/2852/4485 4610/2849/4485 4638/2856/4485
f 4042/2581/4486 4039/2580/4486 4645/2858/4486
f 4629/2855/4487 4649/283/4487 20/151/4487
f 4039/2580/4488 4637/2857/4488 4645/2858/4488
f 4645/2858/4489 4637/2857/4489 91/183/4489
f 4638/2856/4490 4649/283/4490 4629/2855/4490
f 4004/2574/4491 4002/2565/4491 4622/2852/4491
f 4629/2855/4492 4025/2576/4492 4004/2574/4492
f 4666/185/4493 4645/2858/4493 91/183/4493
f 4025/2576/4494 37/157/4494 4024/2579/4494
f 62/165/4495 91/200/4495 4637/2843/4495
f 4024/2579/4496 37/157/4496 35/156/4496
f 4629/2855/4497 37/157/4497 4025/2576/4497
f 57/159/4498 37/157/4498 4629/2855/4498
f 4629/2855/4499 20/151/4499 57/159/4499
f 4646/272/4500 296/274/4500 4638/2856/4500
f 4649/283/4501 4638/2856/4501 296/274/4501
f 4649/283/4502 19/149/4502 20/151/4502
f 4666/185/4503 4042/2581/4503 4645/2858/4503
f 4666/185/4504 4665/2646/4504 4063/2597/4504
f 4042/2581/4505 4666/185/4505 4063/2597/4505
f 4623/2715/4506 168/211/4506 4625/209/4506
f 4623/2715/4507 4338/2720/4507 168/211/4507
f 168/211/4508 4338/2720/4508 455/365/4508
f 455/365/4509 4338/2720/4509 422/349/4509
f 423/348/4510 455/365/4510 422/349/4510
f 203/222/4511 168/211/4511 455/365/4511
f 203/222/4512 455/365/4512 452/224/4512
f 4666/185/4513 4675/245/4513 4665/2646/4513
f 4176/2643/4514 4665/2646/4514 27/140/4514
f 4176/2643/4515 27/140/4515 21/142/4515
f 4665/2646/4516 4675/245/4516 27/140/4516
f 4675/245/4517 252/246/4517 27/140/4517
f 252/246/4518 32/152/4518 27/140/4518
f 56/256/4519 32/152/4519 252/246/4519
f 21/142/4520 4165/2638/4520 4176/2643/4520
f 4165/2638/4521 21/142/4521 4144/139/4521
f 16/141/4522 8/137/4522 21/142/4522
f 8/137/4523 4144/139/4523 21/142/4523
f 5/2859/4524 7/2860/4524 6/2861/4524
f 11/2862/4525 6/2861/4525 7/2860/4525
f 1/2863/4526 6/2861/4526 11/2862/4526
f 108/2864/4527 4654/2865/4527 10/2866/4527
f 28/2867/4528 26/2868/4528 4647/2869/4528
f 33/2870/4529 28/2867/4529 52/2871/4529
f 39/2872/4530 150/2873/4530 147/2874/4530
f 41/2875/4531 4647/2869/4531 26/2868/4531
f 41/2875/4532 26/2868/4532 50/2876/4532
f 48/2877/4533 67/2878/4533 54/2879/4533
f 48/2877/4534 47/2880/4534 67/2878/4534
f 38/2881/4535 47/2882/4535 39/2872/4535
f 47/2882/4536 85/2883/4536 39/2872/4536
f 1511/2884/4537 51/2885/4537 52/2871/4537
f 51/2885/4538 33/2870/4538 52/2871/4538
f 33/2870/4539 51/2885/4539 89/2886/4539
f 51/2885/4540 1648/2887/4540 89/2886/4540
f 33/2870/4541 50/2876/4541 26/2868/4541
f 50/2876/4542 33/2870/4542 89/2886/4542
f 85/2883/4543 165/2888/4543 106/2889/4543
f 47/2882/4544 48/2890/4544 85/2883/4544
f 71/2891/4545 124/2892/4545 44/2893/4545
f 111/2894/4546 43/2895/4546 44/2893/4546
f 117/2896/4547 111/2894/4547 116/2897/4547
f 105/2898/4548 108/2864/4548 10/2866/4548
f 116/2897/4549 111/2894/4549 123/2899/4549
f 111/2894/4550 124/2892/4550 125/2900/4550
f 111/2894/4551 44/2893/4551 124/2892/4551
f 124/2892/4552 71/2891/4552 109/2901/4552
f 109/2901/4553 1263/2902/4553 124/2892/4553
f 125/2900/4554 123/2899/4554 111/2894/4554
f 106/2889/4555 97/2903/4555 131/2904/4555
f 4673/2905/4556 100/2906/4556 103/2907/4556
f 4673/2905/4557 4655/2908/4557 100/2906/4557
f 100/2906/4558 106/2889/4558 103/2907/4558
f 100/2906/4559 97/2903/4559 106/2889/4559
f 41/2875/4560 148/2909/4560 105/2898/4560
f 147/2874/4561 150/2873/4561 97/2903/4561
f 147/2910/4562 97/2911/4562 38/2912/4562
f 38/2881/4563 39/2872/4563 147/2874/4563
f 148/2909/4564 205/2913/4564 105/2898/4564
f 131/2904/4565 97/2903/4565 150/2873/4565
f 39/2872/4566 131/2904/4566 150/2873/4566
f 255/2914/4567 123/2899/4567 125/2900/4567
f 159/2915/4568 160/2916/4568 158/2917/4568
f 156/2918/4569 159/2915/4569 165/2888/4569
f 169/2919/4570 117/2896/4570 188/2920/4570
f 159/2915/4571 158/2917/4571 165/2888/4571
f 4348/2921/4572 159/2915/4572 156/2918/4572
f 4348/2921/4573 178/2922/4573 159/2915/4573
f 50/2876/4574 202/2923/4574 148/2909/4574
f 187/2924/4575 164/2925/4575 188/2920/4575
f 188/2920/4576 164/2925/4576 169/2919/4576
f 148/2909/4577 41/2875/4577 50/2876/4577
f 159/2915/4578 178/2922/4578 160/2916/4578
f 160/2916/4579 178/2922/4579 258/2926/4579
f 205/2913/4580 148/2909/4580 202/2923/4580
f 50/2876/4581 89/2886/4581 202/2923/4581
f 105/2898/4582 205/2913/4582 108/2864/4582
f 108/2864/4583 205/2913/4583 204/2927/4583
f 209/2928/4584 207/2929/4584 208/2930/4584
f 156/2918/4585 85/2883/4585 48/2890/4585
f 156/2918/4586 165/2888/4586 85/2883/4586
f 209/2928/4587 212/2931/4587 211/2932/4587
f 164/2925/4588 187/2924/4588 200/2933/4588
f 200/2933/4589 187/2924/4589 215/2934/4589
f 200/2933/4590 215/2934/4590 572/2935/4590
f 286/2936/4591 215/2934/4591 187/2924/4591
f 225/2937/4592 209/2928/4592 211/2932/4592
f 158/2917/4593 4673/2905/4593 103/2907/4593
f 158/2917/4594 103/2907/4594 106/2889/4594
f 165/2888/4595 158/2917/4595 106/2889/4595
f 425/2938/4596 212/2939/4596 226/2940/4596
f 211/2941/4597 212/2939/4597 425/2938/4597
f 4454/2942/4598 4650/2943/4598 232/2944/4598
f 116/2897/4599 188/2920/4599 117/2896/4599
f 211/2932/4600 234/2945/4600 225/2937/4600
f 123/2899/4601 231/2946/4601 116/2897/4601
f 235/2947/4602 256/2948/4602 232/2949/4602
f 211/2932/4603 280/2950/4603 234/2945/4603
f 116/2897/4604 187/2924/4604 188/2920/4604
f 116/2897/4605 231/2946/4605 271/2951/4605
f 235/2947/4606 232/2949/4606 4650/2952/4606
f 271/2951/4607 187/2924/4607 116/2897/4607
f 231/2946/4608 123/2899/4608 255/2914/4608
f 238/2953/4609 234/2945/4609 280/2950/4609
f 274/2954/4610 290/2955/4610 277/2956/4610
f 274/2954/4611 293/2957/4611 290/2955/4611
f 278/2958/4612 100/2906/4612 4655/2908/4612
f 286/2936/4613 187/2924/4613 271/2951/4613
f 278/2958/4614 4655/2908/4614 277/2959/4614
f 304/2960/4615 271/2951/4615 231/2946/4615
f 277/2959/4616 4655/2908/4616 274/2961/4616
f 290/2955/4617 289/2962/4617 277/2956/4617
f 292/2963/4618 291/2964/4618 290/2955/4618
f 291/2964/4619 289/2962/4619 290/2955/4619
f 293/2957/4620 4583/2965/4620 290/2955/4620
f 280/2966/4621 211/2941/4621 283/2967/4621
f 211/2941/4622 272/2968/4622 283/2967/4622
f 297/2969/4623 234/2945/4623 238/2953/4623
f 310/2970/4624 297/2971/4624 238/2972/4624
f 475/2973/4625 286/2936/4625 271/2951/4625
f 231/2946/4626 255/2914/4626 1313/2974/4626
f 271/2951/4627 304/2960/4627 475/2973/4627
f 306/2975/4628 4534/2976/4628 307/2977/4628
f 312/2978/4629 307/2977/4629 4534/2976/4629
f 97/2903/4630 100/2906/4630 278/2958/4630
f 308/2979/4631 306/2980/4631 4587/2981/4631
f 311/2982/4632 306/2980/4632 308/2979/4632
f 291/2964/4633 2926/2983/4633 2903/2984/4633
f 319/2985/4634 11/2862/4634 7/2860/4634
f 5/2859/4635 316/2986/4635 7/2860/4635
f 7/2860/4636 316/2986/4636 319/2985/4636
f 316/2986/4637 315/2987/4637 319/2985/4637
f 238/2972/4638 358/2988/4638 310/2970/4638
f 312/2989/4639 43/2895/4639 307/2990/4639
f 234/2945/4640 297/2969/4640 860/2991/4640
f 164/2925/4641 334/2992/4641 308/2979/4641
f 334/2992/4642 200/2933/4642 335/2993/4642
f 334/2992/4643 164/2925/4643 200/2933/4643
f 337/2994/4644 335/2993/4644 200/2933/4644
f 346/2995/4645 864/2996/4645 297/2971/4645
f 297/2971/4646 310/2970/4646 355/2997/4646
f 355/2997/4647 346/2995/4647 297/2971/4647
f 310/2970/4648 414/2998/4648 355/2997/4648
f 388/2999/4649 374/3000/4649 343/3001/4649
f 376/3002/4650 381/3003/4650 380/3004/4650
f 4580/3005/4651 381/3003/4651 376/3002/4651
f 380/3004/4652 381/3003/4652 378/3006/4652
f 358/2988/4653 280/2966/4653 283/2967/4653
f 378/3007/4654 384/3008/4654 380/3009/4654
f 358/2988/4655 238/2972/4655 280/2966/4655
f 388/2999/4656 376/3010/4656 380/3009/4656
f 388/2999/4657 343/3001/4657 376/3010/4657
f 380/3009/4658 384/3008/4658 388/2999/4658
f 394/3011/4659 388/2999/4659 384/3008/4659
f 374/3000/4660 388/2999/4660 392/3012/4660
f 459/3013/4661 393/3014/4661 358/2988/4661
f 459/3013/4662 358/2988/4662 283/2967/4662
f 358/2988/4663 393/3014/4663 397/3015/4663
f 397/3015/4664 417/3016/4664 358/2988/4664
f 394/3011/4665 392/3012/4665 388/2999/4665
f 417/3016/4666 414/2998/4666 358/2988/4666
f 310/2970/4667 358/2988/4667 414/2998/4667
f 394/3011/4668 384/3008/4668 647/3017/4668
f 420/3018/4669 392/3012/4669 394/3011/4669
f 421/3019/4670 215/2934/4670 286/2936/4670
f 572/2935/4671 215/2934/4671 421/3019/4671
f 425/2938/4672 461/3020/4672 272/2968/4672
f 272/2968/4673 211/2941/4673 425/2938/4673
f 421/3019/4674 286/2936/4674 440/3021/4674
f 440/3021/4675 286/2936/4675 475/2973/4675
f 459/3013/4676 283/2967/4676 272/2968/4676
f 272/2968/4677 393/3014/4677 459/3013/4677
f 461/3020/4678 393/3014/4678 272/2968/4678
f 508/3022/4679 421/3019/4679 440/3021/4679
f 425/2938/4680 226/2940/4680 465/3023/4680
f 461/3020/4681 425/2938/4681 465/3023/4681
f 465/3023/4682 226/2940/4682 480/3024/4682
f 508/3022/4683 634/3025/4683 421/3019/4683
f 508/3026/4684 506/3027/4684 634/3028/4684
f 517/3029/4685 465/3023/4685 480/3024/4685
f 465/3023/4686 517/3029/4686 461/3020/4686
f 506/3027/4687 508/3026/4687 522/3030/4687
f 397/3015/4688 393/3014/4688 528/3031/4688
f 528/3031/4689 393/3014/4689 540/3032/4689
f 461/3020/4690 540/3032/4690 393/3014/4690
f 397/3015/4691 528/3031/4691 542/3033/4691
f 543/3034/4692 381/3003/4692 337/2994/4692
f 461/3020/4693 551/3035/4693 540/3032/4693
f 549/3036/4694 543/3034/4694 572/2935/4694
f 528/3031/4695 540/3032/4695 586/3037/4695
f 461/3020/4696 517/3029/4696 551/3035/4696
f 381/3003/4697 548/3038/4697 378/3006/4697
f 381/3003/4698 543/3034/4698 548/3038/4698
f 200/2933/4699 572/2935/4699 337/2994/4699
f 337/2994/4700 572/2935/4700 543/3034/4700
f 549/3036/4701 572/2935/4701 421/3019/4701
f 528/3031/4702 586/3037/4702 542/3033/4702
f 543/3034/4703 549/3036/4703 548/3038/4703
f 378/3007/4704 548/3039/4704 589/3040/4704
f 590/3041/4705 4562/3042/4705 597/3043/4705
f 226/2940/4706 4562/3044/4706 590/3045/4706
f 590/3045/4707 480/3024/4707 226/2940/4707
f 589/3040/4708 593/3046/4708 378/3007/4708
f 384/3008/4709 378/3007/4709 593/3046/4709
f 593/3046/4710 589/3040/4710 662/3047/4710
f 590/3041/4711 625/3048/4711 480/3049/4711
f 549/3050/4712 589/3051/4712 548/3052/4712
f 421/3053/4713 634/3054/4713 549/3050/4713
f 634/3054/4714 662/3055/4714 589/3051/4714
f 589/3051/4715 549/3050/4715 634/3054/4715
f 590/3041/4716 597/3043/4716 625/3048/4716
f 384/3008/4717 593/3046/4717 647/3017/4717
f 662/3055/4718 634/3054/4718 760/3056/4718
f 665/3057/4719 662/3047/4719 760/3058/4719
f 662/3047/4720 665/3057/4720 705/3059/4720
f 668/3060/4721 480/3049/4721 625/3048/4721
f 517/3029/4722 480/3024/4722 668/3061/4722
f 679/3062/4723 625/3048/4723 597/3043/4723
f 625/3048/4724 677/3063/4724 668/3060/4724
f 677/3063/4725 625/3048/4725 706/3064/4725
f 662/3047/4726 666/3065/4726 593/3046/4726
f 647/3017/4727 593/3046/4727 666/3065/4727
f 662/3047/4728 705/3059/4728 666/3065/4728
f 706/3064/4729 679/3062/4729 704/3066/4729
f 706/3064/4730 625/3048/4730 679/3062/4730
f 517/3029/4731 668/3061/4731 717/3067/4731
f 703/3068/4732 708/3069/4732 1340/3070/4732
f 702/3071/4733 666/3065/4733 705/3059/4733
f 715/3072/4734 394/3011/4734 647/3017/4734
f 551/3035/4735 517/3029/4735 717/3067/4735
f 420/3018/4736 715/3072/4736 738/3073/4736
f 420/3018/4737 394/3011/4737 715/3072/4737
f 647/3017/4738 716/3074/4738 715/3072/4738
f 551/3035/4739 717/3067/4739 2520/3075/4739
f 723/3076/4740 717/3067/4740 668/3061/4740
f 717/3067/4741 723/3076/4741 2520/3075/4741
f 714/3077/4742 703/3068/4742 729/3078/4742
f 729/3079/4743 734/3080/4743 714/3081/4743
f 716/3074/4744 647/3017/4744 702/3071/4744
f 647/3017/4745 666/3065/4745 702/3071/4745
f 740/3082/4746 702/3071/4746 790/3083/4746
f 677/3063/4747 706/3064/4747 732/3084/4747
f 738/3073/4748 715/3072/4748 737/3085/4748
f 737/3085/4749 715/3072/4749 716/3074/4749
f 677/3063/4750 723/3086/4750 668/3060/4750
f 734/3080/4751 711/3087/4751 714/3081/4751
f 711/3087/4752 734/3080/4752 747/3088/4752
f 716/3074/4753 702/3071/4753 740/3082/4753
f 740/3082/4754 739/3089/4754 716/3074/4754
f 739/3089/4755 740/3082/4755 737/3085/4755
f 737/3085/4756 716/3074/4756 739/3089/4756
f 723/3086/4757 732/3084/4757 803/3090/4757
f 732/3084/4758 723/3086/4758 677/3063/4758
f 711/3087/4759 747/3088/4759 751/3091/4759
f 747/3088/4760 748/3092/4760 751/3091/4760
f 749/3093/4761 751/3091/4761 748/3092/4761
f 586/3037/4762 540/3032/4762 551/3035/4762
f 586/3037/4763 551/3035/4763 745/3094/4763
f 745/3094/4764 551/3035/4764 2520/3075/4764
f 746/3095/4765 737/3085/4765 840/3096/4765
f 634/3097/4766 506/3098/4766 760/3058/4766
f 760/3058/4767 506/3098/4767 665/3057/4767
f 753/3099/4768 757/3100/4768 764/3101/4768
f 768/3102/4769 769/3103/4769 770/3104/4769
f 770/3104/4770 727/3105/4770 768/3102/4770
f 764/3101/4771 769/3103/4771 768/3102/4771
f 526/3106/4772 665/3057/4772 506/3098/4772
f 665/3057/4773 526/3106/4773 772/3107/4773
f 705/3059/4774 665/3057/4774 772/3107/4774
f 704/3066/4775 679/3062/4775 4639/3108/4775
f 794/3109/4776 732/3084/4776 776/3110/4776
f 770/3104/4777 780/3111/4777 731/3112/4777
f 727/3105/4778 770/3104/4778 731/3112/4778
f 770/3104/4779 1273/3113/4779 780/3111/4779
f 732/3084/4780 706/3064/4780 704/3066/4780
f 776/3110/4781 732/3084/4781 704/3066/4781
f 705/3059/4782 790/3083/4782 702/3071/4782
f 776/3110/4783 96/3114/4783 794/3109/4783
f 794/3109/4784 797/3115/4784 732/3084/4784
f 96/3114/4785 797/3115/4785 794/3109/4785
f 705/3059/4786 772/3107/4786 790/3083/4786
f 820/3116/4787 790/3083/4787 772/3107/4787
f 797/3115/4788 96/3114/4788 108/2864/4788
f 797/3115/4789 108/2864/4789 204/2927/4789
f 818/3117/4790 821/3118/4790 819/3119/4790
f 820/3116/4791 847/3120/4791 790/3083/4791
f 847/3120/4792 820/3116/4792 837/3121/4792
f 819/3119/4793 824/3122/4793 825/3123/4793
f 827/3124/4794 822/3125/4794 4543/3126/4794
f 827/3124/4795 824/3122/4795 822/3125/4795
f 825/3123/4796 824/3122/4796 827/3124/4796
f 822/3125/4797 1300/3127/4797 4543/3126/4797
f 819/3119/4798 825/3123/4798 818/3117/4798
f 737/3085/4799 740/3082/4799 840/3096/4799
f 842/3128/4800 838/3129/4800 839/3130/4800
f 740/3082/4801 790/3083/4801 840/3096/4801
f 840/3096/4802 790/3083/4802 847/3120/4802
f 890/3131/4803 839/3130/4803 838/3129/4803
f 2173/3132/4804 842/3133/4804 839/3134/4804
f 842/3128/4805 1055/3135/4805 838/3129/4805
f 852/3136/4806 853/3137/4806 854/3138/4806
f 838/3129/4807 853/3137/4807 851/3139/4807
f 838/3129/4808 854/3138/4808 853/3137/4808
f 860/2991/4809 861/3140/4809 859/3141/4809
f 866/3142/4810 860/2991/4810 864/3143/4810
f 2084/3144/4811 866/3145/4811 864/2996/4811
f 860/2991/4812 866/3142/4812 861/3140/4812
f 847/3120/4813 746/3095/4813 840/3096/4813
f 746/3095/4814 871/3146/4814 862/3147/4814
f 866/3145/4815 875/3148/4815 890/3149/4815
f 890/3131/4816 861/3140/4816 866/3142/4816
f 871/3146/4817 847/3120/4817 837/3121/4817
f 847/3120/4818 871/3146/4818 746/3095/4818
f 875/3148/4819 866/3145/4819 2084/3144/4819
f 891/3150/4820 871/3146/4820 837/3121/4820
f 862/3147/4821 871/3146/4821 897/3151/4821
f 875/3148/4822 2122/3152/4822 890/3149/4822
f 861/3140/4823 851/3139/4823 903/3153/4823
f 871/3146/4824 891/3150/4824 900/3154/4824
f 851/3139/4825 861/3140/4825 838/3129/4825
f 890/3131/4826 838/3129/4826 861/3140/4826
f 839/3134/4827 890/3155/4827 2165/3156/4827
f 916/3157/4828 950/3158/4828 910/3159/4828
f 912/3160/4829 972/3161/4829 910/3162/4829
f 871/3146/4830 900/3154/4830 897/3151/4830
f 919/3163/4831 374/3164/4831 918/3165/4831
f 926/3166/4832 919/3163/4832 918/3165/4832
f 919/3163/4833 343/3167/4833 374/3164/4833
f 374/3164/4834 922/3168/4834 918/3165/4834
f 929/3169/4835 918/3165/4835 922/3168/4835
f 929/3170/4836 922/3171/4836 928/3172/4836
f 922/3171/4837 374/3000/4837 392/3012/4837
f 973/3173/4838 916/3174/4838 972/3161/4838
f 392/3012/4839 928/3172/4839 922/3171/4839
f 910/3162/4840 972/3161/4840 916/3174/4840
f 918/3165/4841 947/3175/4841 926/3166/4841
f 420/3018/4842 928/3172/4842 392/3012/4842
f 420/3018/4843 948/3176/4843 928/3172/4843
f 948/3176/4844 929/3170/4844 928/3172/4844
f 948/3176/4845 420/3018/4845 949/3177/4845
f 967/3178/4846 951/3179/4846 980/3180/4846
f 951/3179/4847 918/3165/4847 929/3169/4847
f 951/3181/4848 929/3170/4848 948/3176/4848
f 951/3181/4849 948/3176/4849 958/3182/4849
f 968/3183/4850 958/3182/4850 949/3177/4850
f 948/3176/4851 949/3177/4851 958/3182/4851
f 1089/3184/4852 959/3185/4852 956/3186/4852
f 980/3187/4853 951/3181/4853 958/3182/4853
f 963/3188/4854 964/3189/4854 965/3190/4854
f 963/3188/4855 966/3191/4855 964/3189/4855
f 963/3188/4856 965/3190/4856 947/3192/4856
f 3695/3193/4857 947/3192/4857 965/3190/4857
f 963/3188/4858 967/3194/4858 966/3191/4858
f 1119/3195/4859 959/3196/4859 1089/3197/4859
f 947/3175/4860 918/3165/4860 963/3198/4860
f 963/3198/4861 918/3165/4861 951/3179/4861
f 951/3179/4862 967/3178/4862 963/3198/4862
f 949/3177/4863 420/3018/4863 738/3073/4863
f 972/3161/4864 953/3199/4864 956/3186/4864
f 968/3183/4865 949/3177/4865 738/3073/4865
f 974/3200/4866 738/3073/4866 746/3095/4866
f 738/3073/4867 737/3085/4867 746/3095/4867
f 973/3173/4868 972/3161/4868 956/3186/4868
f 968/3183/4869 976/3201/4869 975/3202/4869
f 968/3183/4870 974/3200/4870 976/3201/4870
f 968/3183/4871 738/3073/4871 974/3200/4871
f 946/3203/4872 916/3157/4872 973/3204/4872
f 983/3205/4873 980/3187/4873 958/3182/4873
f 958/3182/4874 968/3183/4874 975/3202/4874
f 983/3205/4875 958/3182/4875 975/3202/4875
f 975/3202/4876 1002/3206/4876 983/3205/4876
f 973/3173/4877 956/3186/4877 959/3185/4877
f 959/3196/4878 995/3207/4878 998/3208/4878
f 862/3147/4879 974/3200/4879 746/3095/4879
f 862/3147/4880 976/3201/4880 974/3200/4880
f 959/3196/4881 998/3208/4881 973/3209/4881
f 897/3151/4882 1016/3210/4882 976/3201/4882
f 862/3147/4883 897/3151/4883 976/3201/4883
f 1016/3210/4884 1002/3206/4884 976/3201/4884
f 1003/3211/4885 946/3212/4885 998/3208/4885
f 973/3209/4886 998/3208/4886 946/3212/4886
f 900/3154/4887 1017/3213/4887 897/3151/4887
f 1017/3213/4888 1016/3210/4888 897/3151/4888
f 1003/3214/4889 950/3158/4889 946/3203/4889
f 916/3157/4890 946/3203/4890 950/3158/4890
f 1028/3215/4891 1004/3216/4891 1015/3217/4891
f 1030/3218/4892 1029/3219/4892 2939/3220/4892
f 1003/3214/4893 998/3221/4893 1874/3222/4893
f 1004/3216/4894 1028/3215/4894 1007/3223/4894
f 1028/3215/4895 1029/3219/4895 1007/3223/4895
f 1034/3224/4896 1041/3225/4896 854/3138/4896
f 42/3226/4897 1002/3206/4897 1016/3210/4897
f 42/3226/4898 1064/3227/4898 1002/3206/4898
f 839/3134/4899 2165/3156/4899 2173/3132/4899
f 842/3133/4900 1073/3228/4900 1055/3229/4900
f 854/3138/4901 838/3129/4901 1055/3135/4901
f 984/3230/4902 983/3205/4902 1002/3206/4902
f 97/2903/4903 278/2958/4903 1061/3231/4903
f 984/3230/4904 1002/3206/4904 1064/3227/4904
f 975/3202/4905 976/3201/4905 1002/3206/4905
f 1064/3227/4906 1061/3232/4906 984/3230/4906
f 97/2911/4907 1061/3232/4907 1064/3227/4907
f 1064/3227/4908 38/2912/4908 97/2911/4908
f 277/2959/4909 1067/3233/4909 278/2958/4909
f 1034/3224/4910 854/3138/4910 1055/3135/4910
f 1070/3234/4911 967/3178/4911 980/3180/4911
f 983/3205/4912 984/3230/4912 1070/3235/4912
f 1055/3229/4913 1073/3228/4913 1034/3236/4913
f 980/3187/4914 983/3205/4914 1070/3235/4914
f 967/3178/4915 1070/3234/4915 966/3237/4915
f 1070/3234/4916 1080/3238/4916 966/3237/4916
f 1070/3234/4917 1084/3239/4917 1080/3238/4917
f 1077/3240/4918 842/3133/4918 2173/3132/4918
f 1084/3239/4919 1085/3241/4919 1080/3238/4919
f 277/2956/4920 289/2962/4920 1067/3242/4920
f 1084/3239/4921 1070/3234/4921 1087/3243/4921
f 289/2962/4922 1084/3239/4922 1067/3242/4922
f 1084/3239/4923 1087/3243/4923 1067/3242/4923
f 1073/3228/4924 842/3133/4924 1077/3240/4924
f 1061/3232/4925 1087/3244/4925 984/3230/4925
f 1070/3235/4926 984/3230/4926 1087/3244/4926
f 1061/3231/4927 278/2958/4927 1067/3233/4927
f 1088/3245/4928 1112/3246/4928 852/3136/4928
f 854/3138/4929 1088/3245/4929 852/3136/4929
f 854/3138/4930 1041/3225/4930 1088/3245/4930
f 1067/3233/4931 1087/3247/4931 1061/3231/4931
f 1091/3248/4932 1092/3249/4932 1093/3250/4932
f 1092/3249/4933 4260/3251/4933 1145/3252/4933
f 1093/3250/4934 1097/3253/4934 1107/3254/4934
f 1093/3250/4935 1092/3249/4935 1097/3253/4935
f 1103/3255/4936 1098/3256/4936 1340/3070/4936
f 2939/3220/4937 1105/3257/4937 1098/3256/4937
f 1098/3256/4938 1030/3218/4938 2939/3220/4938
f 1098/3256/4939 1105/3257/4939 1340/3070/4939
f 1253/3258/4940 1107/3259/4940 1097/3260/4940
f 1226/3261/4941 1107/3259/4941 1253/3258/4941
f 1112/3246/4942 1088/3245/4942 956/3186/4942
f 956/3186/4943 953/3199/4943 1112/3246/4943
f 1088/3245/4944 1089/3184/4944 956/3186/4944
f 1115/3262/4945 1253/3258/4945 1097/3260/4945
f 1113/3263/4946 1117/3264/4946 1089/3197/4946
f 1088/3265/4947 1113/3263/4947 1089/3197/4947
f 1115/3262/4948 1097/3260/4948 1116/3266/4948
f 1089/3197/4949 1117/3264/4949 1119/3195/4949
f 1132/3267/4950 1117/3264/4950 1113/3263/4950
f 1088/3265/4951 1041/3268/4951 1113/3263/4951
f 1113/3263/4952 1041/3268/4952 1132/3267/4952
f 1097/3253/4953 1092/3249/4953 1139/3269/4953
f 1116/3270/4954 1097/3271/4954 1139/3272/4954
f 1145/3252/4955 1144/3273/4955 1218/3274/4955
f 1116/3270/4956 1139/3272/4956 1575/3275/4956
f 1147/3276/4957 1145/3252/4957 1184/3277/4957
f 1147/3276/4958 1092/3249/4958 1145/3252/4958
f 1142/3278/4959 1132/3267/4959 1041/3268/4959
f 1041/3268/4960 1034/3236/4960 1142/3278/4960
f 1147/3276/4961 1139/3269/4961 1092/3249/4961
f 1132/3267/4962 1142/3278/4962 1244/3279/4962
f 1163/3280/4963 1139/3272/4963 1147/3281/4963
f 1034/3236/4964 1073/3228/4964 2330/3282/4964
f 1160/3283/4965 1163/3280/4965 1147/3281/4965
f 1593/3284/4966 1163/3280/4966 1160/3283/4966
f 1160/3285/4967 1147/3276/4967 1184/3277/4967
f 1142/3278/4968 1034/3236/4968 2330/3282/4968
f 1160/3285/4969 1184/3277/4969 1194/3286/4969
f 1119/3195/4970 995/3207/4970 959/3196/4970
f 1160/3283/4971 1194/3287/4971 1195/3288/4971
f 1200/3289/4972 1119/3195/4972 1117/3264/4972
f 1119/3195/4973 1200/3289/4973 995/3207/4973
f 1245/3290/4974 1200/3289/4974 1117/3264/4974
f 1619/3291/4975 1195/3288/4975 1194/3287/4975
f 1184/3277/4976 1224/3292/4976 1194/3286/4976
f 1224/3293/4977 1619/3291/4977 1194/3287/4977
f 1145/3252/4978 1218/3274/4978 1184/3277/4978
f 1219/3294/4979 1184/3277/4979 1218/3274/4979
f 1224/3292/4980 1184/3277/4980 1219/3294/4980
f 1225/3295/4981 1219/3294/4981 3279/3296/4981
f 1226/3261/4982 109/2901/4982 71/2891/4982
f 995/3207/4983 1200/3289/4983 1227/3297/4983
f 998/3208/4984 995/3207/4984 1227/3297/4984
f 4538/3298/4985 1226/3261/4985 71/2891/4985
f 1227/3297/4986 1233/3299/4986 998/3208/4986
f 1245/3290/4987 1132/3267/4987 1244/3279/4987
f 1274/3300/4988 109/2901/4988 1226/3261/4988
f 1117/3264/4989 1132/3267/4989 1245/3290/4989
f 1285/3301/4990 1226/3261/4990 1253/3258/4990
f 1274/3300/4991 1226/3261/4991 1285/3301/4991
f 1272/3302/4992 1142/3278/4992 2330/3282/4992
f 1244/3279/4993 1272/3302/4993 1284/3303/4993
f 1142/3278/4994 1272/3302/4994 1244/3279/4994
f 1274/3300/4995 1263/2902/4995 109/2901/4995
f 125/2900/4996 124/2892/4996 1263/2902/4996
f 1276/3304/4997 1263/2902/4997 1274/3300/4997
f 2417/3305/4998 1227/3297/4998 1200/3289/4998
f 1245/3290/4999 2417/3305/4999 1200/3289/4999
f 1244/3279/5000 1284/3303/5000 1245/3290/5000
f 2417/3305/5001 1924/3306/5001 1227/3297/5001
f 1245/3290/5002 1284/3303/5002 2417/3305/5002
f 1296/3307/5003 1253/3258/5003 1575/3308/5003
f 1253/3258/5004 1296/3307/5004 1285/3301/5004
f 1292/3309/5005 1274/3300/5005 1285/3301/5005
f 822/3125/5006 824/3122/5006 1297/3310/5006
f 1296/3311/5007 1575/3275/5007 1306/3312/5007
f 1297/3313/5008 1305/3314/5008 822/3315/5008
f 1299/3316/5009 822/3315/5009 1305/3314/5009
f 824/3122/5010 1308/3317/5010 1297/3310/5010
f 824/3122/5011 912/3160/5011 1308/3317/5011
f 1308/3318/5012 1314/3319/5012 1297/3313/5012
f 1892/3320/5013 1313/2974/5013 1312/3321/5013
f 912/3322/5014 1324/3323/5014 1308/3318/5014
f 125/2900/5015 1263/2902/5015 255/2914/5015
f 1308/3318/5016 1319/3324/5016 1314/3319/5016
f 255/2914/5017 1263/2902/5017 1312/3321/5017
f 1308/3318/5018 1324/3323/5018 1319/3324/5018
f 824/3122/5019 819/3119/5019 912/3160/5019
f 819/3119/5020 972/3161/5020 912/3160/5020
f 950/3158/5021 1324/3323/5021 912/3322/5021
f 1305/3314/5022 1297/3313/5022 1314/3319/5022
f 1304/3325/5023 1305/3314/5023 1314/3319/5023
f 1328/3326/5024 1263/2902/5024 1276/3304/5024
f 231/2946/5025 1313/2974/5025 304/2960/5025
f 1313/2974/5026 255/2914/5026 1312/3321/5026
f 912/3322/5027 910/3159/5027 950/3158/5027
f 1340/3070/5028 1339/3327/5028 1103/3255/5028
f 1324/3323/5029 950/3158/5029 1343/3328/5029
f 1340/3070/5030 708/3069/5030 1339/3327/5030
f 1319/3324/5031 1324/3323/5031 1343/3328/5031
f 1312/3321/5032 1263/2902/5032 1328/3326/5032
f 1328/3326/5033 1359/3329/5033 1312/3321/5033
f 1340/3070/5034 729/3078/5034 703/3068/5034
f 1353/3330/5035 729/3078/5035 1340/3070/5035
f 1105/3257/5036 1353/3330/5036 1340/3070/5036
f 1328/3326/5037 1349/3331/5037 1359/3329/5037
f 1343/3328/5038 950/3158/5038 1367/3332/5038
f 1319/3324/5039 1343/3328/5039 1367/3332/5039
f 1367/3332/5040 950/3158/5040 1003/3214/5040
f 1314/3319/5041 1319/3324/5041 1369/3333/5041
f 1363/3334/5042 1978/3335/5042 1349/3331/5042
f 1978/3335/5043 1359/3329/5043 1349/3331/5043
f 1314/3319/5044 1369/3333/5044 1304/3325/5044
f 1422/3336/5045 1292/3309/5045 1285/3301/5045
f 1276/3304/5046 1274/3300/5046 1292/3309/5046
f 1349/3331/5047 1276/3304/5047 1292/3309/5047
f 1401/3337/5048 1422/3336/5048 1285/3301/5048
f 1285/3301/5049 1296/3307/5049 1401/3337/5049
f 1369/3333/5050 1399/3338/5050 1304/3325/5050
f 1399/3338/5051 1372/3339/5051 1304/3325/5051
f 1319/3324/5052 1367/3332/5052 1402/3340/5052
f 1399/3338/5053 1369/3333/5053 1402/3340/5053
f 1369/3333/5054 1319/3324/5054 1402/3340/5054
f 1349/3331/5055 1292/3309/5055 1422/3336/5055
f 1401/3341/5056 1296/3311/5056 1306/3312/5056
f 1349/3331/5057 1328/3326/5057 1276/3304/5057
f 1363/3334/5058 1349/3331/5058 1422/3336/5058
f 1402/3340/5059 1418/3342/5059 1399/3338/5059
f 1422/3336/5060 1401/3337/5060 1442/3343/5060
f 1363/3334/5061 1422/3336/5061 1442/3343/5061
f 1446/3344/5062 1300/3345/5062 1299/3316/5062
f 1299/3316/5063 1300/3345/5063 822/3315/5063
f 1306/3312/5064 1662/3346/5064 1460/3347/5064
f 1447/3348/5065 1300/3345/5065 1446/3344/5065
f 1459/3349/5066 1299/3316/5066 1304/3325/5066
f 1299/3316/5067 1305/3314/5067 1304/3325/5067
f 1446/3344/5068 1299/3316/5068 1470/3350/5068
f 1470/3350/5069 1299/3316/5069 1459/3349/5069
f 1401/3341/5070 1460/3347/5070 1456/3351/5070
f 1401/3341/5071 1306/3312/5071 1460/3347/5071
f 1476/3352/5072 1446/3344/5072 1470/3350/5072
f 1662/3346/5073 1490/3353/5073 1460/3347/5073
f 1491/3354/5074 4630/3355/5074 4628/3356/5074
f 1446/3344/5075 1476/3352/5075 1445/3357/5075
f 1445/3357/5076 1493/3358/5076 1491/3354/5076
f 1490/3353/5077 1520/3359/5077 1460/3347/5077
f 1442/3360/5078 1401/3361/5078 1456/3362/5078
f 1456/3351/5079 1460/3347/5079 1520/3359/5079
f 1442/3360/5080 1456/3362/5080 2332/3363/5080
f 1445/3357/5081 1476/3352/5081 1493/3358/5081
f 1491/3354/5082 1493/3358/5082 1527/3364/5082
f 1456/3351/5083 1531/3365/5083 2332/3366/5083
f 1528/3367/5084 1527/3364/5084 1493/3358/5084
f 1493/3358/5085 1476/3352/5085 1528/3367/5085
f 1456/3351/5086 1520/3359/5086 1531/3365/5086
f 1520/3359/5087 1536/3368/5087 1531/3365/5087
f 1476/3352/5088 1470/3350/5088 1528/3367/5088
f 1669/3369/5089 1527/3364/5089 1528/3367/5089
f 1544/3370/5090 1490/3353/5090 1545/3371/5090
f 1459/3349/5091 1304/3325/5091 1372/3339/5091
f 1470/3350/5092 1459/3349/5092 1372/3339/5092
f 1490/3353/5093 1536/3368/5093 1520/3359/5093
f 1490/3353/5094 1544/3370/5094 1536/3368/5094
f 1544/3370/5095 1789/3372/5095 2706/3373/5095
f 1544/3370/5096 1545/3371/5096 1789/3372/5096
f 1558/3374/5097 1372/3339/5097 1399/3338/5097
f 1372/3339/5098 1558/3374/5098 1570/3375/5098
f 1570/3375/5099 1470/3350/5099 1372/3339/5099
f 4538/3298/5100 1107/3259/5100 1226/3261/5100
f 1470/3350/5101 1570/3375/5101 1528/3367/5101
f 1115/3262/5102 1116/3266/5102 1575/3308/5102
f 1115/3262/5103 1575/3308/5103 1253/3258/5103
f 1139/3272/5104 1582/3376/5104 1575/3275/5104
f 1139/3272/5105 1163/3280/5105 1582/3376/5105
f 1558/3374/5106 1399/3338/5106 1747/3377/5106
f 1160/3283/5107 1195/3288/5107 1593/3284/5107
f 1747/3377/5108 1399/3338/5108 1418/3342/5108
f 1163/3280/5109 1593/3284/5109 1662/3346/5109
f 1163/3280/5110 1662/3346/5110 1582/3376/5110
f 1575/3275/5111 1582/3376/5111 1306/3312/5111
f 1306/3312/5112 1582/3376/5112 1662/3346/5112
f 1367/3332/5113 1003/3214/5113 1874/3222/5113
f 1593/3284/5114 1195/3288/5114 1599/3378/5114
f 1599/3378/5115 1195/3288/5115 1619/3291/5115
f 1418/3342/5116 1402/3340/5116 1367/3332/5116
f 1619/3291/5117 1638/3379/5117 1599/3378/5117
f 1648/2887/5118 51/2885/5118 1511/2884/5118
f 1619/3291/5119 1224/3293/5119 1638/3379/5119
f 1644/3380/5120 1638/3379/5120 1224/3293/5120
f 1491/3354/5121 1527/3364/5121 1645/3381/5121
f 1648/2887/5122 1511/2884/5122 1645/3382/5122
f 1511/2884/5123 1491/3383/5123 1645/3382/5123
f 1645/3382/5124 1687/3384/5124 1686/3385/5124
f 1648/2887/5125 1652/3386/5125 89/2886/5125
f 1652/3386/5126 1648/2887/5126 1686/3385/5126
f 1638/3379/5127 1644/3380/5127 1709/3387/5127
f 1527/3364/5128 1669/3369/5128 1687/3388/5128
f 1687/3388/5129 1645/3381/5129 1527/3364/5129
f 1648/2887/5130 1645/3382/5130 1686/3385/5130
f 1662/3346/5131 1593/3284/5131 1599/3378/5131
f 1545/3371/5132 1599/3378/5132 1770/3389/5132
f 202/2923/5133 89/2886/5133 1701/3390/5133
f 1652/3386/5134 1701/3390/5134 89/2886/5134
f 1638/3379/5135 1757/3391/5135 1599/3378/5135
f 1638/3379/5136 1709/3387/5136 1757/3391/5136
f 1770/3389/5137 1599/3378/5137 1757/3391/5137
f 1701/3390/5138 1652/3386/5138 1718/3392/5138
f 1652/3386/5139 1686/3385/5139 1718/3392/5139
f 1701/3390/5140 1728/3393/5140 202/2923/5140
f 1715/3394/5141 1757/3391/5141 1709/3387/5141
f 1709/3387/5142 1724/3395/5142 1715/3394/5142
f 205/2913/5143 202/2923/5143 1728/3393/5143
f 1701/3390/5144 2761/3396/5144 1728/3393/5144
f 1715/3394/5145 1724/3395/5145 1847/3397/5145
f 1570/3375/5146 1558/3374/5146 1753/3398/5146
f 1753/3398/5147 1558/3374/5147 1747/3377/5147
f 1750/3399/5148 1753/3398/5148 1747/3377/5148
f 1528/3367/5149 1570/3375/5149 1753/3398/5149
f 1545/3371/5150 1662/3346/5150 1599/3378/5150
f 1545/3371/5151 1490/3353/5151 1662/3346/5151
f 1669/3369/5152 1528/3367/5152 1753/3398/5152
f 1757/3391/5153 1715/3394/5153 1781/3400/5153
f 1781/3400/5154 1770/3389/5154 1757/3391/5154
f 1545/3371/5155 1770/3389/5155 1789/3372/5155
f 1789/3372/5156 1770/3389/5156 1781/3400/5156
f 1669/3369/5157 1753/3398/5157 1856/3401/5157
f 1781/3400/5158 1798/3402/5158 1789/3372/5158
f 1798/3402/5159 1781/3400/5159 1814/3403/5159
f 1856/3401/5160 1753/3398/5160 1750/3399/5160
f 1718/3392/5161 1686/3385/5161 1687/3384/5161
f 2761/3396/5162 1701/3390/5162 1718/3392/5162
f 1814/3403/5163 1823/3404/5163 1798/3402/5163
f 1860/3405/5164 1718/3392/5164 1687/3384/5164
f 2761/3396/5165 1718/3392/5165 1839/3406/5165
f 1814/3403/5166 1781/3400/5166 1715/3394/5166
f 1814/3403/5167 1715/3394/5167 1847/3397/5167
f 1669/3369/5168 1856/3401/5168 1869/3407/5168
f 1669/3369/5169 1869/3407/5169 1687/3388/5169
f 1860/3408/5170 1687/3388/5170 1869/3407/5170
f 1823/3404/5171 1814/3403/5171 1847/3397/5171
f 1839/3406/5172 1718/3392/5172 1860/3405/5172
f 1874/3222/5173 998/3221/5173 1233/3409/5173
f 4387/3410/5174 4381/3411/5174 1864/3412/5174
f 1847/3397/5175 1864/3412/5175 4381/3411/5175
f 4381/3411/5176 1823/3404/5176 1847/3397/5176
f 1906/3413/5177 1367/3332/5177 1874/3222/5177
f 1892/3320/5178 1888/3414/5178 1313/2974/5178
f 1972/3415/5179 1896/3416/5179 1888/3414/5179
f 1887/3417/5180 1906/3413/5180 1874/3222/5180
f 1233/3299/5181 1227/3297/5181 1939/3418/5181
f 1887/3417/5182 1874/3222/5182 1233/3409/5182
f 1906/3413/5183 1909/3419/5183 1367/3332/5183
f 1909/3419/5184 1418/3342/5184 1367/3332/5184
f 748/3092/5185 1913/3420/5185 749/3093/5185
f 1313/2974/5186 1888/3414/5186 304/2960/5186
f 1888/3414/5187 475/2973/5187 304/2960/5187
f 475/2973/5188 1896/3416/5188 1929/3421/5188
f 1896/3416/5189 475/2973/5189 1888/3414/5189
f 508/3022/5190 440/3021/5190 1929/3421/5190
f 1929/3421/5191 440/3021/5191 475/2973/5191
f 1910/3422/5192 1930/3423/5192 1913/3420/5192
f 1924/3306/5193 1939/3418/5193 1227/3297/5193
f 1233/3409/5194 1939/3424/5194 1887/3417/5194
f 731/3112/5195 780/3111/5195 735/3425/5195
f 1939/3418/5196 1924/3306/5196 1950/3426/5196
f 1929/3421/5197 1945/3427/5197 508/3022/5197
f 1915/3428/5198 1945/3427/5198 1929/3421/5198
f 1929/3421/5199 1896/3416/5199 1915/3428/5199
f 1359/3329/5200 1892/3320/5200 1312/3321/5200
f 1906/3413/5201 1959/3429/5201 1966/3430/5201
f 1959/3429/5202 1906/3413/5202 1887/3417/5202
f 1972/3415/5203 1888/3414/5203 1892/3320/5203
f 1959/3429/5204 1887/3417/5204 1939/3424/5204
f 1959/3429/5205 1939/3424/5205 1989/3431/5205
f 1909/3419/5206 1906/3413/5206 1966/3430/5206
f 1972/3415/5207 1892/3320/5207 2032/3432/5207
f 1977/3433/5208 2032/3432/5208 1892/3320/5208
f 1978/3335/5209 1977/3433/5209 1359/3329/5209
f 1989/3434/5210 1939/3418/5210 1950/3426/5210
f 2016/3435/5211 1977/3433/5211 1978/3335/5211
f 1418/3342/5212 2012/3436/5212 1747/3377/5212
f 2009/3437/5213 2012/3436/5213 1418/3342/5213
f 1418/3342/5214 1909/3419/5214 2009/3437/5214
f 1747/3377/5215 2012/3436/5215 1750/3399/5215
f 1977/3433/5216 1892/3320/5216 1359/3329/5216
f 1972/3415/5217 2029/3438/5217 1896/3416/5217
f 1915/3439/5218 1896/3440/5218 2029/3441/5218
f 1972/3442/5219 2032/3443/5219 2029/3441/5219
f 2016/3444/5220 2032/3443/5220 1977/3445/5220
f 2391/3446/5221 2032/3443/5221 2016/3444/5221
f 2042/3447/5222 2012/3436/5222 2009/3437/5222
f 1750/3399/5223 2012/3436/5223 2042/3447/5223
f 2009/3437/5224 1909/3419/5224 1966/3430/5224
f 1966/3430/5225 2045/3448/5225 2009/3437/5225
f 2055/3449/5226 2032/3443/5226 2391/3446/5226
f 1966/3430/5227 2050/3450/5227 2045/3448/5227
f 2050/3450/5228 1966/3430/5228 1959/3429/5228
f 2042/3447/5229 2009/3437/5229 2045/3448/5229
f 2045/3448/5230 2058/3451/5230 2042/3447/5230
f 735/3425/5231 2060/3452/5231 2061/3453/5231
f 2055/3449/5232 2029/3441/5232 2032/3443/5232
f 508/3026/5233 1945/3454/5233 522/3030/5233
f 506/3027/5234 522/3030/5234 2100/3455/5234
f 506/3098/5235 2100/3456/5235 526/3106/5235
f 2100/3456/5236 2105/3457/5236 526/3106/5236
f 1856/3401/5237 1750/3399/5237 2042/3447/5237
f 2042/3447/5238 2075/3458/5238 1856/3401/5238
f 2076/3459/5239 1856/3401/5239 2075/3458/5239
f 1869/3407/5240 1856/3401/5240 2076/3459/5240
f 1860/3408/5241 1869/3407/5241 2076/3459/5241
f 522/3030/5242 1945/3454/5242 2069/3460/5242
f 1945/3454/5243 2135/3461/5243 2069/3460/5243
f 2094/3462/5244 2087/3463/5244 2092/3464/5244
f 2087/3463/5245 2060/3452/5245 2092/3464/5245
f 2060/3452/5246 735/3425/5246 2092/3464/5246
f 780/3111/5247 2092/3464/5247 735/3425/5247
f 2100/3455/5248 522/3030/5248 2069/3460/5248
f 2084/3144/5249 864/2996/5249 346/2995/5249
f 2095/3465/5250 2094/3462/5250 2107/3466/5250
f 4244/3467/5251 820/3116/5251 2105/3457/5251
f 2092/3464/5252 2107/3466/5252 2094/3462/5252
f 2108/3468/5253 2111/3469/5253 2099/3470/5253
f 2110/3471/5254 2111/3469/5254 2108/3468/5254
f 346/2995/5255 2120/3472/5255 2084/3144/5255
f 2120/3472/5256 346/2995/5256 355/2997/5256
f 2162/3473/5257 2120/3472/5257 355/2997/5257
f 875/3148/5258 2084/3144/5258 2120/3472/5258
f 2122/3152/5259 875/3148/5259 2121/3474/5259
f 875/3148/5260 2120/3472/5260 2121/3474/5260
f 1915/3439/5261 2135/3461/5261 1945/3454/5261
f 2135/3461/5262 1915/3439/5262 2143/3475/5262
f 2029/3441/5263 2143/3475/5263 1915/3439/5263
f 2149/3476/5264 2135/3461/5264 2143/3475/5264
f 2055/3449/5265 2143/3475/5265 2029/3441/5265
f 2156/3477/5266 2143/3475/5266 2055/3449/5266
f 417/3016/5267 2160/3478/5267 414/2998/5267
f 2120/3472/5268 2162/3473/5268 2163/3479/5268
f 355/2997/5269 414/2998/5269 2160/3478/5269
f 2165/3156/5270 890/3155/5270 2122/3480/5270
f 2149/3476/5271 2143/3475/5271 2156/3477/5271
f 2149/3476/5272 2156/3477/5272 2180/3481/5272
f 2149/3476/5273 2180/3481/5273 2228/3482/5273
f 2181/3483/5274 2069/3460/5274 2135/3461/5274
f 2250/3484/5275 2122/3480/5275 2121/3485/5275
f 2122/3480/5276 2250/3484/5276 2165/3156/5276
f 2120/3472/5277 2163/3479/5277 2121/3474/5277
f 2181/3483/5278 2100/3455/5278 2069/3460/5278
f 2173/3132/5279 2186/3486/5279 1077/3240/5279
f 2181/3483/5280 2135/3461/5280 2149/3476/5280
f 2165/3156/5281 2186/3486/5281 2173/3132/5281
f 2186/3486/5282 2165/3156/5282 2250/3484/5282
f 2210/3487/5283 2105/3488/5283 2181/3483/5283
f 2105/3488/5284 2100/3455/5284 2181/3483/5284
f 2105/3457/5285 2210/3489/5285 4244/3467/5285
f 2160/3478/5286 417/3016/5286 2216/3490/5286
f 417/3016/5287 397/3015/5287 2216/3490/5287
f 397/3015/5288 542/3033/5288 2216/3490/5288
f 355/2997/5289 2160/3478/5289 2162/3473/5289
f 4244/3467/5290 2210/3489/5290 2217/3491/5290
f 2221/3492/5291 2162/3473/5291 2160/3478/5291
f 2160/3478/5292 2216/3490/5292 2221/3492/5292
f 2149/3476/5293 2228/3482/5293 2181/3483/5293
f 2228/3482/5294 2210/3487/5294 2181/3483/5294
f 2228/3482/5295 2233/3493/5295 2210/3487/5295
f 2225/3494/5296 542/3033/5296 586/3037/5296
f 745/3094/5297 2225/3494/5297 586/3037/5297
f 2216/3490/5298 542/3033/5298 2225/3494/5298
f 2233/3493/5299 2228/3482/5299 2261/3495/5299
f 2231/3496/5300 2216/3490/5300 2225/3494/5300
f 2210/3489/5301 2233/3497/5301 2217/3491/5301
f 2121/3474/5302 2266/3498/5302 2250/3499/5302
f 2163/3479/5303 2162/3473/5303 2221/3492/5303
f 2121/3474/5304 2163/3479/5304 2266/3498/5304
f 2266/3498/5305 2163/3479/5305 2263/3500/5305
f 2233/3497/5306 2271/3501/5306 2217/3491/5306
f 4255/3502/5307 2217/3491/5307 2271/3501/5307
f 1241/1027/5308 2274/1557/5308 1238/3503/5308
f 2261/3504/5309 2271/3501/5309 2233/3497/5309
f 2016/3505/5310 1978/3506/5310 1363/3507/5310
f 2163/3479/5311 2221/3492/5311 2286/3508/5311
f 1363/3509/5312 1442/3360/5312 2292/3510/5312
f 2231/3496/5313 2221/3492/5313 2216/3490/5313
f 2286/3508/5314 2221/3492/5314 2325/3511/5314
f 2231/3496/5315 2325/3511/5315 2221/3492/5315
f 2163/3479/5316 2307/3512/5316 2263/3500/5316
f 2286/3508/5317 2307/3512/5317 2163/3479/5317
f 2266/3498/5318 2263/3500/5318 2307/3512/5318
f 2317/3513/5319 3143/3514/5319 2303/3515/5319
f 2317/3513/5320 2310/3516/5320 3143/3514/5320
f 2299/3517/5321 2311/3518/5321 2303/3515/5321
f 2311/3518/5322 2317/3513/5322 2303/3515/5322
f 2287/3519/5323 2016/1224/5323 1363/3520/5323
f 2310/3516/5324 2253/3521/5324 2326/3522/5324
f 1363/3509/5325 2292/3510/5325 2287/3523/5325
f 1077/3240/5326 2186/3486/5326 2340/3524/5326
f 1077/3240/5327 2330/3282/5327 1073/3228/5327
f 2324/3525/5328 2287/3523/5328 2292/3510/5328
f 2332/3363/5329 2324/3525/5329 2292/3510/5329
f 2324/3525/5330 2332/3363/5330 2342/3526/5330
f 2340/3524/5331 2330/3282/5331 1077/3240/5331
f 2330/3282/5332 2340/3524/5332 2359/3527/5332
f 2359/3527/5333 2430/3528/5333 2330/3282/5333
f 2340/3524/5334 2186/3486/5334 2362/3529/5334
f 2250/3484/5335 2362/3529/5335 2186/3486/5335
f 2391/3446/5336 2016/3444/5336 2287/3523/5336
f 2340/3524/5337 2362/3529/5337 2359/3527/5337
f 1272/3302/5338 2330/3282/5338 2430/3528/5338
f 2391/3446/5339 2287/3523/5339 2419/3530/5339
f 2287/3523/5340 2324/3525/5340 2419/3530/5340
f 2464/3531/5341 2419/3530/5341 2324/3525/5341
f 1272/3302/5342 2406/3532/5342 1284/3303/5342
f 2831/3533/5343 2055/3449/5343 2391/3446/5343
f 2406/3532/5344 1272/3302/5344 2430/3528/5344
f 1284/3303/5345 2937/3534/5345 2417/3305/5345
f 2937/3534/5346 1284/3303/5346 2406/3532/5346
f 2427/3535/5347 2391/3446/5347 2419/3530/5347
f 2433/3536/5348 2438/3537/5348 2359/3527/5348
f 2831/3533/5349 2391/3446/5349 2427/3535/5349
f 2359/3527/5350 2362/3529/5350 2433/3536/5350
f 2359/3527/5351 2438/3537/5351 2430/3528/5351
f 2406/3532/5352 2430/3528/5352 2438/3537/5352
f 2463/3538/5353 2482/3539/5353 2458/3540/5353
f 2464/3531/5354 2324/3525/5354 2342/3526/5354
f 2438/3537/5355 2433/3536/5355 2938/3541/5355
f 2547/3542/5356 2464/3531/5356 2342/3526/5356
f 2362/3529/5357 2250/3484/5357 2473/3543/5357
f 2463/3538/5358 2515/3544/5358 2482/3539/5358
f 2650/3545/5359 2547/3542/5359 2342/3526/5359
f 2473/3543/5360 2250/3484/5360 2266/3546/5360
f 2473/3547/5361 2266/3498/5361 2307/3512/5361
f 2307/3512/5362 2484/3548/5362 2473/3547/5362
f 2107/3466/5363 2099/3470/5363 2095/3465/5363
f 2326/3522/5364 2253/3521/5364 2508/3549/5364
f 2362/3529/5365 2473/3543/5365 2433/3536/5365
f 2419/3530/5366 2464/3531/5366 2500/3550/5366
f 2508/3549/5367 2498/3551/5367 2523/3552/5367
f 2511/3553/5368 2433/3536/5368 2473/3543/5368
f 2515/3544/5369 2523/3552/5369 2498/3551/5369
f 2463/3538/5370 2470/3554/5370 2517/3555/5370
f 2463/3538/5371 2517/3555/5371 2515/3544/5371
f 2523/3552/5372 2515/3544/5372 2528/3556/5372
f 2573/3557/5373 745/3094/5373 2520/3075/5373
f 2523/3552/5374 2326/3522/5374 2508/3549/5374
f 2517/3555/5375 2528/3556/5375 2515/3544/5375
f 2539/3558/5376 2464/3531/5376 2547/3542/5376
f 2520/3075/5377 723/3076/5377 2552/3559/5377
f 803/3090/5378 2552/3560/5378 723/3086/5378
f 2520/3075/5379 2552/3559/5379 2573/3557/5379
f 2500/3550/5380 2539/3558/5380 3017/3561/5380
f 2464/3531/5381 2539/3558/5381 2500/3550/5381
f 2231/3496/5382 2225/3494/5382 2581/3562/5382
f 2225/3494/5383 745/3094/5383 2581/3562/5383
f 2286/3508/5384 2325/3511/5384 2591/3563/5384
f 2591/3563/5385 2307/3512/5385 2286/3508/5385
f 2292/3510/5386 1442/3360/5386 2332/3363/5386
f 1531/3365/5387 2617/3564/5387 2332/3366/5387
f 2470/3554/5388 2600/3565/5388 2517/3555/5388
f 2602/3566/5389 2231/3496/5389 2612/3567/5389
f 2612/3567/5390 2231/3496/5390 2581/3562/5390
f 2325/3511/5391 2231/3496/5391 2602/3566/5391
f 2591/3563/5392 2325/3511/5392 2602/3566/5392
f 745/3094/5393 2573/3557/5393 2581/3562/5393
f 2332/3363/5394 2617/3568/5394 2342/3526/5394
f 2616/3569/5395 2573/3557/5395 2552/3559/5395
f 2573/3557/5396 2616/3569/5396 2581/3562/5396
f 2645/3570/5397 2647/3571/5397 2623/3572/5397
f 1531/3365/5398 1536/3368/5398 2617/3564/5398
f 2624/3573/5399 2645/3570/5399 2623/3572/5399
f 2617/3564/5400 1536/3368/5400 2636/3574/5400
f 2617/3568/5401 2650/3545/5401 2342/3526/5401
f 2617/3564/5402 2636/3574/5402 2650/3575/5402
f 1536/3368/5403 2613/3576/5403 2636/3574/5403
f 1536/3368/5404 1544/3370/5404 2706/3373/5404
f 2613/3576/5405 1536/3368/5405 2706/3373/5405
f 2602/3566/5406 2612/3567/5406 2655/3577/5406
f 2640/3578/5407 2581/3562/5407 2616/3569/5407
f 2637/3579/5408 2384/3580/5408 2635/3581/5408
f 2581/3562/5409 2640/3578/5409 2612/3567/5409
f 2600/3565/5410 2623/3572/5410 2647/3571/5410
f 2649/3582/5411 2600/3565/5411 2647/3571/5411
f 2600/3565/5412 2649/3582/5412 2517/3555/5412
f 2650/3575/5413 2636/3574/5413 2718/3583/5413
f 2637/3579/5414 2388/3584/5414 2384/3580/5414
f 2656/3585/5415 2655/3577/5415 2612/3567/5415
f 2640/3578/5416 2656/3585/5416 2612/3567/5416
f 732/3084/5417 2660/3586/5417 803/3090/5417
f 797/3115/5418 2660/3586/5418 732/3084/5418
f 2718/3583/5419 2547/3587/5419 2650/3575/5419
f 2669/3588/5420 2637/3579/5420 2657/3589/5420
f 2637/3579/5421 2669/3588/5421 2388/3584/5421
f 2669/3588/5422 2657/3589/5422 2682/3590/5422
f 2728/3591/5423 2669/3588/5423 2682/3590/5423
f 2682/3590/5424 2684/3592/5424 2728/3591/5424
f 2687/3593/5425 204/2927/5425 205/2913/5425
f 2539/3558/5426 2547/3542/5426 2690/3594/5426
f 2720/3595/5427 2728/3591/5427 2684/3592/5427
f 205/2913/5428 1728/3393/5428 2687/3593/5428
f 2714/3596/5429 2613/3576/5429 2706/3373/5429
f 2715/3597/5430 797/3115/5430 204/2927/5430
f 2636/3574/5431 2730/3598/5431 2718/3583/5431
f 2724/3599/5432 797/3115/5432 2715/3597/5432
f 2724/3599/5433 2660/3586/5433 797/3115/5433
f 2715/3597/5434 204/2927/5434 2687/3593/5434
f 2715/3597/5435 2687/3593/5435 2752/3600/5435
f 2732/3601/5436 2720/3602/5436 2733/3603/5436
f 2660/3586/5437 2735/3604/5437 803/3090/5437
f 2636/3574/5438 2613/3576/5438 2730/3598/5438
f 2718/3605/5439 2690/3594/5439 2547/3542/5439
f 2733/3603/5440 2736/1028/5440 2732/3601/5440
f 1241/1027/5441 1238/3503/5441 2736/1028/5441
f 2735/3604/5442 2660/3586/5442 2724/3599/5442
f 2752/3600/5443 1728/3393/5443 2794/3606/5443
f 1728/3393/5444 2761/3396/5444 2794/3606/5444
f 2687/3593/5445 1728/3393/5445 2752/3600/5445
f 2718/3583/5446 2777/3607/5446 2690/3608/5446
f 2730/3598/5447 2777/3607/5447 2718/3583/5447
f 2777/3607/5448 2730/3598/5448 2779/3609/5448
f 2752/3600/5449 2768/3610/5449 2715/3597/5449
f 1839/3406/5450 2780/3611/5450 2761/3396/5450
f 2714/3596/5451 2779/3609/5451 2613/3576/5451
f 2613/3576/5452 2779/3609/5452 2730/3598/5452
f 1860/3405/5453 2787/3612/5453 1839/3406/5453
f 2076/3613/5454 2787/3612/5454 1860/3405/5454
f 2782/3614/5455 2779/3609/5455 2714/3596/5455
f 2780/3611/5456 1839/3406/5456 2787/3612/5456
f 2714/3596/5457 2786/3615/5457 2782/3614/5457
f 2786/3615/5458 2804/3616/5458 2782/3614/5458
f 2794/3606/5459 2802/3617/5459 2752/3600/5459
f 2752/3600/5460 2802/3617/5460 2923/3618/5460
f 2807/3619/5461 2802/3617/5461 2794/3606/5461
f 2779/3609/5462 2782/3614/5462 4219/3620/5462
f 2779/3609/5463 4219/3620/5463 4206/3621/5463
f 2782/3614/5464 2804/3616/5464 4219/3620/5464
f 2780/3611/5465 2794/3606/5465 2761/3396/5465
f 2815/3622/5466 2808/3623/5466 2810/3624/5466
f 2810/3624/5467 2812/3625/5467 2815/3622/5467
f 2802/3617/5468 2807/3619/5468 2812/3625/5468
f 2794/3606/5469 2813/3622/5469 2807/3619/5469
f 2814/1326/1801 2813/1326/1801 2815/1326/1801
f 2815/1326/1801 2813/1326/1801 2808/1326/1801
f 2794/3606/5470 2808/3623/5470 2813/3622/5470
f 2814/1326/1801 2816/1326/1801 2813/1326/1801
f 2813/1326/1801 2816/1326/1801 2807/1326/1801
f 2814/1326/1801 2815/1326/1801 2816/1326/1801
f 2808/3623/5471 2794/3606/5471 3762/3626/5471
f 2816/3622/5472 2812/3625/5472 2807/3619/5472
f 2812/1326/1801 2816/1326/1801 2815/1326/1801
f 2833/3627/5473 803/3090/5473 2735/3604/5473
f 2552/3560/5474 803/3090/5474 2833/3627/5474
f 2055/3449/5475 2831/3533/5475 2156/3477/5475
f 2724/3599/5476 2833/3627/5476 2735/3604/5476
f 2724/3599/5477 2918/3628/5477 2836/3629/5477
f 2724/3599/5478 2836/3629/5478 2833/3627/5478
f 2552/3560/5479 2833/3627/5479 2616/3630/5479
f 2859/3631/5480 2156/3477/5480 2831/3533/5480
f 2616/3630/5481 2833/3627/5481 2836/3629/5481
f 2640/3632/5482 2616/3633/5482 2849/3634/5482
f 2849/3634/5483 2616/3633/5483 2854/3635/5483
f 2656/3636/5484 2640/3632/5484 2849/3634/5484
f 2854/3635/5485 2616/3633/5485 2836/3637/5485
f 2856/3638/5486 2857/3639/5486 2855/3640/5486
f 2860/3641/5487 2857/3639/5487 2856/3638/5487
f 2860/3641/5488 2861/3642/5488 2857/3639/5488
f 2852/3643/5489 2831/3533/5489 2936/3644/5489
f 2860/3641/5490 2862/3645/5490 2861/3642/5490
f 2862/3645/5491 2863/3646/5491 2861/3642/5491
f 2859/3631/5492 2180/3481/5492 2156/3477/5492
f 2866/3647/5493 2862/3645/5493 2865/3648/5493
f 2870/3649/5494 2868/3650/5494 2869/3651/5494
f 2868/3650/5495 2867/3652/5495 2869/3651/5495
f 2873/3653/5496 2871/3654/5496 2872/3655/5496
f 2875/3656/5497 2873/3653/5497 2872/3655/5497
f 2876/3657/5498 2877/3658/5498 2875/3656/5498
f 2882/3659/5499 2881/3660/5499 2880/3661/5499
f 2882/3659/5500 2877/3658/5500 2881/3660/5500
f 2880/3661/5501 2884/3662/5501 2885/3663/5501
f 2886/3664/5502 2885/3663/5502 2884/3662/5502
f 2927/3665/5503 2854/3666/5503 2836/3629/5503
f 2883/3667/5504 2180/3481/5504 2859/3631/5504
f 2889/3668/5505 2887/3669/5505 2886/3664/5505
f 2892/3670/5506 2889/3668/5506 2890/3671/5506
f 2893/3672/5507 2896/3673/5507 2894/3674/5507
f 2893/3672/5508 2895/3675/5508 2896/3673/5508
f 2896/3676/5509 2895/3677/5509 2897/3678/5509
f 2895/3679/5510 3429/3680/5510 2897/3681/5510
f 2927/3682/5511 2888/3683/5511 2854/3635/5511
f 2854/3635/5512 2888/3683/5512 3948/3684/5512
f 2892/3685/5513 2900/3686/5513 2901/3687/5513
f 2903/3688/5514 2904/3689/5514 2900/3686/5514
f 2903/3688/5515 2898/3690/5515 2904/3689/5515
f 2905/3691/5516 2897/3681/5516 2899/3692/5516
f 2724/3599/5517 2715/3597/5517 2768/3610/5517
f 2860/3641/5518 2856/3638/5518 2906/3693/5518
f 2768/3610/5519 2918/3628/5519 2724/3599/5519
f 2908/3694/5520 2862/3645/5520 2860/3641/5520
f 2859/3631/5521 2831/3533/5521 2852/3643/5521
f 2911/3695/5522 2865/3648/5522 2862/3645/5522
f 2852/3643/5523 2910/3696/5523 2859/3631/5523
f 2912/3697/5524 2867/3652/5524 2865/3648/5524
f 2869/3651/5525 2867/3652/5525 2912/3697/5525
f 2912/3697/5526 2914/3698/5526 2869/3651/5526
f 2869/3651/5527 2914/3698/5527 2870/3649/5527
f 2872/3655/5528 2914/3698/5528 3689/3699/5528
f 2872/3655/5529 2870/3649/5529 2914/3698/5529
f 2872/3655/5530 2871/3654/5530 2870/3649/5530
f 2872/3655/5531 2913/3700/5531 2875/3656/5531
f 2876/3657/5532 2875/3656/5532 2915/3701/5532
f 2881/3660/5533 2877/3658/5533 2876/3657/5533
f 2884/3662/5534 2880/3661/5534 964/3189/5534
f 964/3189/5535 966/3191/5535 2884/3662/5535
f 2881/3660/5536 964/3189/5536 2880/3661/5536
f 2768/3610/5537 2752/3600/5537 2923/3618/5537
f 2768/3610/5538 2923/3618/5538 2918/3628/5538
f 965/3190/5539 964/3189/5539 2881/3660/5539
f 966/3191/5540 2886/3664/5540 2884/3662/5540
f 1080/3702/5541 2886/3664/5541 966/3191/5541
f 1084/3239/5542 289/2962/5542 1085/3241/5542
f 1080/3702/5543 1085/3703/5543 2889/3668/5543
f 2886/3664/5544 1080/3702/5544 2889/3668/5544
f 2889/3668/5545 1085/3703/5545 2890/3671/5545
f 2910/3696/5546 2852/3643/5546 2924/3704/5546
f 2896/3676/5547 2897/3678/5547 2925/3705/5547
f 2926/2983/5548 2898/3706/5548 2903/2984/5548
f 2836/3629/5549 2918/3628/5549 2927/3665/5549
f 2910/3696/5550 2883/3667/5550 2859/3631/5550
f 2899/3707/5551 2898/3706/5551 2905/3708/5551
f 2926/2983/5552 2905/3708/5552 2898/3706/5552
f 1085/3241/5553 289/2962/5553 2890/3709/5553
f 291/2964/5554 2890/3709/5554 289/2962/5554
f 291/2964/5555 2900/3710/5555 2890/3709/5555
f 2903/2984/5556 2900/3710/5556 291/2964/5556
f 2900/3710/5557 2892/3711/5557 2890/3709/5557
f 2897/3678/5558 2905/3708/5558 2928/3712/5558
f 2930/76/5559 2893/3672/5559 2894/3674/5559
f 2894/3674/5560 2929/77/5560 2930/76/5560
f 2923/3618/5561 4670/3713/5561 2927/3665/5561
f 2918/3628/5562 2923/3618/5562 2927/3665/5562
f 2936/3644/5563 2427/3535/5563 2500/3550/5563
f 2427/3535/5564 2419/3530/5564 2500/3550/5564
f 2802/3617/5565 2810/3624/5565 2923/3618/5565
f 2936/3644/5566 2831/3533/5566 2427/3535/5566
f 2855/3640/5567 2952/3714/5567 2856/3638/5567
f 2893/3672/5568 2930/76/5568 3110/85/5568
f 2940/3715/5569 1105/3257/5569 2939/3220/5569
f 2406/3532/5570 2438/3537/5570 2938/3541/5570
f 2960/3716/5571 2500/3550/5571 3017/3561/5571
f 2952/3717/5572 3028/3718/5572 2951/3719/5572
f 2906/3693/5573 2856/3638/5573 2952/3714/5573
f 2958/3720/5574 2417/3305/5574 2937/3534/5574
f 1950/3426/5575 1924/3306/5575 2958/3720/5575
f 2964/3721/5576 3178/3722/5576 2523/3552/5576
f 1924/3306/5577 2417/3305/5577 2958/3720/5577
f 3055/3723/5578 2966/3724/5578 2964/3721/5578
f 2938/3541/5579 2937/3534/5579 2406/3532/5579
f 2960/3716/5580 2936/3644/5580 2500/3550/5580
f 2937/3534/5581 2938/3541/5581 2974/3725/5581
f 2977/3726/5582 6/2861/5582 2978/3727/5582
f 6/2861/5583 1/2863/5583 2978/3727/5583
f 2979/3728/5584 1/2863/5584 11/2862/5584
f 2974/3725/5585 2958/3720/5585 2937/3534/5585
f 2982/75/5586 3228/74/5586 2980/3729/5586
f 3096/78/5587 2982/75/5587 2980/3729/5587
f 3535/3730/5588 2974/3725/5588 2938/3541/5588
f 3129/3731/5589 2986/3732/5589 2960/3716/5589
f 1105/3257/5590 2940/3715/5590 1353/3330/5590
f 2940/3715/5591 2941/3733/5591 2989/3734/5591
f 2989/3734/5592 2941/3733/5592 2991/3735/5592
f 2991/3735/5593 2941/3733/5593 2948/3736/5593
f 2993/3737/5594 2989/3734/5594 2991/3735/5594
f 2993/3737/5595 1353/3330/5595 2940/3715/5595
f 2984/3738/5596 1353/3330/5596 2993/3737/5596
f 2940/3715/5597 2989/3734/5597 2993/3737/5597
f 2984/3738/5598 2993/3737/5598 2994/3739/5598
f 3135/3740/5599 2999/3741/5599 3000/3742/5599
f 1950/3426/5600 2958/3720/5600 2968/3743/5600
f 2996/3744/5601 3003/3745/5601 2997/3746/5601
f 3000/3742/5602 3001/3747/5602 2995/3748/5602
f 3000/3742/5603 3002/3749/5603 3001/3747/5603
f 3003/3745/5604 2999/3741/5604 2997/3746/5604
f 3000/3742/5605 2999/3741/5605 3002/3749/5605
f 2999/3741/5606 3003/3745/5606 3002/3749/5606
f 1950/3426/5607 2968/3743/5607 3005/3750/5607
f 1989/3434/5608 1950/3426/5608 3005/3750/5608
f 3004/3751/5609 3011/3752/5609 3006/3753/5609
f 2995/3748/5610 3001/3747/5610 3004/3751/5610
f 3007/3754/5611 2948/3736/5611 2945/3755/5611
f 3002/3749/5612 3008/3756/5612 3001/3747/5612
f 3008/3756/5613 3009/3757/5613 3001/3747/5613
f 3006/3753/5614 3011/3752/5614 3010/3758/5614
f 3001/3747/5615 3009/3757/5615 3011/3752/5615
f 3009/3757/5616 3012/3759/5616 3011/3752/5616
f 1989/3434/5617 3005/3750/5617 3014/3760/5617
f 2986/3732/5618 2936/3644/5618 2960/3716/5618
f 3015/3761/5619 3013/3762/5619 3007/3754/5619
f 3007/3754/5620 2946/3763/5620 3015/3761/5620
f 3007/3754/5621 3013/3762/5621 3018/3764/5621
f 3004/3751/5622 3001/3747/5622 3011/3752/5622
f 3007/3754/5623 2945/3755/5623 2946/3763/5623
f 2946/3763/5624 2947/3765/5624 3015/3761/5624
f 2947/3765/5625 3016/3766/5625 3015/3761/5625
f 2991/3735/5626 3007/3754/5626 3018/3764/5626
f 3012/3759/5627 3019/3767/5627 3010/3758/5627
f 3011/3752/5628 3012/3759/5628 3010/3758/5628
f 3012/3759/5629 3020/3768/5629 3019/3767/5629
f 2993/3737/5630 2991/3735/5630 3018/3764/5630
f 2991/3735/5631 2948/3736/5631 3007/3754/5631
f 3019/3769/5632 3020/3770/5632 3022/3771/5632
f 3016/3766/5633 3023/3772/5633 3021/3773/5633
f 3020/3770/5634 3024/3774/5634 3022/3771/5634
f 2947/3765/5635 3023/3772/5635 3016/3766/5635
f 3023/3772/5636 2947/3765/5636 2949/3775/5636
f 2949/3775/5637 3028/3718/5637 3023/3772/5637
f 2949/3775/5638 2951/3719/5638 3028/3718/5638
f 3028/3718/5639 3027/3776/5639 3021/3773/5639
f 3021/3773/5640 3023/3772/5640 3028/3718/5640
f 2952/3717/5641 3030/3777/5641 3027/3776/5641
f 3026/3778/5642 3029/3779/5642 3025/3780/5642
f 3028/3718/5643 2952/3717/5643 3027/3776/5643
f 3003/3745/5644 3025/3780/5644 3032/3781/5644
f 3025/3780/5645 3029/3779/5645 3032/3781/5645
f 3008/3756/5646 3033/3782/5646 3051/3783/5646
f 3008/3756/5647 3002/3749/5647 3032/3781/5647
f 3032/3781/5648 3033/3782/5648 3008/3756/5648
f 2968/3743/5649 2958/3720/5649 2974/3725/5649
f 2855/3640/5650 3030/3784/5650 2952/3714/5650
f 3002/3749/5651 3003/3745/5651 3032/3781/5651
f 3029/3779/5652 3033/3782/5652 3032/3781/5652
f 3029/3779/5653 3040/3785/5653 3033/3782/5653
f 2528/3556/5654 2517/3555/5654 3044/3786/5654
f 3026/3778/5655 3035/3787/5655 3029/3779/5655
f 3040/3785/5656 3029/3779/5656 3035/3787/5656
f 3035/3787/5657 3036/3788/5657 3040/3785/5657
f 2528/3556/5658 2964/3721/5658 2523/3552/5658
f 3044/3786/5659 2964/3721/5659 2528/3556/5659
f 3044/3786/5660 3064/3789/5660 2964/3721/5660
f 2968/3743/5661 2974/3725/5661 3068/3790/5661
f 3041/3791/5662 3033/3782/5662 3040/3785/5662
f 3036/3788/5663 3049/3792/5663 3040/3785/5663
f 2968/3743/5664 3047/3793/5664 3005/3750/5664
f 3049/3792/5665 3050/3794/5665 3040/3785/5665
f 3041/3791/5666 3040/3785/5666 3050/3794/5666
f 3051/3783/5667 3052/3795/5667 3053/3796/5667
f 3014/3760/5668 3005/3750/5668 3047/3793/5668
f 3051/3783/5669 3009/3757/5669 3008/3756/5669
f 3033/3782/5670 3052/3795/5670 3051/3783/5670
f 3053/3796/5671 3054/3797/5671 3009/3757/5671
f 3056/3798/5672 3012/3759/5672 3009/3757/5672
f 3056/3798/5673 3009/3757/5673 3054/3797/5673
f 3009/3757/5674 3051/3783/5674 3053/3796/5674
f 3033/3782/5675 3041/3791/5675 3052/3795/5675
f 3041/3791/5676 3050/3794/5676 3052/3795/5676
f 3065/3799/5677 3054/3800/5677 3053/3801/5677
f 3056/3802/5678 3020/3770/5678 3012/3803/5678
f 3056/3802/5679 3058/3804/5679 3057/3805/5679
f 3056/3802/5680 3057/3805/5680 3020/3770/5680
f 3056/3802/5681 3054/3800/5681 3058/3804/5681
f 3050/3794/5682 3060/3806/5682 3052/3795/5682
f 3049/3807/5683 3061/3808/5683 3050/3809/5683
f 3061/3808/5684 3060/3810/5684 3050/3809/5684
f 3060/3810/5685 3053/3801/5685 3052/3811/5685
f 3060/3810/5686 3062/3812/5686 3065/3799/5686
f 3065/3799/5687 3053/3801/5687 3060/3810/5687
f 3065/3799/5688 3062/3812/5688 3070/3813/5688
f 3061/3808/5689 3062/3812/5689 3060/3810/5689
f 3047/3793/5690 2968/3743/5690 3068/3790/5690
f 3017/3561/5691 3045/3814/5691 3129/3731/5691
f 3067/3815/5692 3064/3789/5692 3044/3786/5692
f 3146/3816/5693 3129/3731/5693 3045/3814/5693
f 3055/3723/5694 2964/3721/5694 3064/3789/5694
f 2539/3558/5695 3045/3814/5695 3017/3561/5695
f 2966/3724/5696 3055/3723/5696 3069/3817/5696
f 3055/3723/5697 3064/3789/5697 3069/3817/5697
f 3063/3818/5698 3062/3812/5698 3083/3819/5698
f 3070/3813/5699 3062/3812/5699 3063/3818/5699
f 3065/3799/5700 3070/3813/5700 3054/3800/5700
f 3070/3813/5701 3071/3820/5701 3058/3804/5701
f 3063/3818/5702 3072/3821/5702 3070/3813/5702
f 3058/3804/5703 3054/3800/5703 3070/3813/5703
f 2970/3822/5704 2966/3724/5704 3069/3817/5704
f 3071/3820/5705 3070/3813/5705 3072/3821/5705
f 3058/3804/5706 3075/3823/5706 3057/3805/5706
f 3069/3817/5707 3076/3824/5707 3078/3825/5707
f 3078/3825/5708 2970/3822/5708 3069/3817/5708
f 3075/3823/5709 3058/3804/5709 3071/3820/5709
f 3071/3820/5710 3072/3821/5710 3194/3826/5710
f 3069/3817/5711 3064/3789/5711 3076/3824/5711
f 3077/3827/5712 3079/3828/5712 3036/3788/5712
f 3036/3788/5713 3037/3829/5713 3077/3827/5713
f 3079/3828/5714 3049/3792/5714 3036/3788/5714
f 2973/3830/5715 2970/3822/5715 3078/3825/5715
f 3079/3831/5716 3080/3832/5716 3049/3807/5716
f 3049/3807/5717 3080/3832/5717 3061/3808/5717
f 3076/3824/5718 3081/3833/5718 3078/3825/5718
f 3076/3824/5719 3468/3834/5719 3081/3833/5719
f 3083/3819/5720 3062/3812/5720 3084/3835/5720
f 2973/3830/5721 3078/3825/5721 2976/3836/5721
f 3085/3837/5722 3078/3825/5722 3081/3833/5722
f 3084/3835/5723 3062/3812/5723 3061/3808/5723
f 3085/3837/5724 2976/3836/5724 3078/3825/5724
f 3085/3837/5725 2977/3726/5725 2976/3836/5725
f 3061/3808/5726 3080/3832/5726 3084/3835/5726
f 3084/3835/5727 3082/3838/5727 3083/3819/5727
f 3085/3837/5728 5/2859/5728 2977/3726/5728
f 3080/3832/5729 3082/3838/5729 3084/3835/5729
f 3083/3819/5730 3087/3839/5730 3086/3840/5730
f 3082/3838/5731 3087/3839/5731 3083/3819/5731
f 2977/3726/5732 5/2859/5732 6/2861/5732
f 3083/3819/5733 3086/3840/5733 3063/3818/5733
f 2980/3729/5734 11/2862/5734 3089/82/5734
f 3086/3840/5735 3103/3841/5735 3088/3842/5735
f 11/2862/5736 2980/3729/5736 2979/3728/5736
f 3088/3842/5737 3063/3818/5737 3086/3840/5737
f 3088/3842/5738 3072/3821/5738 3063/3818/5738
f 3088/3842/5739 3090/3843/5739 3072/3821/5739
f 3074/3844/5740 3072/3821/5740 3090/3843/5740
f 3092/80/5741 3110/85/5741 3093/79/5741
f 3077/3845/5742 3095/3846/5742 3079/3831/5742
f 3094/3847/5743 3095/3846/5743 3077/3845/5743
f 3095/3846/5744 3082/3838/5744 3080/3832/5744
f 3080/3832/5745 3079/3831/5745 3095/3846/5745
f 3096/78/5746 2980/3729/5746 3097/81/5746
f 2980/3729/5747 3099/83/5747 3097/81/5747
f 3082/3838/5748 3098/3848/5748 3106/3849/5748
f 3082/3838/5749 3095/3846/5749 3098/3848/5749
f 3086/3840/5750 3087/3839/5750 3103/3841/5750
f 3088/3842/5751 3103/3841/5751 3090/3843/5751
f 3103/3841/5752 3104/3850/5752 3090/3843/5752
f 3106/3849/5753 3087/3839/5753 3082/3838/5753
f 3107/3851/5754 3103/3841/5754 3087/3839/5754
f 3107/3851/5755 3108/3852/5755 3103/3841/5755
f 2591/3563/5756 2484/3548/5756 2307/3512/5756
f 3045/3814/5757 2539/3558/5757 3101/3853/5757
f 3129/3731/5758 2960/3716/5758 3017/3561/5758
f 2511/3553/5759 2473/3543/5759 2484/3854/5759
f 2930/76/5760 3093/79/5760 3110/85/5760
f 3099/83/5761 2980/3729/5761 3111/84/5761
f 3089/82/5762 3111/84/5762 2980/3729/5762
f 3089/82/5763 3540/3855/5763 3116/87/5763
f 3116/87/5764 3540/3855/5764 3470/88/5764
f 3120/97/5765 3121/3856/5765 3119/3857/5765
f 2929/77/5766 2894/3674/5766 3140/89/5766
f 3121/3856/5767 3120/97/5767 2894/3858/5767
f 3120/97/5768 3140/3859/5768 2894/3858/5768
f 2894/3858/5769 2896/3676/5769 3121/3856/5769
f 2896/3676/5770 3122/3860/5770 3121/3856/5770
f 2896/3676/5771 2925/3705/5771 3122/3860/5771
f 3122/3860/5772 2928/3712/5772 3126/3861/5772
f 3232/3862/5773 3126/3861/5773 3127/3863/5773
f 3127/3863/5774 3126/3861/5774 2928/3712/5774
f 3122/3860/5775 2925/3705/5775 2928/3712/5775
f 2928/3712/5776 2905/3708/5776 3127/3863/5776
f 2905/3708/5777 2926/2983/5777 3127/3863/5777
f 2928/3712/5778 2925/3705/5778 2897/3678/5778
f 2997/3746/5779 3130/3864/5779 3113/3865/5779
f 3131/3866/5780 3125/3867/5780 3123/3868/5780
f 3119/3857/5781 3134/98/5781 3120/97/5781
f 2997/3746/5782 2999/3741/5782 3130/3864/5782
f 3135/3740/5783 3000/3742/5783 2995/3748/5783
f 3131/3866/5784 2995/3748/5784 3004/3751/5784
f 2591/3563/5785 2602/3566/5785 3136/3869/5785
f 2999/3741/5786 3135/3740/5786 3130/3864/5786
f 3131/3866/5787 3135/3740/5787 2995/3748/5787
f 3131/3866/5788 3130/3864/5788 3135/3740/5788
f 3113/3865/5789 4081/3870/5789 2997/3746/5789
f 2484/3548/5790 2591/3563/5790 3238/3871/5790
f 3139/3872/5791 2996/3744/5791 3138/3873/5791
f 3182/3874/5792 2996/3744/5792 3139/3872/5792
f 2996/3744/5793 2997/3746/5793 3138/3873/5793
f 3156/3875/5794 2484/3548/5794 3238/3871/5794
f 3136/3869/5795 3238/3871/5795 2591/3563/5795
f 3154/3876/5796 3148/3877/5796 3149/3878/5796
f 3146/3816/5797 3045/3814/5797 3101/3853/5797
f 3147/3879/5798 3154/3876/5798 3149/3878/5798
f 3154/3876/5799 3147/3879/5799 3004/3751/5799
f 3160/3880/5800 2433/3536/5800 2511/3553/5800
f 3131/3866/5801 3147/3879/5801 3125/3867/5801
f 3004/3751/5802 3147/3879/5802 3131/3866/5802
f 3156/3881/5803 3181/3882/5803 2511/3553/5803
f 3006/3753/5804 3154/3876/5804 3004/3751/5804
f 2986/3732/5805 3129/3731/5805 3146/3816/5805
f 3163/3883/5806 3164/3884/5806 3257/3885/5806
f 3181/3882/5807 3160/3880/5807 2511/3553/5807
f 3268/3886/5808 3173/3887/5808 3174/3888/5808
f 3176/92/5809 3119/3857/5809 3270/93/5809
f 3269/100/5810 3270/93/5810 3119/3857/5810
f 2433/3536/5811 3160/3880/5811 2938/3541/5811
f 3175/3889/5812 3174/3890/5812 3173/3891/5812
f 3176/92/5813 3134/98/5813 3119/3857/5813
f 3167/3892/5814 3166/3893/5814 3022/3894/5814
f 3006/3753/5815 3010/3758/5815 3177/3895/5815
f 3019/3767/5816 3177/3895/5816 3010/3758/5816
f 3019/3767/5817 3166/3893/5817 3177/3895/5817
f 3154/3876/5818 3006/3753/5818 3177/3895/5818
f 3154/3876/5819 3177/3895/5819 3166/3893/5819
f 3019/3767/5820 3022/3894/5820 3166/3893/5820
f 3026/3778/5821 3025/3780/5821 3182/3874/5821
f 3025/3780/5822 3003/3745/5822 3182/3874/5822
f 2996/3744/5823 3182/3874/5823 3003/3745/5823
f 3183/3896/5824 3037/3829/5824 3184/3897/5824
f 3184/3897/5825 3035/3787/5825 3026/3778/5825
f 3184/3897/5826 3037/3829/5826 3036/3788/5826
f 3036/3788/5827 3035/3787/5827 3184/3897/5827
f 3178/3722/5828 2966/3724/5828 3180/3898/5828
f 2938/3541/5829 3160/3880/5829 3535/3730/5829
f 3158/3899/5830 3180/3898/5830 2966/3724/5830
f 2523/3552/5831 3178/3722/5831 2326/3522/5831
f 2966/3724/5832 3178/3722/5832 2964/3721/5832
f 3077/3827/5833 3037/3829/5833 3183/3896/5833
f 3022/3771/5834 3024/3774/5834 3188/3900/5834
f 3024/3774/5835 3190/3901/5835 3188/3900/5835
f 3191/3902/5836 3190/3901/5836 3024/3774/5836
f 3020/3770/5837 3191/3902/5837 3024/3774/5837
f 3020/3770/5838 3057/3805/5838 3191/3902/5838
f 3075/3823/5839 3191/3902/5839 3057/3805/5839
f 3075/3823/5840 4300/3903/5840 3191/3902/5840
f 3074/3844/5841 3193/3904/5841 3194/3826/5841
f 3074/3844/5842 3194/3826/5842 3072/3821/5842
f 3075/3823/5843 3071/3820/5843 3194/3826/5843
f 3090/3843/5844 4297/3905/5844 3193/3904/5844
f 3193/3904/5845 3074/3844/5845 3090/3843/5845
f 3197/3906/5846 3200/3907/5846 3198/3908/5846
f 852/3136/5847 3198/3908/5847 853/3137/5847
f 3199/3909/5848 3203/3910/5848 3211/3911/5848
f 3198/3908/5849 3203/3910/5849 3199/3909/5849
f 3211/3911/5850 3203/3910/5850 3202/3912/5850
f 3198/3908/5851 852/3136/5851 3203/3910/5851
f 3202/3912/5852 3203/3910/5852 1112/3246/5852
f 852/3136/5853 1112/3246/5853 3203/3910/5853
f 3205/136/5854 3204/3913/5854 3206/135/5854
f 3197/3906/5855 3204/3913/5855 3209/7/5855
f 3197/3906/5856 3219/6/5856 3215/5/5856
f 3209/7/5857 3219/6/5857 3197/3906/5857
f 3197/3906/5858 3199/3909/5858 3204/3913/5858
f 3199/3909/5859 3208/3914/5859 3204/3913/5859
f 3197/3906/5860 3198/3908/5860 3199/3909/5860
f 3211/3911/5861 3208/3914/5861 3199/3909/5861
f 3212/2/5862 3200/3907/5862 3197/3906/5862
f 3160/3880/5863 3181/3882/5863 3213/3915/5863
f 3229/3916/5864 3213/3915/5864 3181/3882/5864
f 3535/3730/5865 3160/3880/5865 3213/3915/5865
f 3212/2/5866 3197/3906/5866 3215/5/5866
f 3192/3917/5867 3207/3918/5867 3164/3884/5867
f 2970/3822/5868 3158/3899/5868 2966/3724/5868
f 2973/3830/5869 3187/3919/5869 2970/3822/5869
f 3363/33/5870 3218/3920/5870 3214/1/5870
f 3212/2/5871 3214/1/5871 3218/3920/5871
f 2973/3830/5872 3192/3917/5872 3187/3919/5872
f 3192/3917/5873 2973/3830/5873 2976/3836/5873
f 3192/3917/5874 2977/3726/5874 3207/3918/5874
f 2976/3836/5875 2977/3726/5875 3192/3917/5875
f 2978/3727/5876 3207/3918/5876 2977/3726/5876
f 2978/3727/5877 1/2863/5877 3172/3921/5877
f 1/2863/5878 2979/3728/5878 3173/3891/5878
f 3365/38/5879 3407/46/5879 3204/3913/5879
f 2979/3728/5880 2980/3729/5880 3173/3891/5880
f 3220/44/5881 3204/3913/5881 3407/46/5881
f 3204/3913/5882 3220/44/5882 3209/7/5882
f 3178/3722/5883 3142/3922/5883 2326/3522/5883
f 3178/3722/5884 3180/3898/5884 3142/3922/5884
f 3156/3881/5885 2511/3553/5885 2484/3854/5885
f 3180/3898/5886 3155/3923/5886 3142/3922/5886
f 3155/3923/5887 3180/3898/5887 3158/3899/5887
f 2970/3822/5888 3159/3924/5888 3158/3899/5888
f 3159/3924/5889 2970/3822/5889 3187/3919/5889
f 3187/3919/5890 3163/3883/5890 3159/3924/5890
f 3163/3883/5891 3192/3917/5891 3164/3884/5891
f 3163/3883/5892 3187/3919/5892 3192/3917/5892
f 3207/3918/5893 3165/3925/5893 3164/3884/5893
f 3207/3918/5894 3171/3926/5894 3165/3925/5894
f 3207/3918/5895 2978/3727/5895 3171/3926/5895
f 3172/3921/5896 3171/3926/5896 2978/3727/5896
f 1/2863/5897 3173/3891/5897 3172/3921/5897
f 3225/91/5898 3175/3889/5898 3173/3891/5898
f 3175/3889/5899 3225/91/5899 3226/3927/5899
f 3225/91/5900 2980/3729/5900 3228/74/5900
f 3225/91/5901 3173/3891/5901 2980/3729/5901
f 3119/3857/5902 3121/3856/5902 3292/3928/5902
f 3231/3929/5903 3292/3928/5903 3121/3856/5903
f 3121/3856/5904 3122/3860/5904 3231/3929/5904
f 3181/3882/5905 3156/3881/5905 3229/3916/5905
f 2655/3577/5906 3136/3869/5906 2602/3566/5906
f 3236/3930/5907 3235/3931/5907 3240/3932/5907
f 3239/3933/5908 3236/3930/5908 3240/3932/5908
f 3155/3923/5909 3143/3514/5909 3142/3922/5909
f 3251/3934/5910 3239/3933/5910 3240/3932/5910
f 3251/3934/5911 3282/3935/5911 3250/3936/5911
f 3136/3937/5912 3248/3938/5912 3249/3939/5912
f 3155/3923/5913 3158/3899/5913 3253/3940/5913
f 3158/3899/5914 3159/3924/5914 3253/3940/5914
f 3159/3924/5915 3163/3883/5915 3253/3940/5915
f 3253/3940/5916 3163/3883/5916 3254/3941/5916
f 3163/3883/5917 3257/3885/5917 3254/3941/5917
f 3136/3869/5918 3249/3942/5918 3238/3871/5918
f 3259/3943/5919 3255/3944/5919 3251/3934/5919
f 2655/3577/5920 3248/3945/5920 3136/3869/5920
f 3172/3921/5921 3266/3946/5921 3171/3926/5921
f 3268/3886/5922 3273/3947/5922 3173/3887/5922
f 3267/3948/5923 3173/3949/5923 3273/3950/5923
f 3266/3951/5924 3173/3952/5924 3267/102/5924
f 3266/3946/5925 3172/3921/5925 3173/3891/5925
f 3259/3943/5926 3251/3934/5926 3243/3953/5926
f 3294/3954/5927 3255/3944/5927 3259/3943/5927
f 3275/3955/5928 3259/3943/5928 3274/3956/5928
f 3277/3957/5929 3250/3936/5929 3282/3935/5929
f 3239/3933/5930 3251/3934/5930 3250/3936/5930
f 3250/3936/5931 3277/3957/5931 3239/3933/5931
f 2924/3704/5932 2852/3643/5932 2986/3732/5932
f 3277/3957/5933 3282/3935/5933 3280/3958/5933
f 2936/3644/5934 2986/3732/5934 2852/3643/5934
f 3251/3934/5935 3255/3944/5935 3282/3935/5935
f 2656/3636/5936 3248/3938/5936 2655/3959/5936
f 3282/3935/5937 3283/3960/5937 3280/3958/5937
f 1225/3295/5938 3279/3296/5938 3285/3961/5938
f 3283/3960/5939 3294/3954/5939 3284/3962/5939
f 3282/3935/5940 3294/3954/5940 3283/3960/5940
f 3285/3961/5941 3286/3963/5941 3293/3964/5941
f 3286/3963/5942 3285/3961/5942 3279/3296/5942
f 3288/3965/5943 3285/3961/5943 3287/3966/5943
f 3232/3862/5944 3287/3966/5944 3126/3861/5944
f 3288/3965/5945 3287/3966/5945 3232/3862/5945
f 3291/3967/5946 3292/3928/5946 3286/3963/5946
f 3290/3968/5947 3286/3963/5947 3279/3296/5947
f 3292/3928/5948 3293/3964/5948 3286/3963/5948
f 3293/3964/5949 3287/3966/5949 3285/3961/5949
f 3231/3929/5950 3293/3964/5950 3292/3928/5950
f 3287/3966/5951 3293/3964/5951 3231/3929/5951
f 3231/3929/5952 3126/3861/5952 3287/3966/5952
f 3122/3860/5953 3126/3861/5953 3231/3929/5953
f 3278/3969/5954 3290/3968/5954 3279/3296/5954
f 3275/3955/5955 3294/3954/5955 3259/3943/5955
f 3255/3944/5956 3294/3954/5956 3282/3935/5956
f 3284/3962/5957 3294/3954/5957 3296/3970/5957
f 3286/3963/5958 3290/3968/5958 3291/3967/5958
f 3275/3955/5959 3296/3970/5959 3294/3954/5959
f 3275/3955/5960 3298/3971/5960 3296/3970/5960
f 3297/106/5961 3292/3928/5961 3291/3967/5961
f 3276/3972/5962 3298/3971/5962 3275/3955/5962
f 3119/3857/5963 3292/3928/5963 3297/106/5963
f 3290/3968/5964 3278/3969/5964 3320/19/5964
f 3306/3973/5965 3299/3974/5965 3276/3975/5965
f 3303/3976/5966 3284/3962/5966 3296/3970/5966
f 3303/3976/5967 3304/8/5967 3301/3977/5967
f 3296/3970/5968 3298/3971/5968 3303/3976/5968
f 3298/3971/5969 3304/8/5969 3303/3976/5969
f 3301/3977/5970 3300/3978/5970 3303/3976/5970
f 3300/3978/5971 3284/3962/5971 3303/3976/5971
f 3276/3972/5972 3299/3979/5972 3298/3971/5972
f 3297/106/5973 3269/100/5973 3119/3857/5973
f 3307/3980/5974 3299/3974/5974 3306/3973/5974
f 3309/24/5975 3290/3968/5975 3320/19/5975
f 3291/3967/5976 3290/3968/5976 3308/25/5976
f 3297/106/5977 3291/3967/5977 3311/107/5977
f 3299/3974/5978 3315/18/5978 3324/13/5978
f 3307/3980/5979 3313/16/5979 3299/3974/5979
f 3299/3974/5980 3313/16/5980 3315/18/5980
f 3297/106/5981 3312/108/5981 3269/100/5981
f 3301/3977/5982 3317/3981/5982 3300/3978/5982
f 3318/42/5983 3301/3977/5983 3304/8/5983
f 3304/8/5984 3298/3971/5984 3305/9/5984
f 3322/12/5985 3298/3982/5985 3299/3974/5985
f 3298/3971/5986 3322/11/5986 3305/9/5986
f 3322/12/5987 3299/3974/5987 3324/13/5987
f 3327/43/5988 3301/3977/5988 3318/42/5988
f 3308/25/5989 3290/3968/5989 3309/24/5989
f 3562/3983/5990 3213/3915/5990 3330/3984/5990
f 3331/71/5991 3291/3967/5991 3339/28/5991
f 3311/107/5992 3291/3967/5992 3336/109/5992
f 3334/110/5993 3269/100/5993 3312/108/5993
f 3291/3967/5994 3507/72/5994 3336/109/5994
f 3308/25/5995 3339/28/5995 3291/3967/5995
f 3342/3985/5996 3341/3986/5996 3344/3987/5996
f 3313/16/5997 3307/3980/5997 3355/32/5997
f 3356/30/5998 3357/31/5998 3307/3980/5998
f 3307/3980/5999 3357/31/5999 3355/32/5999
f 3358/3988/6000 3344/3987/6000 3341/3986/6000
f 3356/30/6001 3218/3920/6001 3359/27/6001
f 3358/3988/6002 3143/3514/6002 3155/3923/6002
f 3361/34/6003 3218/3920/6003 3363/33/6003
f 3342/3985/6004 3344/3987/6004 3364/3989/6004
f 3344/3987/6005 3358/3988/6005 3364/3989/6005
f 3358/3988/6006 3341/3986/6006 3143/3514/6006
f 3327/43/6007 3376/35/6007 3301/3977/6007
f 3358/3988/6008 3155/3923/6008 3366/3990/6008
f 3155/3923/6009 3253/3940/6009 3366/3990/6009
f 3376/35/6010 3378/37/6010 3317/3981/6010
f 3370/39/6011 3365/38/6011 3655/3991/6011
f 3655/3992/6012 3317/3981/6012 3377/47/6012
f 2986/3732/6013 3349/3993/6013 2924/3704/6013
f 3377/47/6014 3370/3994/6014 3655/3992/6014
f 3301/3977/6015 3376/35/6015 3317/3981/6015
f 3377/47/6016 3317/3981/6016 3378/37/6016
f 3375/3995/6017 3374/3996/6017 3369/3997/6017
f 3375/3995/6018 3381/3998/6018 3379/3999/6018
f 3380/4000/6019 3382/4001/6019 3375/3995/6019
f 3382/4001/6020 3381/3998/6020 3375/3995/6020
f 3381/3998/6021 3382/4001/6021 3386/4002/6021
f 3384/4003/6022 3379/3999/6022 3383/4004/6022
f 3381/3998/6023 3383/4004/6023 3379/3999/6023
f 3383/4004/6024 3385/4005/6024 3384/4003/6024
f 3386/4002/6025 3387/53/6025 3381/3998/6025
f 3439/50/6026 3383/4004/6026 3381/3998/6026
f 3425/4006/6027 3387/53/6027 3386/4002/6027
f 3238/4007/6028 3229/3916/6028 3156/3881/6028
f 3368/4008/6029 3389/4009/6029 3369/4010/6029
f 3389/4009/6030 3364/3989/6030 3388/4011/6030
f 3389/4009/6031 3342/3985/6031 3364/3989/6031
f 3369/4010/6032 3389/4009/6032 3372/4012/6032
f 3372/4012/6033 3389/4009/6033 3404/4013/6033
f 3364/3989/6034 3398/4014/6034 3388/4011/6034
f 3398/4014/6035 3364/3989/6035 3358/3988/6035
f 3358/3988/6036 3366/3990/6036 3398/4014/6036
f 3388/4011/6037 3398/4014/6037 3404/4013/6037
f 3366/3990/6038 3254/3941/6038 3398/4014/6038
f 3229/4015/6039 3403/4016/6039 3406/4017/6039
f 3229/4015/6040 3238/4018/6040 3403/4016/6040
f 3389/4009/6041 3388/4011/6041 3404/4013/6041
f 3229/3916/6042 3406/4019/6042 3330/3984/6042
f 3372/4012/6043 3404/4013/6043 3380/4020/6043
f 3349/3993/6044 2986/3732/6044 3146/3816/6044
f 3213/3915/6045 3229/3916/6045 3330/3984/6045
f 3380/4020/6046 3369/4010/6046 3372/4012/6046
f 3206/135/6047 3208/3914/6047 3409/4021/6047
f 3667/133/6048 3206/135/6048 3409/4021/6048
f 3208/3914/6049 3206/135/6049 3204/3913/6049
f 3404/4013/6050 3398/4014/6050 3414/4022/6050
f 3398/4014/6051 3254/3941/6051 3414/4022/6051
f 3416/4023/6052 3414/4022/6052 3254/3941/6052
f 3404/4013/6053 3414/4022/6053 3416/4023/6053
f 3366/3990/6054 3253/3940/6054 3254/3941/6054
f 3238/4018/6055 3249/3939/6055 3403/4016/6055
f 3254/3941/6056 3257/3885/6056 3416/4023/6056
f 3416/4023/6057 3418/4024/6057 3380/4020/6057
f 3380/4020/6058 3404/4013/6058 3416/4023/6058
f 3257/3885/6059 3418/4024/6059 3416/4023/6059
f 3164/3884/6060 3419/4025/6060 3257/3885/6060
f 3380/4020/6061 3375/4026/6061 3369/4010/6061
f 3418/4024/6062 3382/4027/6062 3380/4020/6062
f 3257/3885/6063 3419/4025/6063 3418/4024/6063
f 3208/3914/6064 3410/4028/6064 3409/4021/6064
f 3420/4029/6065 3208/3914/6065 3211/3911/6065
f 3202/3912/6066 3420/4029/6066 3211/3911/6066
f 3202/3912/6067 3411/4030/6067 3420/4029/6067
f 3411/4030/6068 3421/4031/6068 3420/4029/6068
f 3208/3914/6069 3420/4029/6069 3410/4028/6069
f 953/3199/6070 3411/4030/6070 3202/3912/6070
f 3202/3912/6071 1112/3246/6071 953/3199/6071
f 821/3118/6072 972/3161/6072 819/3119/6072
f 953/3199/6073 972/3161/6073 821/3118/6073
f 3418/4024/6074 3419/4025/6074 3426/4032/6074
f 3440/111/6075 3422/114/6075 3423/4033/6075
f 3435/117/6076 3423/4033/6076 2893/3672/6076
f 3424/4034/6077 3410/4028/6077 3423/4035/6077
f 3409/4021/6078 3410/4028/6078 3424/4034/6078
f 3418/4024/6079 3386/4036/6079 3382/4027/6079
f 3425/4037/6080 3386/4036/6080 3426/4032/6080
f 3418/4024/6081 3426/4032/6081 3386/4036/6081
f 2893/3672/6082 3423/4033/6082 3427/4038/6082
f 2895/3675/6083 2893/3672/6083 3427/4038/6083
f 3429/3680/6084 2895/3679/6084 3427/4039/6084
f 3427/4039/6085 3423/4035/6085 3410/4028/6085
f 3410/4028/6086 3420/4029/6086 3421/4031/6086
f 3165/3925/6087 3426/4032/6087 3419/4025/6087
f 3165/3925/6088 3419/4025/6088 3164/3884/6088
f 3165/3925/6089 3171/3926/6089 3426/4032/6089
f 3171/3926/6090 3443/4040/6090 3426/4032/6090
f 3429/3680/6091 3421/4031/6091 3432/4041/6091
f 3411/4030/6092 3432/4041/6092 3421/4031/6092
f 3430/57/6093 3385/4005/6093 3383/4004/6093
f 3410/4028/6094 3421/4031/6094 3427/4039/6094
f 3421/4031/6095 3429/3680/6095 3427/4039/6095
f 3383/4004/6096 3431/49/6096 3430/57/6096
f 821/3118/6097 3432/4041/6097 3411/4030/6097
f 2899/3692/6098 3432/4041/6098 821/3118/6098
f 3411/4030/6099 953/3199/6099 821/3118/6099
f 818/3117/6100 2899/3692/6100 821/3118/6100
f 3429/3680/6101 2899/3692/6101 2897/3681/6101
f 3429/3680/6102 3432/4041/6102 2899/3692/6102
f 2893/3672/6103 3110/85/6103 3435/117/6103
f 3434/56/6104 3387/53/6104 3425/4006/6104
f 3118/86/6105 3471/122/6105 3110/85/6105
f 3437/52/6106 3381/3998/6106 3387/53/6106
f 3423/4033/6107 3435/117/6107 3438/112/6107
f 3439/50/6108 3381/3998/6108 3437/52/6108
f 3438/112/6109 3440/111/6109 3423/4033/6109
f 3436/4042/6110 4373/4043/6110 3433/4044/6110
f 3439/50/6111 3431/49/6111 3383/4004/6111
f 3424/4034/6112 3423/4035/6112 3422/4045/6112
f 3443/4046/6113 3425/4006/6113 3426/4047/6113
f 3444/66/6114 3445/54/6114 3425/4006/6114
f 3409/4048/6115 3424/118/6115 3446/120/6115
f 2517/3555/6116 2649/3582/6116 3044/3786/6116
f 3445/54/6117 3434/56/6117 3425/4006/6117
f 3448/4049/6118 3491/4050/6118 3403/4016/6118
f 3403/4016/6119 3249/3939/6119 3448/4049/6119
f 3430/57/6120 3451/60/6120 3385/4005/6120
f 3456/59/6121 3385/4005/6121 3451/60/6121
f 3456/59/6122 3453/61/6122 3385/4005/6122
f 3460/4051/6123 3076/3824/6123 3064/3789/6123
f 3146/3816/6124 3454/4052/6124 3349/3993/6124
f 3460/4051/6125 3064/3789/6125 3067/3815/6125
f 3316/20/6126 4527/4053/6126 3466/22/6126
f 3468/3834/6127 3076/3824/6127 3460/4051/6127
f 3085/3837/6128 3081/3833/6128 3468/3834/6128
f 3249/3939/6129 3248/3938/6129 3448/4049/6129
f 3146/3816/6130 3545/4054/6130 3454/4052/6130
f 3085/3837/6131 3515/4055/6131 5/2859/6131
f 3469/4056/6132 3085/3837/6132 3468/3834/6132
f 3515/4055/6133 3085/3837/6133 3469/4056/6133
f 3089/82/6134 11/2862/6134 3540/3855/6134
f 3435/117/6135 3110/85/6135 3471/122/6135
f 2883/3667/6136 3911/4057/6136 2180/3481/6136
f 2910/3696/6137 3911/4057/6137 2883/3667/6137
f 2910/3696/6138 2924/3704/6138 3362/4058/6138
f 3478/4059/6139 2624/3573/6139 3475/4060/6139
f 3478/4059/6140 2645/3570/6140 2624/3573/6140
f 3480/4061/6141 3487/4062/6141 3478/4059/6141
f 3101/3853/6142 2539/3558/6142 2690/3594/6142
f 3480/4061/6143 3481/4063/6143 3487/4062/6143
f 2645/3570/6144 3576/4064/6144 2647/3571/6144
f 3478/4059/6145 3475/4060/6145 3480/4061/6145
f 2647/3571/6146 3576/4064/6146 3482/4065/6146
f 3482/4065/6147 2649/3582/6147 2647/3571/6147
f 3482/4065/6148 3483/4066/6148 2649/3582/6148
f 3444/66/6149 3425/4006/6149 3489/65/6149
f 3482/4065/6150 3488/4067/6150 3483/4066/6150
f 3428/4068/6151 3487/4062/6151 3481/4063/6151
f 3491/4050/6152 3406/4017/6152 3403/4016/6152
f 3496/4069/6153 3488/4067/6153 3482/4065/6153
f 3330/3984/6154 3406/4019/6154 3491/4070/6154
f 3488/4067/6155 3496/4069/6155 3498/4071/6155
f 3488/4067/6156 3498/4071/6156 3500/4072/6156
f 3494/68/6157 3504/70/6157 3443/4046/6157
f 3489/65/6158 3443/4046/6158 3504/70/6158
f 3425/4006/6159 3443/4046/6159 3489/65/6159
f 3507/72/6160 3291/3967/6160 3331/71/6160
f 3494/68/6161 3511/4073/6161 3509/73/6161
f 3443/4046/6162 3266/3951/6162 3511/4073/6162
f 3266/3951/6163 3267/102/6163 3511/4073/6163
f 3336/109/6164 3511/4073/6164 3267/102/6164
f 3336/109/6165 3507/72/6165 3511/4073/6165
f 3507/72/6166 3509/73/6166 3511/4073/6166
f 3511/4073/6167 3494/68/6167 3443/4046/6167
f 3171/3926/6168 3266/3946/6168 3443/4040/6168
f 3501/4074/6169 3513/4075/6169 3503/4076/6169
f 3616/4077/6170 3513/4075/6170 3501/4074/6170
f 3503/4076/6171 3500/4072/6171 3501/4074/6171
f 3503/4076/6172 3513/4075/6172 3469/4056/6172
f 3469/4056/6173 3513/4075/6173 3515/4055/6173
f 3513/4075/6174 3516/4078/6174 3515/4055/6174
f 3101/3853/6175 2690/3594/6175 3605/4079/6175
f 3516/4078/6176 3518/4080/6176 3515/4055/6176
f 3515/4055/6177 3518/4080/6177 316/2986/6177
f 3367/4081/6178 3330/4082/6178 3491/4050/6178
f 3522/4083/6179 3523/4084/6179 3521/4085/6179
f 3522/4083/6180 3524/4086/6180 3523/4084/6180
f 3526/4087/6181 3524/4086/6181 3522/4083/6181
f 3529/4088/6182 3525/4089/6182 3528/4090/6182
f 3529/4088/6183 3524/4086/6183 3525/4089/6183
f 3524/4086/6184 3526/4087/6184 3525/4089/6184
f 3528/4090/6185 3531/4091/6185 3529/4088/6185
f 3530/4092/6186 3531/4091/6186 3528/4090/6186
f 3505/4093/6187 3367/4081/6187 3491/4050/6187
f 3518/4080/6188 3516/4078/6188 3623/4094/6188
f 315/2987/6189 316/2986/6189 3518/4080/6189
f 319/2985/6190 315/2987/6190 3537/4095/6190
f 3538/4096/6191 3537/4095/6191 315/2987/6191
f 3538/4096/6192 3540/3855/6192 3537/4095/6192
f 3543/115/6193 3554/113/6193 3540/3855/6193
f 3555/119/6194 3543/115/6194 3540/3855/6194
f 2649/3582/6195 3483/4066/6195 3044/3786/6195
f 3044/3786/6196 3483/4066/6196 3067/3815/6196
f 3488/4067/6197 3067/3815/6197 3483/4066/6197
f 3488/4067/6198 3460/4051/6198 3067/3815/6198
f 3460/4051/6199 3488/4067/6199 3500/4072/6199
f 3468/3834/6200 3460/4051/6200 3500/4072/6200
f 3468/3834/6201 3500/4072/6201 3503/4076/6201
f 3469/4056/6202 3468/3834/6202 3503/4076/6202
f 3515/4055/6203 316/2986/6203 5/2859/6203
f 11/2862/6204 319/2985/6204 3540/3855/6204
f 3540/3855/6205 319/2985/6205 3537/4095/6205
f 3557/1326/1801 3544/1326/1801 3558/1326/1801
f 3546/4097/6206 3544/4098/6206 3557/4099/6206
f 3589/4100/6207 3558/4099/6207 3544/4098/6207
f 3068/3790/6208 2974/3725/6208 3535/3730/6208
f 3599/4101/6209 3522/4083/6209 3521/4085/6209
f 3549/4102/6210 3522/4083/6210 3599/4101/6210
f 3526/4087/6211 3522/4083/6211 3549/4102/6211
f 3621/4103/6212 3525/4089/6212 3526/4087/6212
f 3528/4090/6213 3525/4089/6213 3626/4104/6213
f 3530/4092/6214 3528/4090/6214 3626/4104/6214
f 3068/3790/6215 3535/3730/6215 3562/3983/6215
f 3546/4097/6216 3722/4105/6216 3545/4054/6216
f 3557/1326/1801 3558/1326/1801 3559/1326/1801
f 3557/1326/1801 3559/1326/1801 3560/1326/1801
f 3722/4105/6217 3546/4097/6217 3560/4099/6217
f 3557/1326/1801 3560/1326/1801 3546/1326/1801
f 3562/3983/6218 3535/3730/6218 3213/3915/6218
f 3101/3853/6219 3544/4098/6219 3146/3816/6219
f 3544/4098/6220 3546/4097/6220 3146/3816/6220
f 3545/4054/6221 3146/3816/6221 3546/4097/6221
f 3567/4106/6222 3564/4107/6222 3563/4108/6222
f 3565/4109/6223 3567/4106/6223 3563/4108/6223
f 3566/116/6224 3543/115/6224 3555/119/6224
f 3565/4109/6225 3551/4110/6225 3567/4106/6225
f 3565/4109/6226 3568/4111/6226 3551/4110/6226
f 3568/4111/6227 3569/4112/6227 3551/4110/6227
f 3554/113/6228 3570/121/6228 3540/3855/6228
f 3571/4113/6229 3551/4110/6229 3569/4112/6229
f 3572/4114/6230 3573/4115/6230 3571/4116/6230
f 3570/121/6231 3470/88/6231 3540/3855/6231
f 3572/4114/6232 3574/4117/6232 3573/4115/6232
f 3555/119/6233 3540/3855/6233 3538/4096/6233
f 3569/4112/6234 3568/4111/6234 3553/4118/6234
f 3576/4064/6235 3496/4069/6235 3482/4065/6235
f 3577/4119/6236 3578/4120/6236 3572/4121/6236
f 3572/4121/6237 3575/4122/6237 3577/4119/6237
f 3553/4118/6238 3575/4122/6238 3569/4112/6238
f 3496/4069/6239 3576/4064/6239 3580/4123/6239
f 3569/4112/6240 3572/4121/6240 3571/4113/6240
f 3569/4112/6241 3575/4122/6241 3572/4121/6241
f 3574/4117/6242 3572/4114/6242 3578/4124/6242
f 3579/4125/6243 3574/4117/6243 3578/4124/6243
f 3560/1326/1801 3559/1326/1801 3558/1326/1801
f 3562/3983/6244 3590/4126/6244 3068/3790/6244
f 3722/4105/6245 3560/4099/6245 3589/4100/6245
f 3576/4064/6246 3645/4127/6246 3580/4123/6246
f 3047/3793/6247 3068/3790/6247 3590/4126/6247
f 3558/1326/1801 3589/1326/1801 3560/1326/1801
f 3101/3853/6248 3589/4100/6248 3544/4098/6248
f 3582/4128/6249 3581/4129/6249 3579/4125/6249
f 3574/4117/6250 3579/4125/6250 3581/4129/6250
f 3593/4130/6251 3581/4129/6251 3582/4128/6251
f 3551/4110/6252 3594/4131/6252 3567/4106/6252
f 3551/4110/6253 3571/4113/6253 3594/4131/6253
f 3571/4113/6254 3595/4132/6254 3594/4131/6254
f 3595/4133/6255 3597/4134/6255 3596/4135/6255
f 3597/4134/6256 3595/4133/6256 3610/4136/6256
f 3598/4137/6257 3599/4101/6257 3596/4135/6257
f 3596/4135/6258 3597/4134/6258 3598/4137/6258
f 3567/4106/6259 3600/4138/6259 3650/4139/6259
f 3603/4140/6260 3602/4141/6260 3600/4138/6260
f 3602/4141/6261 3603/4140/6261 3606/4142/6261
f 3596/4143/6262 3603/4140/6262 3595/4132/6262
f 3567/4106/6263 3594/4131/6263 3600/4138/6263
f 3603/4140/6264 3594/4131/6264 3595/4132/6264
f 3600/4138/6265 3594/4131/6265 3603/4140/6265
f 3596/4143/6266 3606/4142/6266 3603/4140/6266
f 3607/4144/6267 3599/4101/6267 3521/4085/6267
f 3607/4145/6268 3606/4142/6268 3596/4143/6268
f 3589/4100/6269 3101/3853/6269 3605/4079/6269
f 3607/4144/6270 3596/4135/6270 3599/4101/6270
f 3605/4079/6271 3722/4105/6271 3589/4100/6271
f 3521/4085/6272 3520/4146/6272 3607/4144/6272
f 3608/4147/6273 3607/4144/6273 3520/4146/6273
f 3609/4148/6274 3571/4116/6274 3573/4115/6274
f 3571/4116/6275 3609/4148/6275 3595/4133/6275
f 3595/4133/6276 3609/4148/6276 3610/4136/6276
f 3609/4148/6277 3611/4149/6277 3610/4136/6277
f 3612/4150/6278 3611/4149/6278 3573/4115/6278
f 3611/4149/6279 3609/4148/6279 3573/4115/6279
f 3610/4136/6280 3611/4149/6280 3619/4151/6280
f 3573/4115/6281 3574/4117/6281 3613/4152/6281
f 3613/4152/6282 3612/4150/6282 3573/4115/6282
f 3612/4150/6283 3613/4152/6283 3629/4153/6283
f 3629/4153/6284 3627/4154/6284 3612/4150/6284
f 3580/4123/6285 3498/4071/6285 3496/4069/6285
f 3615/4155/6286 3498/4071/6286 3625/4156/6286
f 3615/4155/6287 3500/4072/6287 3498/4071/6287
f 3454/4052/6288 2924/3704/6288 3349/3993/6288
f 3500/4072/6289 3615/4155/6289 3501/4074/6289
f 3501/4074/6290 3615/4155/6290 3616/4077/6290
f 3612/4150/6291 3618/4157/6291 3611/4149/6291
f 3597/4134/6292 3610/4136/6292 3598/4137/6292
f 3513/4075/6293 3616/4077/6293 3620/4158/6293
f 3598/4137/6294 3549/4102/6294 3599/4101/6294
f 3619/4151/6295 3549/4102/6295 3598/4137/6295
f 3619/4151/6296 3621/4103/6296 3549/4102/6296
f 3618/4157/6297 3621/4103/6297 3619/4151/6297
f 3611/4149/6298 3618/4157/6298 3619/4151/6298
f 3620/4158/6299 3516/4078/6299 3513/4075/6299
f 2924/3704/6300 3454/4052/6300 3834/4159/6300
f 3516/4078/6301 3620/4158/6301 3622/4160/6301
f 3622/4160/6302 3623/4094/6302 3516/4078/6302
f 3518/4080/6303 3623/4094/6303 3624/4161/6303
f 315/2987/6304 3518/4080/6304 3624/4161/6304
f 3624/4161/6305 3538/4096/6305 315/2987/6305
f 3580/4123/6306 3625/4156/6306 3498/4071/6306
f 3627/4154/6307 3621/4103/6307 3618/4157/6307
f 3619/4151/6308 3598/4137/6308 3610/4136/6308
f 3525/4089/6309 3621/4103/6309 3626/4104/6309
f 3621/4103/6310 3526/4087/6310 3549/4102/6310
f 3627/4154/6311 3626/4104/6311 3621/4103/6311
f 3627/4154/6312 3618/4157/6312 3612/4150/6312
f 3616/4077/6313 3615/4155/6313 3625/4156/6313
f 3581/4129/6314 3613/4152/6314 3574/4117/6314
f 3630/4162/6315 3613/4152/6315 3581/4129/6315
f 3613/4152/6316 3630/4162/6316 3629/4153/6316
f 3626/4104/6317 3627/4154/6317 3632/4163/6317
f 3633/4164/6318 3627/4154/6318 3629/4153/6318
f 3633/4164/6319 3632/4163/6319 3627/4154/6319
f 3616/4077/6320 3625/4156/6320 3631/4165/6320
f 3616/4077/6321 3631/4165/6321 3636/4166/6321
f 3616/4077/6322 3636/4166/6322 3620/4158/6322
f 3632/4163/6323 3532/4167/6323 3530/4092/6323
f 3632/4163/6324 3530/4092/6324 3626/4104/6324
f 3532/4167/6325 3632/4163/6325 3635/4168/6325
f 3662/4169/6326 3630/4162/6326 3581/4129/6326
f 3629/4153/6327 3630/4162/6327 3637/4170/6327
f 3637/4170/6328 3633/4164/6328 3629/4153/6328
f 3568/4111/6329 3565/4109/6329 3639/4171/6329
f 3553/4118/6330 3568/4111/6330 3639/4171/6330
f 3562/3983/6331 3330/3984/6331 3367/4172/6331
f 3590/4126/6332 3562/3983/6332 4678/4173/6332
f 3567/4106/6333 3650/4139/6333 3564/4107/6333
f 3623/4094/6334 3641/4174/6334 3624/4161/6334
f 3641/4174/6335 3538/4096/6335 3624/4161/6335
f 3642/4175/6336 3671/127/6336 3538/4096/6336
f 3642/4175/6337 3538/4096/6337 3641/4174/6337
f 3643/4176/6338 3579/4125/6338 3578/4124/6338
f 3576/4064/6339 3478/4059/6339 3235/3931/6339
f 3645/4127/6340 3576/4064/6340 3235/3931/6340
f 1959/3429/6341 1989/3431/6341 2050/3450/6341
f 1989/3431/6342 3014/4177/6342 2050/3450/6342
f 3645/4127/6343 3235/3931/6343 3236/3930/6343
f 3645/4127/6344 3236/3930/6344 3239/3933/6344
f 3277/3957/6345 3645/4127/6345 3239/3933/6345
f 3646/4178/6346 2058/3451/6346 2050/3450/6346
f 3647/4179/6347 3580/4123/6347 3645/4127/6347
f 3580/4123/6348 3647/4179/6348 3625/4156/6348
f 3645/4127/6349 3277/3957/6349 3647/4179/6349
f 3643/4176/6350 3578/4124/6350 3577/4180/6350
f 3647/4179/6351 3631/4165/6351 3625/4156/6351
f 3647/4179/6352 3277/3957/6352 3631/4165/6352
f 3602/4141/6353 3606/4142/6353 3653/4181/6353
f 3631/4165/6354 3277/3957/6354 3280/3958/6354
f 3631/4165/6355 3280/3958/6355 3283/3960/6355
f 3636/4166/6356 3631/4165/6356 3283/3960/6356
f 3636/4166/6357 3654/4182/6357 3620/4158/6357
f 3636/4166/6358 3284/3962/6358 3654/4182/6358
f 3283/3960/6359 3284/3962/6359 3636/4166/6359
f 3654/4182/6360 3622/4160/6360 3620/4158/6360
f 3284/3962/6361 3300/3978/6361 3654/4182/6361
f 3300/3978/6362 3622/4160/6362 3654/4182/6362
f 3622/4160/6363 3300/3978/6363 3623/4094/6363
f 3300/3978/6364 3317/3981/6364 3623/4094/6364
f 3317/3981/6365 3641/4174/6365 3623/4094/6365
f 3317/3981/6366 3655/3992/6366 3641/4174/6366
f 3655/3992/6367 3642/4175/6367 3641/4174/6367
f 3365/38/6368 3680/134/6368 3655/3991/6368
f 3409/4048/6369 3657/123/6369 3656/126/6369
f 3446/120/6370 3657/123/6370 3409/4048/6370
f 3653/4181/6371 3607/4145/6371 3608/4183/6371
f 3606/4142/6372 3607/4145/6372 3653/4181/6372
f 3662/4169/6373 3581/4129/6373 3593/4130/6373
f 3555/119/6374 3538/4096/6374 3663/124/6374
f 3632/4163/6375 3664/4184/6375 3635/4168/6375
f 3664/4184/6376 4276/4185/6376 3635/4168/6376
f 3633/4164/6377 3664/4184/6377 3632/4163/6377
f 2058/3451/6378 2045/3448/6378 2050/3450/6378
f 3665/125/6379 3663/124/6379 3538/4096/6379
f 3668/131/6380 3667/133/6380 3656/4186/6380
f 3670/128/6381 3665/125/6381 3538/4096/6381
f 3670/128/6382 3538/4096/6382 3671/127/6382
f 3646/4178/6383 3797/4187/6383 2058/3451/6383
f 3655/3992/6384 3680/4188/6384 3642/4175/6384
f 3656/4186/6385 3667/133/6385 3409/4021/6385
f 3666/4189/6386 3674/4190/6386 3675/4191/6386
f 2860/3641/6387 3675/4191/6387 3676/4192/6387
f 2860/3641/6388 2906/3693/6388 3666/4189/6388
f 3666/4189/6389 3675/4191/6389 2860/3641/6389
f 2860/3641/6390 3676/4192/6390 2908/3694/6390
f 2862/3645/6391 2908/3694/6391 2911/3695/6391
f 3677/4193/6392 2911/3695/6392 3676/4192/6392
f 2911/3695/6393 2908/3694/6393 3676/4192/6393
f 2911/3695/6394 3677/4193/6394 3679/4194/6394
f 2911/3695/6395 3679/4194/6395 2865/3648/6395
f 3204/3913/6396 3205/136/6396 3680/134/6396
f 3365/38/6397 3204/3913/6397 3680/134/6397
f 3681/4195/6398 2857/3639/6398 2861/3642/6398
f 2863/3646/6399 3681/4195/6399 2861/3642/6399
f 2862/3645/6400 2866/3647/6400 2863/3646/6400
f 2866/3647/6401 2865/3648/6401 2867/3652/6401
f 2866/3647/6402 2867/3652/6402 3685/4196/6402
f 3646/4178/6403 3684/4197/6403 3797/4187/6403
f 2868/3650/6404 3685/4196/6404 2867/3652/6404
f 2868/3650/6405 2870/3649/6405 2871/3654/6405
f 3679/4194/6406 3687/4198/6406 2912/3697/6406
f 3774/4199/6407 3687/4198/6407 3679/4194/6407
f 4143/4200/6408 2871/3654/6408 2873/3653/6408
f 2875/3656/6409 2877/3658/6409 2873/3653/6409
f 3690/4201/6410 2914/3698/6410 3687/4198/6410
f 2873/3653/6411 4146/4202/6411 4143/4200/6411
f 2877/3658/6412 4146/4202/6412 2873/3653/6412
f 3797/4187/6413 3684/4197/6413 3825/4203/6413
f 2882/3659/6414 2880/3661/6414 2885/3663/6414
f 2912/3697/6415 2865/3648/6415 3679/4194/6415
f 3687/4198/6416 2914/3698/6416 2912/3697/6416
f 2887/3669/6417 2885/3663/6417 2886/3664/6417
f 2889/3668/6418 2892/3670/6418 3691/4204/6418
f 3690/4201/6419 3689/3699/6419 2914/3698/6419
f 2889/3668/6420 3691/4204/6420 2887/3669/6420
f 4542/4205/6421 2887/3669/6421 3691/4204/6421
f 2892/3670/6422 827/4206/6422 3691/4204/6422
f 2899/3692/6423 818/3117/6423 2898/3690/6423
f 3693/4207/6424 3692/4208/6424 3689/3699/6424
f 2904/3689/6425 2898/3690/6425 818/3117/6425
f 2901/4209/6426 827/4206/6426 2892/3670/6426
f 2904/3689/6427 818/3117/6427 825/3123/6427
f 2904/3689/6428 2901/3687/6428 2900/3686/6428
f 825/3123/6429 2901/3687/6429 2904/3689/6429
f 825/3123/6430 827/3124/6430 2901/3687/6430
f 3692/4208/6431 2915/3701/6431 2913/3700/6431
f 3695/3193/6432 965/3190/6432 2915/3701/6432
f 2915/3701/6433 3692/4208/6433 3695/3193/6433
f 3692/4208/6434 2913/3700/6434 3689/3699/6434
f 2913/3700/6435 2872/3655/6435 3689/3699/6435
f 2913/3700/6436 2915/3701/6436 2875/3656/6436
f 2915/3701/6437 965/3190/6437 2876/3657/6437
f 965/3190/6438 2881/3660/6438 2876/3657/6438
f 2984/3738/6439 729/3078/6439 1353/3330/6439
f 3674/4210/6440 3666/4211/6440 2906/4212/6440
f 3825/4213/6441 3684/4214/6441 3686/4215/6441
f 3722/4105/6442 3454/4052/6442 3545/4054/6442
f 2994/3739/6443 2993/3737/6443 3704/4216/6443
f 3707/4217/6444 3018/3764/6444 3013/3762/6444
f 3013/3762/6445 3015/3761/6445 3707/4217/6445
f 3015/3761/6446 3708/4218/6446 3707/4217/6446
f 3015/3761/6447 3016/3766/6447 3721/4219/6447
f 3704/4216/6448 3018/3764/6448 3707/4217/6448
f 2993/3737/6449 3018/3764/6449 3704/4216/6449
f 3021/3773/6450 3723/4220/6450 3016/3766/6450
f 3027/3776/6451 3723/4220/6451 3021/3773/6451
f 3030/3784/6452 2855/3640/6452 2857/3639/6452
f 3712/4221/6453 3745/4222/6453 3711/4223/6453
f 3714/4224/6454 3713/4225/6454 3800/4226/6454
f 4172/4227/6455 2994/3739/6455 3704/4216/6455
f 3715/4228/6456 3747/4229/6456 3714/4224/6456
f 3807/4230/6457 3711/4223/6457 3715/4228/6457
f 3717/4231/6458 3719/4232/6458 3768/4233/6458
f 3674/4210/6459 2906/4212/6459 3719/4232/6459
f 3705/4234/6460 2939/3220/6460 1029/3219/6460
f 3707/4217/6461 3708/4218/6461 4182/4235/6461
f 3708/4218/6462 3015/3761/6462 3721/4219/6462
f 3016/3766/6463 3723/4220/6463 3721/4219/6463
f 4196/4236/6464 3723/4220/6464 3027/3776/6464
f 2076/3613/6465 3725/4237/6465 2787/3612/6465
f 3030/3784/6466 4205/4238/6466 3027/4239/6466
f 1029/3219/6467 1028/3215/6467 3705/4234/6467
f 2075/3458/6468 3805/4240/6468 2076/3459/6468
f 3805/4240/6469 3725/4241/6469 2076/3459/6469
f 3705/4234/6470 3709/4242/6470 3729/4243/6470
f 4207/4244/6471 3030/3784/6471 2857/3639/6471
f 3077/3827/6472 3183/3896/6472 3728/4245/6472
f 3094/4246/6473 3077/3827/6473 3728/4245/6473
f 3098/3848/6474 3095/3846/6474 3094/3847/6474
f 2941/3733/6475 2939/3220/6475 3729/4243/6475
f 3730/4247/6476 3182/3874/6476 3139/3872/6476
f 3026/3778/6477 3182/3874/6477 3730/4247/6477
f 3026/3778/6478 3730/4247/6478 3184/3897/6478
f 4047/4248/6479 3760/4249/6479 3184/3897/6479
f 3713/4225/6480 2941/3733/6480 3729/4243/6480
f 3729/4243/6481 2939/3220/6481 3705/4234/6481
f 4059/4250/6482 3130/3864/6482 4090/4251/6482
f 3183/3896/6483 3184/3897/6483 3760/4249/6483
f 3709/4242/6484 3713/4225/6484 3729/4243/6484
f 3737/4252/6485 3806/4253/6485 3734/4254/6485
f 3734/4254/6486 3735/4255/6486 3737/4252/6486
f 3713/4225/6487 2948/3736/6487 2941/3733/6487
f 2939/3220/6488 2941/3733/6488 2940/3715/6488
f 3740/4256/6489 3738/4257/6489 3737/4252/6489
f 3740/4256/6490 3741/4258/6490 3738/4257/6490
f 3735/4255/6491 3740/4256/6491 3737/4252/6491
f 3742/4259/6492 3738/4257/6492 3741/4258/6492
f 3736/4260/6493 3743/4261/6493 3735/4255/6493
f 3744/4262/6494 3747/4229/6494 3715/4228/6494
f 3711/4223/6495 3745/4222/6495 3744/4262/6495
f 3739/4263/6496 2780/3611/6496 2787/3612/6496
f 3715/4228/6497 3711/4223/6497 3744/4262/6497
f 2948/3736/6498 3714/4224/6498 3747/4229/6498
f 3735/4255/6499 3743/4261/6499 3740/4256/6499
f 3746/4264/6500 3752/4265/6500 3743/4261/6500
f 3605/4079/6501 3751/4266/6501 3722/4105/6501
f 3752/4265/6502 3740/4256/6502 3743/4261/6502
f 3752/4265/6503 3746/4264/6503 3753/4267/6503
f 3752/4265/6504 3741/4258/6504 3740/4256/6504
f 3754/4268/6505 3741/4258/6505 3752/4265/6505
f 3754/4268/6506 3755/4269/6506 3741/4258/6506
f 3755/4269/6507 3742/4259/6507 3741/4258/6507
f 2948/3736/6508 3713/4225/6508 3714/4224/6508
f 3754/4268/6509 3756/4270/6509 3755/4269/6509
f 3755/4269/6510 3757/4271/6510 3758/4272/6510
f 3756/4270/6511 3757/4271/6511 3755/4269/6511
f 3758/4272/6512 3757/4271/6512 3765/4273/6512
f 3808/4274/6513 3738/4275/6513 3742/4276/6513
f 3742/4276/6514 3759/4277/6514 3808/4274/6514
f 3739/4263/6515 2787/3612/6515 3725/4237/6515
f 3760/4249/6516 3759/4277/6516 3763/4278/6516
f 3761/4279/6517 3759/4280/6517 3742/4259/6517
f 3742/4259/6518 3758/4272/6518 3761/4279/6518
f 3759/4280/6519 3761/4279/6519 3763/4281/6519
f 2808/3623/6520 3762/3626/6520 2810/3624/6520
f 3755/4269/6521 3758/4272/6521 3742/4259/6521
f 3744/4262/6522 2945/3755/6522 3747/4229/6522
f 3761/4279/6523 3758/4272/6523 3765/4273/6523
f 2946/3763/6524 2945/3755/6524 3744/4262/6524
f 2947/3765/6525 3744/4262/6525 3745/4222/6525
f 2947/3765/6526 2946/3763/6526 3744/4262/6526
f 3753/4267/6527 3766/4282/6527 3767/4283/6527
f 3762/3626/6528 2780/3611/6528 3739/4263/6528
f 2780/3611/6529 3762/3626/6529 2794/3606/6529
f 3747/4229/6530 2945/3755/6530 2948/3736/6530
f 3716/4284/6531 3745/4222/6531 3712/4221/6531
f 3745/4222/6532 3716/4284/6532 2949/3775/6532
f 3716/4284/6533 3718/4285/6533 2951/3719/6533
f 2951/3719/6534 2949/3775/6534 3716/4284/6534
f 3768/4233/6535 3718/4285/6535 3717/4231/6535
f 3718/4285/6536 3768/4233/6536 2951/3719/6536
f 2952/3717/6537 2951/3719/6537 3768/4233/6537
f 2949/3775/6538 2947/3765/6538 3745/4222/6538
f 3768/4233/6539 2906/4212/6539 2952/3717/6539
f 2906/4212/6540 3768/4233/6540 3719/4232/6540
f 3769/4286/6541 3675/4191/6541 3674/4190/6541
f 3769/4286/6542 3770/4287/6542 3675/4191/6542
f 3770/4287/6543 3676/4192/6543 3675/4191/6543
f 3679/4194/6544 3677/4193/6544 3772/4288/6544
f 3774/4199/6545 3679/4194/6545 3772/4288/6545
f 3774/4199/6546 3688/4289/6546 3687/4198/6546
f 3776/4290/6547 3688/4289/6547 3774/4199/6547
f 3753/4267/6548 3754/4268/6548 3752/4265/6548
f 3756/4270/6549 3753/4267/6549 3767/4283/6549
f 3775/4291/6550 3756/4270/6550 3767/4283/6550
f 3756/4270/6551 3754/4268/6551 3753/4267/6551
f 3690/4201/6552 3688/4289/6552 3776/4290/6552
f 3690/4201/6553 3687/4198/6553 3688/4289/6553
f 3763/4278/6554 3728/4245/6554 3183/3896/6554
f 3094/4292/6555 3728/4293/6555 3777/4294/6555
f 3763/4281/6556 3761/4279/6556 3765/4273/6556
f 3765/4273/6557 3728/4293/6557 3763/4281/6557
f 3777/4294/6558 3765/4273/6558 3779/4295/6558
f 3777/4294/6559 3728/4293/6559 3765/4273/6559
f 3777/4294/6560 3779/4295/6560 3778/4296/6560
f 3765/4273/6561 3757/4271/6561 3780/4297/6561
f 3765/4273/6562 3780/4297/6562 3779/4295/6562
f 3779/4295/6563 3780/4297/6563 3781/4298/6563
f 3693/4207/6564 3689/3699/6564 3690/4201/6564
f 3692/4208/6565 3693/4207/6565 3695/3193/6565
f 3782/4299/6566 3695/3193/6566 3693/4207/6566
f 3778/4296/6567 3094/4292/6567 3777/4294/6567
f 3778/4300/6568 3783/4301/6568 3094/3847/6568
f 3783/4301/6569 3098/3848/6569 3094/3847/6569
f 3781/4298/6570 3778/4296/6570 3779/4295/6570
f 3781/4298/6571 3783/4302/6571 3778/4296/6571
f 207/2929/6572 3098/3848/6572 3783/4301/6572
f 207/2929/6573 4547/4303/6573 3098/3848/6573
f 3756/4270/6574 3785/4304/6574 3757/4271/6574
f 3785/4304/6575 3780/4297/6575 3757/4271/6575
f 3785/4304/6576 3786/4305/6576 3780/4297/6576
f 1028/3215/6577 1015/3217/6577 3794/4306/6577
f 3756/4270/6578 3788/4307/6578 3785/4304/6578
f 3788/4307/6579 3756/4270/6579 3775/4291/6579
f 3784/4308/6580 3788/4307/6580 3775/4291/6580
f 3788/4307/6581 3786/4305/6581 3785/4304/6581
f 3739/4263/6582 3725/4237/6582 3791/4309/6582
f 3789/4310/6583 3786/4305/6583 3788/4307/6583
f 3788/4307/6584 3790/4311/6584 3789/4310/6584
f 3789/4310/6585 3792/4312/6585 3786/4305/6585
f 3789/4310/6586 3790/4311/6586 3793/4313/6586
f 3793/4313/6587 3792/4312/6587 3789/4310/6587
f 3762/3626/6588 3739/4263/6588 3791/4309/6588
f 1028/3215/6589 3794/4306/6589 3705/4234/6589
f 2075/3458/6590 2042/3447/6590 2058/3451/6590
f 3795/4314/6591 3790/4311/6591 3784/4308/6591
f 3784/4308/6592 3790/4311/6592 3788/4307/6592
f 4115/4315/6593 3796/4316/6593 3795/4314/6593
f 3794/4306/6594 3709/4242/6594 3705/4234/6594
f 3797/4187/6595 3805/4240/6595 2075/3458/6595
f 3709/4242/6596 3800/4226/6596 3713/4225/6596
f 3795/4314/6597 3796/4316/6597 3802/4317/6597
f 3796/4316/6598 4113/4318/6598 3802/4317/6598
f 3709/4242/6599 3963/4319/6599 3800/4226/6599
f 3790/4311/6600 3795/4314/6600 3804/4320/6600
f 3804/4320/6601 3795/4314/6601 3802/4317/6601
f 3804/4320/6602 3793/4313/6602 3790/4311/6602
f 2075/3458/6603 2058/3451/6603 3797/4187/6603
f 3786/4305/6604 3781/4298/6604 3780/4297/6604
f 3786/4305/6605 3792/4312/6605 3781/4298/6605
f 3781/4298/6606 207/4321/6606 3783/4302/6606
f 3781/4298/6607 3792/4312/6607 207/4321/6607
f 208/4322/6608 207/4321/6608 3792/4312/6608
f 3792/4312/6609 3793/4313/6609 208/4322/6609
f 3715/4228/6610 3714/4224/6610 3800/4226/6610
f 3715/4228/6611 3800/4226/6611 3803/4323/6611
f 3715/4228/6612 3803/4323/6612 3807/4230/6612
f 3813/4324/6613 3812/4325/6613 3810/4326/6613
f 3760/4249/6614 3763/4278/6614 3183/3896/6614
f 1932/4327/6615 3832/4328/6615 3815/4329/6615
f 3812/4325/6616 3813/4324/6616 3814/4330/6616
f 3815/4329/6617 3841/4331/6617 1933/4332/6617
f 3813/4324/6618 3816/4333/6618 3814/4330/6618
f 3815/4329/6619 1933/4332/6619 1932/4327/6619
f 3817/4334/6620 3818/4335/6620 3809/4336/6620
f 3809/4336/6621 3814/4330/6621 3817/4334/6621
f 3816/4333/6622 3817/4334/6622 3814/4330/6622
f 3819/4337/6623 3820/4338/6623 3816/4333/6623
f 3816/4333/6624 3813/4324/6624 3819/4337/6624
f 3820/4338/6625 3817/4334/6625 3816/4333/6625
f 3820/4339/6626 3822/4340/6626 3817/4341/6626
f 3821/4342/6627 3832/4328/6627 1910/3422/6627
f 3889/4343/6628 3769/4344/6628 3674/4210/6628
f 3827/4345/6629 3828/4346/6629 3826/4347/6629
f 3828/4346/6630 3769/4344/6630 3826/4347/6630
f 3829/4348/6631 3828/4346/6631 3827/4345/6631
f 3828/4349/6632 3829/4350/6632 3830/4351/6632
f 3677/4193/6633 3830/4351/6633 3772/4288/6633
f 3827/4345/6634 3809/4336/6634 3829/4348/6634
f 3454/4052/6635 3722/4105/6635 3834/4159/6635
f 3815/4329/6636 3832/4328/6636 3833/4352/6636
f 3769/4286/6637 3828/4349/6637 3770/4287/6637
f 3828/4349/6638 3830/4351/6638 3770/4287/6638
f 3677/4193/6639 3770/4287/6639 3830/4351/6639
f 3677/4193/6640 3676/4192/6640 3770/4287/6640
f 3821/4342/6641 3833/4352/6641 3832/4328/6641
f 3829/4350/6642 3835/4353/6642 3830/4351/6642
f 3818/4354/6643 3817/4341/6643 3822/4340/6643
f 3829/4348/6644 3809/4336/6644 3818/4335/6644
f 3835/4353/6645 3772/4288/6645 3830/4351/6645
f 3815/4329/6646 3833/4352/6646 3838/4355/6646
f 3818/4354/6647 3835/4353/6647 3829/4350/6647
f 3835/4353/6648 3839/4356/6648 3772/4288/6648
f 3835/4353/6649 3822/4340/6649 3839/4356/6649
f 3818/4354/6650 3822/4340/6650 3835/4353/6650
f 3840/4357/6651 3839/4356/6651 3822/4340/6651
f 3776/4290/6652 3839/4356/6652 3840/4357/6652
f 3839/4356/6653 3774/4199/6653 3772/4288/6653
f 3774/4199/6654 3839/4356/6654 3776/4290/6654
f 3841/4331/6655 3815/4329/6655 3838/4355/6655
f 3842/4358/6656 3520/4146/6656 3844/4359/6656
f 3845/4360/6657 3876/4361/6657 3841/4331/6657
f 3876/4361/6658 3845/4360/6658 3894/4362/6658
f 3805/4363/6659 3825/4213/6659 3791/4364/6659
f 3521/4085/6660 3523/4084/6660 3520/4146/6660
f 3523/4084/6661 3844/4359/6661 3520/4146/6661
f 3844/4359/6662 3855/4365/6662 3842/4358/6662
f 3856/4366/6663 3855/4365/6663 3844/4359/6663
f 3857/4367/6664 3855/4365/6664 3856/4366/6664
f 3842/4358/6665 3819/4368/6665 3810/4369/6665
f 3819/4337/6666 3813/4324/6666 3810/4326/6666
f 3855/4365/6667 3819/4368/6667 3842/4358/6667
f 3797/4187/6668 3825/4203/6668 3805/4240/6668
f 3857/4367/6669 3819/4368/6669 3855/4365/6669
f 3819/4368/6670 3858/4370/6670 3820/4371/6670
f 3857/4367/6671 3858/4370/6671 3819/4368/6671
f 3864/4372/6672 3820/4371/6672 3858/4370/6672
f 3859/4373/6673 3858/4370/6673 3857/4367/6673
f 3751/4266/6674 3873/4374/6674 3722/4105/6674
f 3844/4359/6675 3523/4084/6675 3860/4375/6675
f 3860/4375/6676 3861/4376/6676 3844/4359/6676
f 3856/4366/6677 3844/4359/6677 3861/4376/6677
f 3860/4375/6678 3523/4084/6678 3524/4086/6678
f 3861/4376/6679 3859/4373/6679 3856/4366/6679
f 3859/4373/6680 3857/4367/6680 3856/4366/6680
f 3862/4377/6681 3861/4376/6681 3860/4375/6681
f 3859/4373/6682 3861/4376/6682 3862/4377/6682
f 3864/4378/6683 3822/4340/6683 3820/4339/6683
f 3858/4370/6684 3865/4379/6684 3864/4372/6684
f 3858/4370/6685 3859/4373/6685 3865/4379/6685
f 3859/4373/6686 3867/4380/6686 3865/4379/6686
f 3823/4381/6687 3868/4382/6687 3838/4355/6687
f 3833/4352/6688 3823/4381/6688 3838/4355/6688
f 3833/4352/6689 3821/4342/6689 3823/4381/6689
f 3838/4355/6690 3868/4382/6690 3871/4383/6690
f 3871/4383/6691 3967/4384/6691 3845/4360/6691
f 3841/4331/6692 3838/4355/6692 3871/4383/6692
f 3841/4331/6693 3871/4383/6693 3845/4360/6693
f 3751/4266/6694 4186/4385/6694 3873/4374/6694
f 3873/4374/6695 3834/4159/6695 3722/4105/6695
f 3791/4309/6696 3725/4237/6696 3805/4386/6696
f 3646/4178/6697 2050/3450/6697 3014/4177/6697
f 3875/4387/6698 3845/4360/6698 3967/4384/6698
f 3841/4331/6699 743/4388/6699 1933/4332/6699
f 3841/4331/6700 3876/4361/6700 743/4388/6700
f 3876/4361/6701 753/3099/6701 743/4388/6701
f 753/3099/6702 3876/4361/6702 757/3100/6702
f 3859/4373/6703 3862/4377/6703 3867/4380/6703
f 3862/4377/6704 4554/4389/6704 3867/4380/6704
f 3867/4380/6705 3866/4390/6705 3865/4379/6705
f 3866/4390/6706 3867/4380/6706 3877/4391/6706
f 3878/4392/6707 3877/4391/6707 3867/4380/6707
f 3840/4357/6708 3822/4340/6708 3879/4393/6708
f 3879/4393/6709 3880/4394/6709 3840/4357/6709
f 3776/4290/6710 3840/4357/6710 3880/4394/6710
f 3014/3760/6711 3884/4395/6711 3684/4396/6711
f 3014/3760/6712 3684/4396/6712 3646/4397/6712
f 3864/4378/6713 3879/4393/6713 3822/4340/6713
f 3864/4378/6714 3865/4398/6714 3879/4393/6714
f 3865/4379/6715 3866/4390/6715 3879/4399/6715
f 3882/4400/6716 3879/4393/6716 3866/4401/6716
f 3877/4391/6717 3882/4402/6717 3866/4390/6717
f 3882/4400/6718 3886/4403/6718 3880/4394/6718
f 3882/4400/6719 3880/4394/6719 3879/4393/6719
f 3776/4290/6720 3880/4394/6720 3690/4201/6720
f 3693/4207/6721 3690/4201/6721 3880/4394/6721
f 757/3100/6722 769/3103/6722 764/3101/6722
f 3782/4299/6723 3693/4207/6723 3886/4403/6723
f 3886/4403/6724 926/4404/6724 3782/4299/6724
f 3880/4394/6725 3886/4403/6725 3693/4207/6725
f 3886/4403/6726 919/4405/6726 926/4404/6726
f 3886/4406/6727 3882/4402/6727 919/3163/6727
f 3882/4402/6728 3877/4391/6728 919/3163/6728
f 926/4404/6729 3695/3193/6729 3782/4299/6729
f 926/4404/6730 947/3192/6730 3695/3193/6730
f 3887/4407/6731 3809/4336/6731 3827/4345/6731
f 3814/4330/6732 3809/4336/6732 3887/4407/6732
f 3888/4408/6733 757/3100/6733 3876/4361/6733
f 3884/4395/6734 3014/3760/6734 3047/3793/6734
f 3826/4347/6735 3769/4344/6735 3889/4343/6735
f 3827/4345/6736 3826/4347/6736 3890/4409/6736
f 3887/4407/6737 3827/4345/6737 3890/4409/6737
f 3891/4410/6738 3810/4326/6738 3812/4325/6738
f 3889/4343/6739 3901/4411/6739 3890/4409/6739
f 3890/4409/6740 3826/4347/6740 3889/4343/6740
f 3888/4408/6741 769/3103/6741 757/3100/6741
f 3873/4374/6742 4186/4385/6742 3892/4412/6742
f 3873/4374/6743 3892/4412/6743 3883/4413/6743
f 3876/4361/6744 3894/4362/6744 3888/4408/6744
f 3875/4387/6745 3894/4362/6745 3845/4360/6745
f 3887/4407/6746 3900/4414/6746 3814/4330/6746
f 3814/4330/6747 3900/4414/6747 3812/4325/6747
f 3674/4210/6748 3719/4232/6748 3902/4415/6748
f 3889/4343/6749 3674/4210/6749 3902/4415/6749
f 4202/4416/6750 3889/4343/6750 3902/4415/6750
f 3903/4417/6751 3810/4326/6751 3891/4410/6751
f 3520/4418/6752 3842/4419/6752 3903/4417/6752
f 3892/4420/6753 3899/4421/6753 3883/4422/6753
f 3842/4419/6754 3810/4326/6754 3903/4417/6754
f 769/3103/6755 3888/4408/6755 3910/4423/6755
f 2180/3481/6756 3911/4057/6756 2228/3482/6756
f 3875/4387/6757 4051/4424/6757 3910/4423/6757
f 4050/4425/6758 4051/4424/6758 3875/4387/6758
f 3875/4387/6759 3888/4408/6759 3894/4362/6759
f 3875/4387/6760 3910/4423/6760 3888/4408/6760
f 3909/4426/6761 2656/3636/6761 2849/3634/6761
f 3906/4427/6762 3907/4428/6762 3916/4429/6762
f 3553/4118/6763 3639/4171/6763 3907/4428/6763
f 3907/4428/6764 4247/4430/6764 3916/4429/6764
f 3910/4423/6765 3918/4431/6765 3915/4432/6765
f 4057/4433/6766 4059/4250/6766 3918/4431/6766
f 3919/4434/6767 770/3104/6767 769/3103/6767
f 3919/4434/6768 3908/4435/6768 770/3104/6768
f 3911/4057/6769 2261/3495/6769 2228/3482/6769
f 3915/4432/6770 3919/4434/6770 769/3103/6770
f 2261/3495/6771 3911/4057/6771 3957/4436/6771
f 3917/4437/6772 3565/4109/6772 3563/4108/6772
f 3639/4171/6773 3565/4109/6773 3917/4437/6773
f 3905/4438/6774 4236/4439/6774 3917/4437/6774
f 3915/4432/6775 769/3103/6775 3910/4423/6775
f 3907/4428/6776 3639/4171/6776 3917/4437/6776
f 3922/4440/6777 3921/4441/6777 3564/4107/6777
f 3563/4108/6778 3564/4107/6778 3921/4441/6778
f 3922/4440/6779 3564/4107/6779 3650/4139/6779
f 3905/4438/6780 3917/4437/6780 3563/4108/6780
f 3919/4434/6781 3933/4442/6781 3908/4435/6781
f 3650/4139/6782 3904/4443/6782 3922/4440/6782
f 3919/4434/6783 3915/4432/6783 3918/4431/6783
f 3926/4444/6784 3911/4057/6784 2910/3696/6784
f 3650/4139/6785 3600/4138/6785 3602/4141/6785
f 3904/4443/6786 3650/4139/6786 3602/4141/6786
f 3653/4181/6787 3904/4443/6787 3602/4141/6787
f 3903/4417/6788 3891/4410/6788 3653/4181/6788
f 3653/4181/6789 3608/4183/6789 3903/4417/6789
f 3520/4418/6790 3903/4417/6790 3608/4183/6790
f 2910/3696/6791 3362/4058/6791 3926/4444/6791
f 3918/4431/6792 3932/4445/6792 3919/4434/6792
f 3932/4445/6793 3933/4442/6793 3919/4434/6793
f 3933/4442/6794 3932/4445/6794 3934/4446/6794
f 3926/4444/6795 3362/4058/6795 3928/4447/6795
f 3943/4448/6796 3930/4449/6796 3924/4450/6796
f 3926/4444/6797 3957/4436/6797 3911/4057/6797
f 3933/4442/6798 3935/4451/6798 3908/4435/6798
f 3941/4452/6799 3823/4381/6799 4277/4453/6799
f 3942/4454/6800 3823/4381/6800 3941/4452/6800
f 3926/4444/6801 3928/4447/6801 3949/4455/6801
f 3941/4452/6802 4270/4456/6802 3944/4457/6802
f 3952/4458/6803 3942/4454/6803 3941/4452/6803
f 3944/4457/6804 3952/4458/6804 3941/4452/6804
f 3930/4449/6805 3927/4459/6805 3924/4450/6805
f 3952/4458/6806 3947/4460/6806 3942/4454/6806
f 3947/4460/6807 3823/4381/6807 3942/4454/6807
f 2656/3636/6808 3909/4426/6808 3248/3938/6808
f 4092/4461/6809 3930/4449/6809 3943/4448/6809
f 1192/4462/6810 3927/4459/6810 986/4463/6810
f 3927/4459/6811 3973/4464/6811 986/4463/6811
f 3973/4464/6812 987/4465/6812 986/4463/6812
f 2849/3634/6813 2854/3635/6813 3948/3684/6813
f 3973/4464/6814 982/4466/6814 987/4465/6814
f 3909/4426/6815 2849/3634/6815 3948/3684/6815
f 3794/4306/6816 1015/3217/6816 982/4466/6816
f 3957/4436/6817 3926/4444/6817 3949/4455/6817
f 3952/4458/6818 3953/4467/6818 3947/4460/6818
f 3952/4458/6819 3977/4468/6819 3953/4467/6819
f 3953/4467/6820 3977/4468/6820 3956/4469/6820
f 3956/4469/6821 3947/4460/6821 3953/4467/6821
f 3958/4470/6822 3794/4306/6822 3955/4471/6822
f 3958/4470/6823 3709/4242/6823 3794/4306/6823
f 3958/4470/6824 3955/4471/6824 3961/4472/6824
f 3961/4472/6825 4164/4473/6825 4169/4474/6825
f 3958/4470/6826 3961/4472/6826 3801/4475/6826
f 3947/4460/6827 3868/4382/6827 3823/4381/6827
f 3956/4469/6828 3962/4476/6828 3868/4382/6828
f 3958/4470/6829 3963/4319/6829 3709/4242/6829
f 3958/4470/6830 3801/4475/6830 3963/4319/6830
f 3964/4477/6831 3973/4464/6831 3929/4478/6831
f 3962/4476/6832 3968/4479/6832 3993/4480/6832
f 3962/4476/6833 3871/4383/6833 3868/4382/6833
f 3967/4384/6834 3871/4383/6834 3962/4476/6834
f 3868/4382/6835 3947/4460/6835 3956/4469/6835
f 3993/4480/6836 3968/4479/6836 3984/4481/6836
f 3962/4476/6837 3956/4469/6837 3968/4479/6837
f 2261/3504/6838 3957/4482/6838 2271/3501/6838
f 2271/3501/6839 3957/4482/6839 3972/4483/6839
f 3794/4306/6840 982/4466/6840 3973/4464/6840
f 3909/4426/6841 3948/3684/6841 3988/4484/6841
f 3925/4485/6842 3924/4450/6842 3927/4459/6842
f 3927/4459/6843 3930/4449/6843 3929/4478/6843
f 3975/4486/6844 3952/4458/6844 3944/4457/6844
f 3927/4459/6845 3929/4478/6845 3973/4464/6845
f 3977/4468/6846 3952/4458/6846 3975/4486/6846
f 3977/4468/6847 3975/4486/6847 3976/4487/6847
f 3976/4487/6848 3980/4488/6848 3977/4468/6848
f 3979/4489/6849 3956/4469/6849 3977/4468/6849
f 3979/4489/6850 3984/4481/6850 3956/4469/6850
f 3980/4488/6851 3979/4489/6851 3977/4468/6851
f 3979/4489/6852 3982/4490/6852 3981/4491/6852
f 3929/4478/6853 3931/4492/6853 3961/4472/6853
f 3930/4449/6854 3931/4492/6854 3929/4478/6854
f 3980/4488/6855 3982/4490/6855 3979/4489/6855
f 3956/4469/6856 3984/4481/6856 3968/4479/6856
f 3964/4477/6857 3929/4478/6857 3961/4472/6857
f 3967/4384/6858 3962/4476/6858 3993/4480/6858
f 3993/4480/6859 3997/4493/6859 3967/4384/6859
f 3961/4472/6860 3955/4471/6860 3964/4477/6860
f 4164/4473/6861 3961/4472/6861 3931/4492/6861
f 3955/4471/6862 3794/4306/6862 3973/4464/6862
f 3973/4464/6863 3964/4477/6863 3955/4471/6863
f 2271/3501/6864 3972/4483/6864 2270/4494/6864
f 3972/4483/6865 3974/4495/6865 2270/4494/6865
f 4078/4496/6866 3991/4497/6866 3972/4483/6866
f 3972/4483/6867 3957/4482/6867 3949/4498/6867
f 4651/4499/6868 3988/4484/6868 3948/3684/6868
f 3985/4500/6869 3875/4387/6869 3967/4384/6869
f 3949/4455/6870 4078/4501/6870 3972/4502/6870
f 3993/4480/6871 3984/4481/6871 4016/4503/6871
f 3993/4480/6872 3999/4504/6872 3997/4493/6872
f 3991/4497/6873 3974/4495/6873 3972/4483/6873
f 3985/4500/6874 3967/4384/6874 3997/4493/6874
f 3999/4504/6875 4003/4505/6875 3997/4493/6875
f 3998/4506/6876 3991/4507/6876 4076/4508/6876
f 4012/4509/6877 4559/4510/6877 2388/3584/6877
f 4231/4511/6878 4230/4512/6878 4013/4513/6878
f 4015/4514/6879 4013/4513/6879 4041/4515/6879
f 3999/4504/6880 3993/4480/6880 4016/4503/6880
f 3984/4481/6881 3979/4489/6881 3981/4491/6881
f 4017/4516/6882 4003/4505/6882 3999/4504/6882
f 3924/4450/6883 3925/4485/6883 3943/4448/6883
f 3925/4485/6884 3992/4517/6884 4026/4518/6884
f 4026/4518/6885 3943/4448/6885 3925/4485/6885
f 3999/4504/6886 4016/4503/6886 4017/4516/6886
f 4016/4503/6887 4021/4519/6887 4017/4516/6887
f 3984/4481/6888 3981/4491/6888 4016/4503/6888
f 4023/4520/6889 4016/4503/6889 3981/4491/6889
f 4007/4521/6890 4026/4518/6890 3992/4517/6890
f 3834/4159/6891 3928/4447/6891 3362/4058/6891
f 4016/4503/6892 4023/4520/6892 4021/4519/6892
f 3943/4448/6893 4026/4518/6893 3936/4522/6893
f 4030/4523/6894 4029/4524/6894 4027/4525/6894
f 4028/4526/6895 4030/4523/6895 4027/4525/6895
f 4029/4524/6896 3980/4488/6896 3976/4487/6896
f 3982/4490/6897 4029/4524/6897 4031/4527/6897
f 3980/4488/6898 4029/4524/6898 3982/4490/6898
f 4030/4523/6899 4031/4527/6899 4029/4524/6899
f 4031/4527/6900 4033/4528/6900 3982/4490/6900
f 3982/4490/6901 4033/4528/6901 4034/4529/6901
f 4031/4527/6902 4037/4530/6902 4033/4528/6902
f 4028/4526/6903 4037/4530/6903 4030/4523/6903
f 4028/4526/6904 4035/4531/6904 4037/4530/6904
f 4031/4527/6905 4030/4523/6905 4037/4530/6905
f 4038/4532/6906 4033/4528/6906 4037/4530/6906
f 4038/4532/6907 4046/4533/6907 4033/4528/6907
f 4035/4531/6908 4038/4532/6908 4037/4530/6908
f 4035/4531/6909 3806/4534/6909 4038/4532/6909
f 4038/4532/6910 3806/4534/6910 3738/4275/6910
f 4035/4535/6911 3734/4254/6911 3806/4253/6911
f 3806/4253/6912 3737/4252/6912 3738/4257/6912
f 3808/4274/6913 4038/4532/6913 3738/4275/6913
f 3981/4491/6914 4034/4529/6914 4023/4520/6914
f 4026/4518/6915 4007/4521/6915 4041/4515/6915
f 4026/4518/6916 4041/4515/6916 3936/4522/6916
f 3834/4159/6917 3362/4058/6917 2924/3704/6917
f 4064/4536/6918 3928/4447/6918 3834/4159/6918
f 3981/4491/6919 3982/4490/6919 4034/4529/6919
f 4007/4521/6920 4015/4514/6920 4041/4515/6920
f 4021/4519/6921 3730/4247/6921 3139/3872/6921
f 4045/4537/6922 4023/4520/6922 4034/4529/6922
f 4034/4529/6923 4033/4528/6923 4045/4537/6923
f 4023/4520/6924 3730/4247/6924 4021/4519/6924
f 4046/4533/6925 4045/4537/6925 4033/4528/6925
f 4045/4537/6926 3730/4247/6926 4023/4520/6926
f 4038/4532/6927 3808/4274/6927 4046/4533/6927
f 3184/3897/6928 3730/4247/6928 4047/4248/6928
f 4045/4537/6929 4047/4248/6929 3730/4247/6929
f 4046/4533/6930 4047/4248/6930 4045/4537/6930
f 4047/4248/6931 4046/4533/6931 4048/4538/6931
f 4048/4538/6932 4046/4533/6932 3808/4274/6932
f 4047/4248/6933 4048/4538/6933 3760/4249/6933
f 3759/4277/6934 3760/4249/6934 4048/4538/6934
f 4048/4538/6935 3808/4274/6935 3759/4277/6935
f 3875/4387/6936 3985/4500/6936 4050/4425/6936
f 4148/4539/6937 4301/4540/6937 4347/4541/6937
f 3985/4500/6938 3997/4493/6938 4050/4425/6938
f 3997/4493/6939 4051/4424/6939 4050/4425/6939
f 3997/4493/6940 4066/4542/6940 4051/4424/6940
f 4082/4543/6941 4057/4433/6941 4051/4424/6941
f 4015/4514/6942 4044/4544/6942 4013/4513/6942
f 4013/4513/6943 4044/4544/6943 3916/4429/6943
f 4055/4545/6944 3916/4429/6944 4054/4546/6944
f 4044/4544/6945 4054/4546/6945 3916/4429/6945
f 4078/4501/6946 3949/4455/6946 3928/4447/6946
f 4054/4546/6947 4012/4509/6947 4056/4547/6947
f 4064/4536/6948 4078/4501/6948 3928/4447/6948
f 4559/4510/6949 4044/4544/6949 4010/4548/6949
f 4044/4544/6950 4015/4514/6950 4010/4548/6950
f 3918/4431/6951 3910/4423/6951 4051/4424/6951
f 4051/4424/6952 4057/4433/6952 3918/4431/6952
f 4010/4548/6953 4015/4514/6953 4007/4521/6953
f 4559/4510/6954 4012/4509/6954 4044/4544/6954
f 4057/4433/6955 4082/4543/6955 4059/4250/6955
f 4064/4536/6956 3834/4159/6956 3873/4374/6956
f 4064/4536/6957 3873/4374/6957 3883/4413/6957
f 4012/4509/6958 4054/4546/6958 4044/4544/6958
f 3997/4493/6959 4003/4505/6959 4066/4542/6959
f 1192/4462/6960 3925/4485/6960 3927/4459/6960
f 4068/4549/6961 4123/4550/6961 4121/4551/6961
f 4072/4552/6962 4678/4553/6962 4011/4554/6962
f 4003/4505/6963 4017/4516/6963 4066/4542/6963
f 4081/3870/6964 4082/4543/6964 4066/4542/6964
f 4051/4424/6965 4066/4542/6965 4082/4543/6965
f 4127/4555/6966 4119/4556/6966 4077/4557/6966
f 4084/4558/6967 3931/4492/6967 3930/4449/6967
f 4084/4558/6968 3930/4449/6968 4092/4461/6968
f 4078/4501/6969 4064/4536/6969 4076/4559/6969
f 4081/3870/6970 3113/3865/6970 4082/4543/6970
f 3130/3864/6971 4059/4250/6971 4082/4543/6971
f 3130/3864/6972 4082/4543/6972 3113/3865/6972
f 4017/4516/6973 4081/3870/6973 4066/4542/6973
f 4064/4536/6974 3883/4413/6974 4076/4559/6974
f 3138/3873/6975 2997/3746/6975 4081/3870/6975
f 3918/4431/6976 4059/4250/6976 4090/4251/6976
f 3936/4522/6977 4246/4560/6977 4089/4561/6977
f 3932/4445/6978 3918/4431/6978 4090/4251/6978
f 4090/4251/6979 3131/3866/6979 3123/3868/6979
f 4090/4251/6980 3130/3864/6980 3131/3866/6980
f 4076/4508/6981 4091/4562/6981 3998/4506/6981
f 3932/4445/6982 4090/4251/6982 3123/3868/6982
f 3934/4446/6983 3932/4445/6983 3123/3868/6983
f 4081/3870/6984 4017/4516/6984 3138/3873/6984
f 4017/4516/6985 4021/4519/6985 3138/3873/6985
f 4021/4519/6986 3139/3872/6986 3138/3873/6986
f 3736/4260/6987 4097/4563/6987 4098/4564/6987
f 3883/4422/6988 4091/4562/6988 4076/4508/6988
f 4131/4565/6989 4108/4566/6989 4099/4567/6989
f 3899/4421/6990 4091/4562/6990 3883/4422/6990
f 3735/4255/6991 3734/4254/6991 3736/4260/6991
f 4097/4563/6992 3736/4260/6992 3734/4254/6992
f 3736/4260/6993 4098/4564/6993 4102/4568/6993
f 3936/4522/6994 4089/4561/6994 4092/4461/6994
f 3991/4569/6995 4078/4501/6995 4076/4559/6995
f 3943/4448/6996 3936/4522/6996 4092/4461/6996
f 3743/4261/6997 4102/4568/6997 3746/4264/6997
f 3743/4261/6998 3736/4260/6998 4102/4568/6998
f 4084/4558/6999 4092/4461/6999 4105/4570/6999
f 4106/4571/7000 4134/4572/7000 4068/4549/7000
f 4106/4571/7001 4105/4570/7001 4134/4572/7001
f 3746/4264/7002 4102/4568/7002 4099/4567/7002
f 4102/4568/7003 4107/4573/7003 4099/4567/7003
f 3766/4282/7004 4099/4567/7004 4108/4566/7004
f 3766/4282/7005 3746/4264/7005 4099/4567/7005
f 3753/4267/7006 3746/4264/7006 3766/4282/7006
f 3766/4282/7007 4109/4574/7007 3767/4283/7007
f 4109/4574/7008 3766/4282/7008 4108/4566/7008
f 3767/4283/7009 4111/4575/7009 3775/4291/7009
f 4109/4574/7010 4111/4575/7010 3767/4283/7010
f 4109/4574/7011 4110/4576/7011 4111/4575/7011
f 4111/4575/7012 4110/4576/7012 4114/4577/7012
f 4111/4575/7013 3784/4308/7013 3775/4291/7013
f 4114/4577/7014 3784/4308/7014 4111/4575/7014
f 4114/4577/7015 4115/4315/7015 3784/4308/7015
f 4115/4315/7016 3795/4314/7016 3784/4308/7016
f 4148/4539/7017 4011/4554/7017 3367/4081/7017
f 4142/4578/7018 4113/4318/7018 4115/4315/7018
f 4113/4318/7019 3796/4316/7019 4115/4315/7019
f 3931/4492/7020 4084/4558/7020 4068/4549/7020
f 4084/4558/7021 4105/4570/7021 4106/4571/7021
f 4068/4549/7022 4084/4558/7022 4106/4571/7022
f 4092/4461/7023 4089/4561/7023 4118/4579/7023
f 4077/4557/7024 4119/4556/7024 4118/4579/7024
f 4105/4570/7025 4092/4461/7025 4118/4579/7025
f 4118/4579/7026 4119/4556/7026 4105/4570/7026
f 4132/4580/7027 4105/4570/7027 4119/4556/7027
f 4068/4549/7028 4134/4572/7028 4123/4550/7028
f 4123/4550/7029 4125/4581/7029 4126/4582/7029
f 4123/4550/7030 4122/4583/7030 4121/4551/7030
f 4126/4582/7031 4122/4583/7031 4123/4550/7031
f 4207/4244/7032 3681/4195/7032 4117/4584/7032
f 4207/4244/7033 2857/3639/7033 3681/4195/7033
f 4117/4584/7034 3681/4195/7034 4098/4564/7034
f 4125/4581/7035 4137/4585/7035 4126/4582/7035
f 4098/4564/7036 4097/4563/7036 4117/4584/7036
f 4107/4573/7037 4102/4568/7037 4098/4564/7037
f 4107/4573/7038 4098/4564/7038 3681/4195/7038
f 3681/4195/7039 2863/3646/7039 4107/4573/7039
f 4131/4565/7040 4099/4567/7040 4107/4573/7040
f 2863/3646/7041 4131/4565/7041 4107/4573/7041
f 2866/3647/7042 4131/4565/7042 2863/3646/7042
f 4132/4580/7043 4119/4556/7043 4127/4555/7043
f 4127/4555/7044 4129/4586/7044 4132/4580/7044
f 2866/3647/7045 4108/4566/7045 4131/4565/7045
f 3685/4196/7046 4108/4566/7046 2866/3647/7046
f 4105/4570/7047 4132/4580/7047 4134/4572/7047
f 4129/4586/7048 4133/4587/7048 4132/4580/7048
f 4134/4572/7049 4125/4581/7049 4123/4550/7049
f 4134/4572/7050 4132/4580/7050 4125/4581/7050
f 3685/4196/7051 4135/4588/7051 4108/4566/7051
f 4132/4580/7052 4133/4587/7052 4125/4581/7052
f 4137/4585/7053 4125/4581/7053 4133/4587/7053
f 4109/4574/7054 4108/4566/7054 4135/4588/7054
f 4135/4588/7055 4110/4576/7055 4109/4574/7055
f 2868/3650/7056 4138/4589/7056 3685/4196/7056
f 4126/4582/7057 4139/4590/7057 4136/4591/7057
f 4138/4589/7058 4135/4588/7058 3685/4196/7058
f 4137/4585/7059 4139/4590/7059 4126/4582/7059
f 4156/4592/7060 4136/4591/7060 4139/4590/7060
f 2690/3594/7061 2777/4593/7061 3605/4079/7061
f 4135/4588/7062 4114/4577/7062 4110/4576/7062
f 4138/4589/7063 2868/3650/7063 2871/3654/7063
f 4138/4589/7064 2871/3654/7064 4141/4594/7064
f 2871/3654/7065 4143/4200/7065 4141/4594/7065
f 4143/4200/7066 4142/4578/7066 4141/4594/7066
f 4114/4577/7067 4138/4589/7067 4141/4594/7067
f 4138/4589/7068 4114/4577/7068 4135/4588/7068
f 4115/4315/7069 4141/4594/7069 4142/4578/7069
f 4115/4315/7070 4114/4577/7070 4141/4594/7070
f 4143/4200/7071 4146/4202/7071 4142/4578/7071
f 4146/4202/7072 4113/4318/7072 4142/4578/7072
f 4147/4595/7073 4146/4202/7073 2877/3658/7073
f 3922/4440/7074 3904/4443/7074 4129/4586/7074
f 3904/4443/7075 3653/4181/7075 4159/4596/7075
f 4133/4587/7076 4129/4586/7076 3904/4443/7076
f 3904/4443/7077 4152/4597/7077 4133/4587/7077
f 4151/4598/7078 3605/4079/7078 2777/4593/7078
f 4113/4318/7079 4146/4202/7079 4147/4595/7079
f 4097/4563/7080 4207/4244/7080 4117/4584/7080
f 4152/4597/7081 4137/4585/7081 4133/4587/7081
f 4152/4597/7082 4139/4590/7082 4137/4585/7082
f 4139/4590/7083 4152/4597/7083 4157/4599/7083
f 734/4600/7084 729/3078/7084 2984/3738/7084
f 4157/4599/7085 4155/4601/7085 4139/4590/7085
f 4139/4590/7086 4155/4601/7086 4156/4592/7086
f 3900/4414/7087 4155/4601/7087 4157/4599/7087
f 3901/4411/7088 4202/4416/7088 4155/4601/7088
f 3887/4407/7089 4155/4601/7089 3900/4414/7089
f 3887/4407/7090 3901/4411/7090 4155/4601/7090
f 3901/4411/7091 3887/4407/7091 3890/4409/7091
f 3891/4410/7092 4159/4596/7092 3653/4181/7092
f 3891/4410/7093 4160/4602/7093 4159/4596/7093
f 4159/4596/7094 4152/4597/7094 3904/4443/7094
f 4159/4596/7095 4157/4599/7095 4152/4597/7095
f 4159/4596/7096 4160/4602/7096 4157/4599/7096
f 3900/4414/7097 4157/4599/7097 4160/4602/7097
f 3891/4410/7098 3812/4325/7098 4160/4602/7098
f 4160/4602/7099 3812/4325/7099 3900/4414/7099
f 3931/4492/7100 4068/4549/7100 4164/4473/7100
f 4164/4473/7101 4069/4603/7101 4181/4604/7101
f 2777/3607/7102 2779/3609/7102 4151/4605/7102
f 4148/4539/7103 4347/4541/7103 4072/4552/7103
f 4151/4605/7104 2779/3609/7104 4206/3621/7104
f 3605/4079/7105 4151/4598/7105 3751/4266/7105
f 2984/3738/7106 2994/3739/7106 4172/4227/7106
f 4164/4473/7107 4181/4604/7107 4169/4474/7107
f 3801/4475/7108 3961/4472/7108 4169/4474/7108
f 4172/4227/7109 734/4600/7109 2984/3738/7109
f 4172/4227/7110 3704/4216/7110 4188/4606/7110
f 3801/4475/7111 4177/4607/7111 3803/4323/7111
f 4179/4608/7112 4178/4609/7112 4172/4610/7112
f 4180/4611/7113 3803/4323/7113 4177/4607/7113
f 734/3080/7114 4172/4610/7114 4178/4609/7114
f 3801/4475/7115 4169/4474/7115 4181/4604/7115
f 747/3088/7116 734/3080/7116 4178/4609/7116
f 4181/4604/7117 4177/4607/7117 3801/4475/7117
f 4068/4549/7118 4121/4551/7118 4069/4603/7118
f 4164/4473/7119 4068/4549/7119 4069/4603/7119
f 4181/4604/7120 4180/4611/7120 4177/4607/7120
f 3800/4226/7121 3963/4319/7121 3801/4475/7121
f 4191/4612/7122 4182/4235/7122 4184/4613/7122
f 4182/4235/7123 3708/4218/7123 4184/4613/7123
f 3708/4218/7124 3721/4219/7124 4184/4613/7124
f 3721/4219/7125 4187/4614/7125 4184/4613/7125
f 4225/4615/7126 4184/4616/7126 4187/4617/7126
f 3704/4216/7127 3707/4217/7127 4188/4606/7127
f 4151/4598/7128 4186/4385/7128 3751/4266/7128
f 4188/4606/7129 3707/4217/7129 4182/4235/7129
f 3803/4323/7130 3800/4226/7130 3801/4475/7130
f 4188/4606/7131 4179/4618/7131 4172/4227/7131
f 4191/4619/7132 4239/4620/7132 4227/4621/7132
f 4180/4611/7133 4121/4551/7133 4193/4622/7133
f 4121/4551/7134 4122/4583/7134 4193/4622/7134
f 4193/4622/7135 4162/4623/7135 3807/4230/7135
f 3807/4230/7136 4180/4611/7136 4193/4622/7136
f 4188/4624/7137 4191/4619/7137 4227/4621/7137
f 4180/4611/7138 4181/4604/7138 4121/4551/7138
f 4069/4603/7139 4121/4551/7139 4181/4604/7139
f 3711/4223/7140 3807/4230/7140 4162/4623/7140
f 3803/4323/7141 4180/4611/7141 3807/4230/7141
f 4191/4612/7142 4188/4606/7142 4182/4235/7142
f 4162/4623/7143 4193/4622/7143 4199/4625/7143
f 4199/4625/7144 4195/4626/7144 4162/4623/7144
f 4196/4236/7145 4187/4614/7145 3721/4219/7145
f 3723/4220/7146 4196/4236/7146 3721/4219/7146
f 4195/4626/7147 3712/4221/7147 4162/4623/7147
f 3712/4221/7148 3711/4223/7148 4162/4623/7148
f 4195/4626/7149 3716/4284/7149 3712/4221/7149
f 3718/4285/7150 4195/4626/7150 4197/4627/7150
f 3718/4285/7151 3716/4284/7151 4195/4626/7151
f 3902/4415/7152 3717/4231/7152 4197/4627/7152
f 3717/4231/7153 3902/4415/7153 3719/4232/7153
f 3717/4231/7154 3718/4285/7154 4197/4627/7154
f 4122/4583/7155 4199/4625/7155 4193/4622/7155
f 4200/4628/7156 4195/4626/7156 4199/4625/7156
f 4136/4591/7157 4200/4628/7157 4199/4625/7157
f 4199/4625/7158 4126/4582/7158 4136/4591/7158
f 4199/4625/7159 4122/4583/7159 4126/4582/7159
f 4136/4591/7160 4156/4592/7160 4200/4628/7160
f 4200/4628/7161 4156/4592/7161 4197/4627/7161
f 4011/4554/7162 4148/4539/7162 4072/4552/7162
f 4202/4416/7163 4197/4627/7163 4156/4592/7163
f 4197/4627/7164 4195/4626/7164 4200/4628/7164
f 4202/4416/7165 3902/4415/7165 4197/4627/7165
f 3901/4411/7166 3889/4343/7166 4202/4416/7166
f 4196/4236/7167 3027/3776/7167 4204/4629/7167
f 3027/3776/7168 4205/4630/7168 4204/4629/7168
f 4207/4244/7169 4205/4238/7169 3030/3784/7169
f 4156/4592/7170 4155/4601/7170 4202/4416/7170
f 3892/4631/7171 4186/4632/7171 4206/3621/7171
f 3734/4254/7172 4216/4633/7172 4097/4563/7172
f 4097/4563/7173 4215/4634/7173 4207/4244/7173
f 4205/4238/7174 4207/4244/7174 4215/4634/7174
f 4186/4632/7175 4151/4605/7175 4206/3621/7175
f 4215/4634/7176 4097/4563/7176 4216/4633/7176
f 4035/4535/7177 4216/4633/7177 3734/4254/7177
f 4222/4635/7178 747/3088/7178 4178/4609/7178
f 4179/4608/7179 4222/4635/7179 4178/4609/7179
f 3892/4631/7180 4206/3621/7180 4219/3620/7180
f 4226/4636/7181 4225/4615/7181 4187/4617/7181
f 4188/4624/7182 4227/4621/7182 4179/4608/7182
f 4041/4515/7183 4210/4637/7183 3936/4522/7183
f 4013/4513/7184 4210/4637/7184 4041/4515/7184
f 4013/4513/7185 4230/4512/7185 4210/4637/7185
f 820/3116/7186 772/3107/7186 2105/3457/7186
f 2105/3457/7187 772/3107/7187 526/3106/7187
f 4211/4638/7188 4212/4639/7188 4377/4640/7188
f 4233/4641/7189 4127/4555/7189 4077/4557/7189
f 4127/4555/7190 4233/4641/7190 4235/4642/7190
f 4235/4642/7191 4233/4641/7191 4236/4439/7191
f 4236/4439/7192 4230/4512/7192 4231/4511/7192
f 4236/4439/7193 4210/4637/7193 4230/4512/7193
f 4210/4637/7194 4236/4439/7194 4233/4641/7194
f 4191/4619/7195 4184/4616/7195 4239/4620/7195
f 4184/4616/7196 4225/4615/7196 4239/4620/7196
f 4226/4636/7197 4187/4617/7197 4240/4643/7197
f 4196/4644/7198 4240/4643/7198 4187/4617/7198
f 4241/4645/7199 4204/4646/7199 4205/4238/7199
f 4242/4647/7200 4241/4645/7200 4205/4238/7200
f 4215/4634/7201 4242/4647/7201 4205/4238/7201
f 4268/4648/7202 4179/4608/7202 4227/4621/7202
f 4244/3467/7203 837/3121/7203 820/3116/7203
f 4196/4644/7204 4204/4649/7204 4240/4643/7204
f 4204/4649/7205 4241/4650/7205 4240/4643/7205
f 4234/4651/7206 4377/4640/7206 4212/4639/7206
f 748/3092/7207 1910/3422/7207 1913/3420/7207
f 3905/4438/7208 4235/4642/7208 4236/4439/7208
f 4127/4555/7209 4235/4642/7209 3921/4441/7209
f 4235/4642/7210 3563/4108/7210 3921/4441/7210
f 3905/4438/7211 3563/4108/7211 4235/4642/7211
f 4118/4579/7212 4233/4641/7212 4077/4557/7212
f 4118/4579/7213 4210/4637/7213 4233/4641/7213
f 4246/4560/7214 4118/4579/7214 4089/4561/7214
f 4210/4637/7215 4118/4579/7215 4246/4560/7215
f 4246/4560/7216 3936/4522/7216 4210/4637/7216
f 4247/4430/7217 4013/4513/7217 3916/4429/7217
f 747/3088/7218 4222/4635/7218 748/3092/7218
f 4013/4513/7219 4247/4430/7219 4231/4511/7219
f 4247/4430/7220 3907/4428/7220 3917/4437/7220
f 837/3121/7221 4244/3467/7221 4251/4652/7221
f 4244/3467/7222 2217/3491/7222 4251/4652/7222
f 4222/4635/7223 4277/4453/7223 748/3092/7223
f 4231/4511/7224 4247/4430/7224 3917/4437/7224
f 4678/4553/7225 4072/4552/7225 4256/4653/7225
f 3906/4427/7226 3916/4429/7226 4055/4545/7226
f 4231/4511/7227 3917/4437/7227 4236/4439/7227
f 4129/4586/7228 4127/4555/7228 3921/4441/7228
f 3921/4441/7229 3922/4440/7229 4129/4586/7229
f 2310/3516/7230 3142/3922/7230 3143/3514/7230
f 2310/3516/7231 2326/3522/7231 3142/3922/7231
f 3532/4167/7232 3531/4091/7232 3530/4092/7232
f 3531/4091/7233 3532/4167/7233 4259/4654/7233
f 3529/4088/7234 3531/4091/7234 4532/4655/7234
f 3532/4167/7235 4260/3251/7235 4259/4654/7235
f 4266/4656/7236 1144/3273/7236 4263/4657/7236
f 1144/3273/7237 4266/4656/7237 3278/3969/7237
f 4222/4635/7238 4179/4608/7238 4268/4648/7238
f 3279/3296/7239 1219/3294/7239 3278/3969/7239
f 4260/3251/7240 1091/3248/7240 4259/4654/7240
f 4268/4648/7241 4227/4621/7241 4239/4620/7241
f 4239/4620/7242 4270/4456/7242 4268/4648/7242
f 4260/3251/7243 1092/3249/7243 1091/3248/7243
f 4263/4657/7244 1145/3252/7244 4260/3251/7244
f 1145/3252/7245 4263/4657/7245 1144/3273/7245
f 3278/3969/7246 1218/3274/7246 1144/3273/7246
f 1218/3274/7247 3278/3969/7247 1219/3294/7247
f 4270/4456/7248 4239/4620/7248 4273/4658/7248
f 4239/4620/7249 4225/4615/7249 4273/4658/7249
f 4251/4652/7250 891/3150/7250 837/3121/7250
f 4226/4636/7251 4240/4643/7251 4027/4525/7251
f 4263/4657/7252 4260/3251/7252 4276/4185/7252
f 4276/4185/7253 4275/4659/7253 4263/4657/7253
f 4215/4634/7254 4216/4633/7254 4242/4647/7254
f 4266/4656/7255 4263/4657/7255 4275/4659/7255
f 4255/3502/7256 4271/4660/7256 4251/4652/7256
f 1910/3422/7257 3832/4328/7257 1930/3423/7257
f 1930/3423/7258 3832/4328/7258 1932/4327/7258
f 4260/3251/7259 3532/4167/7259 4276/4185/7259
f 4271/4660/7260 891/3150/7260 4251/4652/7260
f 748/3092/7261 4277/4453/7261 1910/3422/7261
f 4281/4661/7262 4277/4453/7262 4222/4635/7262
f 4222/4635/7263 4268/4648/7263 4281/4661/7263
f 4277/4453/7264 3821/4342/7264 1910/3422/7264
f 3316/20/7265 3320/19/7265 3278/3969/7265
f 3316/20/7266 3278/3969/7266 4266/4656/7266
f 4269/4662/7267 3825/4213/7267 3686/4215/7267
f 3907/4428/7268 3575/4122/7268 3553/4118/7268
f 3907/4428/7269 4286/4663/7269 3575/4122/7269
f 4277/4453/7270 3823/4381/7270 3821/4342/7270
f 4269/4662/7271 3686/4215/7271 4256/4653/7271
f 4029/4524/7272 3976/4487/7272 4290/4664/7272
f 4293/4665/7273 3575/4122/7273 4286/4663/7273
f 3907/4428/7274 3906/4427/7274 4286/4663/7274
f 4281/4661/7275 3941/4452/7275 4277/4453/7275
f 4281/4661/7276 4268/4648/7276 4270/4456/7276
f 4270/4456/7277 3941/4452/7277 4281/4661/7277
f 3975/4486/7278 3944/4457/7278 4270/4456/7278
f 3975/4486/7279 4270/4456/7279 4273/4658/7279
f 4290/4664/7280 4273/4658/7280 4225/4615/7280
f 4290/4664/7281 3976/4487/7281 4273/4658/7281
f 3976/4487/7282 3975/4486/7282 4273/4658/7282
f 4282/4666/7283 1017/3213/7283 900/3154/7283
f 900/3154/7284 891/3150/7284 4282/4666/7284
f 4256/4653/7285 4377/4640/7285 4269/4662/7285
f 1017/3213/7286 4282/4666/7286 54/2879/7286
f 4282/4666/7287 891/3150/7287 4271/4660/7287
f 4027/4525/7288 4290/4664/7288 4226/4636/7288
f 4225/4615/7289 4226/4636/7289 4290/4664/7289
f 4027/4525/7290 4029/4524/7290 4290/4664/7290
f 4286/4663/7291 4298/4667/7291 4293/4665/7291
f 4027/4525/7292 4240/4643/7292 4241/4650/7292
f 4028/4526/7293 4242/4668/7293 4216/4669/7293
f 4028/4526/7294 4241/4650/7294 4242/4668/7294
f 4027/4525/7295 4241/4650/7295 4028/4526/7295
f 4216/4669/7296 4035/4531/7296 4028/4526/7296
f 4297/3905/7297 3090/3843/7297 3104/3850/7297
f 3934/4446/7298 3123/3868/7298 3125/3867/7298
f 3934/4446/7299 3125/3867/7299 3147/3879/7299
f 3147/3879/7300 3149/3878/7300 4340/4670/7300
f 3149/3878/7301 4339/4671/7301 4340/4670/7301
f 4293/4665/7302 3577/4119/7302 3575/4122/7302
f 3149/3878/7303 3148/3877/7303 4339/4671/7303
f 4293/4665/7304 4298/4667/7304 4299/4672/7304
f 3166/3893/7305 4385/4673/7305 4383/4674/7305
f 3190/3901/7306 3191/3902/7306 4300/3903/7306
f 4376/4675/7307 4293/4676/7307 4299/4677/7307
f 4293/4676/7308 3643/4176/7308 3577/4180/7308
f 4303/4678/7309 4293/4676/7309 4376/4675/7309
f 3643/4176/7310 4293/4676/7310 4303/4678/7310
f 4303/4678/7311 4389/4679/7311 4304/4680/7311
f 853/3137/7312 3200/3907/7312 851/3139/7312
f 3200/3907/7313 853/3137/7313 3198/3908/7313
f 3193/3904/7314 4297/3905/7314 4305/4681/7314
f 4255/3502/7315 4251/4652/7315 2217/3491/7315
f 4306/4682/7316 4305/4681/7316 4307/4683/7316
f 903/3153/7317 4307/4683/7317 4305/4681/7317
f 903/3153/7318 3200/3907/7318 4307/4683/7318
f 851/3139/7319 3200/3907/7319 903/3153/7319
f 861/3140/7320 4297/3905/7320 859/3141/7320
f 859/3141/7321 4297/3905/7321 3104/3850/7321
f 4305/4681/7322 861/3140/7322 903/3153/7322
f 4297/3905/7323 861/3140/7323 4305/4681/7323
f 4306/4682/7324 3193/3904/7324 4305/4681/7324
f 3200/3907/7325 3212/2/7325 3218/3920/7325
f 4307/4683/7326 3200/3907/7326 3218/3920/7326
f 770/3104/7327 3908/4435/7327 1273/3113/7327
f 3935/4451/7328 3933/4442/7328 3934/4446/7328
f 4373/4043/7329 3436/4042/7329 2110/4684/7329
f 2108/3468/7330 4312/4685/7330 2110/3471/7330
f 2110/4684/7331 4312/4686/7331 4373/4043/7331
f 3643/4176/7332 4303/4678/7332 3579/4125/7332
f 4304/4680/7333 3582/4128/7333 4303/4678/7333
f 3582/4128/7334 3579/4125/7334 4303/4678/7334
f 4304/4680/7335 4391/4687/7335 3582/4128/7335
f 3593/4130/7336 4315/4688/7336 4316/4689/7336
f 3582/4128/7337 4315/4688/7337 3593/4130/7337
f 4315/4688/7338 4521/4690/7338 4316/4689/7338
f 780/3111/7339 1273/3113/7339 2092/3464/7339
f 2107/3466/7340 4325/4691/7340 2099/3470/7340
f 4316/4689/7341 3662/4169/7341 3593/4130/7341
f 4316/4689/7342 4320/4692/7342 3662/4169/7342
f 3637/4170/7343 3630/4162/7343 3662/4169/7343
f 3662/4169/7344 4320/4692/7344 3637/4170/7344
f 3664/4184/7345 3633/4164/7345 3637/4170/7345
f 3664/4184/7346 4275/4659/7346 4276/4185/7346
f 3635/4168/7347 4276/4185/7347 3532/4167/7347
f 2270/4494/7348 4321/4693/7348 4255/3502/7348
f 2388/3584/7349 4323/4694/7349 4012/4509/7349
f 4271/4660/7350 4255/3502/7350 4321/4693/7350
f 4321/4693/7351 4282/4666/7351 4271/4660/7351
f 2728/3591/7352 4334/4695/7352 2669/3588/7352
f 2669/3588/7353 4323/4694/7353 2388/3584/7353
f 2669/3588/7354 4334/4695/7354 4323/4694/7354
f 1273/3113/7355 2107/3466/7355 2092/3464/7355
f 2720/3595/7356 4326/4696/7356 2728/3591/7356
f 4255/3502/7357 2271/3501/7357 2270/4494/7357
f 4325/4691/7358 2108/3468/7358 2099/3470/7358
f 2108/3468/7359 4342/4697/7359 4312/4685/7359
f 4325/4691/7360 4342/4697/7360 2108/3468/7360
f 2732/3601/7361 4326/4698/7361 2720/3602/7361
f 1273/3113/7362 3935/4451/7362 4328/4699/7362
f 3908/4435/7363 3935/4451/7363 1273/3113/7363
f 4301/4540/7364 4211/4638/7364 4324/4700/7364
f 4321/4693/7365 2270/4494/7365 4343/4701/7365
f 4353/4702/7366 4326/4698/7366 2732/3601/7366
f 2732/3601/7367 4330/4703/7367 4353/4702/7367
f 2736/1028/7368 4330/4703/7368 2732/3601/7368
f 2107/3466/7369 4332/4704/7369 4325/4691/7369
f 2107/3466/7370 4328/4699/7370 4332/4704/7370
f 4056/4547/7371 4323/4694/7371 4333/4705/7371
f 1273/3113/7372 4328/4699/7372 2107/3466/7372
f 4323/4694/7373 4334/4695/7373 4333/4705/7373
f 4056/4547/7374 4055/4545/7374 4054/4546/7374
f 4347/4541/7375 4324/4700/7375 4377/4640/7375
f 3935/4451/7376 3934/4446/7376 4328/4699/7376
f 3974/4495/7377 4343/4701/7377 2270/4494/7377
f 4328/4699/7378 4340/4670/7378 4332/4704/7378
f 3934/4446/7379 4340/4670/7379 4328/4699/7379
f 4332/4704/7380 4339/4671/7380 4359/4706/7380
f 4340/4670/7381 4339/4671/7381 4332/4704/7381
f 4359/4706/7382 4342/4697/7382 4325/4691/7382
f 4056/4547/7383 4333/4705/7383 4055/4545/7383
f 4356/4707/7384 4321/4693/7384 4343/4701/7384
f 4346/4708/7385 4356/4707/7385 4343/4701/7385
f 4346/4708/7386 4343/4701/7386 3974/4495/7386
f 4349/4709/7387 4333/4705/7387 4334/4695/7387
f 4256/4653/7388 4072/4552/7388 4347/4541/7388
f 4055/4545/7389 4333/4705/7389 4351/4710/7389
f 4351/4710/7390 4286/4663/7390 4055/4545/7390
f 4333/4705/7391 4349/4709/7391 4351/4710/7391
f 4355/4711/7392 4351/4710/7392 4349/4709/7392
f 4056/4547/7393 4012/4509/7393 4323/4694/7393
f 4349/4709/7394 4334/4695/7394 2728/3591/7394
f 4349/4709/7395 2728/3591/7395 4326/4696/7395
f 4342/4697/7396 4367/4712/7396 4312/4685/7396
f 4356/4707/7397 54/2879/7397 4321/4693/7397
f 4321/4693/7398 54/2879/7398 4282/4666/7398
f 4326/4696/7399 4355/4711/7399 4349/4709/7399
f 4367/4712/7400 4374/4713/7400 4312/4685/7400
f 4353/4714/7401 4299/4672/7401 4355/4711/7401
f 4325/4691/7402 4332/4704/7402 4359/4706/7402
f 48/2877/7403 54/2879/7403 4356/4707/7403
f 48/2890/7404 4362/4715/7404 156/2918/7404
f 4355/4711/7405 4299/4672/7405 4351/4710/7405
f 4353/4702/7406 4363/4716/7406 4299/4677/7406
f 4363/4716/7407 4353/4702/7407 4364/4717/7407
f 4339/4671/7408 4342/4697/7408 4359/4706/7408
f 4372/4718/7409 4342/4697/7409 4339/4671/7409
f 4353/4702/7410 4355/4719/7410 4326/4698/7410
f 4330/4703/7411 4364/4717/7411 4353/4702/7411
f 4346/4720/7412 48/2890/7412 4356/4721/7412
f 4346/4720/7413 4362/4715/7413 48/2890/7413
f 4370/4722/7414 4364/4717/7414 4330/4703/7414
f 4346/4720/7415 4551/4723/7415 4362/4715/7415
f 1238/3503/7416 4330/4703/7416 2736/1028/7416
f 4330/4703/7417 1238/3503/7417 4395/4724/7417
f 4367/4712/7418 4342/4697/7418 4372/4718/7418
f 4055/4545/7419 4286/4663/7419 3906/4427/7419
f 156/2918/7420 4362/4715/7420 4348/2921/7420
f 4351/4710/7421 4298/4667/7421 4286/4663/7421
f 4299/4672/7422 4298/4667/7422 4351/4710/7422
f 4374/4713/7423 4367/4712/7423 4372/4718/7423
f 1798/3402/7424 2706/3373/7424 1789/3372/7424
f 4363/4716/7425 4379/4725/7425 4380/4726/7425
f 4363/4716/7426 4380/4726/7426 4376/4675/7426
f 1823/3404/7427 2786/3615/7427 1798/3402/7427
f 4340/4670/7428 3934/4446/7428 3147/3879/7428
f 4383/4674/7429 4339/4671/7429 3148/3877/7429
f 4376/4675/7430 4299/4677/7430 4363/4716/7430
f 4383/4674/7431 3154/3876/7431 3166/3893/7431
f 3148/3877/7432 3154/3876/7432 4383/4674/7432
f 4380/4726/7433 4389/4679/7433 4303/4678/7433
f 4376/4675/7434 4380/4726/7434 4303/4678/7434
f 4385/4673/7435 4384/4727/7435 4372/4718/7435
f 4372/4718/7436 4383/4674/7436 4385/4673/7436
f 4372/4718/7437 4339/4671/7437 4383/4674/7437
f 4674/4728/7438 4269/4662/7438 4377/4640/7438
f 4379/4725/7439 4389/4679/7439 4380/4726/7439
f 4391/4687/7440 4304/4680/7440 4389/4679/7440
f 4390/4729/7441 4384/4727/7441 4385/4673/7441
f 4390/4729/7442 3167/3892/7442 4394/4730/7442
f 4390/4729/7443 4385/4673/7443 3166/3893/7443
f 3167/3892/7444 4390/4729/7444 3166/3893/7444
f 4438/4731/7445 4387/3410/7445 4392/4732/7445
f 4374/4733/7446 4373/4043/7446 4312/4686/7446
f 4370/4722/7447 4330/4703/7447 4395/4724/7447
f 4387/3410/7448 4474/4734/7448 4392/4732/7448
f 4364/4717/7449 4370/4722/7449 4363/4716/7449
f 4324/4700/7450 4211/4638/7450 4377/4640/7450
f 4390/4735/7451 4487/4736/7451 4384/4737/7451
f 4501/4738/7452 4487/4736/7452 4390/4735/7452
f 3167/3892/7453 3022/3894/7453 4394/4730/7453
f 4379/4725/7454 4363/4716/7454 4467/4739/7454
f 3455/4740/7455 3433/4044/7455 4411/4741/7455
f 3433/4044/7456 4373/4043/7456 4411/4741/7456
f 4401/4742/7457 3428/4068/7457 3455/4740/7457
f 3455/4740/7458 4411/4741/7458 4401/4742/7458
f 4377/4640/7459 4256/4653/7459 4347/4541/7459
f 1238/3503/7460 2274/1557/7460 4406/4743/7460
f 1238/3503/7461 4406/4743/7461 4395/4724/7461
f 4392/4744/7462 4474/4745/7462 4399/4746/7462
f 2706/3373/7463 1798/3402/7463 2786/3615/7463
f 4381/3411/7464 2786/3615/7464 1823/3404/7464
f 3248/3938/7465 3909/4426/7465 4420/4747/7465
f 3448/4049/7466 3248/3938/7466 4420/4747/7466
f 2714/3596/7467 2706/3373/7467 2786/3615/7467
f 3491/4050/7468 3448/4049/7468 4405/4748/7468
f 4395/4724/7469 4406/4743/7469 4414/4749/7469
f 4414/4749/7470 4406/4743/7470 4408/4750/7470
f 3428/4068/7471 4401/4742/7471 4407/4751/7471
f 3487/4062/7472 3428/4068/7472 4407/4751/7472
f 4406/4743/7473 4409/4752/7473 4408/4750/7473
f 4406/4743/7474 4441/4753/7474 4409/4752/7474
f 4411/4741/7475 4373/4043/7475 4459/4754/7475
f 4417/4755/7476 4401/4742/7476 4411/4741/7476
f 4411/4741/7477 4413/4756/7477 4417/4755/7477
f 4414/4749/7478 4370/4722/7478 4395/4724/7478
f 4419/4757/7479 4370/4722/7479 4414/4749/7479
f 4414/4749/7480 4408/4750/7480 4419/4757/7480
f 3235/3931/7481 3487/4062/7481 4407/4751/7481
f 2804/3616/7482 2786/3615/7482 4381/3411/7482
f 4408/4750/7483 4409/4752/7483 4419/4757/7483
f 4425/4758/7484 4407/4751/7484 4401/4742/7484
f 4401/4742/7485 4456/4759/7485 4425/4758/7485
f 4219/3620/7486 2804/3616/7486 4438/4731/7486
f 4442/4760/7487 4502/4761/7487 4409/4752/7487
f 4441/4753/7488 4442/4760/7488 4409/4752/7488
f 4441/4762/7489 2279/4763/7489 2282/4764/7489
f 2279/1572/7490 4406/4743/7490 2274/1557/7490
f 2279/1572/7491 4441/4753/7491 4406/4743/7491
f 4407/4751/7492 4425/4758/7492 3240/3932/7492
f 4438/4731/7493 4392/4732/7493 4496/4765/7493
f 4446/4766/7494 2282/4764/7494 2299/3517/7494
f 2299/3517/7495 2303/3515/7495 4446/4766/7495
f 4441/4762/7496 2282/4764/7496 4446/4766/7496
f 4438/4731/7497 2804/3616/7497 4387/3410/7497
f 4387/3410/7498 2804/3616/7498 4381/3411/7498
f 2303/3515/7499 3143/3514/7499 3341/3986/7499
f 4444/4767/7500 4441/4762/7500 4446/4766/7500
f 4401/4742/7501 4417/4755/7501 4456/4759/7501
f 4444/4767/7502 4446/4766/7502 3342/3985/7502
f 3243/3953/7503 3240/3932/7503 4425/4758/7503
f 4442/4768/7504 4441/4762/7504 4444/4767/7504
f 2303/3515/7505 3341/3986/7505 4446/4766/7505
f 4387/3410/7506 4454/2942/7506 4474/4734/7506
f 3448/4049/7507 4445/4769/7507 4405/4748/7507
f 3240/3932/7508 3235/3931/7508 4407/4751/7508
f 4425/4758/7509 4456/4759/7509 3243/3953/7509
f 3243/3953/7510 3251/3934/7510 3240/3932/7510
f 4373/4043/7511 4374/4733/7511 4459/4754/7511
f 4454/2942/7512 4387/3410/7512 1864/3412/7512
f 4420/4747/7513 4445/4769/7513 3448/4049/7513
f 3368/4008/7514 4442/4768/7514 4444/4767/7514
f 4446/4766/7515 3341/3986/7515 3342/3985/7515
f 4444/4767/7516 3342/3985/7516 3368/4008/7516
f 4363/4716/7517 4370/4722/7517 4467/4739/7517
f 4419/4757/7518 4467/4739/7518 4370/4722/7518
f 4389/4679/7519 4379/4725/7519 4467/4739/7519
f 4470/4770/7520 4389/4679/7520 4467/4739/7520
f 4471/4771/7521 4459/4754/7521 4374/4733/7521
f 4413/4756/7522 4459/4754/7522 4471/4771/7522
f 4389/4679/7523 4470/4770/7523 4391/4687/7523
f 4411/4741/7524 4459/4754/7524 4413/4756/7524
f 4471/4771/7525 4417/4755/7525 4413/4756/7525
f 4473/4772/7526 4417/4755/7526 4471/4771/7526
f 3243/3953/7527 4456/4759/7527 4472/4773/7527
f 4469/4774/7528 256/2948/7528 258/2926/7528
f 4473/4772/7529 4472/4773/7529 4456/4759/7529
f 4456/4759/7530 4417/4755/7530 4473/4772/7530
f 4489/4775/7531 4470/4770/7531 4467/4739/7531
f 4475/4776/7532 4470/4770/7532 4489/4775/7532
f 4405/4748/7533 3505/4093/7533 3491/4050/7533
f 3243/3953/7534 4472/4773/7534 3259/3943/7534
f 4399/4746/7535 4474/4745/7535 4469/4774/7535
f 4512/4777/7536 4481/4778/7536 4472/4773/7536
f 4481/4778/7537 3274/3956/7537 3259/3943/7537
f 232/2944/7538 4474/4734/7538 4454/2942/7538
f 4472/4773/7539 4481/4778/7539 3259/3943/7539
f 232/2949/7540 4469/4774/7540 4474/4745/7540
f 4469/4774/7541 232/2949/7541 256/2948/7541
f 4391/4687/7542 4470/4770/7542 4488/4779/7542
f 4488/4779/7543 4470/4770/7543 4475/4776/7543
f 4374/4733/7544 4487/4736/7544 4471/4771/7544
f 4487/4736/7545 4492/4780/7545 4471/4771/7545
f 4374/4733/7546 4372/4781/7546 4487/4736/7546
f 4372/4718/7547 4384/4727/7547 4487/4782/7547
f 4419/4757/7548 4490/4783/7548 4489/4775/7548
f 4491/4784/7549 4471/4771/7549 4492/4780/7549
f 4467/4739/7550 4419/4757/7550 4489/4775/7550
f 4496/4785/7551 4392/4744/7551 4399/4746/7551
f 4529/4786/7552 4493/4787/7552 4496/4785/7552
f 4489/4775/7553 4506/4788/7553 4475/4776/7553
f 4489/4775/7554 4490/4783/7554 4506/4788/7554
f 4493/4787/7555 3899/4421/7555 3892/4420/7555
f 4502/4761/7556 4506/4788/7556 4490/4783/7556
f 4503/4789/7557 4508/4790/7557 4502/4761/7557
f 4394/4791/7558 4501/4738/7558 4390/4735/7558
f 4490/4783/7559 4419/4757/7559 4502/4761/7559
f 4409/4752/7560 4502/4761/7560 4419/4757/7560
f 4507/4792/7561 4501/4793/7561 4394/4794/7561
f 3188/3900/7562 4507/4792/7562 4394/4794/7562
f 4509/4795/7563 4508/4790/7563 4503/4789/7563
f 4493/4787/7564 4500/4796/7564 3899/4421/7564
f 4442/4760/7565 4503/4789/7565 4502/4761/7565
f 4442/4768/7566 3368/4008/7566 4503/4797/7566
f 4503/4797/7567 3368/4008/7567 3369/4010/7567
f 4502/4761/7568 4508/4790/7568 4506/4788/7568
f 4492/4780/7569 4487/4736/7569 4501/4738/7569
f 4501/4738/7570 4507/4798/7570 4504/4799/7570
f 4504/4799/7571 4492/4780/7571 4501/4738/7571
f 4471/4771/7572 4491/4784/7572 4473/4772/7572
f 4511/4800/7573 4473/4772/7573 4491/4784/7573
f 4491/4784/7574 4492/4780/7574 4511/4800/7574
f 4492/4780/7575 4504/4799/7575 4511/4800/7575
f 4473/4772/7576 4511/4800/7576 4512/4777/7576
f 4506/4788/7577 4488/4779/7577 4475/4776/7577
f 4506/4788/7578 4523/4801/7578 4488/4779/7578
f 4506/4788/7579 4508/4790/7579 4523/4801/7579
f 4512/4777/7580 4472/4773/7580 4473/4772/7580
f 4509/4795/7581 3374/3996/7581 4508/4790/7581
f 3369/3997/7582 3374/3996/7582 4509/4795/7582
f 4511/4800/7583 4517/4802/7583 4512/4777/7583
f 4512/4777/7584 3274/3956/7584 4481/4778/7584
f 4504/4799/7585 4507/4798/7585 4511/4800/7585
f 4517/4802/7586 4511/4800/7586 4507/4798/7586
f 4394/4794/7587 3022/3771/7587 3188/3900/7587
f 4493/4787/7588 4529/4786/7588 4500/4796/7588
f 4507/4798/7589 4516/4803/7589 4517/4802/7589
f 4516/4804/7590 3188/3900/7590 3190/3901/7590
f 4516/4804/7591 4507/4792/7591 3188/3900/7591
f 4512/4777/7592 4517/4802/7592 3274/3956/7592
f 4517/4802/7593 3276/3972/7593 3274/3956/7593
f 3306/3973/7594 4517/4805/7594 4516/4804/7594
f 3306/4806/7595 3276/3972/7595 4517/4802/7595
f 3276/3972/7596 3275/3955/7596 3274/3956/7596
f 4300/3903/7597 4516/4804/7597 3190/3901/7597
f 4300/3903/7598 3306/3973/7598 4516/4804/7598
f 4300/3903/7599 3307/3980/7599 3306/3973/7599
f 3075/3823/7600 3194/3826/7600 4300/3903/7600
f 4559/4510/7601 4518/4807/7601 4520/4808/7601
f 4306/4682/7602 3194/3826/7602 3193/3904/7602
f 4509/4809/7603 4503/4797/7603 3369/4010/7603
f 4488/4779/7604 4315/4688/7604 4391/4687/7604
f 3505/4093/7605 4405/4748/7605 4545/4810/7605
f 4315/4688/7606 3582/4128/7606 4391/4687/7606
f 4521/4690/7607 4315/4688/7607 4488/4779/7607
f 4523/4801/7608 4521/4690/7608 4488/4779/7608
f 3374/3996/7609 4523/4801/7609 4508/4790/7609
f 3375/3995/7610 3379/3999/7610 3374/3996/7610
f 4523/4801/7611 3384/4003/7611 4521/4690/7611
f 4523/4801/7612 3374/3996/7612 3379/3999/7612
f 4523/4801/7613 3379/3999/7613 3384/4003/7613
f 4316/4689/7614 4521/4690/7614 4320/4692/7614
f 4320/4692/7615 4521/4690/7615 3384/4003/7615
f 3389/4009/7616 3368/4008/7616 3342/3985/7616
f 4320/4692/7617 3664/4184/7617 3637/4170/7617
f 3384/4003/7618 3385/4005/7618 4320/4692/7618
f 4526/4811/7619 4320/4692/7619 3385/4005/7619
f 4526/4811/7620 3664/4184/7620 4320/4692/7620
f 4526/4811/7621 4275/4659/7621 3664/4184/7621
f 2384/3580/7622 2388/3584/7622 2382/4812/7622
f 2382/4812/7623 2388/3584/7623 4525/4813/7623
f 4275/4659/7624 4526/4811/7624 4527/4053/7624
f 3316/20/7625 4266/4656/7625 4527/4053/7625
f 4266/4656/7626 4275/4659/7626 4527/4053/7626
f 3385/4005/7627 3453/61/7627 4526/4811/7627
f 3453/61/7628 4527/4053/7628 4526/4811/7628
f 3453/61/7629 3464/64/7629 4527/4053/7629
f 3464/64/7630 3465/62/7630 4527/4053/7630
f 3465/62/7631 3466/22/7631 4527/4053/7631
f 4530/4814/7632 3862/4377/7632 3860/4375/7632
f 3860/4375/7633 3524/4086/7633 4531/4815/7633
f 4530/4814/7634 3860/4375/7634 4531/4815/7634
f 4531/4815/7635 3524/4086/7635 3529/4088/7635
f 4300/3903/7636 4533/4816/7636 3307/3980/7636
f 4533/4816/7637 4300/3903/7637 3194/3826/7637
f 3194/3826/7638 4306/4682/7638 4533/4816/7638
f 4496/4785/7639 4399/4746/7639 4529/4786/7639
f 4533/4816/7640 3356/30/7640 3307/3980/7640
f 3218/3920/7641 4533/4816/7641 4306/4682/7641
f 3218/3920/7642 3356/30/7642 4533/4816/7642
f 4535/4817/7643 4531/4815/7643 3529/4088/7643
f 4306/4682/7644 4307/4683/7644 3218/3920/7644
f 3529/4088/7645 4532/4655/7645 4535/4817/7645
f 4535/4817/7646 4530/4814/7646 4531/4815/7646
f 4535/4817/7647 4557/4818/7647 4530/4814/7647
f 4469/4774/7648 4529/4786/7648 4399/4746/7648
f 3361/34/7649 3359/27/7649 3218/3920/7649
f 3367/4081/7650 3505/4093/7650 4545/4810/7650
f 4532/4655/7651 4534/2976/7651 4535/4817/7651
f 4536/4819/7652 4534/2976/7652 4532/4655/7652
f 1091/3248/7653 4536/4819/7653 4259/4654/7653
f 3531/4091/7654 4259/4654/7654 4532/4655/7654
f 4259/4654/7655 4536/4819/7655 4532/4655/7655
f 1091/3248/7656 1093/3250/7656 4536/4819/7656
f 1093/3250/7657 312/2978/7657 4536/4819/7657
f 4500/4796/7658 4529/4786/7658 4537/4820/7658
f 3478/4059/7659 3487/4062/7659 3235/3931/7659
f 312/2978/7660 1093/3250/7660 331/4821/7660
f 3576/4064/7661 2645/3570/7661 3478/4059/7661
f 331/4821/7662 1093/3250/7662 4538/4822/7662
f 4573/4823/7663 4113/4318/7663 4147/4595/7663
f 2882/3659/7664 2885/3663/7664 4540/4824/7664
f 4540/4824/7665 4147/4595/7665 2882/3659/7665
f 2882/3659/7666 4147/4595/7666 2877/3658/7666
f 4529/4786/7667 4564/4825/7667 4537/4820/7667
f 4540/4824/7668 2885/3663/7668 4539/4826/7668
f 4539/4826/7669 4572/4827/7669 4540/4824/7669
f 4572/4827/7670 4147/4595/7670 4540/4824/7670
f 4539/4826/7671 2887/3669/7671 4542/4205/7671
f 4539/4826/7672 2885/3663/7672 2887/3669/7672
f 4542/4205/7673 4541/4828/7673 4539/4826/7673
f 4543/4829/7674 4541/4828/7674 4542/4205/7674
f 4542/4205/7675 3691/4204/7675 4543/4829/7675
f 3691/4204/7676 827/4206/7676 4543/4829/7676
f 1107/3254/7677 4538/4822/7677 1093/3250/7677
f 4525/4813/7678 4559/4510/7678 4520/4808/7678
f 3925/4485/7679 1209/4830/7679 3992/4517/7679
f 3998/4831/7680 4346/4708/7680 3974/4495/7680
f 3925/4485/7681 1192/4462/7681 1209/4830/7681
f 207/2929/7682 209/2928/7682 4547/4303/7682
f 4547/4303/7683 3106/3849/7683 3098/3848/7683
f 3106/3849/7684 225/2937/7684 3087/3839/7684
f 3107/3851/7685 3087/3839/7685 225/2937/7685
f 3106/3849/7686 4547/4303/7686 225/2937/7686
f 209/2928/7687 225/2937/7687 4547/4303/7687
f 234/2945/7688 3107/3851/7688 225/2937/7688
f 3974/4495/7689 3991/4497/7689 3998/4831/7689
f 234/2945/7690 3108/3852/7690 3107/3851/7690
f 3103/3841/7691 3108/3852/7691 3104/3850/7691
f 3104/3850/7692 4550/4832/7692 859/3141/7692
f 3104/3850/7693 3108/3852/7693 4550/4832/7693
f 234/2945/7694 4550/4832/7694 3108/3852/7694
f 860/2991/7695 4550/4832/7695 234/2945/7695
f 4552/4833/7696 3992/4517/7696 1209/4830/7696
f 4010/4548/7697 4007/4521/7697 4552/4833/7697
f 4552/4833/7698 4007/4521/7698 3992/4517/7698
f 297/2969/7699 864/3143/7699 860/2991/7699
f 860/2991/7700 859/3141/7700 4550/4832/7700
f 3804/4320/7701 208/4322/7701 3793/4313/7701
f 3802/4317/7702 4113/4318/7702 4573/4823/7702
f 208/2930/7703 4555/4834/7703 209/2928/7703
f 4555/4834/7704 212/2931/7704 209/2928/7704
f 4551/4723/7705 4346/4720/7705 3998/4506/7705
f 4553/4835/7706 4555/4834/7706 208/2930/7706
f 4548/4836/7707 4551/4723/7707 3998/4506/7707
f 4556/4837/7708 4010/4548/7708 4552/4833/7708
f 3878/4392/7709 3867/4380/7709 4554/4389/7709
f 919/3163/7710 3877/4391/7710 3878/4392/7710
f 3862/4377/7711 4530/4814/7711 4557/4818/7711
f 4534/2976/7712 4557/4818/7712 4535/4817/7712
f 4557/4818/7713 4554/4389/7713 3862/4377/7713
f 4555/4838/7714 226/2940/7714 212/2939/7714
f 4554/4389/7715 4557/4818/7715 4558/4839/7715
f 4534/2976/7716 306/2975/7716 311/4840/7716
f 311/4840/7717 4557/4818/7717 4534/2976/7717
f 311/4840/7718 4558/4839/7718 4557/4818/7718
f 4500/4796/7719 4091/4562/7719 3899/4421/7719
f 4518/4807/7720 4010/4548/7720 4556/4837/7720
f 4518/4807/7721 4559/4510/7721 4010/4548/7721
f 4525/4813/7722 2388/3584/7722 4559/4510/7722
f 3998/4506/7723 4091/4562/7723 4548/4836/7723
f 334/2992/7724 311/2982/7724 308/2979/7724
f 4091/4562/7725 4500/4796/7725 4548/4836/7725
f 4500/4796/7726 4537/4820/7726 4548/4836/7726
f 4496/4785/7727 4493/4787/7727 3892/4420/7727
f 4219/4841/7728 4496/4785/7728 3892/4420/7728
f 4558/4842/7729 311/2982/7729 334/2992/7729
f 4219/3620/7730 4438/4731/7730 4496/4765/7730
f 343/3167/7731 3878/4392/7731 4563/4843/7731
f 343/3167/7732 919/3163/7732 3878/4392/7732
f 3878/4392/7733 4554/4389/7733 4563/4843/7733
f 4560/4844/7734 4555/4834/7734 4553/4835/7734
f 4562/3044/7735 4555/4838/7735 4560/4845/7735
f 4555/4838/7736 4562/3044/7736 226/2940/7736
f 4537/4820/7737 4564/4825/7737 178/2922/7737
f 4564/4825/7738 258/2926/7738 178/2922/7738
f 4469/4774/7739 258/2926/7739 4564/4825/7739
f 178/2922/7740 4348/2921/7740 4537/4820/7740
f 3802/4317/7741 4566/4846/7741 3804/4320/7741
f 4564/4825/7742 4529/4786/7742 4469/4774/7742
f 4566/4846/7743 4569/4847/7743 4571/4848/7743
f 4571/4848/7744 4569/4847/7744 4584/4849/7744
f 3802/4317/7745 4569/4847/7745 4566/4846/7745
f 4573/4823/7746 4569/4847/7746 3802/4317/7746
f 4572/4827/7747 4569/4847/7747 4573/4823/7747
f 4572/4827/7748 4573/4823/7748 4147/4595/7748
f 4551/4723/7749 4348/2921/7749 4362/4715/7749
f 4537/4820/7750 4348/2921/7750 4551/4723/7750
f 4551/4723/7751 4548/4836/7751 4537/4820/7751
f 1224/3292/7752 1219/3294/7752 1225/3295/7752
f 343/4850/7753 4563/4851/7753 376/3002/7753
f 4558/4839/7754 4576/4852/7754 4554/4389/7754
f 4563/4843/7755 4554/4389/7755 4576/4852/7755
f 4572/4827/7756 4606/4853/7756 4575/4854/7756
f 4576/4855/7757 4558/4842/7757 335/2993/7757
f 4558/4842/7758 334/2992/7758 335/2993/7758
f 4580/3005/7759 4576/4855/7759 335/2993/7759
f 4541/4828/7760 4572/4827/7760 4539/4826/7760
f 4581/4856/7761 4569/4847/7761 4572/4827/7761
f 337/2994/7762 4580/3005/7762 335/2993/7762
f 4579/4857/7763 4586/4858/7763 4577/4859/7763
f 4580/3005/7764 337/2994/7764 381/3003/7764
f 4580/3005/7765 376/3002/7765 4563/4851/7765
f 4576/4855/7766 4580/3005/7766 4563/4851/7766
f 4536/4819/7767 312/2978/7767 4534/2976/7767
f 306/2980/7768 307/2990/7768 4587/2981/7768
f 4581/4856/7769 4584/4849/7769 4569/4847/7769
f 4581/4856/7770 4572/4827/7770 4575/4854/7770
f 4588/4860/7771 4581/4856/7771 4575/4854/7771
f 4588/4860/7772 4584/4849/7772 4581/4856/7772
f 4553/4861/7773 208/4322/7773 3804/4320/7773
f 4590/4862/7774 4560/4863/7774 4553/4861/7774
f 4589/4864/7775 4590/4862/7775 4553/4861/7775
f 3804/4320/7776 4566/4846/7776 4589/4864/7776
f 4589/4864/7777 4553/4861/7777 3804/4320/7777
f 4566/4846/7778 4593/4865/7778 4589/4864/7778
f 4595/4866/7779 4592/4867/7779 4586/4868/7779
f 4545/4810/7780 4568/4869/7780 4301/4540/7780
f 4586/4868/7781 4579/4870/7781 4595/4866/7781
f 4579/4871/7782 4632/4872/7782 4583/2965/7782
f 43/2895/7783 4587/2981/7783 307/2990/7783
f 4405/4748/7784 4445/4769/7784 4545/4810/7784
f 164/2925/7785 308/2979/7785 169/2919/7785
f 4571/4848/7786 4593/4865/7786 4566/4846/7786
f 308/2979/7787 4587/2981/7787 169/2919/7787
f 4545/4810/7788 4445/4769/7788 4568/4869/7788
f 4577/4873/7789 4632/4872/7789 4579/4871/7789
f 4587/2981/7790 43/2895/7790 111/2894/7790
f 290/2955/7791 4583/2965/7791 4632/4872/7791
f 4597/4874/7792 4589/4864/7792 4593/4865/7792
f 4590/4862/7793 4589/4864/7793 4597/4874/7793
f 4597/4874/7794 4593/4865/7794 4598/4875/7794
f 4598/4875/7795 4603/4876/7795 4597/4874/7795
f 4600/4877/7796 4590/4862/7796 4597/4874/7796
f 169/2919/7797 4587/2981/7797 117/2896/7797
f 4600/4877/7798 4560/4863/7798 4590/4862/7798
f 4587/2981/7799 111/2894/7799 117/2896/7799
f 4562/3042/7800 4560/4863/7800 4600/4877/7800
f 597/3043/7801 4562/3042/7801 4601/4878/7801
f 4562/3042/7802 4600/4877/7802 4601/4878/7802
f 4583/4879/7803 4595/4866/7803 4579/4870/7803
f 4601/4878/7804 4600/4877/7804 4597/4874/7804
f 4601/4878/7805 4597/4874/7805 4603/4876/7805
f 4604/4880/7806 4571/4848/7806 4588/4860/7806
f 4571/4848/7807 4584/4849/7807 4588/4860/7807
f 4598/4875/7808 4571/4848/7808 4604/4880/7808
f 4598/4875/7809 4593/4865/7809 4571/4848/7809
f 4598/4875/7810 4641/4881/7810 4603/4876/7810
f 312/2989/7811 71/2891/7811 44/2893/7811
f 71/2891/7812 312/2989/7812 331/4882/7812
f 331/4882/7813 4538/3298/7813 71/2891/7813
f 44/2893/7814 43/2895/7814 312/2989/7814
f 4606/4853/7815 4572/4827/7815 4541/4828/7815
f 4575/4854/7816 4606/4853/7816 4607/4883/7816
f 4606/4853/7817 4612/4884/7817 4607/4883/7817
f 1224/3292/7818 1225/3295/7818 1644/4885/7818
f 1724/3395/7819 1709/3387/7819 1644/3380/7819
f 3288/3965/7820 1644/4885/7820 1225/3295/7820
f 1225/3295/7821 3285/3961/7821 3288/3965/7821
f 1644/3380/7822 4624/4886/7822 4618/4887/7822
f 4324/4700/7823 4347/4541/7823 4301/4540/7823
f 4606/4853/7824 4541/4828/7824 4613/4888/7824
f 4148/4539/7825 4545/4810/7825 4301/4540/7825
f 3367/4081/7826 4545/4810/7826 4148/4539/7826
f 4613/4888/7827 4612/4884/7827 4606/4853/7827
f 4615/4889/7828 4627/4890/7828 4612/4884/7828
f 4575/4854/7829 4607/4883/7829 4617/4891/7829
f 4588/4860/7830 4575/4854/7830 4617/4891/7830
f 1724/3395/7831 1644/3380/7831 4618/4887/7831
f 4612/4884/7832 4627/4890/7832 4607/4883/7832
f 28/2867/7833 4617/4891/7833 4607/4883/7833
f 4420/4747/7834 3909/4426/7834 3988/4484/7834
f 4613/4892/7835 4619/4893/7835 1447/3348/7835
f 4619/4894/7836 4613/4888/7836 4543/4829/7836
f 4612/4884/7837 4613/4888/7837 4615/4889/7837
f 4541/4828/7838 4543/4829/7838 4613/4888/7838
f 1724/3395/7839 4618/4887/7839 1847/3397/7839
f 4619/4895/7840 4543/3126/7840 1300/3127/7840
f 1300/3345/7841 1447/3348/7841 4619/4893/7841
f 1644/4885/7842 4631/4896/7842 4624/4897/7842
f 4624/4886/7843 4626/4898/7843 4618/4887/7843
f 1447/3348/7844 1446/3344/7844 1445/3357/7844
f 1447/3348/7845 4615/4899/7845 4613/4892/7845
f 1447/3348/7846 1445/3357/7846 4628/3356/7846
f 1447/3348/7847 4628/3356/7847 4615/4899/7847
f 4628/4900/7848 4627/4890/7848 4615/4889/7848
f 4626/4901/7849 4624/4897/7849 4631/4896/7849
f 4420/4747/7850 3988/4484/7850 4445/4769/7850
f 52/2871/7851 28/2867/7851 4627/4890/7851
f 33/2870/7852 26/2868/7852 28/2867/7852
f 4607/4883/7853 4627/4890/7853 28/2867/7853
f 1445/3357/7854 1491/3354/7854 4628/3356/7854
f 4630/4902/7855 4627/4890/7855 4628/4900/7855
f 1644/4885/7856 3288/3965/7856 4631/4896/7856
f 52/2871/7857 4627/4890/7857 4630/4902/7857
f 3232/3862/7858 4631/4896/7858 3288/3965/7858
f 4632/4872/7859 4631/4896/7859 3232/3862/7859
f 4626/4898/7860 4633/4903/7860 4618/4887/7860
f 4630/4902/7861 1491/3383/7861 1511/2884/7861
f 4211/4638/7862 3988/4484/7862 4212/4639/7862
f 52/2871/7863 4630/4902/7863 1511/2884/7863
f 4601/4878/7864 679/3062/7864 597/3043/7864
f 4601/4878/7865 4635/4904/7865 4636/4905/7865
f 679/3062/7866 4601/4878/7866 4636/4905/7866
f 4633/4903/7867 1864/3412/7867 4618/4887/7867
f 1847/3397/7868 4618/4887/7868 1864/3412/7868
f 4636/4905/7869 4639/3108/7869 679/3062/7869
f 4641/4881/7870 4598/4875/7870 4604/4880/7870
f 4642/4906/7871 4588/4860/7871 4617/4891/7871
f 4643/4907/7872 4604/4880/7872 4642/4906/7872
f 4643/4907/7873 4641/4881/7873 4604/4880/7873
f 4643/4907/7874 4653/4908/7874 4641/4881/7874
f 4588/4860/7875 4642/4906/7875 4604/4880/7875
f 4647/2869/7876 4642/4906/7876 28/2867/7876
f 28/2867/7877 4642/4906/7877 4617/4891/7877
f 4626/4898/7878 4644/4909/7878 4633/4903/7878
f 4643/4907/7879 4642/4906/7879 4647/2869/7879
f 1864/3412/7880 4633/4903/7880 4454/2942/7880
f 4653/4908/7881 4643/4907/7881 4648/4910/7881
f 10/2866/7882 4648/4910/7882 4643/4907/7882
f 4454/2942/7883 4633/4903/7883 4650/2943/7883
f 4647/2869/7884 41/2875/7884 4643/4907/7884
f 4586/4858/7885 4650/2943/7885 4633/4903/7885
f 4644/4909/7886 4586/4858/7886 4633/4903/7886
f 4651/4499/7887 4212/4639/7887 3988/4484/7887
f 4586/4868/7888 4592/4867/7888 4650/2952/7888
f 4592/4867/7889 235/2947/7889 4650/2952/7889
f 4652/4911/7890 4603/4876/7890 4641/4881/7890
f 4577/4873/7891 4631/4896/7891 4632/4872/7891
f 4652/4911/7892 4641/4881/7892 4653/4908/7892
f 4626/4901/7893 4631/4896/7893 4577/4873/7893
f 4568/4869/7894 3988/4484/7894 4211/4638/7894
f 4603/4876/7895 4652/4911/7895 4635/4904/7895
f 4445/4769/7896 3988/4484/7896 4568/4869/7896
f 4644/4909/7897 4577/4859/7897 4586/4858/7897
f 4626/4898/7898 4577/4859/7898 4644/4909/7898
f 4603/4876/7899 4635/4904/7899 4601/4878/7899
f 4632/4872/7900 292/2963/7900 290/2955/7900
f 3127/3863/7901 292/2963/7901 4632/4872/7901
f 3127/3863/7902 2926/2983/7902 292/2963/7902
f 292/2963/7903 2926/2983/7903 291/2964/7903
f 3232/3862/7904 3127/3863/7904 4632/4872/7904
f 4653/4908/7905 4654/2865/7905 4652/4911/7905
f 4656/4912/7906 256/2948/7906 235/2947/7906
f 4635/4904/7907 4652/4911/7907 4639/3108/7907
f 4636/4905/7908 4635/4904/7908 4639/3108/7908
f 4663/4913/7909 4661/4914/7909 258/2926/7909
f 258/2926/7910 256/2948/7910 4663/4913/7910
f 4656/4912/7911 4657/4915/7911 4663/4913/7911
f 4663/4913/7912 4657/4915/7912 4658/4914/7912
f 4657/4915/7913 4662/4916/7913 4659/4914/7913
f 4657/1326/1801 4659/1326/1801 4658/1326/1801
f 4658/1326/1801 4659/1326/1801 4660/1326/1801
f 4661/1326/1801 4658/1326/1801 4660/1326/1801
f 4661/1326/1801 4660/1326/1801 4659/1326/1801
f 4664/4917/7914 4662/4916/7914 4657/4915/7914
f 4661/1326/1801 4659/1326/1801 4662/1326/1801
f 776/3110/7915 4639/3108/7915 96/3114/7915
f 776/3110/7916 704/3066/7916 4639/3108/7916
f 258/2926/7917 4661/4914/7917 4662/4916/7917
f 4662/4916/7918 4664/4917/7918 258/2926/7918
f 4663/4913/7919 256/2948/7919 4656/4912/7919
f 4658/1326/1801 4661/1326/1801 4663/1326/1801
f 96/3114/7920 4639/3108/7920 4652/4911/7920
f 258/2926/7921 4664/4917/7921 160/2916/7921
f 4664/4917/7922 158/2917/7922 160/2916/7922
f 108/2864/7923 96/3114/7923 4654/2865/7923
f 96/3114/7924 4652/4911/7924 4654/2865/7924
f 10/2866/7925 4654/2865/7925 4653/4908/7925
f 10/2866/7926 4653/4908/7926 4648/4910/7926
f 4643/4907/7927 41/2875/7927 105/2898/7927
f 105/2898/7928 10/2866/7928 4643/4907/7928
f 4668/4918/7929 293/4919/7929 4667/4920/7929
f 4667/4920/7930 293/4919/7930 274/2961/7930
f 4568/4869/7931 4211/4638/7931 4301/4540/7931
f 4669/4921/7932 4595/4866/7932 4668/4918/7932
f 4595/4866/7933 4669/4921/7933 4592/4867/7933
f 2927/3665/7934 4670/3713/7934 2888/4922/7934
f 4668/4918/7935 4667/4920/7935 4669/4921/7935
f 4671/4923/7936 4670/3713/7936 2810/3624/7936
f 4656/4912/7937 4669/4921/7937 4657/4915/7937
f 4671/4923/7938 3791/4309/7938 4676/4924/7938
f 4592/4867/7939 4669/4921/7939 235/2947/7939
f 4669/4921/7940 4656/4912/7940 235/2947/7940
f 4583/4879/7941 293/4919/7941 4668/4918/7941
f 4651/4499/7942 2888/3683/7942 4670/4925/7942
f 4595/4866/7943 4583/4879/7943 4668/4918/7943
f 4670/4925/7944 4671/4926/7944 4651/4499/7944
f 4671/4926/7945 4234/4651/7945 4651/4499/7945
f 4672/4927/7946 158/2917/7946 4664/4917/7946
f 4670/3713/7947 2923/3618/7947 2810/3624/7947
f 2812/3625/7948 2810/3624/7948 2802/3617/7948
f 4672/4927/7949 4673/2905/7949 158/2917/7949
f 2810/3624/7950 3762/3626/7950 4671/4923/7950
f 3791/4309/7951 4671/4923/7951 3762/3626/7951
f 4667/4920/7952 274/2961/7952 4672/4927/7952
f 2888/3683/7953 4651/4499/7953 3948/3684/7953
f 4673/2905/7954 4672/4927/7954 4655/2908/7954
f 274/2961/7955 4655/2908/7955 4672/4927/7955
f 4672/4927/7956 4664/4917/7956 4669/4921/7956
f 4664/4917/7957 4657/4915/7957 4669/4921/7957
f 4676/4928/7958 3791/4364/7958 4674/4728/7958
f 4667/4920/7959 4672/4927/7959 4669/4921/7959
f 3791/4364/7960 3825/4213/7960 4674/4728/7960
f 4212/4639/7961 4651/4499/7961 4234/4651/7961
f 131/2904/7962 39/2872/7962 85/2883/7962
f 131/2904/7963 85/2883/7963 106/2889/7963
f 4674/4728/7964 4377/4640/7964 4234/4651/7964
f 4676/4928/7965 4674/4728/7965 4234/4651/7965
f 4676/4928/7966 4234/4651/7966 4671/4926/7966
f 1017/3213/7967 4677/4929/7967 1016/3210/7967
f 4677/4929/7968 42/3226/7968 1016/3210/7968
f 4674/4728/7969 3825/4213/7969 4269/4662/7969
f 4677/4929/7970 54/2879/7970 67/2878/7970
f 3884/4395/7971 3047/3793/7971 3590/4126/7971
f 1017/3213/7972 54/2879/7972 4677/4929/7972
f 4678/4173/7973 3884/4395/7973 3590/4126/7973
f 67/2878/7974 47/2880/7974 38/2912/7974
f 67/2878/7975 42/3226/7975 4677/4929/7975
f 67/2878/7976 38/2912/7976 42/3226/7976
f 1064/3227/7977 42/3226/7977 38/2912/7977
f 3884/4930/7978 4678/4553/7978 4256/4653/7978
f 3367/4172/7979 4678/4173/7979 3562/3983/7979
f 4678/4173/7980 3367/4172/7980 4011/4931/7980
f 3884/4930/7981 3686/4215/7981 3684/4214/7981
f 4256/4653/7982 3686/4215/7982 3884/4930/7982
f 22/4932/7983 15/4933/7983 23/4934/7983
f 23/4934/7984 15/4933/7984 18/4935/7984
f 17/4936/7985 30/4937/7985 13/4938/7985
f 31/4939/7986 13/4938/7986 30/4937/7986
f 18/4935/7987 15/4933/7987 14/4940/7987
f 14/4940/7988 30/4937/7988 18/4935/7988
f 30/4937/7989 17/4936/7989 18/4935/7989
f 49/4941/7990 153/4942/7990 53/4943/7990
f 14/4944/7991 53/4943/7991 30/4945/7991
f 1216/4946/7992 65/4947/7992 61/4948/7992
f 65/4949/7993 1216/4950/7993 80/4951/7993
f 15/4933/7994 69/4952/7994 65/4947/7994
f 22/4932/7995 69/4952/7995 15/4933/7995
f 61/4948/7996 65/4947/7996 69/4952/7996
f 65/4947/7997 14/4940/7997 15/4933/7997
f 82/4953/7998 80/4951/7998 72/4954/7998
f 49/4941/7999 80/4951/7999 81/4955/7999
f 80/4951/8000 49/4941/8000 83/4956/8000
f 81/4955/8001 80/4951/8001 82/4953/8001
f 80/4951/8002 1239/4957/8002 72/4954/8002
f 83/4956/8003 14/4944/8003 80/4951/8003
f 83/4956/8004 49/4941/8004 53/4943/8004
f 14/4944/8005 65/4949/8005 80/4951/8005
f 83/4956/8006 53/4943/8006 14/4944/8006
f 241/4958/8007 99/4959/8007 101/4960/8007
f 102/4961/8008 112/4962/8008 95/4963/8008
f 102/4961/8009 104/4964/8009 112/4962/8009
f 95/4963/8010 101/4960/8010 99/4959/8010
f 95/4963/8011 112/4962/8011 101/4960/8011
f 112/4962/8012 114/4965/8012 101/4960/8012
f 112/4962/8013 113/4966/8013 114/4965/8013
f 119/4967/8014 118/4968/8014 1425/4969/8014
f 115/4970/8015 1425/4969/8015 118/4968/8015
f 17/4936/8016 127/4971/8016 126/4972/8016
f 133/4973/8017 132/4974/8017 218/4975/8017
f 121/4976/8018 136/4977/8018 135/4978/8018
f 127/4971/8019 135/4978/8019 136/4977/8019
f 127/4971/8020 133/4973/8020 126/4972/8020
f 133/4973/8021 198/4979/8021 126/4972/8021
f 133/4973/8022 137/4980/8022 132/4974/8022
f 137/4980/8023 133/4973/8023 127/4971/8023
f 140/4981/8024 141/4982/8024 138/4983/8024
f 140/4981/8025 139/4984/8025 13/4938/8025
f 140/4981/8026 138/4983/8026 139/4984/8026
f 139/4984/8027 121/4976/8027 135/4978/8027
f 139/4984/8028 138/4983/8028 121/4976/8028
f 142/4985/8029 121/4976/8029 141/4982/8029
f 121/4976/8030 138/4983/8030 141/4982/8030
f 141/4982/8031 145/4986/8031 146/4987/8031
f 145/4986/8032 141/4982/8032 140/4981/8032
f 139/4984/8033 17/4936/8033 13/4938/8033
f 135/4978/8034 17/4936/8034 139/4984/8034
f 126/4972/8035 23/4934/8035 17/4936/8035
f 23/4934/8036 18/4935/8036 17/4936/8036
f 127/4971/8037 17/4936/8037 135/4978/8037
f 153/4942/8038 154/4988/8038 151/4989/8038
f 149/4990/8039 151/4989/8039 154/4988/8039
f 153/4942/8040 151/4989/8040 152/4991/8040
f 153/4942/8041 49/4941/8041 154/4988/8041
f 162/4992/8042 161/4993/8042 195/4994/8042
f 163/4995/8043 161/4993/8043 162/4992/8043
f 149/4990/8044 161/4993/8044 151/4989/8044
f 163/4995/8045 152/4991/8045 151/4989/8045
f 163/4995/8046 151/4989/8046 161/4993/8046
f 142/4985/8047 167/4996/8047 136/4977/8047
f 142/4985/8048 136/4977/8048 121/4976/8048
f 142/4985/8049 173/4997/8049 167/4996/8049
f 166/4998/8050 136/4977/8050 167/4996/8050
f 173/4997/8051 175/4999/8051 167/4996/8051
f 137/4980/8052 180/5000/8052 177/5001/8052
f 137/4980/8053 179/5002/8053 132/4974/8053
f 132/4974/8054 179/5002/8054 218/4975/8054
f 136/4977/8055 137/4980/8055 127/4971/8055
f 182/5003/8056 180/5000/8056 166/4998/8056
f 180/5000/8057 137/4980/8057 136/4977/8057
f 182/5003/8058 177/5001/8058 180/5000/8058
f 180/5000/8059 136/4977/8059 166/4998/8059
f 182/5003/8060 183/5004/8060 177/5001/8060
f 166/4998/8061 250/5005/8061 182/5003/8061
f 137/4980/8062 184/5006/8062 179/5002/8062
f 184/5006/8063 137/4980/8063 177/5001/8063
f 183/5004/8064 184/5006/8064 177/5001/8064
f 183/5004/8065 95/4963/8065 184/5006/8065
f 95/4963/8066 99/4959/8066 184/5006/8066
f 184/5006/8067 99/4959/8067 179/5002/8067
f 142/4985/8068 141/4982/8068 185/5007/8068
f 185/5007/8069 173/4997/8069 142/4985/8069
f 146/4987/8070 1451/5008/8070 186/5009/8070
f 185/5007/8071 146/4987/8071 186/5009/8071
f 141/4982/8072 146/4987/8072 185/5007/8072
f 189/5010/8073 173/4997/8073 186/5009/8073
f 185/5007/8074 186/5009/8074 173/4997/8074
f 186/5009/8075 192/5011/8075 189/5010/8075
f 268/5012/8076 189/5010/8076 192/5011/8076
f 194/5013/8077 162/4992/8077 195/4994/8077
f 194/5013/8078 195/4994/8078 193/5014/8078
f 23/4934/8079 197/5015/8079 22/4932/8079
f 198/4979/8080 197/5015/8080 23/4934/8080
f 23/4934/8081 126/4972/8081 198/4979/8081
f 197/5015/8082 69/4952/8082 22/4932/8082
f 197/5015/8083 1234/5016/8083 69/4952/8083
f 1234/5016/8084 197/5015/8084 1247/5017/8084
f 219/5018/8085 198/4979/8085 133/4973/8085
f 218/4975/8086 219/5018/8086 133/4973/8086
f 198/4979/8087 219/5018/8087 197/5015/8087
f 1247/5017/8088 197/5015/8088 219/5018/8088
f 220/5019/8089 222/5020/8089 1249/5021/8089
f 222/5020/8090 220/5019/8090 224/5022/8090
f 224/5022/8091 195/4994/8091 161/4993/8091
f 161/4993/8092 149/4990/8092 224/5022/8092
f 149/4990/8093 222/5020/8093 224/5022/8093
f 149/4990/8094 236/5023/8094 222/5020/8094
f 222/5020/8095 236/5023/8095 237/5024/8095
f 236/5023/8096 149/4990/8096 154/4988/8096
f 154/4988/8097 81/4955/8097 236/5023/8097
f 81/4955/8098 82/4953/8098 237/5024/8098
f 81/4955/8099 154/4988/8099 49/4941/8099
f 236/5023/8100 81/4955/8100 237/5024/8100
f 179/5002/8101 241/4958/8101 218/4975/8101
f 218/4975/8102 241/4958/8102 437/5025/8102
f 219/5018/8103 218/4975/8103 437/5025/8103
f 241/4958/8104 179/5002/8104 99/4959/8104
f 249/5026/8105 246/5027/8105 248/5028/8105
f 246/5027/8106 243/5029/8106 248/5028/8106
f 248/5028/8107 243/5029/8107 193/5014/8107
f 248/5028/8108 193/5014/8108 195/4994/8108
f 220/5019/8109 249/5026/8109 224/5022/8109
f 249/5026/8110 245/5030/8110 246/5027/8110
f 249/5026/8111 248/5028/8111 195/4994/8111
f 195/4994/8112 224/5022/8112 249/5026/8112
f 259/5031/8113 250/5005/8113 175/4999/8113
f 175/4999/8114 250/5005/8114 167/4996/8114
f 250/5005/8115 166/4998/8115 167/4996/8115
f 427/5032/8116 266/5033/8116 262/5034/8116
f 262/5034/8117 250/5005/8117 264/5035/8117
f 266/5033/8118 250/5005/8118 262/5034/8118
f 263/5036/8119 264/5035/8119 259/5031/8119
f 265/5037/8120 264/5035/8120 263/5036/8120
f 250/5005/8121 259/5031/8121 264/5035/8121
f 102/4961/8122 95/4963/8122 183/5004/8122
f 183/5004/8123 266/5033/8123 102/4961/8123
f 182/5003/8124 266/5033/8124 183/5004/8124
f 182/5003/8125 250/5005/8125 266/5033/8125
f 268/5012/8126 115/4970/8126 118/4968/8126
f 115/4970/8127 268/5012/8127 192/5011/8127
f 189/5010/8128 175/4999/8128 173/4997/8128
f 268/5012/8129 263/5036/8129 189/5010/8129
f 263/5036/8130 259/5031/8130 189/5010/8130
f 259/5031/8131 175/4999/8131 189/5010/8131
f 118/4968/8132 270/5038/8132 268/5012/8132
f 270/5038/8133 263/5036/8133 268/5012/8133
f 328/5039/8134 329/5040/8134 1234/5016/8134
f 323/5041/8135 330/5042/8135 1217/5043/8135
f 336/5044/8136 329/5045/8136 328/5046/8136
f 340/5047/8137 336/5044/8137 339/5048/8137
f 333/5049/8138 336/5044/8138 340/5047/8138
f 323/5041/8139 336/5044/8139 333/5049/8139
f 329/5045/8140 336/5044/8140 323/5041/8140
f 330/5042/8141 323/5041/8141 333/5049/8141
f 333/5049/8142 341/5050/8142 342/5051/8142
f 340/5047/8143 341/5050/8143 333/5049/8143
f 341/5050/8144 447/5052/8144 345/5053/8144
f 352/5054/8145 353/5055/8145 351/5056/8145
f 352/5057/8146 350/5058/8146 353/5059/8146
f 363/5060/8147 353/5059/8147 362/5061/8147
f 363/5062/8148 351/5056/8148 353/5055/8148
f 353/5059/8149 350/5058/8149 362/5061/8149
f 364/5063/8150 443/5064/8150 351/5056/8150
f 445/5065/8151 364/5063/8151 369/5066/8151
f 361/5067/8152 363/5060/8152 362/5061/8152
f 363/5062/8153 563/5068/8153 367/5069/8153
f 363/5062/8154 367/5069/8154 351/5056/8154
f 364/5063/8155 351/5056/8155 367/5069/8155
f 328/5046/8156 373/5070/8156 372/5071/8156
f 339/5048/8157 372/5071/8157 375/5072/8157
f 370/5073/8158 371/5074/8158 373/5075/8158
f 371/5076/8159 379/5077/8159 373/5070/8159
f 385/5078/8160 375/5072/8160 382/5079/8160
f 399/5080/8161 375/5072/8161 385/5078/8161
f 382/5079/8162 372/5071/8162 373/5070/8162
f 373/5070/8163 379/5077/8163 382/5079/8163
f 382/5079/8164 375/5072/8164 372/5071/8164
f 328/5046/8165 372/5071/8165 336/5044/8165
f 339/5048/8166 336/5044/8166 372/5071/8166
f 375/5072/8167 399/5080/8167 339/5048/8167
f 399/5080/8168 340/5047/8168 339/5048/8168
f 401/5081/8169 402/5082/8169 404/5083/8169
f 404/5083/8170 435/5084/8170 401/5081/8170
f 401/5085/8171 407/5086/8171 406/5087/8171
f 410/5088/8172 408/5089/8172 406/5087/8172
f 410/5088/8173 406/5087/8173 407/5086/8173
f 102/4961/8174 413/5090/8174 104/4964/8174
f 413/5090/8175 483/5091/8175 104/4964/8175
f 413/5090/8176 102/4961/8176 427/5032/8176
f 433/5092/8177 413/5090/8177 427/5032/8177
f 433/5092/8178 434/5093/8178 413/5090/8178
f 407/5094/8179 435/5084/8179 1250/5095/8179
f 435/5084/8180 407/5094/8180 401/5081/8180
f 350/5058/8181 438/5096/8181 437/5025/8181
f 371/5076/8182 438/5097/8182 379/5077/8182
f 379/5077/8183 438/5097/8183 382/5079/8183
f 371/5074/8184 437/5025/8184 438/5096/8184
f 438/5097/8185 439/5098/8185 382/5079/8185
f 438/5097/8186 352/5054/8186 439/5098/8186
f 385/5078/8187 439/5098/8187 458/5099/8187
f 385/5078/8188 382/5079/8188 439/5098/8188
f 350/5058/8189 352/5057/8189 438/5096/8189
f 352/5054/8190 442/5100/8190 439/5098/8190
f 442/5100/8191 351/5056/8191 443/5064/8191
f 351/5056/8192 442/5100/8192 352/5054/8192
f 444/5101/8193 404/5083/8193 402/5082/8193
f 364/5063/8194 445/5065/8194 443/5064/8194
f 385/5078/8195 446/5102/8195 399/5080/8195
f 385/5078/8196 470/5103/8196 446/5102/8196
f 447/5052/8197 340/5047/8197 448/5104/8197
f 399/5080/8198 448/5104/8198 340/5047/8198
f 449/5105/8199 450/5106/8199 447/5052/8199
f 345/5053/8200 447/5052/8200 450/5106/8200
f 449/5105/8201 456/5107/8201 450/5106/8201
f 447/5052/8202 341/5050/8202 340/5047/8202
f 448/5104/8203 446/5102/8203 451/5108/8203
f 451/5108/8204 447/5052/8204 448/5104/8204
f 448/5104/8205 399/5080/8205 446/5102/8205
f 449/5105/8206 447/5052/8206 451/5108/8206
f 453/5109/8207 454/5110/8207 451/5108/8207
f 454/5110/8208 456/5107/8208 449/5105/8208
f 454/5110/8209 449/5105/8209 451/5108/8209
f 457/5111/8210 456/5107/8210 454/5110/8210
f 454/5110/8211 488/5112/8211 457/5111/8211
f 385/5078/8212 458/5099/8212 470/5103/8212
f 446/5102/8213 470/5103/8213 469/5113/8213
f 458/5099/8214 471/5114/8214 470/5103/8214
f 472/5115/8215 442/5100/8215 443/5064/8215
f 443/5064/8216 445/5065/8216 472/5115/8216
f 472/5115/8217 458/5099/8217 442/5100/8217
f 439/5098/8218 442/5100/8218 458/5099/8218
f 458/5099/8219 472/5115/8219 471/5114/8219
f 471/5114/8220 469/5113/8220 470/5103/8220
f 469/5113/8221 471/5114/8221 474/5116/8221
f 483/5091/8222 113/4966/8222 112/4962/8222
f 112/4962/8223 104/4964/8223 483/5091/8223
f 469/5113/8224 451/5108/8224 446/5102/8224
f 469/5113/8225 453/5109/8225 451/5108/8225
f 484/5117/8226 453/5109/8226 469/5113/8226
f 413/5090/8227 434/5093/8227 483/5091/8227
f 485/5118/8228 484/5117/8228 469/5113/8228
f 113/4966/8229 483/5091/8229 486/5119/8229
f 469/5113/8230 474/5116/8230 485/5118/8230
f 483/5091/8231 487/5120/8231 486/5119/8231
f 484/5117/8232 488/5112/8232 453/5109/8232
f 488/5112/8233 454/5110/8233 453/5109/8233
f 1261/5121/8234 113/4966/8234 486/5119/8234
f 457/5111/8235 488/5112/8235 490/5122/8235
f 484/5117/8236 494/5123/8236 488/5112/8236
f 488/5112/8237 491/5124/8237 490/5122/8237
f 487/5120/8238 483/5091/8238 434/5093/8238
f 434/5093/8239 497/5125/8239 487/5120/8239
f 494/5123/8240 484/5117/8240 485/5118/8240
f 497/5125/8241 499/5126/8241 487/5120/8241
f 494/5123/8242 491/5124/8242 488/5112/8242
f 494/5123/8243 500/5127/8243 491/5124/8243
f 494/5123/8244 516/5128/8244 500/5127/8244
f 472/5115/8245 473/5129/8245 471/5114/8245
f 445/5065/8246 501/5130/8246 472/5115/8246
f 474/5116/8247 473/5129/8247 502/5131/8247
f 472/5115/8248 501/5130/8248 473/5129/8248
f 473/5129/8249 474/5116/8249 471/5114/8249
f 487/5120/8250 1262/5132/8250 486/5119/8250
f 369/5066/8251 501/5130/8251 445/5065/8251
f 473/5129/8252 501/5130/8252 502/5131/8252
f 510/5133/8253 474/5116/8253 502/5131/8253
f 474/5116/8254 510/5133/8254 511/5134/8254
f 511/5134/8255 485/5118/8255 474/5116/8255
f 485/5118/8256 511/5134/8256 512/5135/8256
f 512/5135/8257 494/5123/8257 485/5118/8257
f 512/5135/8258 516/5128/8258 494/5123/8258
f 512/5135/8259 514/5136/8259 516/5128/8259
f 516/5128/8260 515/5137/8260 500/5127/8260
f 514/5136/8261 515/5137/8261 516/5128/8261
f 518/5138/8262 514/5136/8262 512/5135/8262
f 512/5135/8263 511/5134/8263 518/5138/8263
f 588/5139/8264 511/5134/8264 510/5133/8264
f 501/5130/8265 552/5140/8265 581/5141/8265
f 581/5141/8266 502/5131/8266 501/5130/8266
f 553/5142/8267 552/5140/8267 501/5130/8267
f 361/5067/8268 1261/5121/8268 562/5143/8268
f 563/5144/8269 361/5067/8269 562/5143/8269
f 563/5144/8270 363/5060/8270 361/5067/8270
f 364/5063/8271 367/5069/8271 564/5145/8271
f 562/5143/8272 568/5146/8272 563/5144/8272
f 569/5147/8273 564/5145/8273 563/5068/8273
f 367/5069/8274 563/5068/8274 564/5145/8274
f 553/5142/8275 564/5145/8275 569/5147/8275
f 581/5141/8276 510/5133/8276 502/5131/8276
f 584/5148/8277 510/5133/8277 581/5141/8277
f 510/5133/8278 584/5148/8278 588/5139/8278
f 518/5138/8279 511/5134/8279 588/5139/8279
f 579/3053/8280 568/5149/8280 580/5150/8280
f 568/5146/8281 1262/5132/8281 580/5151/8281
f 569/5147/8282 563/5068/8282 579/5152/8282
f 579/5152/8283 563/5068/8283 568/5153/8283
f 632/5154/8284 518/5138/8284 588/5139/8284
f 580/5155/8285 1262/5156/8285 648/5157/8285
f 518/5138/8286 651/5158/8286 514/5136/8286
f 652/5159/8287 515/5137/8287 514/5136/8287
f 518/5138/8288 632/5154/8288 651/5158/8288
f 632/5154/8289 658/5160/8289 651/5158/8289
f 653/5161/8290 651/5158/8290 658/5160/8290
f 653/5161/8291 676/5162/8291 652/5159/8291
f 652/5159/8292 514/5136/8292 653/5161/8292
f 514/5136/8293 651/5158/8293 653/5161/8293
f 653/5161/8294 658/5160/8294 690/5163/8294
f 676/5162/8295 653/5161/8295 686/5164/8295
f 653/5161/8296 690/5163/8296 686/5164/8296
f 694/5165/8297 686/5164/8297 690/5163/8297
f 712/5166/8298 686/5167/8298 694/5168/8298
f 264/5035/8299 1135/5169/8299 262/5034/8299
f 1135/5169/8300 1122/5170/8300 262/5034/8300
f 1141/5171/8301 262/5034/8301 1122/5170/8301
f 1135/5169/8302 265/5037/8302 1129/5172/8302
f 264/5035/8303 265/5037/8303 1135/5169/8303
f 427/5032/8304 262/5034/8304 1141/5171/8304
f 427/5032/8305 102/4961/8305 266/5033/8305
f 433/5092/8306 427/5032/8306 432/5173/8306
f 1141/5171/8307 432/5173/8307 427/5032/8307
f 119/4967/8308 1154/5174/8308 118/4968/8308
f 265/5037/8309 263/5036/8309 270/5038/8309
f 1154/5174/8310 270/5038/8310 118/4968/8310
f 270/5038/8311 1153/5175/8311 1129/5172/8311
f 265/5037/8312 270/5038/8312 1129/5172/8312
f 270/5038/8313 1154/5174/8313 1153/5175/8313
f 1156/5176/8314 1154/5174/8314 119/4967/8314
f 1158/5177/8315 1153/5175/8315 1154/5174/8315
f 1154/5174/8316 1156/5176/8316 1158/5177/8316
f 1156/5178/8317 1180/5179/8317 1158/5180/8317
f 1158/5180/8318 1180/5179/8318 1181/5181/8318
f 364/5063/8319 564/5145/8319 369/5066/8319
f 323/5182/8320 1217/5183/8320 1216/4946/8320
f 553/5142/8321 501/5130/8321 564/5145/8321
f 564/5145/8322 501/5130/8322 369/5066/8322
f 61/4948/8323 323/5182/8323 1216/4946/8323
f 1217/5184/8324 1239/4957/8324 1216/4950/8324
f 61/4948/8325 69/4952/8325 1234/5016/8325
f 61/4948/8326 329/5040/8326 323/5182/8326
f 61/4948/8327 1234/5016/8327 329/5040/8327
f 1239/5185/8328 1275/5186/8328 72/5187/8328
f 1217/5184/8329 1275/5188/8329 1239/4957/8329
f 410/5088/8330 72/5187/8330 1275/5186/8330
f 80/4951/8331 1216/4950/8331 1239/4957/8331
f 114/4965/8332 362/5061/8332 241/4958/8332
f 101/4960/8333 114/4965/8333 241/4958/8333
f 362/5061/8334 350/5058/8334 241/4958/8334
f 362/5061/8335 114/4965/8335 361/5067/8335
f 361/5067/8336 114/4965/8336 1261/5121/8336
f 1247/5017/8337 370/5073/8337 1234/5016/8337
f 370/5189/8338 373/5070/8338 328/5046/8338
f 328/5039/8339 1234/5016/8339 370/5073/8339
f 1248/5190/8340 1247/5017/8340 219/5018/8340
f 437/5025/8341 1248/5190/8341 219/5018/8341
f 1248/5190/8342 371/5074/8342 1247/5017/8342
f 370/5073/8343 1247/5017/8343 371/5074/8343
f 220/5019/8344 245/5030/8344 249/5026/8344
f 220/5019/8345 435/5084/8345 404/5083/8345
f 435/5084/8346 220/5019/8346 1249/5021/8346
f 1249/5021/8347 1250/5095/8347 435/5084/8347
f 222/5020/8348 237/5024/8348 1249/5021/8348
f 237/5024/8349 1250/5095/8349 1249/5021/8349
f 72/4954/8350 1250/5095/8350 82/4953/8350
f 1250/5095/8351 410/5191/8351 407/5094/8351
f 72/4954/8352 410/5191/8352 1250/5095/8352
f 82/4953/8353 1250/5095/8353 237/5024/8353
f 1248/5190/8354 437/5025/8354 371/5074/8354
f 241/4958/8355 350/5058/8355 437/5025/8355
f 1254/5192/8356 1259/5193/8356 246/5027/8356
f 1254/5192/8357 246/5027/8357 245/5030/8357
f 1254/5192/8358 245/5030/8358 444/5101/8358
f 444/5101/8359 245/5030/8359 404/5083/8359
f 404/5083/8360 245/5030/8360 220/5019/8360
f 114/4965/8361 113/4966/8361 1261/5121/8361
f 1261/5121/8362 486/5119/8362 562/5143/8362
f 487/5120/8363 499/5126/8363 1262/5132/8363
f 486/5119/8364 1262/5132/8364 562/5143/8364
f 568/5146/8365 562/5143/8365 1262/5132/8365
f 408/5089/8366 410/5088/8366 1326/5194/8366
f 1288/5195/8367 330/5042/8367 333/5049/8367
f 342/5051/8368 1288/5195/8368 333/5049/8368
f 1275/5186/8369 1326/5194/8369 410/5088/8369
f 1275/5188/8370 1217/5184/8370 330/5196/8370
f 1290/5197/8371 1288/5195/8371 342/5051/8371
f 342/5051/8372 341/5050/8372 1290/5197/8372
f 1288/5198/8373 1290/5199/8373 1320/5200/8373
f 1336/5201/8374 1289/5202/8374 1290/5197/8374
f 1290/5197/8375 341/5050/8375 1336/5201/8375
f 1302/5203/8376 648/5157/8376 1262/5156/8376
f 499/5204/8377 1302/5203/8377 1262/5156/8377
f 1291/5205/8378 1341/5206/8378 1293/5207/8378
f 1307/5208/8379 1291/5209/8379 1485/5210/8379
f 1309/5211/8380 1291/5209/8380 1307/5208/8380
f 1289/5212/8381 1291/5205/8381 1309/5213/8381
f 1309/5211/8382 1307/5208/8382 1318/5214/8382
f 1309/5211/8383 1318/5214/8383 1320/5215/8383
f 1290/5199/8384 1289/5212/8384 1320/5200/8384
f 1320/5200/8385 1289/5212/8385 1309/5213/8385
f 1322/5216/8386 1320/5215/8386 1318/5214/8386
f 1322/5216/8387 1326/5194/8387 1320/5215/8387
f 408/5089/8388 1326/5194/8388 1322/5216/8388
f 330/5196/8389 1288/5198/8389 1326/5217/8389
f 1275/5188/8390 330/5196/8390 1326/5217/8390
f 1320/5200/8391 1326/5217/8391 1288/5198/8391
f 1347/5218/8392 1293/5207/8392 1341/5206/8392
f 1336/5201/8393 341/5050/8393 345/5053/8393
f 345/5053/8394 1338/5219/8394 1336/5201/8394
f 1342/5220/8395 1341/5221/8395 1289/5202/8395
f 1347/5222/8396 1341/5221/8396 1344/5223/8396
f 1344/5223/8397 1342/5220/8397 1522/5224/8397
f 1341/5221/8398 1342/5220/8398 1344/5223/8398
f 1289/5202/8399 1336/5201/8399 1342/5220/8399
f 1336/5201/8400 1338/5219/8400 1342/5220/8400
f 1291/5205/8401 1289/5212/8401 1341/5206/8401
f 1345/5225/8402 1344/5223/8402 1346/5226/8402
f 1345/5225/8403 1347/5222/8403 1344/5223/8403
f 1347/5218/8404 1351/5227/8404 1348/5228/8404
f 1348/5228/8405 1293/5207/8405 1347/5218/8405
f 1351/5229/8406 1347/5230/8406 1345/5231/8406
f 1354/5232/8407 1352/5233/8407 1351/5234/8407
f 1345/5225/8408 1354/5235/8408 1351/5236/8408
f 1357/5237/8409 13/4938/8409 31/4939/8409
f 1362/5238/8410 1357/5239/8410 31/5240/8410
f 1358/5241/8411 53/5242/8411 153/5243/8411
f 53/4943/8412 1358/5244/8412 30/4945/8412
f 1354/5235/8413 1345/5225/8413 1346/5226/8413
f 1361/5245/8414 1366/5246/8414 1362/5247/8414
f 1364/5248/8415 1351/5249/8415 1352/5250/8415
f 402/5251/8416 401/5085/8416 1478/5252/8416
f 401/5085/8417 406/5087/8417 1365/5253/8417
f 1357/5237/8418 1362/5247/8418 1366/5246/8418
f 1366/5246/8419 13/4938/8419 1357/5237/8419
f 1362/5238/8420 1373/5254/8420 1361/5255/8420
f 1377/5256/8421 1368/5257/8421 1376/5258/8421
f 1382/5259/8422 1376/5258/8422 1368/5257/8422
f 1376/5258/8423 1392/5260/8423 1377/5256/8423
f 1368/5257/8424 1377/5256/8424 1378/5261/8424
f 1378/5261/8425 1732/5262/8425 1379/5263/8425
f 31/5240/8426 30/4945/8426 1358/5244/8426
f 1379/5263/8427 1368/5257/8427 1378/5261/8427
f 1381/5264/8428 1382/5259/8428 1368/5257/8428
f 1387/5265/8429 1383/5266/8429 1381/5264/8429
f 1383/5266/8430 1382/5259/8430 1381/5264/8430
f 1383/5266/8431 1384/5267/8431 1382/5259/8431
f 1368/5257/8432 1386/5268/8432 1381/5264/8432
f 31/5240/8433 1385/5269/8433 1362/5238/8433
f 1385/5269/8434 31/5240/8434 1358/5244/8434
f 1400/5270/8435 1390/5271/8435 1376/5258/8435
f 1390/5271/8436 1392/5260/8436 1376/5258/8436
f 1392/5260/8437 1391/5272/8437 1377/5256/8437
f 1390/5271/8438 1398/5273/8438 1395/5274/8438
f 1396/5275/8439 1393/5276/8439 1394/5277/8439
f 1393/5276/8440 1396/5275/8440 1397/5278/8440
f 1390/5271/8441 1391/5272/8441 1392/5260/8441
f 1390/5271/8442 1395/5274/8442 1391/5272/8442
f 1390/5271/8443 1400/5270/8443 1407/5279/8443
f 1384/5267/8444 1408/5280/8444 1407/5279/8444
f 1384/5267/8445 1400/5270/8445 1382/5259/8445
f 1382/5259/8446 1400/5270/8446 1376/5258/8446
f 1397/5278/8447 115/4970/8447 192/5011/8447
f 1397/5278/8448 1404/5281/8448 115/4970/8448
f 1384/5267/8449 1407/5279/8449 1400/5270/8449
f 1406/5282/8450 1396/5283/8450 1394/5284/8450
f 1390/5271/8451 1407/5279/8451 1398/5273/8451
f 1406/5282/8452 1394/5284/8452 1410/5285/8452
f 1396/5283/8453 1406/5282/8453 1404/5286/8453
f 1404/5281/8454 1397/5278/8454 1396/5275/8454
f 1383/5266/8455 1417/5287/8455 1411/5288/8455
f 1417/5287/8456 1383/5266/8456 1387/5265/8456
f 1411/5288/8457 1412/5289/8457 1383/5266/8457
f 1412/5289/8458 1384/5267/8458 1383/5266/8458
f 1410/5285/8459 1409/5290/8459 1414/5291/8459
f 1412/5292/8460 1411/5293/8460 1413/5294/8460
f 1415/5295/8461 1413/5294/8461 1411/5293/8461
f 1406/5282/8462 1410/5285/8462 1416/5296/8462
f 1410/5285/8463 1414/5291/8463 1416/5296/8463
f 1660/5297/8464 1414/5291/8464 1409/5290/8464
f 1411/5298/8465 1419/5299/8465 1415/5300/8465
f 1419/5299/8466 1411/5298/8466 1417/5301/8466
f 1513/5302/8467 1420/5303/8467 1419/5299/8467
f 1513/5302/8468 1421/5304/8468 1420/5303/8468
f 1425/4969/8469 115/4970/8469 1404/5281/8469
f 1427/5305/8470 1406/5282/8470 1416/5296/8470
f 1406/5282/8471 1427/5305/8471 1426/5306/8471
f 1426/5306/8472 1404/5286/8472 1406/5282/8472
f 1404/5286/8473 1426/5306/8473 1425/5307/8473
f 1428/5308/8474 119/5309/8474 1425/5307/8474
f 1420/5303/8475 1431/5310/8475 1415/5300/8475
f 1427/5305/8476 1430/5311/8476 1426/5306/8476
f 1660/5297/8477 1432/5312/8477 1414/5291/8477
f 1432/5312/8478 1433/5313/8478 1414/5291/8478
f 1414/5291/8479 1427/5305/8479 1416/5296/8479
f 1433/5313/8480 1427/5305/8480 1414/5291/8480
f 1420/5303/8481 1415/5300/8481 1419/5299/8481
f 1436/5314/8482 1427/5305/8482 1433/5313/8482
f 1436/5314/8483 1437/5315/8483 1427/5305/8483
f 1421/5304/8484 1431/5310/8484 1420/5303/8484
f 1431/5310/8485 1421/5304/8485 1438/5316/8485
f 1366/5246/8486 145/4986/8486 140/4981/8486
f 1413/5294/8487 1384/5317/8487 1412/5292/8487
f 1384/5317/8488 1413/5294/8488 1439/5318/8488
f 1384/5317/8489 1439/5318/8489 1408/5319/8489
f 1415/5295/8490 1440/5320/8490 1413/5294/8490
f 1439/5318/8491 1413/5294/8491 1440/5320/8491
f 1440/5320/8492 1443/5321/8492 1439/5318/8492
f 1444/5322/8493 1439/5318/8493 1443/5321/8493
f 1408/5319/8494 1439/5318/8494 1444/5322/8494
f 1448/5323/8495 1443/5321/8495 1449/5324/8495
f 1449/5324/8496 1440/5320/8496 1415/5295/8496
f 1443/5321/8497 1440/5320/8497 1449/5324/8497
f 153/5243/8498 152/5325/8498 1358/5241/8498
f 1448/5323/8499 1449/5324/8499 1450/5326/8499
f 145/4986/8500 1451/5008/8500 146/4987/8500
f 1451/5008/8501 192/5011/8501 186/5009/8501
f 1451/5008/8502 1397/5278/8502 192/5011/8502
f 193/5014/8503 1621/5327/8503 194/5013/8503
f 1452/5328/8504 1259/5193/8504 1254/5192/8504
f 1259/5193/8505 243/5029/8505 246/5027/8505
f 444/5101/8506 1452/5328/8506 1254/5192/8506
f 1621/5327/8507 193/5014/8507 243/5029/8507
f 1361/5245/8508 1454/5329/8508 1366/5246/8508
f 1361/5245/8509 1462/5330/8509 1454/5329/8509
f 140/4981/8510 13/4938/8510 1366/5246/8510
f 1519/5331/8511 1458/5332/8511 1373/5254/8511
f 1462/5330/8512 1463/5333/8512 1461/5334/8512
f 1415/5295/8513 1431/5335/8513 1449/5324/8513
f 1438/5316/8514 1468/5336/8514 1431/5310/8514
f 1468/5336/8515 444/5101/8515 402/5082/8515
f 444/5101/8516 1468/5336/8516 1438/5316/8516
f 1361/5245/8517 1465/5337/8517 1462/5330/8517
f 1431/5335/8518 1450/5326/8518 1449/5324/8518
f 1468/5336/8519 1450/5338/8519 1431/5310/8519
f 1450/5326/8520 1468/5339/8520 1478/5252/8520
f 1478/5340/8521 1468/5336/8521 402/5082/8521
f 1469/5341/8522 1513/5302/8522 1517/5342/8522
f 1513/5302/8523 1469/5341/8523 1421/5304/8523
f 1421/5304/8524 1452/5328/8524 1438/5316/8524
f 444/5101/8525 1438/5316/8525 1452/5328/8525
f 1557/5343/8526 1395/5274/8526 1398/5273/8526
f 1463/5333/8527 1462/5330/8527 1465/5337/8527
f 1471/5344/8528 1443/5321/8528 1448/5323/8528
f 1471/5344/8529 1444/5322/8529 1443/5321/8529
f 1474/5345/8530 1475/5346/8530 1471/5344/8530
f 1444/5322/8531 1471/5344/8531 1473/5347/8531
f 1478/5252/8532 1448/5323/8532 1450/5326/8532
f 1472/5348/8533 1498/5349/8533 1479/5350/8533
f 1448/5323/8534 1474/5345/8534 1471/5344/8534
f 1481/5351/8535 1474/5345/8535 1448/5323/8535
f 1478/5252/8536 1480/5352/8536 1448/5323/8536
f 1448/5323/8537 1480/5352/8537 1481/5351/8537
f 401/5085/8538 1365/5253/8538 1478/5252/8538
f 1479/5350/8539 1498/5349/8539 1482/5353/8539
f 1546/5354/8540 1479/5355/8540 1482/5356/8540
f 1546/5354/8541 1465/5357/8541 1479/5355/8541
f 1485/5210/8542 1475/5346/8542 1483/5358/8542
f 1483/5358/8543 1475/5346/8543 1474/5345/8543
f 1485/5210/8544 1291/5209/8544 1293/5359/8544
f 1307/5208/8545 1485/5210/8545 1483/5358/8545
f 1480/5352/8546 1318/5214/8546 1481/5351/8546
f 1318/5214/8547 1483/5358/8547 1481/5351/8547
f 1318/5214/8548 1480/5352/8548 1488/5360/8548
f 1458/5361/8549 1457/5362/8549 1472/5348/8549
f 1479/5350/8550 1458/5361/8550 1472/5348/8550
f 1479/5355/8551 1373/5254/8551 1458/5332/8551
f 1483/5358/8552 1474/5345/8552 1481/5351/8552
f 1483/5358/8553 1318/5214/8553 1307/5208/8553
f 1322/5216/8554 1318/5214/8554 1488/5360/8554
f 1478/5252/8555 1365/5253/8555 1480/5352/8555
f 1365/5253/8556 1488/5360/8556 1480/5352/8556
f 1488/5360/8557 1365/5253/8557 406/5087/8557
f 1322/5216/8558 1488/5360/8558 406/5087/8558
f 406/5087/8559 408/5089/8559 1322/5216/8559
f 1373/5254/8560 1479/5355/8560 1465/5357/8560
f 1463/5363/8561 1465/5357/8561 1546/5354/8561
f 1373/5254/8562 1465/5357/8562 1361/5255/8562
f 1454/5329/8563 1494/5364/8563 1451/5008/8563
f 1454/5329/8564 1451/5008/8564 145/4986/8564
f 1495/5365/8565 1379/5263/8565 1732/5262/8565
f 145/4986/8566 1366/5246/8566 1454/5329/8566
f 1454/5329/8567 1461/5334/8567 1494/5364/8567
f 1462/5330/8568 1461/5334/8568 1454/5329/8568
f 1503/5366/8569 1472/5348/8569 1457/5362/8569
f 1393/5276/8570 1461/5334/8570 1497/5367/8570
f 1380/5368/8571 1386/5268/8571 1368/5257/8571
f 1380/5368/8572 1379/5263/8572 1499/5369/8572
f 1380/5368/8573 1368/5257/8573 1379/5263/8573
f 1498/5349/8574 1500/5370/8574 1501/5371/8574
f 1501/5371/8575 1500/5370/8575 1502/5372/8575
f 1496/5373/8576 1630/5374/8576 1498/5349/8576
f 1498/5349/8577 1472/5348/8577 1496/5373/8577
f 1386/5268/8578 1380/5368/8578 1504/5375/8578
f 1504/5375/8579 1380/5368/8579 1499/5369/8579
f 1472/5348/8580 1503/5366/8580 1496/5373/8580
f 1505/5376/8581 163/4995/8581 162/4992/8581
f 1508/5377/8582 1386/5268/8582 1504/5375/8582
f 1505/5376/8583 162/4992/8583 1506/5378/8583
f 1386/5268/8584 1387/5265/8584 1381/5264/8584
f 1506/5378/8585 1503/5379/8585 1507/5380/8585
f 1386/5268/8586 1508/5377/8586 1387/5265/8586
f 1510/5381/8587 1387/5265/8587 1508/5377/8587
f 1499/5369/8588 1379/5263/8588 1495/5365/8588
f 1495/5365/8589 1775/5382/8589 1499/5369/8589
f 1504/5375/8590 1499/5369/8590 1778/5383/8590
f 1504/5375/8591 1509/5384/8591 1508/5377/8591
f 1509/5384/8592 1504/5375/8592 1791/5385/8592
f 1509/5384/8593 1510/5381/8593 1508/5377/8593
f 1512/5386/8594 1510/5381/8594 1509/5384/8594
f 1387/5265/8595 1510/5381/8595 1417/5287/8595
f 1417/5301/8596 1510/5387/8596 1419/5299/8596
f 1512/5388/8597 1419/5299/8597 1510/5387/8597
f 1513/5302/8598 1419/5299/8598 1512/5388/8598
f 1517/5342/8599 1513/5302/8599 1512/5388/8599
f 1596/5389/8600 490/5122/8600 491/5124/8600
f 1506/5378/8601 1507/5380/8601 1505/5376/8601
f 1338/5219/8602 345/5053/8602 450/5106/8602
f 450/5106/8603 456/5107/8603 1338/5219/8603
f 1505/5376/8604 152/4991/8604 163/4995/8604
f 152/5325/8605 1505/5390/8605 1518/5391/8605
f 1518/5391/8606 1505/5390/8606 1507/5392/8606
f 1457/5362/8607 1507/5392/8607 1503/5366/8607
f 1457/5362/8608 1518/5391/8608 1507/5392/8608
f 1458/5361/8609 1519/5393/8609 1457/5362/8609
f 1385/5269/8610 1519/5331/8610 1362/5238/8610
f 1521/5394/8611 1338/5219/8611 456/5107/8611
f 1338/5219/8612 1522/5224/8612 1342/5220/8612
f 1522/5224/8613 1523/5395/8613 1524/5396/8613
f 1362/5238/8614 1519/5331/8614 1373/5254/8614
f 1385/5397/8615 152/5325/8615 1518/5391/8615
f 152/5325/8616 1385/5397/8616 1358/5241/8616
f 1518/5391/8617 1519/5393/8617 1385/5397/8617
f 1519/5393/8618 1518/5391/8618 1457/5362/8618
f 1522/5224/8619 1338/5219/8619 1523/5395/8619
f 1338/5219/8620 1521/5394/8620 1523/5395/8620
f 1526/5398/8621 1473/5347/8621 1475/5346/8621
f 1485/5210/8622 1526/5398/8622 1475/5346/8622
f 1497/5367/8623 1461/5334/8623 1463/5333/8623
f 1523/5395/8624 1530/5399/8624 1524/5396/8624
f 457/5111/8625 1521/5394/8625 456/5107/8625
f 1475/5346/8626 1473/5347/8626 1471/5344/8626
f 1529/5400/8627 1523/5395/8627 1521/5394/8627
f 1523/5395/8628 1529/5400/8628 1530/5399/8628
f 1346/5226/8629 1540/5401/8629 1538/5402/8629
f 1524/5396/8630 1346/5226/8630 1344/5223/8630
f 1540/5401/8631 1346/5226/8631 1524/5396/8631
f 1344/5223/8632 1522/5224/8632 1524/5396/8632
f 1542/5403/8633 1546/5354/8633 1482/5356/8633
f 1525/5404/8634 1463/5363/8634 1546/5354/8634
f 1525/5404/8635 1546/5354/8635 1548/5405/8635
f 1525/5406/8636 1572/5407/8636 1549/5408/8636
f 1549/5409/8637 1393/5276/8637 1497/5367/8637
f 1549/5409/8638 1497/5367/8638 1525/5410/8638
f 1463/5333/8639 1525/5410/8639 1497/5367/8639
f 1549/5409/8640 1394/5277/8640 1393/5276/8640
f 1473/5347/8641 1526/5398/8641 1550/5411/8641
f 1485/5210/8642 1348/5412/8642 1550/5411/8642
f 1293/5359/8643 1348/5412/8643 1485/5210/8643
f 1551/5413/8644 1348/5412/8644 1565/5414/8644
f 1550/5411/8645 1348/5412/8645 1551/5413/8645
f 1485/5210/8646 1550/5411/8646 1526/5398/8646
f 1354/5235/8647 1346/5226/8647 1538/5402/8647
f 1555/5415/8648 1354/5235/8648 1581/5416/8648
f 1552/5417/8649 1501/5418/8649 1502/5419/8649
f 1502/5419/8650 1553/5420/8650 1552/5417/8650
f 1560/5421/8651 1181/5181/8651 1180/5179/8651
f 1561/5422/8652 1560/5421/8652 1559/5423/8652
f 1180/5179/8653 1559/5423/8653 1560/5421/8653
f 1566/5424/8654 1562/5425/8654 2144/5426/8654
f 1551/5413/8655 1565/5414/8655 1556/5427/8655
f 1565/5414/8656 1567/5428/8656 1556/5427/8656
f 1561/5422/8657 1559/5423/8657 1562/5425/8657
f 1501/5371/8658 1482/5353/8658 1498/5349/8658
f 1482/5429/8659 1501/5418/8659 1552/5417/8659
f 1552/5417/8660 1542/5430/8660 1482/5429/8660
f 1364/5248/8661 1565/5431/8661 1351/5249/8661
f 1565/5431/8662 1348/5432/8662 1351/5249/8662
f 1571/5433/8663 1572/5407/8663 1548/5434/8663
f 1525/5406/8664 1548/5434/8664 1572/5407/8664
f 1583/5435/8665 1577/5436/8665 1578/5437/8665
f 1552/5417/8666 1577/5436/8666 1583/5435/8666
f 1567/5438/8667 1565/5431/8667 1364/5248/8667
f 1862/5439/8668 1583/5435/8668 1578/5437/8668
f 1583/5435/8669 1542/5430/8669 1552/5417/8669
f 1538/5402/8670 1581/5416/8670 1354/5235/8670
f 1538/5402/8671 1580/5440/8671 1581/5416/8671
f 1436/5314/8672 1573/5441/8672 1576/5442/8672
f 1586/5443/8673 1551/5413/8673 1556/5427/8673
f 1557/5343/8674 1586/5444/8674 1556/5445/8674
f 1576/5442/8675 1573/5441/8675 1591/5446/8675
f 1586/5444/8676 1557/5343/8676 1398/5273/8676
f 1398/5273/8677 1589/5447/8677 1586/5444/8677
f 1586/5443/8678 1589/5448/8678 1588/5449/8678
f 1444/5322/8679 1473/5347/8679 1588/5449/8679
f 1588/5449/8680 1589/5448/8680 1408/5319/8680
f 1408/5319/8681 1444/5322/8681 1588/5449/8681
f 1473/5347/8682 1550/5411/8682 1588/5449/8682
f 1588/5449/8683 1550/5411/8683 1551/5413/8683
f 1551/5413/8684 1586/5443/8684 1588/5449/8684
f 1571/5450/8685 1548/5405/8685 1583/5451/8685
f 1571/5450/8686 1583/5451/8686 1862/5452/8686
f 1546/5354/8687 1542/5403/8687 1548/5405/8687
f 1181/5181/8688 1560/5421/8688 1190/5453/8688
f 1530/5399/8689 1540/5401/8689 1524/5396/8689
f 1538/5402/8690 1540/5401/8690 1580/5440/8690
f 1540/5401/8691 1594/5454/8691 1580/5440/8691
f 1540/5401/8692 1530/5399/8692 1595/5455/8692
f 457/5111/8693 490/5122/8693 1521/5394/8693
f 490/5122/8694 1529/5400/8694 1521/5394/8694
f 1596/5389/8695 1597/5456/8695 1529/5400/8695
f 1529/5400/8696 490/5122/8696 1596/5389/8696
f 1561/5422/8697 1605/5457/8697 1560/5421/8697
f 1605/5457/8698 1190/5453/8698 1560/5421/8698
f 1542/5403/8699 1583/5451/8699 1548/5405/8699
f 1494/5364/8700 1461/5334/8700 1393/5276/8700
f 1494/5364/8701 1393/5276/8701 1397/5278/8701
f 1397/5278/8702 1451/5008/8702 1494/5364/8702
f 1604/5458/8703 1600/5459/8703 1602/5460/8703
f 1604/5458/8704 1602/5460/8704 1606/5461/8704
f 1597/5456/8705 1595/5455/8705 1530/5399/8705
f 1597/5456/8706 1530/5399/8706 1529/5400/8706
f 1595/5455/8707 1597/5456/8707 1607/5462/8707
f 1604/5458/8708 1608/5463/8708 1609/5464/8708
f 1596/5389/8709 491/5124/8709 500/5127/8709
f 500/5127/8710 1628/5465/8710 1596/5389/8710
f 1628/5465/8711 1610/5466/8711 1596/5389/8711
f 1609/5467/8712 1611/5468/8712 1604/5469/8712
f 1614/5470/8713 1190/5453/8713 1605/5457/8713
f 1604/5469/8714 1611/5468/8714 1600/5471/8714
f 1610/5466/8715 1607/5462/8715 1597/5456/8715
f 1610/5466/8716 1613/5472/8716 1607/5462/8716
f 1597/5456/8717 1596/5389/8717 1610/5466/8717
f 1589/5447/8718 1398/5273/8718 1407/5279/8718
f 1408/5319/8719 1589/5448/8719 1407/5473/8719
f 1594/5454/8720 1540/5401/8720 1595/5455/8720
f 1595/5455/8721 1607/5462/8721 1594/5454/8721
f 1611/5468/8722 1601/5474/8722 1600/5471/8722
f 1601/5474/8723 1618/5475/8723 1772/5476/8723
f 1620/5477/8724 1618/5475/8724 1621/5327/8724
f 1621/5327/8725 1618/5475/8725 1623/5478/8725
f 1622/5479/8726 1601/5474/8726 1611/5468/8726
f 1601/5474/8727 1623/5478/8727 1618/5475/8727
f 1622/5479/8728 1623/5478/8728 1601/5474/8728
f 1580/5440/8729 1617/5480/8729 1615/5481/8729
f 1581/5416/8730 1580/5440/8730 1615/5481/8730
f 1617/5480/8731 1580/5440/8731 1594/5454/8731
f 1636/5482/8732 1607/5462/8732 1613/5472/8732
f 1594/5454/8733 1607/5462/8733 1617/5480/8733
f 1617/5480/8734 1607/5462/8734 1625/5483/8734
f 1617/5484/8735 1626/5485/8735 1615/5486/8735
f 1632/5487/8736 1623/5478/8736 1624/5488/8736
f 1623/5478/8737 1622/5479/8737 1624/5488/8737
f 1625/5489/8738 1626/5485/8738 1617/5484/8738
f 1647/5490/8739 1611/5468/8739 1627/5491/8739
f 1611/5468/8740 1609/5467/8740 1627/5491/8740
f 1500/5492/8741 1609/5464/8741 1608/5463/8741
f 1627/5493/8742 1609/5464/8742 1500/5492/8742
f 1628/5465/8743 515/5137/8743 1631/5494/8743
f 515/5137/8744 1628/5465/8744 500/5127/8744
f 1628/5465/8745 1629/5495/8745 1613/5472/8745
f 1628/5465/8746 1613/5472/8746 1610/5466/8746
f 652/5159/8747 1631/5494/8747 515/5137/8747
f 1647/5490/8748 1627/5491/8748 1630/5496/8748
f 1632/5487/8749 1621/5327/8749 1623/5478/8749
f 194/5013/8750 1621/5327/8750 1632/5487/8750
f 1631/5494/8751 1629/5495/8751 1628/5465/8751
f 162/4992/8752 1632/5487/8752 1634/5497/8752
f 1635/5498/8753 1625/5489/8753 1636/5499/8753
f 1607/5462/8754 1636/5482/8754 1625/5483/8754
f 162/4992/8755 194/5013/8755 1632/5487/8755
f 1613/5472/8756 1629/5495/8756 1636/5482/8756
f 1635/5498/8757 1637/5500/8757 1626/5485/8757
f 1626/5485/8758 1625/5489/8758 1635/5498/8758
f 1634/5497/8759 1632/5487/8759 1624/5488/8759
f 1639/5501/8760 1637/5500/8760 1635/5498/8760
f 1633/5502/8761 1635/5498/8761 1636/5499/8761
f 1629/5503/8762 1633/5502/8762 1636/5499/8762
f 1635/5498/8763 1640/5504/8763 1639/5501/8763
f 1637/5500/8764 1639/5501/8764 1641/5505/8764
f 1639/5501/8765 1640/5504/8765 1641/5505/8765
f 1707/5506/8766 1643/5507/8766 1682/5508/8766
f 1611/5468/8767 1624/5488/8767 1622/5479/8767
f 1624/5488/8768 1611/5468/8768 1647/5490/8768
f 162/4992/8769 1634/5497/8769 1506/5378/8769
f 1634/5497/8770 1624/5488/8770 1506/5378/8770
f 1624/5488/8771 1647/5490/8771 1506/5378/8771
f 1649/5509/8772 1650/5510/8772 1651/5511/8772
f 1650/5510/8773 1668/5512/8773 1651/5511/8773
f 1668/5512/8774 1650/5510/8774 1794/5513/8774
f 1364/5248/8775 1794/5513/8775 1650/5510/8775
f 1506/5378/8776 1630/5496/8776 1503/5379/8776
f 1503/5379/8777 1630/5496/8777 1496/5514/8777
f 1630/5496/8778 1506/5378/8778 1647/5490/8778
f 1498/5349/8779 1630/5374/8779 1500/5370/8779
f 1630/5496/8780 1627/5491/8780 1500/5515/8780
f 1591/5446/8781 1573/5441/8781 1657/5516/8781
f 1549/5408/8782 1410/5285/8782 1394/5284/8782
f 1651/5511/8783 1668/5512/8783 1655/5517/8783
f 1572/5407/8784 1409/5290/8784 1549/5408/8784
f 1409/5290/8785 1410/5285/8785 1549/5408/8785
f 1409/5290/8786 1661/5518/8786 1660/5297/8786
f 1409/5290/8787 1572/5407/8787 1661/5518/8787
f 1666/5519/8788 1664/5520/8788 1665/5521/8788
f 1668/5512/8789 1653/5522/8789 1654/5523/8789
f 1654/5523/8790 1702/5524/8790 1675/5525/8790
f 1668/5512/8791 1654/5523/8791 1675/5525/8791
f 1671/5526/8792 1672/5527/8792 1670/5528/8792
f 1675/5525/8793 1670/5528/8793 1655/5517/8793
f 1578/5437/8794 1577/5436/8794 1666/5519/8794
f 1578/5437/8795 1666/5519/8795 1665/5521/8795
f 1552/5417/8796 1553/5420/8796 1577/5436/8796
f 1655/5517/8797 1668/5512/8797 1675/5525/8797
f 1670/5528/8798 1675/5525/8798 1671/5526/8798
f 1664/5520/8799 1666/5519/8799 1679/5529/8799
f 1671/5526/8800 1681/5530/8800 1682/5508/8800
f 1683/5531/8801 1671/5526/8801 1682/5508/8801
f 1681/5530/8802 1707/5506/8802 1682/5508/8802
f 1675/5525/8803 1705/5532/8803 1681/5530/8803
f 1681/5530/8804 1671/5526/8804 1675/5525/8804
f 1707/5506/8805 1681/5530/8805 1705/5532/8805
f 1690/5533/8806 1689/5534/8806 1691/5535/8806
f 1608/5463/8807 1680/5536/8807 1500/5492/8807
f 1553/5420/8808 1679/5529/8808 1666/5519/8808
f 1679/5529/8809 1553/5420/8809 1680/5536/8809
f 1672/5527/8810 1692/5537/8810 1670/5528/8810
f 1502/5419/8811 1680/5536/8811 1553/5420/8811
f 1502/5419/8812 1500/5492/8812 1680/5536/8812
f 1649/5509/8813 1651/5511/8813 1692/5537/8813
f 1655/5517/8814 1692/5537/8814 1651/5511/8814
f 1692/5537/8815 1655/5517/8815 1670/5528/8815
f 1649/5509/8816 1692/5537/8816 1395/5274/8816
f 1395/5274/8817 1557/5343/8817 1649/5509/8817
f 1553/5420/8818 1666/5519/8818 1577/5436/8818
f 1695/5538/8819 1697/5539/8819 1694/5540/8819
f 1696/5541/8820 1697/5539/8820 1695/5538/8820
f 1696/5541/8821 1700/5542/8821 1697/5539/8821
f 1695/5538/8822 1699/5543/8822 1696/5541/8822
f 1664/5520/8823 1696/5541/8823 1699/5543/8823
f 1970/5544/8824 1699/5543/8824 1695/5538/8824
f 1602/5460/8825 1741/5545/8825 1606/5461/8825
f 1606/5461/8826 1741/5545/8826 1700/5542/8826
f 1654/5546/8827 1711/5547/8827 1702/5548/8827
f 1703/5549/8828 1606/5461/8828 1700/5542/8828
f 1767/5550/8829 1765/5551/8829 1704/5552/8829
f 1706/5553/8830 1690/5533/8830 1691/5535/8830
f 1690/5533/8831 1658/5554/8831 1689/5534/8831
f 1707/5506/8832 1705/5532/8832 1704/5555/8832
f 1643/5507/8833 1707/5506/8833 1704/5555/8833
f 1675/5525/8834 1702/5524/8834 1705/5532/8834
f 1642/5556/8835 1643/5507/8835 1704/5555/8835
f 1604/5458/8836 1606/5461/8836 1703/5549/8836
f 1703/5549/8837 1700/5542/8837 1664/5520/8837
f 1604/5458/8838 1703/5549/8838 1608/5463/8838
f 1664/5520/8839 1700/5542/8839 1696/5541/8839
f 1664/5520/8840 1679/5529/8840 1703/5549/8840
f 1680/5536/8841 1703/5549/8841 1679/5529/8841
f 1680/5536/8842 1608/5463/8842 1703/5549/8842
f 1665/5521/8843 1664/5520/8843 1699/5543/8843
f 1712/5557/8844 1452/5328/8844 1469/5341/8844
f 1705/5558/8845 1711/5547/8845 1704/5552/8845
f 1711/5547/8846 1705/5558/8846 1702/5548/8846
f 1421/5304/8847 1469/5341/8847 1452/5328/8847
f 1712/5557/8848 1259/5193/8848 1452/5328/8848
f 1706/5553/8849 1876/5559/8849 1879/5560/8849
f 1620/5477/8850 1714/5561/8850 1618/5475/8850
f 1830/5562/8851 1620/5477/8851 1837/5563/8851
f 1620/5477/8852 1713/5564/8852 1837/5563/8852
f 243/5029/8853 1620/5477/8853 1621/5327/8853
f 243/5029/8854 1259/5193/8854 1712/5557/8854
f 1620/5477/8855 243/5029/8855 1713/5564/8855
f 1713/5564/8856 243/5029/8856 1712/5557/8856
f 1736/5565/8857 1726/5566/8857 1720/5567/8857
f 1573/5441/8858 1432/5312/8858 2102/5568/8858
f 1573/5441/8859 1433/5313/8859 1432/5312/8859
f 1573/5441/8860 1436/5314/8860 1433/5313/8860
f 1779/5569/8861 1730/5570/8861 1734/5571/8861
f 1694/5540/8862 1697/5539/8862 1730/5570/8862
f 2056/5572/8863 1732/5262/8863 1736/5565/8863
f 1697/5539/8864 1735/5573/8864 1730/5570/8864
f 1730/5570/8865 1735/5573/8865 1734/5571/8865
f 1732/5262/8866 1737/5574/8866 1736/5565/8866
f 1737/5574/8867 1732/5262/8867 1378/5261/8867
f 1729/5575/8868 1378/5261/8868 1377/5256/8868
f 1736/5565/8869 1737/5574/8869 1726/5566/8869
f 1737/5574/8870 1378/5261/8870 1729/5575/8870
f 1742/5576/8871 1741/5545/8871 1739/5577/8871
f 1737/5574/8872 1743/5578/8872 1726/5566/8872
f 1735/5573/8873 1742/5576/8873 1739/5577/8873
f 1697/5539/8874 1742/5576/8874 1735/5573/8874
f 1720/5567/8875 1744/5579/8875 1721/5580/8875
f 1744/5579/8876 1720/5567/8876 1726/5566/8876
f 1721/5580/8877 1682/5508/8877 2048/5581/8877
f 1683/5531/8878 1682/5508/8878 1744/5579/8878
f 1721/5580/8879 1744/5579/8879 1682/5508/8879
f 1746/5582/8880 1738/5583/8880 1739/5577/8880
f 1743/5578/8881 1683/5531/8881 1726/5566/8881
f 1745/5584/8882 1738/5583/8882 1746/5582/8882
f 1743/5578/8883 1671/5526/8883 1683/5531/8883
f 1741/5545/8884 1759/5585/8884 1746/5582/8884
f 1741/5545/8885 1746/5582/8885 1739/5577/8885
f 1742/5576/8886 1697/5539/8886 1700/5542/8886
f 1700/5542/8887 1741/5545/8887 1742/5576/8887
f 1746/5586/8888 1759/5587/8888 1745/5588/8888
f 1759/5587/8889 1758/5589/8889 1745/5588/8889
f 1683/5531/8890 1744/5579/8890 1726/5566/8890
f 1729/5575/8891 1391/5272/8891 1762/5590/8891
f 1391/5272/8892 1729/5575/8892 1377/5256/8892
f 1762/5590/8893 1743/5578/8893 1729/5575/8893
f 1743/5578/8894 1762/5590/8894 1671/5526/8894
f 1762/5590/8895 1672/5527/8895 1671/5526/8895
f 1391/5272/8896 1395/5274/8896 1692/5537/8896
f 1391/5272/8897 1672/5527/8897 1762/5590/8897
f 1692/5537/8898 1672/5527/8898 1391/5272/8898
f 1729/5575/8899 1743/5578/8899 1737/5574/8899
f 1642/5591/8900 1704/5552/8900 1723/5592/8900
f 1723/5592/8901 1704/5552/8901 1765/5551/8901
f 1765/5551/8902 1767/5550/8902 1766/5593/8902
f 1767/5550/8903 1704/5552/8903 1711/5547/8903
f 1767/5550/8904 1711/5547/8904 1769/5594/8904
f 1768/5595/8905 1767/5550/8905 1769/5594/8905
f 1768/5595/8906 1766/5593/8906 1767/5550/8906
f 1766/5593/8907 1725/5596/8907 1765/5551/8907
f 1766/5593/8908 1771/5597/8908 1782/5598/8908
f 1602/5599/8909 1600/5471/8909 1759/5587/8909
f 1725/5596/8910 1766/5593/8910 1782/5598/8910
f 1741/5545/8911 1602/5460/8911 1759/5585/8911
f 1766/5593/8912 1768/5595/8912 1771/5597/8912
f 1600/5471/8913 1772/5476/8913 1759/5587/8913
f 1601/5474/8914 1772/5476/8914 1600/5471/8914
f 1759/5587/8915 1772/5476/8915 1758/5589/8915
f 1830/5562/8916 1758/5589/8916 1772/5476/8916
f 1714/5561/8917 1772/5476/8917 1618/5475/8917
f 1778/5383/8918 1499/5369/8918 1775/5382/8918
f 1776/5600/8919 1777/5601/8919 1775/5382/8919
f 1778/5383/8920 1775/5382/8920 1777/5601/8920
f 2129/5602/8921 1782/5598/8921 1783/5603/8921
f 2129/5602/8922 1725/5596/8922 1782/5598/8922
f 1782/5598/8923 1771/5597/8923 1784/5604/8923
f 1771/5597/8924 1768/5595/8924 1785/5605/8924
f 1771/5597/8925 1785/5605/8925 1784/5604/8925
f 1785/5605/8926 1786/5606/8926 1784/5604/8926
f 1734/5571/8927 1787/5607/8927 1779/5569/8927
f 1783/5603/8928 1782/5598/8928 1784/5604/8928
f 1776/5600/8929 1780/5608/8929 1777/5601/8929
f 1786/5606/8930 2512/5609/8930 1784/5604/8930
f 1779/5569/8931 1787/5607/8931 1780/5610/8931
f 1735/5573/8932 1788/5611/8932 1734/5571/8932
f 1788/5611/8933 1787/5607/8933 1734/5571/8933
f 1792/5612/8934 1777/5601/8934 1780/5608/8934
f 1787/5613/8935 1792/5612/8935 1780/5608/8935
f 1792/5612/8936 1791/5385/8936 1778/5383/8936
f 1777/5601/8937 1792/5612/8937 1778/5383/8937
f 1555/5614/8938 1352/5233/8938 1354/5232/8938
f 1555/5614/8939 1793/5615/8939 1352/5233/8939
f 1352/5233/8940 1793/5615/8940 1794/5616/8940
f 1557/5343/8941 1650/5510/8941 1649/5509/8941
f 1556/5445/8942 1567/5438/8942 1557/5343/8942
f 1557/5343/8943 1567/5438/8943 1650/5510/8943
f 1567/5438/8944 1364/5248/8944 1650/5510/8944
f 1653/5522/8945 1668/5512/8945 1794/5513/8945
f 1352/5250/8946 1794/5513/8946 1364/5248/8946
f 1653/5617/8947 1793/5615/8947 1797/5618/8947
f 1793/5615/8948 1653/5617/8948 1794/5616/8948
f 1555/5614/8949 1799/5619/8949 1797/5618/8949
f 1797/5618/8950 1793/5615/8950 1555/5614/8950
f 1581/5620/8951 1799/5619/8951 1555/5614/8951
f 1711/5547/8952 1654/5546/8952 1800/5621/8952
f 1800/5621/8953 1654/5546/8953 1801/5622/8953
f 1801/5622/8954 1653/5617/8954 1797/5618/8954
f 1653/5617/8955 1801/5622/8955 1654/5546/8955
f 1802/5623/8956 1801/5622/8956 1797/5618/8956
f 1769/5594/8957 1711/5547/8957 1800/5621/8957
f 1615/5624/8958 1799/5619/8958 1581/5620/8958
f 1797/5618/8959 1799/5619/8959 1802/5623/8959
f 1802/5623/8960 1799/5619/8960 1803/5625/8960
f 1615/5486/8961 1803/5626/8961 1799/5627/8961
f 1791/5628/8962 1804/5629/8962 1509/5630/8962
f 1778/5383/8963 1791/5385/8963 1504/5375/8963
f 1806/5631/8964 1792/5632/8964 1787/5607/8964
f 1787/5607/8965 1788/5611/8965 1806/5631/8965
f 1788/5611/8966 1738/5583/8966 1806/5631/8966
f 1739/5577/8967 1788/5611/8967 1735/5573/8967
f 1738/5583/8968 1788/5611/8968 1739/5577/8968
f 1802/5623/8969 1809/5633/8969 1800/5621/8969
f 1800/5621/8970 1801/5622/8970 1802/5623/8970
f 1802/5623/8971 1812/5634/8971 1809/5633/8971
f 1802/5623/8972 1810/5635/8972 1812/5634/8972
f 1803/5625/8973 1810/5635/8973 1802/5623/8973
f 1803/5626/8974 1811/5636/8974 1810/5637/8974
f 1803/5626/8975 1824/5638/8975 1811/5636/8975
f 1811/5636/8976 1824/5638/8976 1825/5639/8976
f 1806/5640/8977 1804/5629/8977 1792/5641/8977
f 1792/5612/8978 1804/5642/8978 1791/5385/8978
f 1804/5629/8979 1806/5640/8979 1813/5643/8979
f 1813/5643/8980 1806/5640/8980 1738/5644/8980
f 1804/5629/8981 1815/5645/8981 1509/5630/8981
f 1512/5388/8982 1509/5630/8982 1815/5645/8982
f 1816/5646/8983 1815/5645/8983 1804/5629/8983
f 1817/5647/8984 1812/5634/8984 1818/5648/8984
f 1815/5645/8985 1517/5342/8985 1512/5388/8985
f 1815/5645/8986 1819/5649/8986 1517/5342/8986
f 1816/5646/8987 1819/5649/8987 1815/5645/8987
f 1818/5650/8988 1810/5637/8988 1811/5636/8988
f 1818/5648/8989 1812/5634/8989 1810/5635/8989
f 1816/5646/8990 1820/5651/8990 1819/5649/8990
f 1803/5626/8991 1626/5485/8991 1824/5638/8991
f 1803/5626/8992 1615/5486/8992 1626/5485/8992
f 1626/5485/8993 1637/5500/8993 1824/5638/8993
f 1769/5594/8994 1826/5652/8994 1768/5595/8994
f 1769/5594/8995 1809/5633/8995 1826/5652/8995
f 1826/5652/8996 1785/5605/8996 1768/5595/8996
f 1800/5621/8997 1809/5633/8997 1769/5594/8997
f 1804/5629/8998 1813/5643/8998 1816/5646/8998
f 1826/5652/8999 1812/5634/8999 1817/5647/8999
f 1826/5652/9000 1809/5633/9000 1812/5634/9000
f 1816/5646/9001 1827/5653/9001 1820/5651/9001
f 1827/5653/9002 1816/5646/9002 1813/5643/9002
f 1745/5588/9003 1827/5653/9003 1813/5643/9003
f 1827/5653/9004 1745/5588/9004 1758/5589/9004
f 1828/5654/9005 1785/5655/9005 1817/5656/9005
f 1738/5644/9006 1745/5588/9006 1813/5643/9006
f 1811/5636/9007 1829/5657/9007 1818/5650/9007
f 1818/5650/9008 1829/5657/9008 1817/5656/9008
f 1811/5636/9009 1825/5639/9009 1829/5657/9009
f 1825/5639/9010 1832/5658/9010 1829/5657/9010
f 1832/5658/9011 1833/5659/9011 1829/5657/9011
f 1829/5657/9012 1833/5659/9012 1817/5656/9012
f 1828/5654/9013 1817/5656/9013 1833/5659/9013
f 1834/5660/9014 1832/5658/9014 1825/5639/9014
f 1637/5500/9015 1834/5660/9015 1825/5639/9015
f 1824/5638/9016 1637/5500/9016 1825/5639/9016
f 1641/5505/9017 1834/5660/9017 1637/5500/9017
f 1641/5505/9018 1832/5658/9018 1834/5660/9018
f 1830/5562/9019 1827/5653/9019 1758/5589/9019
f 1820/5651/9020 1827/5653/9020 1830/5562/9020
f 1826/5652/9021 1817/5647/9021 1785/5605/9021
f 1828/5654/9022 1786/5661/9022 1785/5655/9022
f 1469/5341/9023 1836/5662/9023 1712/5557/9023
f 1836/5662/9024 1469/5341/9024 1517/5342/9024
f 1517/5342/9025 1819/5649/9025 1836/5662/9025
f 1712/5557/9026 1836/5662/9026 1713/5564/9026
f 1836/5662/9027 1837/5563/9027 1713/5564/9027
f 1837/5563/9028 1819/5649/9028 1820/5651/9028
f 1830/5562/9029 1837/5563/9029 1820/5651/9029
f 652/5159/9030 1841/5663/9030 1631/5494/9030
f 1633/5502/9031 1838/5664/9031 1843/5665/9031
f 1838/5666/9032 1629/5495/9032 1631/5494/9032
f 1633/5502/9033 1629/5503/9033 1838/5664/9033
f 1838/5666/9034 1631/5494/9034 1841/5663/9034
f 686/5164/9035 1841/5663/9035 652/5159/9035
f 652/5159/9036 676/5162/9036 686/5164/9036
f 1841/5667/9037 1843/5665/9037 1838/5664/9037
f 1841/5667/9038 1844/5668/9038 1843/5665/9038
f 1772/5476/9039 1714/5561/9039 1830/5562/9039
f 1819/5649/9040 1837/5563/9040 1836/5662/9040
f 1620/5477/9041 1830/5562/9041 1714/5561/9041
f 1849/5669/9042 1841/5663/9042 686/5164/9042
f 1853/5670/9043 1843/5665/9043 1844/5668/9043
f 1854/5671/9044 1848/5672/9044 1845/5673/9044
f 1845/5673/9045 1572/5407/9045 1571/5433/9045
f 1661/5518/9046 1845/5673/9046 1848/5672/9046
f 1661/5518/9047 1572/5407/9047 1845/5673/9047
f 1857/5674/9048 1579/5675/9048 1928/5676/9048
f 1579/5675/9049 1857/5674/9049 1859/5677/9049
f 1862/5439/9050 1579/5675/9050 1859/5677/9050
f 1853/5670/9051 1844/5668/9051 1851/5678/9051
f 1850/5679/9052 1851/5678/9052 1849/5680/9052
f 1859/5677/9053 1857/5674/9053 1854/5681/9053
f 1579/5675/9054 1862/5439/9054 1578/5437/9054
f 1845/5682/9055 1862/5439/9055 1859/5677/9055
f 1859/5677/9056 1854/5681/9056 1845/5682/9056
f 1849/5680/9057 1844/5668/9057 1841/5667/9057
f 1849/5680/9058 1851/5678/9058 1844/5668/9058
f 1571/5450/9059 1862/5452/9059 1845/5683/9059
f 1635/5498/9060 1633/5502/9060 1640/5504/9060
f 1873/5684/9061 1925/5685/9061 1854/5671/9061
f 1873/5686/9062 1854/5681/9062 1889/5687/9062
f 1902/5688/9063 1873/5686/9063 1889/5687/9063
f 1880/5689/9064 1882/5690/9064 1640/5504/9064
f 1875/5691/9065 1879/5560/9065 1876/5559/9065
f 1857/5674/9066 1889/5687/9066 1854/5681/9066
f 1880/5689/9067 1640/5504/9067 1843/5665/9067
f 1843/5665/9068 1640/5504/9068 1633/5502/9068
f 1843/5665/9069 1853/5670/9069 1880/5689/9069
f 1922/5692/9070 1901/5693/9070 1881/5694/9070
f 1881/5694/9071 1901/5693/9071 1886/5695/9071
f 1886/5695/9072 1889/5687/9072 1999/5696/9072
f 1640/5504/9073 1882/5690/9073 1641/5505/9073
f 1897/5697/9074 1875/5691/9074 1898/5698/9074
f 1879/5560/9075 1875/5691/9075 1897/5697/9075
f 1901/5693/9076 1902/5688/9076 1886/5695/9076
f 1889/5687/9077 2000/5699/9077 1999/5696/9077
f 1898/5698/9078 1899/5700/9078 1897/5697/9078
f 1907/5701/9079 1641/5505/9079 1882/5690/9079
f 1902/5702/9080 2006/5703/9080 1944/5704/9080
f 1889/5687/9081 1886/5695/9081 1902/5688/9081
f 1849/5680/9082 686/5167/9082 712/5166/9082
f 1901/5705/9083 1920/5706/9083 2014/5707/9083
f 2014/5707/9084 2006/5703/9084 1901/5705/9084
f 1923/5708/9085 1920/5709/9085 1922/5710/9085
f 1920/5711/9086 1901/5693/9086 1922/5692/9086
f 1848/5672/9087 1925/5685/9087 1926/5712/9087
f 1661/5518/9088 1926/5712/9088 1660/5297/9088
f 1925/5685/9089 1848/5672/9089 1854/5671/9089
f 1848/5672/9090 1926/5712/9090 1661/5518/9090
f 1579/5675/9091 1665/5521/9091 1928/5676/9091
f 1665/5521/9092 1579/5675/9092 1578/5437/9092
f 1873/5684/9093 1934/5713/9093 1925/5685/9093
f 1926/5712/9094 1936/5714/9094 1937/5715/9094
f 1660/5297/9095 1926/5712/9095 1937/5715/9095
f 1660/5297/9096 1937/5715/9096 1432/5312/9096
f 1940/5716/9097 1934/5713/9097 1942/5717/9097
f 1934/5713/9098 1941/5718/9098 1942/5717/9098
f 1934/5713/9099 1926/5712/9099 1925/5685/9099
f 1940/5716/9100 1926/5712/9100 1934/5713/9100
f 1936/5714/9101 1926/5712/9101 1940/5716/9101
f 1944/5719/9102 1934/5713/9102 1873/5684/9102
f 1941/5718/9103 1934/5713/9103 1944/5719/9103
f 1949/5720/9104 1849/5680/9104 712/5166/9104
f 1850/5679/9105 1849/5680/9105 1949/5720/9105
f 1850/5679/9106 1949/5720/9106 1951/5721/9106
f 1944/5719/9107 1873/5684/9107 1902/5722/9107
f 1952/5723/9108 1954/5724/9108 1953/5725/9108
f 1964/5726/9109 1951/5721/9109 1949/5720/9109
f 1962/5727/9110 1899/5700/9110 1898/5698/9110
f 1898/5698/9111 1877/5728/9111 1962/5727/9111
f 1960/5729/9112 1963/5730/9112 1962/5731/9112
f 1965/5732/9113 1960/5729/9113 1961/5733/9113
f 1965/5732/9114 1963/5730/9114 1960/5729/9114
f 1962/5727/9115 1946/5734/9115 1899/5700/9115
f 1963/5735/9116 1967/5736/9116 1962/5727/9116
f 1730/5570/9117 1968/5737/9117 1694/5540/9117
f 1694/5540/9118 1968/5737/9118 1953/5725/9118
f 1969/5738/9119 1694/5540/9119 1953/5725/9119
f 1954/5724/9120 1969/5738/9120 1953/5725/9120
f 1694/5540/9121 1969/5738/9121 1970/5544/9121
f 1969/5738/9122 1971/5739/9122 1970/5544/9122
f 1970/5544/9123 1695/5538/9123 1694/5540/9123
f 1962/5727/9124 1967/5736/9124 1946/5734/9124
f 1981/5740/9125 1984/5741/9125 1964/5742/9125
f 1983/1326/1801 1964/1326/1801 1984/1326/1801
f 1951/5721/9126 1964/5726/9126 1983/5743/9126
f 1984/5744/9127 1981/5745/9127 1986/5746/9127
f 1946/5734/9128 1967/5736/9128 1987/5747/9128
f 1967/5748/9129 1965/5732/9129 1992/5749/9129
f 1963/5730/9130 1965/5732/9130 1967/5748/9130
f 1969/5738/9131 1954/5724/9131 1971/5739/9131
f 1976/5750/9132 1954/5724/9132 1975/5751/9132
f 1954/5724/9133 1952/5723/9133 1975/5751/9133
f 1881/5694/9134 1976/5750/9134 1922/5692/9134
f 1976/5750/9135 1975/5751/9135 1922/5692/9135
f 1881/5694/9136 1886/5695/9136 1999/5696/9136
f 1881/5694/9137 1999/5696/9137 1976/5750/9137
f 1971/5739/9138 1954/5724/9138 1999/5696/9138
f 1976/5750/9139 1999/5696/9139 1954/5724/9139
f 2000/5699/9140 1971/5739/9140 1999/5696/9140
f 1928/5676/9141 1665/5521/9141 1699/5543/9141
f 1928/5676/9142 1699/5543/9142 1970/5544/9142
f 2000/5699/9143 1970/5544/9143 1971/5739/9143
f 2000/5699/9144 1889/5687/9144 1857/5674/9144
f 2000/5699/9145 1857/5674/9145 1928/5676/9145
f 1928/5676/9146 1970/5544/9146 2000/5699/9146
f 2006/5703/9147 1902/5702/9147 1901/5705/9147
f 2006/5752/9148 2020/5753/9148 1944/5719/9148
f 2018/5754/9149 2006/5703/9149 2014/5707/9149
f 2014/5707/9150 2019/5755/9150 2018/5754/9150
f 2085/5756/9151 1922/5692/9151 1975/5751/9151
f 1922/5692/9152 2085/5756/9152 1923/5757/9152
f 2020/5753/9153 2022/5758/9153 2112/5759/9153
f 2020/5753/9154 1941/5718/9154 1944/5719/9154
f 2023/5760/9155 2022/5761/9155 2018/5754/9155
f 2019/5755/9156 2023/5760/9156 2018/5754/9156
f 2022/5761/9157 2020/5762/9157 2018/5754/9157
f 2020/5762/9158 2006/5703/9158 2018/5754/9158
f 1920/5706/9159 2025/5763/9159 2014/5707/9159
f 2025/5763/9160 2089/5764/9160 2014/5707/9160
f 2089/5764/9161 2025/5763/9161 2026/5765/9161
f 2028/5766/9162 2025/5767/9162 1923/5708/9162
f 1920/5709/9163 1923/5708/9163 2025/5767/9163
f 2025/5767/9164 2028/5766/9164 2026/5768/9164
f 2049/5769/9165 2048/5581/9165 1643/5507/9165
f 2049/5769/9166 1643/5507/9166 1642/5556/9166
f 2028/5766/9167 2048/5581/9167 2049/5769/9167
f 2049/5769/9168 1642/5556/9168 2028/5766/9168
f 2028/5766/9169 1642/5556/9169 2026/5768/9169
f 1736/5565/9170 1720/5567/9170 2056/5572/9170
f 2056/5572/9171 1720/5567/9171 2057/5770/9171
f 2057/5770/9172 2063/5771/9172 2072/5772/9172
f 2064/5773/9173 2063/5771/9173 2057/5770/9173
f 2065/5774/9174 1952/5723/9174 2063/5775/9174
f 2063/5771/9175 2064/5773/9175 2065/5776/9175
f 1953/5725/9176 2063/5775/9176 1952/5723/9176
f 2067/5777/9177 2056/5572/9177 2068/5778/9177
f 2067/5777/9178 1732/5262/9178 2056/5572/9178
f 2072/5772/9179 2068/5778/9179 2056/5572/9179
f 2072/5772/9180 2056/5572/9180 2057/5770/9180
f 2063/5771/9181 2073/5779/9181 2072/5772/9181
f 2068/5778/9182 2072/5772/9182 2123/5780/9182
f 2077/5781/9183 2063/5775/9183 1953/5725/9183
f 2073/5782/9184 2063/5775/9184 2077/5781/9184
f 1953/5725/9185 1968/5737/9185 2077/5781/9185
f 2078/5783/9186 2064/5773/9186 2057/5770/9186
f 1720/5567/9187 2078/5783/9187 2057/5770/9187
f 2078/5783/9188 1720/5567/9188 1721/5580/9188
f 2048/5581/9189 2078/5783/9189 1721/5580/9189
f 2082/5784/9190 2064/5773/9190 2078/5783/9190
f 2065/5776/9191 2082/5784/9191 2085/5785/9191
f 2082/5784/9192 2065/5776/9192 2064/5773/9192
f 2065/5774/9193 1975/5751/9193 1952/5723/9193
f 2085/5756/9194 1975/5751/9194 2065/5774/9194
f 2089/5764/9195 2098/5786/9195 2019/5755/9195
f 2089/5764/9196 2019/5755/9196 2014/5707/9196
f 2026/5765/9197 2090/5787/9197 2089/5764/9197
f 2085/5785/9198 2082/5784/9198 2028/5766/9198
f 1923/5708/9199 2085/5785/9199 2028/5766/9199
f 1723/5592/9200 2090/5787/9200 2026/5765/9200
f 1723/5592/9201 2091/5788/9201 2090/5787/9201
f 1723/5592/9202 1765/5551/9202 2091/5788/9202
f 2026/5765/9203 1642/5591/9203 1723/5592/9203
f 1643/5507/9204 2048/5581/9204 1682/5508/9204
f 2028/5766/9205 2082/5784/9205 2078/5783/9205
f 2048/5581/9206 2028/5766/9206 2078/5783/9206
f 2019/5755/9207 2098/5786/9207 2023/5760/9207
f 2089/5764/9208 2090/5787/9208 2098/5786/9208
f 2098/5786/9209 2091/5788/9209 2101/5789/9209
f 2098/5786/9210 2090/5787/9210 2091/5788/9210
f 2101/5789/9211 2091/5788/9211 1725/5596/9211
f 2091/5788/9212 1765/5551/9212 1725/5596/9212
f 2102/5568/9213 1936/5714/9213 2103/5790/9213
f 1936/5714/9214 2102/5568/9214 1937/5715/9214
f 1940/5716/9215 2103/5790/9215 1936/5714/9215
f 1937/5715/9216 2102/5568/9216 1432/5312/9216
f 2103/5790/9217 1940/5716/9217 1942/5717/9217
f 1942/5717/9218 2104/5791/9218 2103/5790/9218
f 2103/5790/9219 1689/5534/9219 2102/5568/9219
f 1657/5516/9220 1573/5441/9220 2102/5568/9220
f 1657/5516/9221 2102/5568/9221 1689/5534/9221
f 1689/5534/9222 1658/5554/9222 1657/5516/9222
f 2103/5790/9223 2104/5791/9223 1691/5535/9223
f 1876/5559/9224 1706/5553/9224 1691/5535/9224
f 2104/5791/9225 1876/5559/9225 1691/5535/9225
f 1689/5534/9226 2103/5790/9226 1691/5535/9226
f 1941/5718/9227 2104/5791/9227 1942/5717/9227
f 2112/5759/9228 2104/5791/9228 1941/5718/9228
f 1779/5569/9229 1968/5737/9229 1730/5570/9229
f 2112/5759/9230 1941/5718/9230 2020/5753/9230
f 2114/5792/9231 2112/5759/9231 2022/5758/9231
f 1876/5559/9232 2104/5791/9232 2112/5759/9232
f 2022/5761/9233 2023/5760/9233 2114/5793/9233
f 2114/5793/9234 2023/5760/9234 2116/5794/9234
f 1875/5691/9235 2112/5759/9235 2114/5792/9235
f 2112/5759/9236 1875/5691/9236 1876/5559/9236
f 2116/5794/9237 1877/5795/9237 2114/5793/9237
f 1898/5698/9238 2114/5792/9238 1877/5728/9238
f 1898/5698/9239 1875/5691/9239 2114/5792/9239
f 2067/5777/9240 1495/5365/9240 1732/5262/9240
f 1495/5365/9241 2067/5777/9241 1775/5382/9241
f 1775/5382/9242 2067/5777/9242 1776/5600/9242
f 2068/5778/9243 2123/5780/9243 2067/5777/9243
f 2123/5780/9244 1776/5600/9244 2067/5777/9244
f 1780/5608/9245 1776/5600/9245 2123/5780/9245
f 2073/5779/9246 2123/5780/9246 2072/5772/9246
f 2123/5780/9247 2073/5779/9247 1780/5608/9247
f 1779/5569/9248 2077/5781/9248 1968/5737/9248
f 2073/5782/9249 2077/5781/9249 1779/5569/9249
f 1780/5608/9250 2073/5779/9250 1779/5796/9250
f 2098/5786/9251 2116/5794/9251 2023/5760/9251
f 2098/5786/9252 2101/5789/9252 2127/5797/9252
f 2127/5797/9253 2116/5794/9253 2098/5786/9253
f 2127/5797/9254 2101/5789/9254 2129/5602/9254
f 1725/5596/9255 2129/5602/9255 2101/5789/9255
f 1960/5729/9256 2116/5794/9256 2127/5797/9256
f 2116/5794/9257 1962/5731/9257 1877/5795/9257
f 2116/5794/9258 1960/5729/9258 1962/5731/9258
f 2127/5797/9259 1961/5733/9259 1960/5729/9259
f 2127/5797/9260 2129/5602/9260 1961/5733/9260
f 1559/5423/9261 1180/5179/9261 1156/5178/9261
f 1428/5308/9262 1156/5178/9262 119/5309/9262
f 2139/5798/9263 1428/5308/9263 1426/5306/9263
f 1425/5307/9264 1426/5306/9264 1428/5308/9264
f 1430/5311/9265 2139/5798/9265 1426/5306/9265
f 2139/5798/9266 1559/5423/9266 1428/5308/9266
f 1559/5423/9267 1156/5178/9267 1428/5308/9267
f 1566/5424/9268 2144/5426/9268 1584/5799/9268
f 2139/5798/9269 1430/5311/9269 2144/5426/9269
f 1559/5423/9270 2139/5798/9270 2144/5426/9270
f 1562/5425/9271 1559/5423/9271 2144/5426/9271
f 1437/5315/9272 1436/5314/9272 1576/5442/9272
f 1427/5305/9273 1437/5315/9273 1430/5311/9273
f 1576/5442/9274 1584/5799/9274 1437/5315/9274
f 1584/5799/9275 1430/5311/9275 1437/5315/9275
f 1584/5799/9276 2144/5426/9276 1430/5311/9276
f 2348/5800/9277 2349/5801/9277 2356/5802/9277
f 1987/5747/9278 1967/5736/9278 1992/5803/9278
f 1992/5803/9279 2349/5804/9279 1987/5747/9279
f 1992/5805/9280 2368/5806/9280 2349/5807/9280
f 2348/5800/9281 1987/5808/9281 2349/5801/9281
f 2129/5602/9282 1783/5603/9282 1961/5733/9282
f 1965/5732/9283 2513/5809/9283 1992/5749/9283
f 1784/5604/9284 2510/5810/9284 1783/5603/9284
f 1961/5733/9285 1783/5603/9285 2510/5810/9285
f 1784/5604/9286 2512/5609/9286 2510/5810/9286
f 2512/5811/9287 2514/5812/9287 2510/5813/9287
f 2513/5809/9288 1965/5732/9288 1961/5733/9288
f 2510/5810/9289 2513/5809/9289 1961/5733/9289
f 2519/5814/9290 2514/5812/9290 2512/5811/9290
f 2510/5813/9291 2514/5812/9291 2513/5815/9291
f 2514/5812/9292 2525/5816/9292 2513/5815/9292
f 2513/5809/9293 2530/5817/9293 1992/5749/9293
f 2513/5815/9294 2525/5816/9294 2530/5818/9294
f 1992/5805/9295 2530/5819/9295 2368/5806/9295
f 1833/5659/9296 2683/5820/9296 1828/5654/9296
f 2683/5820/9297 1833/5659/9297 2685/5821/9297
f 1832/5658/9298 2686/5822/9298 1833/5659/9298
f 1833/5659/9299 2686/5822/9299 2685/5821/9299
f 1641/5505/9300 1907/5701/9300 1832/5658/9300
f 2686/5822/9301 1832/5658/9301 1907/5701/9301
f 2688/5823/9302 2512/5811/9302 1828/5654/9302
f 1786/5661/9303 1828/5654/9303 2512/5811/9303
f 1828/5654/9304 2683/5820/9304 2688/5823/9304
f 2688/5823/9305 2519/5814/9305 2512/5811/9305
f 3332/26/9306 3391/5824/9306 3328/17/9306
f 3391/5824/9307 3400/41/9307 3405/48/9307
f 3400/41/9308 3391/5824/9308 3394/45/9308
f 3391/5824/9309 3405/48/9309 3390/5825/9309
f 3390/5825/9310 3326/14/9310 3391/5824/9310
f 3391/5824/9311 3332/26/9311 3333/3/9311
f 3391/5824/9312 3326/14/9312 3328/17/9312
f 3233/4/9313 3394/45/9313 3333/3/9313
f 3394/45/9314 3391/5824/9314 3333/3/9314
f 3458/63/9315 3485/29/9315 3467/21/9315
f 3484/5826/9316 3485/29/9316 3458/63/9316
f 3458/63/9317 3457/58/9317 3484/5826/9317
f 3457/58/9318 3441/51/9318 3484/5826/9318
f 3479/55/9319 3484/5826/9319 3441/51/9319
f 3329/23/9320 3485/29/9320 3308/25/9320
f 3329/23/9321 3467/21/9321 3485/29/9321
f 3506/69/9322 3484/5826/9322 3479/55/9322
f 3506/69/9323 3490/67/9323 3484/5826/9323
f 3485/29/9324 3484/5826/9324 3490/67/9324
